order_id,customer_id,customer_state,customer_city,customer_lat,customer_lng,seller_state,seller_lat,seller_lng,distance_km,n_sellers,n_items,total_price,total_freight,total_weight_g,order_purchase_timestamp,order_estimated_delivery_date,order_delivered_customer_date,delivery_days,same_state,estimated_delivery_days
3a9e44b449e2ec9986a329724bc824eb,8e46c55f2293dfb57e5e70080db74fe9,RR,boa vista,2.823847652963506,-60.733886691477615,SP,-23.65869024839867,-46.52249513292757,3322.474267255348,1,1,84.99,27.44,600.0,2017-11-25 16:03:03,2018-01-12,2018-01-17 21:32:47,53,0,47
90423fbde022b7991066ba965cfe537d,8bca3a85b44a76353af3b18cffb13b2b,RR,boa vista,2.81134170530106,-60.71474074917087,SP,-23.537493461278807,-46.63974517262972,3302.6673716153487,1,1,13.65,25.38,200.0,2017-11-22 23:03:14,2018-01-05,2017-12-07 23:02:56,14,0,43
778b4dadb2f8689ce7d6eb743e53acf2,07fb98a746604f5d2c24f87adf807431,CE,fortaleza,-3.780850892867441,-38.486546782668,RS,-30.03336443104038,-51.23063954079865,3212.1102914071525,1,1,49.99,31.02,150.0,2017-11-26 18:14:49,2017-12-21,2017-12-04 20:04:05,8,0,24
4bc129a90204375853b00493c4c57516,3d07b70ec10c036713bea645e03c229c,PA,belem,-1.4611951151826312,-48.478553025535234,RS,-29.68584930081256,-51.46313816602653,3154.271125131068,1,1,199.0,37.56,1950.0,2017-11-24 10:39:35,2018-01-11,2017-12-28 22:29:23,34,0,47
796b04ac2c7b508683f6010238b991f1,b67cda5c14480b9958d2f1465fb3608c,AM,manaus,-3.086213133427183,-60.01020551636287,SC,-27.96798228874309,-48.680847136996434,3016.458154755126,1,1,439.0,78.2,9550.0,2017-11-20 20:34:03,2018-01-09,2017-12-22 20:52:22,32,0,49
97a982d424741dfe24bc1ca5d943ad70,c7e92b25149aedfc40b8f3c297e44f47,RS,porto alegre,-30.047214594494843,-51.22773779516996,PE,-8.06520144240868,-34.91734908604073,2976.870980876857,1,1,499.0,65.89,6500.0,2017-11-27 15:32:57,2017-12-26,2018-01-09 22:04:15,43,0,28
f948e30320e56a553862b62e5ec37efe,2bf0486fc0f5e5a9268f10be44770dcf,AP,macapa,-4.36737924474e-05,-51.08307205665668,SC,-26.24993381848348,-48.80571126263594,2929.0419871629683,1,1,177.99,57.14,950.0,2017-11-23 19:32:52,2018-01-12,2017-12-22 00:47:48,28,0,49
f63bea61c8cd128d3e53d7c07d94a7ee,059095dc0717592b41cc47df0c7f1c6e,PA,belem,-1.4364370877284982,-48.45454573829979,SC,-27.00518824428508,-51.15087636295904,2857.637017551356,1,1,339.0,56.04,500.0,2017-11-24 15:07:55,2018-01-10,2017-12-13 22:03:53,19,0,46
6c690f3acecd6d2c000b1a67a1a699c3,6daa3acba8bd2c5608f4a8bf485416f8,SC,capinzal,-27.34641068571267,-51.60764795863166,PE,-8.045435320431045,-34.89461700360667,2774.821690136802,1,1,549.0,61.63,3000.0,2017-11-24 09:43:53,2017-12-21,2017-12-26 22:52:47,32,0,26
d7c0a751614a0ef7306fb96836c0df57,2d02f670df520fb5c5c5a818a9486c47,AC,rio branco,-9.959850973898922,-67.80112499094008,SP,-23.5397205,-46.43633556480467,2723.8102534583613,1,1,19.99,25.38,100.0,2017-11-24 00:14:56,2018-01-04,2017-12-08 22:52:07,14,0,40
5b829c37201779df841d79b1875ca7ef,e6aa3c4bea880edfc850c4647a575b5d,AC,rio branco,-9.995400464862191,-67.80786439396098,SP,-23.67008162864273,-46.66049702840489,2709.6481417019195,1,1,144.99,26.04,350.0,2017-11-27 19:57:02,2018-01-05,2017-12-14 01:09:55,16,0,38
c4250307d08bb97eee63ea4bf7565329,0c851ae2a8765037fce6c6482ce93c8b,AM,manaus,-3.090370143632046,-59.94561284367245,SP,-23.641877043568627,-46.50196149610485,2703.7544351634706,1,1,180.0,22.06,200.0,2017-11-27 14:20:47,2018-01-12,2018-01-04 00:17:11,37,0,45
50ed3915a15313618b11ab959726de8c,588e867141b52512293f6fc59ec00bf0,AM,manaus,-3.116954270663304,-59.96102321830459,SP,-23.537493461278807,-46.63974517262972,2684.6098378622014,1,1,13.65,21.15,200.0,2017-11-21 20:41:25,2018-01-03,2017-12-27 21:46:56,36,0,42
0f070c89e1bd81ad150167f1c656a49b,24c62f7eb78d839d81364907596e4e94,AP,macapa,-4.36737924474e-05,-51.08307205665668,SP,-23.5869802640594,-46.61564731057762,2666.7330851088914,1,1,49.99,21.15,200.0,2017-11-24 16:30:49,2018-01-11,2017-12-19 17:41:48,25,0,47
9edc5231dd902e3a6b3cd4d8692d3e19,66526956e5bfc707bff7039c8dee6097,CE,caucaia,-3.743327999999945,-38.66344999999996,PR,-25.447582257285475,-49.25463280746252,2665.4024592287374,1,1,329.9,132.94,20850.0,2017-11-24 10:19:18,2017-12-26,2018-01-07 00:09:31,43,0,31
09903d25ea3d162aeb40057420caa5bb,e4caff66029e8290ad28fab525631c74,CE,fortaleza,-3.781497436807132,-38.57424858451151,PR,-25.43366888971728,-49.26893094975684,2664.8684140559344,1,1,95.0,30.2,400.0,2017-11-24 13:26:15,2017-12-21,2017-12-26 21:33:40,32,0,26
d5f3b6e7ae8e5aa83021d755e9e2c451,cf114462e0c03dc644e1235123758153,CE,itapipoca,-3.498943335147733,-39.5805599213898,PR,-25.55874002069342,-49.19617365714436,2659.328120812916,1,1,99.9,47.23,1900.0,2017-11-22 21:16:35,2017-12-21,2017-12-07 10:04:08,14,0,28
5c092582307d1169e1a475648c90003f,f3c77d075eef136f32aaf3e0ad0be638,RN,natal,-5.854397720785974,-35.20850839596652,PR,-25.45795217485142,-49.30899607966408,2646.2118506925585,1,1,49.0,25.38,400.0,2017-11-27 00:13:40,2017-12-22,2018-01-16 18:13:36,50,0,24
469281a9ac9b1cb74fedc17445f70fb1,24f1fb7a5b78e540e78fe60aa25daa08,SE,pinhao,-10.568795284298629,-37.72279101789968,RS,-28.289927349145803,-54.26195206786057,2618.277825643649,1,1,420.0,49.47,1400.0,2017-11-20 11:46:23,2017-12-15,2017-12-27 16:05:47,37,0,24
c063af469224d02e7e9bcb0b1e46583c,b49c7b84bf888d069ddcc9c7d42c5efc,PE,recife,-8.134782793932896,-34.93613699999999,SC,-26.95352206919853,-49.0768345160616,2568.8576517527,1,1,45.6,42.38,225.0,2017-11-25 01:13:16,2017-12-21,2017-12-19 15:22:37,24,0,25
a770d696d001cb50c7ef69105c3e06f4,8bb43b5293f09bc087cedf01a2de7b47,PB,joao pessoa,-7.152676358383527,-34.89113512846859,PR,-23.42843316855792,-51.91774739994137,2565.388095086392,1,1,18.9,35.0,133.0,2017-11-23 10:14:39,2018-01-11,2017-12-20 19:29:09,27,0,48
32720c0c8b42f4c2cdb07cee5ec2444b,8df8c71565b1b7c5d8bec24a7052ba2d,MS,campo grande,-20.47397292035024,-54.609696916873446,CE,-3.9798694381241297,-38.61785319003732,2521.749811199658,1,1,139.0,85.75,17800.0,2017-11-24 22:46:55,2017-12-22,2017-12-07 21:34:06,12,0,27
e282dabaac0b31c7da8a0896fd56e7f3,63851348e2dae0893a180d516a13ebb3,PA,belem,-1.311891948319029,-48.45705445526978,PR,-23.622154732271355,-52.46925317823966,2518.195224005521,1,1,199.9,43.43,600.0,2017-11-25 17:00:57,2018-01-10,2018-01-08 22:45:34,44,0,45
3be070ae2edd92621c933c5341674b4e,9f7a3eae3a5b96c05358e8308e4db1b0,MA,mata roma,-3.621806529386368,-43.113998235147854,PR,-25.431155907508472,-49.28552783051147,2513.1457482213486,1,1,148.0,43.07,150.0,2017-11-24 04:14:51,2017-12-27,2017-12-28 14:05:02,34,0,32
f5299daf77d8dc1c9630692065eeeb57,7ec3f2352e9adbb54e274886e56f4a7c,PA,santarem,-2.4627966032938424,-54.71176719507015,SP,-23.625852663887155,-46.61139748251486,2509.4547166835387,1,1,39.9,25.63,183.0,2017-11-25 13:50:11,2017-12-29,2018-01-08 18:53:05,44,0,33
c76f38f0e25b96b00a706d619332b544,6997da0b64aa6a0eb501e839a6e6900d,PA,augusto correa,-1.0236595690611228,-46.63736106957848,SP,-23.552032416180964,-46.53746144532288,2505.06393243684,1,1,129.99,29.31,1600.0,2017-11-20 20:52:42,2017-12-27,2017-11-25 05:58:30,4,0,36
6eaca18daa94d3a9aacdaf0e5827cd2c,672a1794441f53ac1295c2e82ec4ff70,PE,recife,-8.04425833660644,-34.94002350207746,PR,-23.382421483292536,-51.92932485314671,2487.87543731147,1,2,376.2,90.34,1234.0,2017-11-23 12:51:18,2017-12-28,2017-12-11 20:45:00,18,0,34
d1ec7466f63d4130fa5536cc1cc69229,a7dac20486c0e91d1e34ae9f1c92cde8,PA,ananindeua,-1.3782860858117,-48.37442732161299,SP,-23.65869024839867,-46.52249513292757,2485.492547966292,1,1,89.99,19.17,250.0,2017-11-23 16:22:58,2017-12-28,2017-12-14 19:08:57,21,0,34
43716fe010471178ec7f9c3be2a0c505,125323b1dc57df4d0ec8b6f695b02e00,PI,teresina,-5.069582897257019,-42.76626095210364,SC,-26.488493474897464,-49.08236411518263,2474.3671345457064,1,1,49.9,44.2,700.0,2017-11-25 07:39:11,2017-12-21,2018-01-11 18:36:05,47,0,25
f538203e8721d06d7984cee6e148b9f0,e91ecbc9e1c67b0102b5a56e41965770,PA,ananindeua,-1.352870982970248,-48.39185700220565,SP,-23.537493461278807,-46.63974517262972,2474.0376667423343,1,1,13.65,17.63,150.0,2017-11-24 19:47:22,2017-12-27,2017-12-19 21:08:54,25,0,32
cfc77d77eddda18d8d9eca3140e2fc6b,29e7c4e7a698937d2b7ebcaaee702c47,PA,belem,-1.399689882965613,-48.4802832356454,SP,-23.57241932843741,-46.81889442976561,2471.9892722248524,1,1,78.99,17.83,130.0,2017-11-25 10:27:31,2017-12-29,2017-12-19 20:58:57,24,0,33
2d106554b0848ac94107eeee022b7fb2,8c5d01807e2be214929eef7f44ff5a26,PA,ananindeua,-1.3780668052861371,-48.41891390691916,RJ,-22.918123077163223,-42.81760650604593,2470.3159616385174,1,1,29.9,25.38,200.0,2017-11-21 23:13:30,2017-12-22,2017-12-11 22:23:00,19,0,30
96cd7d516765eee5049d171debc21ebd,69e15a390ddbb4802714da5f52b14287,PA,belem,-1.4350490220441132,-48.4687608538578,SP,-23.56127544240869,-46.461969257046256,2469.81314005527,1,1,129.9,18.19,300.0,2017-11-20 11:27:15,2017-12-21,2017-12-19 01:09:21,28,0,30
b0e3741786fa0967a1df53f4f0565013,290f50187878d65a9f8bb34374afc31c,PA,belem,-1.4678821362744563,-48.474985155141965,SP,-23.595227193173283,-46.56076636913555,2469.0809989248696,1,3,98.97,56.67,4200.0,2017-11-25 03:47:40,2017-12-29,2017-12-07 20:25:36,12,0,33
867b39e996af1e8e8a013206d83c98a4,3291b733686f451af69be3f5f0add95b,PA,belem,-1.3989051618096793,-48.45883297403209,SP,-23.51253401672528,-46.501049539944844,2467.963740749669,1,1,119.99,19.38,700.0,2017-11-27 21:54:47,2017-12-28,2018-01-07 14:59:13,40,0,30
77b85146fc12a34dd81ef54524f247b2,b314ce6682d125675e0981115f658d98,MA,sao luis,-2.499473226500051,-44.29157450865727,PR,-23.414213060660472,-51.92747079109623,2466.6297793263143,2,2,1175.8,113.2,5230.0,2017-11-21 12:32:07,2017-12-13,2017-12-08 00:14:27,16,0,21
51b293b7ef9af17da9a922ce4069c202,81807f6e141a41c8b2005b775042a5f4,PA,belem,-1.4280537705001086,-48.46444616013624,SP,-23.54142641046816,-46.77556079199594,2465.6241052400733,1,1,113.4,18.07,300.0,2017-11-25 09:27:31,2017-12-29,2017-12-07 19:15:09,12,0,33
81197e2ef0c78f09e8ffd8a87efaf57b,243e878db91f17c94ef54a3338315e1e,PA,belem,-1.4630158658030092,-48.48808887193567,SP,-23.48886692200935,-46.41156105828381,2459.3707385548823,1,2,211.2,38.56,1650.0,2017-11-27 09:14:52,2018-01-10,2017-12-28 19:50:10,31,0,43
ba35cc167c59bc97e08e9f6b570ce3a1,3cf7b555c5ef3b32cbeff76b50cbdeff,PA,belem,-1.4564705087998835,-48.47931988606284,RJ,-22.870342477927228,-43.47241109832717,2441.7113487858173,1,1,108.0,27.61,1000.0,2017-11-20 17:38:07,2017-12-19,2017-12-11 19:22:01,21,0,28
1b0ed67e2931f09f00cd8553479f5823,f02e1a594b4c9a366f72ca251c91da07,PA,belem,-1.4615863106800238,-48.50251610355552,SP,-22.986269342347207,-46.85229042519152,2400.0546102214166,1,1,300.0,28.24,3350.0,2017-11-20 11:45:14,2017-12-21,2017-12-27 23:33:44,37,0,30
0aec9f1ca543dc390eb38620dc9c6429,418f28c581e2a65c5fb7e55a7f83a412,CE,fortaleza,-3.72499877208756,-38.49182428530263,SP,-23.676289828452155,-46.6699021447429,2385.9609851747023,1,1,57.39,18.94,200.0,2017-11-26 16:40:24,2017-12-20,2017-12-08 00:58:45,11,0,23
ea500d2d546dac2099f6ab0531823025,301ade42dae8f56c089f707d49b16d0e,CE,fortaleza,-3.735575402301626,-38.49567636303305,SP,-23.489821337123363,-46.95315217080441,2377.0765198891568,1,1,159.0,18.39,342.0,2017-11-23 14:03:18,2017-12-18,2017-12-19 19:15:39,26,0,24
3ba1ccc3882bd7df61ee5030f44ec1d2,99756ae345fb335776682e868965182b,CE,fortaleza,-3.743404753534559,-38.484067201709045,SP,-23.489821337123363,-46.95315217080441,2376.7448607633714,1,1,159.0,35.0,342.0,2017-11-23 10:52:54,2018-01-02,2017-12-23 16:35:16,30,0,39
0877e8db9d779712c1c299b5bd8daa11,d5c98e2099bddd4681eef690abc896c2,CE,fortaleza,-3.744444384124874,-38.52400563405275,SP,-23.625852663887155,-46.61139748251486,2375.195413949604,1,1,27.99,17.63,350.0,2017-11-25 13:39:56,2017-12-20,2017-12-18 20:41:38,23,0,24
cb4591b9a09b86b55be10a9ea234de8c,1e49d70b227359f77399581bac643bfa,CE,fortaleza,-3.741549541885848,-38.55950335035856,SP,-23.65869024839867,-46.52249513292757,2374.0226989620173,1,1,53.99,17.66,200.0,2017-11-25 09:14:23,2017-12-21,2017-12-28 23:26:52,33,0,25
5996322816675c956bf3f370bf0ff4d1,cf2ce3864ef4dd04822db087e540d2a3,PB,itaporanga,-7.305664823488078,-38.15135401610144,PR,-23.622154732271355,-52.46925317823966,2371.860736310018,1,1,243.9,43.74,2125.0,2017-11-27 18:15:04,2018-01-08,2018-01-16 11:58:40,49,0,41
6dabb450123d01750d1b176ea59026a1,859f932eedd05cd8c8adb71320a3528e,CE,fortaleza,-3.731789430751917,-38.537177830284456,SP,-23.56072295337296,-46.63277989454088,2370.1533292105278,1,1,21.99,17.63,100.0,2017-11-24 07:24:10,2017-12-19,2017-12-19 18:21:17,25,0,24
c7b76f99b489ee84322131a82cbf9a42,7b39e7285ea4d3e4c38030fe704bb97f,CE,fortaleza,-3.747167154250193,-38.55154255895937,SP,-23.595227193173283,-46.56076636913555,2368.70908278622,1,1,69.99,19.09,400.0,2017-11-24 02:07:31,2017-12-20,2017-12-14 16:48:05,20,0,25
82292f3523e3919026a788549ea1868b,753d9b2beefa23a8a3546b9173b7e4c7,PA,belem,-1.4564705087998835,-48.47931988606284,SP,-22.65568399624909,-50.42396514559194,2366.5881337643173,1,1,98.99,33.14,2225.0,2017-11-23 11:53:50,2017-12-26,2017-12-18 21:09:45,25,0,32
9472d3c8a0ad463cbfc89897334431da,7e016f9ea275279784f42e0642214284,CE,fortaleza,-3.808730999999945,-38.58516969280512,SP,-23.576826793496515,-46.71598858744651,2365.201487479049,1,1,69.99,19.03,405.0,2017-11-20 16:21:04,2017-12-12,2017-12-21 14:22:54,30,0,21
85924005925accc8a231a9d98c6d0fea,ae34215e10534bfc372025bc69c7034f,PA,castanhal,-1.2982319725924176,-47.89798747486323,SP,-22.56117141825844,-47.447471268798,2364.83233223621,1,1,33.6,25.63,150.0,2017-11-27 19:31:36,2018-01-04,2018-01-12 22:36:44,46,0,37
4cb45a7074870ecb5a1f362fd7043178,379d1c8b9cb461e483579f8239d3c316,CE,caucaia,-3.737910782433197,-38.61089783562669,SP,-23.539439503750906,-46.63284391414975,2364.440083145891,1,1,89.9,26.77,3050.0,2017-11-26 10:09:09,2017-12-26,2018-01-04 21:22:50,39,0,29
f4eda4d97fa21f60b8c95b433085d2f4,5c7a7303e8349978d086f3e5f349fe34,PA,tome-acu,-2.417273196490953,-48.151514958856446,SP,-23.625852663887155,-46.61139748251486,2364.103088047666,1,1,24.99,25.63,300.0,2017-11-23 05:13:03,2017-12-28,2017-12-20 18:14:26,27,0,34
046a69282c430c5d662cee78c019f95f,4211bdba3c51ddcb72cc253a46b7c1bf,RO,porto velho,-8.765998858024522,-63.89314474007578,SP,-22.82219330991709,-47.27062894035096,2363.210719686287,1,1,319.0,23.03,346.0,2017-11-21 13:10:50,2017-12-26,2017-12-16 16:25:47,25,0,34
fd9ec02005605e0b338a29e03bc6eb30,52d0eb41ffcf119a72e14186f7511ae8,CE,fortaleza,-3.771628291202318,-38.55710838106051,SP,-23.51633441909516,-46.54744111705809,2357.322358155676,1,1,119.9,18.12,500.0,2017-11-24 17:12:57,2017-12-19,2017-11-30 18:32:49,6,0,24
1e8bd56a8a79c55409341b1c83b1e8b0,71335cf87387f20fd2819230310c6add,CE,fortaleza,-3.785782457470762,-38.46338228160948,SP,-23.51253401672528,-46.501049539944844,2357.316662684452,1,1,19.99,17.63,100.0,2017-11-24 09:29:14,2018-01-02,2017-12-18 22:49:02,24,0,38
119c7049e648e0c4073ceceab6c3cd3e,9fba2d301c9a7cea309e14ab04074f23,MA,sao luis,-2.511479553981618,-44.30161065015293,SP,-23.560313217871787,-46.50914934518004,2352.549506622192,1,1,15.99,21.15,150.0,2017-11-26 21:51:07,2017-12-19,2017-12-21 20:04:06,24,0,22
212a9a21eb87489a105ca0a2aa67b72a,e816349bfa582911e9de876d67c591b9,CE,uruburetama,-3.622884636580328,-39.509695950532006,SP,-23.65869024839867,-46.52249513292757,2351.754269631661,1,1,58.99,28.81,200.0,2017-11-24 12:02:04,2017-12-28,2017-12-06 15:43:23,12,0,33
7b039bcfd98f73afd5973f8ba56c5987,2167f4b3d82d1519048c2a2d821765f2,MA,sao luis,-2.4924798992835213,-44.25864971638458,SP,-23.47872386955392,-46.58823999999999,2346.9989052403484,1,1,49.9,21.15,150.0,2017-11-27 15:46:48,2018-01-02,2017-12-19 19:50:13,22,0,35
09045ce363fa81cd9f206c86b989e2ba,75fa6cfb28484afc68c0ab2177d339cc,PA,altamira,-3.2061261675320685,-52.21246809885808,SP,-23.57130234332621,-46.47930265361119,2346.8749709267245,1,1,72.99,33.12,11350.0,2017-11-23 16:23:50,2017-12-27,2017-12-19 20:27:08,26,0,33
02dbd29bc7a490d582762fae9f0fd997,8aa4d935310fc9211fa1e78dcf74babe,MA,sao luis,-2.5611616991505683,-44.26155099973013,SP,-23.50848147377229,-46.485872413266776,2341.505285258951,1,1,48.3,21.15,200.0,2017-11-24 12:12:41,2017-12-20,2017-12-14 01:52:01,19,0,25
bbb2d49836a81a36102519667b44416b,12f8c19a8f9f1015564e4798c6b1a556,CE,fortaleza,-3.7348326566737913,-38.57754530322004,SP,-23.211061972115367,-46.76376569389638,2337.676798982253,1,1,99.0,29.09,2000.0,2017-11-25 22:10:00,2017-12-27,2018-01-03 17:39:17,38,0,31
0e14afb59249defa7237fa94e266941f,e7762e41533907d1aee1c0b0e1b31785,CE,fortaleza,-3.8306298090484168,-38.49344733287036,SP,-23.211061972115367,-46.76376569389638,2331.1942115525885,1,1,109.0,29.16,6550.0,2017-11-22 07:39:27,2017-12-19,2017-12-21 17:03:13,29,0,26
821502db9b7f3a72036b7459652b46d9,73235907daba098efbc010b07291488e,PB,esperanca,-7.019168679794973,-35.85913356061947,SP,-21.486471927360125,-51.53351950792364,2328.573265574457,1,1,24.5,34.15,150.0,2017-11-20 14:01:50,2017-12-19,2017-12-13 17:07:21,23,0,28
555bdeeec0ae00faeb547748b9e58ec6,06475b1ce34b05233619d42030f3c3ab,PA,ananindeua,-1.3383317204210916,-48.40517111782293,SP,-22.277216273975142,-48.5432584317704,2328.3456288598363,1,1,113.9,27.34,800.0,2017-11-24 07:04:16,2017-12-29,2018-01-12 22:37:20,49,0,34
109a5316b712f2086d69092e7ae638c3,ec92015754035cb75c33953872fbc74c,RN,natal,-5.750789448237058,-35.24982460283339,SP,-23.59032952255033,-46.63175129640077,2327.8741534676938,1,1,68.99,34.14,450.0,2017-11-25 17:07:32,2017-12-22,2017-12-15 17:03:39,19,0,26
e55d37ca80ab6c42708d1f5320ac3c7a,3dfb495ec8f6000b978490cba051c21d,CE,fortaleza,-3.729811643580058,-38.50053513281324,SP,-22.92492963558197,-47.0742943724681,2325.2390864114154,1,1,159.9,19.66,500.0,2017-11-24 11:12:43,2017-12-21,2017-12-16 14:46:50,22,0,26
6195e90e7ea722bbe3310d3908613bd2,9f8d47a6522a7c8d2353ca41fd62535c,CE,sobral,-3.687740905283781,-40.351584297332586,SP,-23.680178204541587,-46.69191023495291,2324.9853110699737,1,1,127.0,26.17,500.0,2017-11-24 20:15:53,2017-12-21,2017-12-11 19:57:02,16,0,26
08c79f0b250cc3b309a69dcbd0debdc7,cdd33d0b02c81a178d88dfbc1ed9f0af,MA,sao luis,-2.511479553981618,-44.30161065015293,SP,-23.193263808211693,-47.27517269663572,2321.9109116000536,1,1,79.99,38.11,1550.0,2017-11-25 11:48:45,2017-12-20,2017-12-21 22:28:35,26,0,24
8cb3659728a1beea766bb63eaa1cd1f9,bb2c661d1ea302f88d64aa23ca35d269,BA,salvador,-12.935961117220948,-38.49570727476773,RS,-30.11199445656128,-51.24630185040967,2316.6968175426814,1,1,99.0,27.54,1250.0,2017-11-21 14:01:29,2017-12-12,2017-12-19 22:49:15,28,0,20
93f4ce61700a0916098fb57089063bbf,28e1c9fe318b354a59df509689129512,RN,parnamirim,-5.929363882333263,-35.25091877664559,SP,-23.65869024839867,-46.52249513292757,2310.925710220337,1,1,84.99,22.91,600.0,2017-11-26 14:21:40,2017-12-28,2017-12-22 17:16:07,26,0,31
e84aab6af2a71fdd57e937740dc5a3dc,1575002669893d427c0469145358c92a,MA,maracacume,-2.0463877432014783,-45.95717809214692,SP,-22.75756675966071,-47.416027840450326,2308.35314386818,1,1,379.9,45.07,13100.0,2017-11-25 20:12:29,2017-12-26,2018-01-08 18:27:39,43,0,30
1affa2b54c26489a1600dea208b13bfd,16ad0e153b12087b00ff6bba67fc0bac,AM,manaus,-3.102441916599302,-59.989088103736165,SP,-22.11271760004238,-51.421000648265135,2307.285018819298,1,1,171.9,48.64,3250.0,2017-11-24 12:23:11,2018-01-12,2018-01-05 00:41:43,41,0,48
19808643dfb101952f68edccca618526,952e55498d185a919ffe34225cdb6032,CE,ocara,-4.487463044317072,-38.5905381963681,SP,-23.285339138631286,-47.67122744308,2306.410173300309,1,1,19.9,25.63,300.0,2017-11-24 07:41:15,2017-12-27,2017-12-19 19:20:41,25,0,32
05e28a6a1994b77257df51a5e304b6ab,756d469ce2dc599ff5dcda8440dc5417,RN,parnamirim,-5.883279199078862,-35.211082702941724,SP,-23.53142941993188,-46.51618034574991,2305.3977570185457,1,1,19.74,21.15,75.0,2017-11-24 20:55:09,2017-12-26,2017-12-07 21:37:12,13,0,31
51274dc531d06d31c1e36aeadd41bc05,c1082c577614757615b849f2e56471e0,RO,jaru,-10.434205391835228,-62.472690831765085,SC,-26.877005895089145,-49.0820058388828,2305.1567420678416,1,1,62.79,42.47,400.0,2017-11-25 01:52:27,2018-01-10,2017-12-07 01:12:55,11,0,45
826a3cbec0990cbd6cd78c4418f7e092,35e3a5dda4333827ca85ea5178b30243,RN,pendencias,-5.260444391948207,-36.719157624399145,SP,-23.54142641046816,-46.77556079199594,2300.653898475749,1,1,121.5,34.65,200.0,2017-11-24 15:58:19,2017-12-27,2017-12-19 20:36:42,25,0,32
5afac0b7cff137da6d13251afc7329c9,e0b4c1b6c6de01d78862c72eea6b24dd,CE,fortaleza,-3.7350770605055024,-38.50027949125743,SP,-21.757690120914923,-48.82976816265947,2293.250510657598,1,1,44.99,28.75,950.0,2017-11-23 22:00:45,2017-12-20,2017-12-15 22:24:35,22,0,26
d1ac79e195d42ffecfe5abe8428c6535,a43b9483961041642fa607e74f87b912,CE,fortaleza,-3.780273678991284,-38.59518355354902,SP,-21.757690120914923,-48.82976816265947,2283.8529953983207,1,3,297.0,87.27,4650.0,2017-11-27 08:11:49,2017-12-22,2017-12-23 18:22:19,26,0,24
b4546ff451b39382f5c1dd81355a0c58,2cc15144d83ab6ce9cf5f666022a7afb,MA,sao luis,-2.499473226500051,-44.29157450865727,SP,-22.82219330991709,-47.27062894035096,2282.5016109230464,1,1,238.99,22.47,300.0,2017-11-26 21:34:23,2017-12-20,2017-12-14 02:39:30,17,0,23
236ae03bfee2c49ab78fa9227892c5e6,944dc66ce45739575455181a6288e2a2,MA,sao luis,-2.539073354785135,-44.270437725229385,SP,-22.75742680561254,-47.36911154235017,2272.8786467846458,1,1,59.99,22.74,367.0,2017-11-25 21:29:40,2017-12-20,2018-01-09 21:38:39,45,0,24
80d272bb80e9d81f0868fae8f7848081,fb33f8dc7bae67cedd3ac477a5675073,AL,sao miguel dos campos,-9.780400396320989,-36.0973468567454,PR,-23.388124700617865,-51.95479525453632,2264.238265280844,1,4,758.36,173.44,3800.0,2017-11-25 16:00:20,2017-12-28,2018-01-16 22:45:32,52,0,32
c48c006cc34f94c1fb2aa8afd2c1cc9f,2374b79f980310c0de32c4d0bbca4150,RN,natal,-5.815881839419601,-35.23800965674003,SP,-20.806830481885147,-49.38960170992274,2259.914078436942,1,2,98.0,75.94,3500.0,2017-11-24 17:09:14,2017-12-26,2018-01-10 00:43:47,46,0,31
b157fc555fff3a1fbb596921333cff16,1776480855ede0a90369b2fc87d112dc,RN,mossoro,-5.2127355621118685,-37.33639639821699,SP,-23.502729436580296,-46.42199569191893,2254.8075410309984,1,1,69.9,38.04,1100.0,2017-11-24 13:06:43,2017-12-22,2017-12-28 21:03:14,34,0,27
e54c837c3ceab3a51f0afec240e9799a,fac7ff3b0fbf8ea9452c5257d369b8ff,PI,piripiri,-4.276327767034922,-41.778064060818615,SP,-22.65736249624909,-50.41030270038664,2244.9778134477656,1,1,152.0,34.86,400.0,2017-11-23 23:36:37,2017-12-20,2017-12-19 20:06:42,25,0,26
146a3b1856b84f80dc3ca22e79d11551,6f1f3c65581b33ea4d330525abc86460,CE,fortaleza,-3.7510841315569214,-38.4726143425616,SP,-20.806830481885147,-49.38960170992274,2234.189475314532,1,1,49.0,28.82,1750.0,2017-11-25 09:36:58,2017-12-22,2017-12-22 20:53:29,27,0,26
9e610f1799387c81ebe3841937df9098,8714486eac2fe66523013485cac45f17,CE,fortaleza,-3.754851255063773,-38.54446116308158,SP,-20.806830481885147,-49.38960170992274,2229.731483809224,1,1,49.0,28.79,1550.0,2017-11-26 23:33:14,2017-12-22,2017-12-15 21:04:44,18,0,25
c0d8c763cce5b3b4c2fecafbcd779012,d76d064eedf85fd7fc0b26f4ee67a2c3,PA,tucurui,-3.763496938719043,-49.66832152193276,SP,-23.58394184318197,-46.75787096863638,2225.991028231103,1,1,209.99,28.01,600.0,2017-11-21 19:16:38,2017-12-26,2017-12-11 21:58:37,20,0,34
42325f18762da22d5f98e4db3cbc464c,13f66294a7b84c6c450e7b0b38d2ef6f,CE,fortaleza,-3.802133955243812,-38.56550167352259,SP,-20.806830481885147,-49.38960170992274,2224.0208987284614,1,3,147.0,86.46000000000001,5250.0,2017-11-27 00:16:09,2017-12-22,2017-12-14 16:29:41,17,0,24
b48b94de3dabf70f47dc9c149817eae7,e90cc0e61fa7f47c18252d0dc0881bb6,PB,joao pessoa,-7.1674395292861295,-34.84236217055226,SP,-23.65869024839867,-46.52249513292757,2217.330045128583,1,1,89.99,22.95,250.0,2017-11-24 18:05:58,2017-12-27,2017-12-07 01:12:54,12,0,32
5837fff4c5c9ea52b2e96674efccbc66,ba77ebb5a04276eff9b0bd56db33bfae,SE,aracaju,-10.9706443440635,-37.05566249125744,SC,-27.543786658615705,-48.631972642506845,2204.1199980452707,1,1,59.9,27.27,700.0,2017-11-24 12:25:03,2017-12-22,2017-12-27 23:14:07,33,0,27
02852b112ad108b3d2b3d4ee198d84a8,c45b7286a9a5cdce0152978d9f615be6,BA,salvador,-12.920325407345905,-38.37152094979555,PR,-25.54168647758336,-54.585197713463536,2202.089091102076,1,1,69.9,50.15,4850.0,2017-11-25 11:58:17,2017-12-22,2018-01-13 20:43:38,49,0,26
a2a701c6f01ddffde8a1bde136ed7d4a,8543703cb2bc95c3606af4af727d604f,PA,belem,-1.3989051618096793,-48.45883297403209,SP,-21.177173112308903,-47.767232134697736,2200.5213025627627,1,1,45.73,25.63,167.0,2017-11-26 10:26:55,2018-01-03,2017-12-16 02:54:56,19,0,37
d0b605ea4abf3ed6e8f7472a634afef1,40a5cfa343927fccfa6ab8d7d2a10b1c,SE,aracaju,-10.930554081164722,-37.05186855839938,SC,-27.54240866084872,-48.49699966851308,2200.318228594276,1,2,998.0,82.56,6000.0,2017-11-24 22:07:05,2017-12-21,2017-12-19 01:09:35,24,0,26
5005f0fff3706e3297c1015ed5e41d18,4aaa88f206d4aab0d3bd810c30df3755,PA,belem,-1.4042792828206936,-48.45004791348576,SP,-21.179578055269594,-47.8091725567546,2200.0106978857016,1,1,349.0,34.89,2500.0,2017-11-23 12:31:10,2017-12-27,2018-01-15 20:57:45,53,0,33
957e60e8b06f5c61044ad86aa626cd49,d1fdd448f8dccdf1fd1eef2008573b42,PB,joao pessoa,-7.090628239643028,-34.84206944018698,SP,-23.211061972115367,-46.76376569389638,2199.256771262836,1,1,79.0,38.1,6050.0,2017-11-27 23:35:57,2017-12-28,2018-01-27 15:12:18,60,0,30
3182ecdf3da0331bf56a6b4ff5e069d7,48f2c3b771af969350d566b444d3cf5e,AL,arapiraca,-9.7678935,-36.648175473750015,PR,-25.45795217485142,-49.30899607966408,2197.4835629093222,1,4,559.6,190.04,12000.0,2017-11-24 21:38:42,2017-12-27,2017-12-27 22:09:59,33,0,32
f644267f332fbcb9fe143fbb7478441c,03c27921f605f0385f319ba1bbee389b,MA,sao luis,-2.543788204830049,-44.24313892578892,MG,-22.2492531099986,-45.70557966603161,2196.831358588865,1,1,84.9,38.14,1250.0,2017-11-24 22:21:21,2017-12-19,2018-01-04 20:26:46,40,0,24
18365e069e7aa176d76d25df0a233e6a,3ad2d436356d6e6bc9d4de67210d8715,PA,jacunda,-4.448494309243434,-49.11483200098034,SP,-24.026457185123206,-46.47784669233656,2195.229918382145,1,1,35.9,25.63,50.0,2017-11-27 12:29:08,2018-01-04,2017-12-21 20:41:27,24,0,37
53619dd8d4a6a651b7e864560eb84fa6,9f81d99a135977d2cf33344395adba2c,CE,fortaleza,-3.72499877208756,-38.49182428530263,RJ,-22.93534069637593,-43.186718398333056,2195.016478776941,1,1,99.99,21.5,500.0,2017-11-23 17:16:56,2017-12-18,2017-12-23 00:51:48,29,0,24
eb6033b2518720d786be9501a56fb156,d58b2d1a1bc61268841dc888e2779f51,PI,barras,-4.244885402779519,-42.29472556186173,SP,-23.560313217871787,-46.50914934518004,2194.89060280916,1,1,45.99,34.15,236.0,2017-11-20 19:21:48,2017-12-13,2017-12-18 12:23:04,27,0,22
7f73f6d23431719381a2b967e70556a5,61bcb430e27a3d10e9461d44ef73f7c8,CE,fortaleza,-3.714989827193029,-38.56282728628314,RJ,-22.870342477927228,-43.47241109832717,2194.536928053106,1,1,108.0,23.08,1000.0,2017-11-23 16:56:16,2017-12-18,2017-12-28 23:33:31,35,0,24
5e82d468c7839f98399b94c0ff1cede3,d156accae9133953e8c6f504a1caa9c4,RO,porto velho,-8.807899191795748,-63.80602196332746,SP,-20.554950968499107,-47.38769088301032,2193.27426998496,1,2,320.0,69.84,400.0,2017-11-21 10:04:38,2017-12-26,2017-12-02 00:58:33,10,0,34
4c1fd23882ba19dd4163989a484ad75c,6c50c2547ade7275ef04878bcfec6058,CE,fortaleza,-3.8306298090484168,-38.49344733287036,SP,-20.927842595619605,-48.49233569396832,2187.105574519288,1,2,103.8,51.28,100.0,2017-11-22 16:44:46,2017-12-15,2017-12-08 23:32:21,16,0,22
2f43e00527fc0602c116560861680ecd,54224cb0ac10a018b2dbc51d4a8d89f5,CE,fortaleza,-3.735575402301626,-38.49567636303305,RJ,-22.84258446627047,-43.303678777468456,2186.712509915563,1,1,79.9,22.88,900.0,2017-11-24 11:16:55,2017-12-26,2017-12-28 21:09:46,34,0,31
9b6855d2b0ab897952d0ea1034d87d89,d6279ba360fb5eff125b2c70a21af369,SP,mogi das cruzes,-23.51992999904818,-46.17713395622714,RO,-10.877756265582942,-61.95980934800322,2184.1275054499656,1,1,349.0,54.8,2940.0,2017-11-25 17:54:05,2018-01-05,2017-12-13 15:33:04,17,0,40
7b5d37ba26248e70f9b6c863d1964ed2,ae52b349d6e912fa0d063b98d896e986,CE,fortaleza,-3.721011122319079,-38.59940426123306,SP,-21.165370022730333,-47.79714447071386,2179.681685685892,1,1,323.18,27.54,100.0,2017-11-24 09:36:58,2017-12-21,2017-12-26 22:46:58,32,0,26
1303938f4e61db6da994b6d00e34e7b0,d7d6d2aa2c72b6e7815a44ca8278f7b9,RN,natal,-5.82389656256708,-35.20811731404813,SP,-21.165370022730333,-47.79714447071386,2179.330628934809,1,1,415.37,38.23,500.0,2017-11-20 12:47:57,2017-12-26,2017-12-06 00:57:43,15,0,35
17cc6728043d53cc948551dfbf0a338b,dcfb92c7e6d519560090aeb5bfa03f0c,CE,fortaleza,-3.839702039413689,-38.5160570788194,RJ,-22.84258446627047,-43.303678777468456,2174.924299240956,1,1,50.0,21.15,550.0,2017-11-25 12:14:38,2017-12-27,2018-04-16 23:26:51,142,0,31
039f61edec89c6f0edf8dd1a0bdea1fe,8297545d11104871ff4516789a25d3f8,CE,fortaleza,-3.774874999999952,-38.61827382599995,SP,-21.165370022730333,-47.79714447071386,2173.3858345815825,1,1,288.92,27.3,125.0,2017-11-24 16:08:38,2017-12-21,2017-12-12 21:09:53,18,0,26
a12258b681fd853343742c997b082ca1,98286135e8d1415dc79e87231cfdfaca,PA,santarem,-2.466846494452476,-54.71736797375744,SP,-21.426847789373337,-50.0643276561055,2167.5570223619848,1,1,84.9,28.99,1400.0,2017-11-20 13:00:52,2018-01-03,2017-12-29 21:37:55,39,0,43
0cea1002b907a645918a03922e9fadbd,1253d291d269b1da011d7928695cc8d4,MA,sao bento,-2.7002770940586864,-44.831853052065085,SP,-21.757690120914923,-48.82976816265947,2162.705216481603,1,1,69.0,38.03,1350.0,2017-11-21 15:19:34,2017-12-14,2017-12-28 17:19:04,37,0,22
8ea18c94420645b8bd579dac65636c1d,b31c763b3d3b41630c903bc99fbca4fc,PA,belem,-1.424274947256112,-48.473887637919226,SP,-20.806830481885147,-49.38960170992274,2157.531784039761,1,2,98.0,57.64,3000.0,2017-11-24 14:41:26,2017-12-28,2017-12-16 16:05:16,22,0,33
d2499c0f8dfc31c671a95be782256140,052bae46e09ab04f63c1c76c317be0c0,PE,recife,-8.048649017485133,-34.900234331323205,SP,-23.69010994976628,-46.85569285414625,2155.694249807111,1,1,79.0,17.83,300.0,2017-11-20 14:14:01,2017-12-14,2017-12-04 23:05:33,14,0,23
82daccb8bfc3bb76bc1616a4f22c3cb1,d47e69f46624eccc55b349af80fc4c53,PE,igarassu,-7.870880168474788,-34.90394612144822,SP,-23.65869024839867,-46.52249513292757,2148.2971869753333,1,1,89.99,19.17,250.0,2017-11-22 23:26:12,2017-12-22,2017-12-12 15:27:08,19,0,29
6684083994ae824286f8b72945b60758,db3bbf11328750d53f41595e455cb030,PE,itaquitinga,-7.668690458136266,-35.10244383748215,SP,-23.56428872384441,-46.51904534753631,2146.3050583339023,1,1,34.9,28.75,6100.0,2017-11-22 18:22:40,2017-12-20,2017-12-11 16:33:03,18,0,27
d03a237134e1116fd39197ad24eb9378,bdd7712e7fbf5e834a25438affa3e3a5,PE,paulista,-7.948934495429825,-34.8626696118102,SP,-21.757690120914923,-48.82976816265947,2144.1058295995003,1,1,69.9,28.89,950.0,2017-11-21 09:21:56,2017-12-18,2017-12-14 22:42:31,23,0,26
3fde8b7313af6b37b84b5c7594d7add0,248307eaf63a58203c675fccab2d1002,PE,olinda,-7.994484907505029,-34.85928034885568,SP,-21.757690120914923,-48.82976816265947,2140.6431336425358,1,1,39.99,25.63,350.0,2017-11-27 22:36:14,2018-01-02,2017-12-14 19:38:42,16,0,35
7e4583a135b2fd828ba6ec2c4b5ab034,d3dc0682d51ece788ea412c9d74deb67,PE,recife,-8.045435320431045,-34.89461700360667,SP,-21.757690120914923,-48.82976816265947,2133.8437600404864,1,1,153.0,33.52,2450.0,2017-11-27 17:41:25,2017-12-26,2017-12-16 18:43:24,19,0,28
2acfdc5131ff2cf4433e668454c9784c,181b56f69c22bcb0ceeceba56c06d239,PE,olinda,-7.994484907505029,-34.85928034885568,SP,-23.61528418040568,-46.47881749049814,2133.124226566193,1,1,89.9,21.03,750.0,2017-11-27 22:36:13,2017-12-22,2017-12-07 17:41:29,9,0,24
8803010b50c509475d4e35905172b800,24f5c81f1320573d31fdac7b20802d3b,PE,recife,-8.068680262003001,-34.928193738131284,SP,-23.68709504954123,-46.51769647631296,2130.7884130338034,1,1,93.99,21.06,1255.0,2017-11-21 10:27:38,2017-12-14,2017-12-16 20:35:05,25,0,22
dff0f80f3b67657d2e2f3d4f086a3c0f,757e1b315db5be21a081d9ce240ee72a,SP,santo andre,-23.643885489583987,-46.54704949205743,PE,-8.06520144240868,-34.91734908604073,2129.7763074463646,1,1,499.0,43.93,6500.0,2017-11-24 15:41:32,2017-12-18,2017-12-11 19:28:48,17,0,23
ee9f6e9060450329e05aef3781e5ed38,bcbb4274a2c95a722079735b41f2d696,PB,campina grande,-7.208087891795129,-35.92494200687646,SP,-21.757690120914923,-48.82976816265947,2129.486728962632,1,2,271.8,72.54,4150.0,2017-11-23 19:33:21,2017-12-22,2017-12-21 20:17:41,28,0,28
1e4ba03d696d7e2a105b4f5d5d68ba5b,f1913159750548eb81dca4b69fbd5e0c,PE,recife,-8.041647730221039,-34.889654828755255,SP,-23.54682895530619,-46.56705535720467,2126.351776684241,1,1,139.99,19.52,700.0,2017-11-23 15:21:55,2017-12-20,2017-12-04 21:54:51,11,0,26
7389bceecae734fba2734abb0d23df23,1e54b20747fcea4c173e88cf3d2a5638,PE,limoeiro,-7.879504362922869,-35.44741665339606,SP,-23.20712579877664,-47.30927660866177,2123.037458292585,1,1,45.9,25.63,300.0,2017-11-22 21:22:48,2017-12-20,2017-12-19 00:53:37,26,0,27
343ee80178e16012130cb0007eac5888,aeed83f14583aecd0c82d49c45a833a8,PE,jaboatao dos guararapes,-8.111231863725534,-35.02081078074322,SP,-23.611654194010004,-46.63146857729816,2121.5237719988586,1,1,294.0,28.2,2800.0,2017-11-25 16:16:35,2017-12-22,2017-12-20 20:27:38,25,0,26
f399b61f3b5a3c117d985eb619fa164a,819f78e040c8f6f49bb5a5d2b9894018,PE,recife,-8.063316473783948,-34.87821053509792,SP,-23.50848147377229,-46.485872413266776,2116.644671098145,1,1,16.1,17.63,100.0,2017-11-21 23:33:51,2017-12-18,2017-12-01 19:13:32,9,0,26
e72fc60ec647819bf469466c94d296a9,fd8622c9fc0a00dc505ba474a4fe36cd,PE,recife,-8.125447274770623,-34.902862133872254,SP,-23.560313217871787,-46.50914934518004,2115.425177574432,1,1,23.0,17.63,250.0,2017-11-24 07:34:32,2017-12-21,2017-12-03 12:52:46,9,0,26
5e0de5e6b42042ea6e00e3d07d4aef84,282cb5fd8f77b5adc7a04bbf77f8ae52,MA,sao luis,-2.4945614074739177,-44.22573603193028,SP,-20.806830481885147,-49.38960170992274,2111.7388689243894,1,1,49.0,37.97,1500.0,2017-11-25 00:54:17,2017-12-20,2018-01-10 20:48:57,46,0,24
07ac5d2775e382ce0fa8132f74330cb2,338e6042821357f927ba8e5bc128c832,PE,recife,-8.057774065824201,-34.911041204483794,SP,-23.48488009615481,-46.36654993289185,2105.631262506884,1,1,159.94,40.39,12650.0,2017-11-27 23:45:14,2017-12-29,2018-01-07 11:22:18,40,0,31
d236cf5ba33b4dad75e39c1d080f536e,4a741f0bd96ff7d84df0a878fbe416cb,PI,teresina,-5.105533499999999,-42.74075459757507,SP,-23.68709504954123,-46.51769647631296,2105.4244431937936,1,1,93.99,25.21,1255.0,2017-11-25 15:49:07,2017-12-19,2017-12-28 21:08:02,33,0,23
6d8d761e59ad4c88b15467b203d3367e,7a55cc7e8b77509988bef09447df0101,PE,vitoria de santo antao,-8.114925898593693,-35.28891404440535,SP,-21.757690120914923,-48.82976816265947,2098.792627498266,1,1,220.0,38.68,3500.0,2017-11-23 22:18:48,2017-12-26,2018-01-08 19:47:55,45,0,32
602647a4fb63e41a0a30d3f71ac47c22,e566033ca64ea81cbdba55b2e063c450,PE,jaboatao dos guararapes,-8.133196541909513,-34.96602516275448,SP,-20.806830481885147,-49.38960170992274,2094.0394466070616,1,1,49.0,28.79,1550.0,2017-11-24 21:55:11,2017-12-22,2017-12-20 19:12:41,25,0,27
5fa285b6edf81b62a0b66dae40d38d0e,d2ba1482a253bd684cf7343871db748b,PI,teresina,-5.068892937387361,-42.78863714812957,SP,-23.54953451762937,-46.54078188711117,2093.936695193343,1,1,67.9,18.05,550.0,2017-11-24 01:45:00,2018-01-05,2017-12-07 15:15:56,13,0,41
8da93bf6304b1fbbb6ab15bb7644394e,da41a6aa006587987cde84876b62a097,PE,cha de alegria,-7.997351435105818,-35.21123642466964,SP,-22.75742680561254,-47.36911154235017,2093.030693960268,1,1,79.99,28.96,4325.0,2017-11-24 19:34:56,2017-12-28,2017-12-19 00:22:15,24,0,33
822f778d1cd09285df832ee2cf65b83c,1e82589c6c7a1f0d30ecd3e87cdeaf0f,PI,teresina,-5.105533499999999,-42.74075459757507,SP,-23.537493461278807,-46.63974517262972,2091.7097469566447,1,1,13.7,21.15,200.0,2017-11-26 21:56:25,2017-12-19,2017-12-29 20:38:50,32,0,22
9d76974325109da947615c96eac22698,4840b77c0a6401c19133b159163d0061,PE,camaragibe,-8.016426359387287,-35.004882732728305,SP,-23.0047822119904,-46.84075801381677,2091.44570605036,1,1,88.9,21.02,1950.0,2017-11-23 23:07:26,2017-12-22,2018-01-09 18:09:09,46,0,28
6a6f6e316fbfc5524414489d06c8533c,9207f1d43091730646697eb497a6819e,CE,crateus,-5.178615655570518,-40.66767409384606,SP,-22.82219330991709,-47.27062894035096,2086.066596009625,1,1,209.9,26.75,300.0,2017-11-25 00:20:41,2017-12-28,2017-12-12 22:48:46,17,0,32
b42139457824c80f921388a5655296d0,c27b9275e1bbffcad85ed3ec3828af88,PE,recife,-8.143240683593994,-34.90815793810952,SP,-22.73427587011464,-47.17599378518663,2085.500347868686,1,1,49.9,17.63,325.0,2017-11-20 12:47:45,2017-12-15,2017-12-03 19:07:04,13,0,24
25e7a9bc97827149a1de2b94ecdc21ef,3e3c5aadb40efe1d4eecdb8cf37c340f,PE,moreno,-8.117923820416719,-35.097260008050085,SP,-20.806830481885147,-49.38960170992274,2084.822488661764,1,2,98.0,57.58,3100.0,2017-11-24 11:40:17,2017-12-27,2017-12-18 16:59:07,24,0,32
38cb813a638594505086f338bb5d4cae,b964c2f3a1d4cafb7d6f0ea22fd7c62d,MA,presidente dutra,-5.292395039400399,-44.49301116489433,SP,-23.941438868717192,-46.30279503554525,2082.7045978339884,1,1,32.49,35.67,378.0,2017-11-21 17:09:44,2017-12-14,2017-12-19 23:55:29,28,0,22
29c414cde56330f1621dfec4880ae552,7ef1e3b2623582caa5eeb84a79fb21a0,PI,teresina,-5.18792499999995,-42.73699868399996,SP,-23.552032416180964,-46.53746144532288,2082.211393443033,1,1,129.99,25.46,1600.0,2017-11-22 18:33:30,2017-12-12,2017-12-09 12:58:51,16,0,19
2b83b8fa40c6831432a15681ecf065db,01690063395d386d320ea8f5a60cdece,MA,acailandia,-4.950780440252208,-47.494238186295455,SP,-23.652442526788203,-46.75549168747648,2081.0366113900677,1,1,149.0,34.84,200.0,2017-11-24 14:28:08,2017-12-22,2017-12-20 21:12:57,26,0,27
d02c31bf4f5e040587f04c64f8e0ee9c,571f9e60ad9942db4d49ea1a37343445,PI,teresina,-5.08489228543398,-42.812231297251,SP,-23.42439868040567,-46.5276677164868,2077.80501923692,1,1,97.9,23.01,1000.0,2017-11-23 15:59:57,2017-12-15,2017-12-01 19:51:43,8,0,21
ba794dc7ba00e8dcbe6e0f729be0b845,657a3f64558e83b09ec3846d6ee02543,SE,nossa senhora do socorro,-10.85666556707265,-37.08593457569617,PR,-25.45795217485142,-49.30899607966408,2071.551436654635,1,1,299.0,31.62,900.0,2017-11-24 17:55:14,2017-12-29,2018-01-08 22:20:50,45,0,34
b29f546b1ce275afb2a0c39f0ade6bcc,948f11301fe3a9d560599e9385a969c2,PE,santa cruz do capibaribe,-7.952113120326801,-36.214860606331726,SP,-23.20712579877664,-47.30927660866177,2068.532230938008,1,1,141.9,29.39,1200.0,2017-11-22 02:11:35,2017-12-20,2017-12-16 10:56:51,24,0,27
67bc7ff7cf5396dc164d5d3c3d251760,afd73acdd42405b032d0128e5e2f271a,PE,recife,-8.033959041864554,-34.89563988684098,SP,-21.364019805249217,-48.22883109179936,2059.546555875451,1,1,129.0,26.1,444.0,2017-11-24 09:10:08,2017-12-27,2017-12-29 15:16:33,35,0,32
828c70c1568ca1b635a1b59baa592bb8,b0a8c1196847d5ed16bbd89d46c5a2d0,MA,goncalves dias,-5.156979203282784,-44.300438414723146,SP,-23.53142941993188,-46.51618034574991,2056.8993155266744,1,1,65.0,34.25,250.0,2017-11-25 15:08:42,2017-12-26,2018-01-12 22:19:13,48,0,30
59f20ac0aae46d0940018c589d3571f4,4ad8853ad8108ecc6b8efbb445cde607,PE,itapetim,-7.378367670330335,-37.19107352029899,SP,-23.53968594087948,-46.54635608021235,2055.794654652707,1,2,151.8,51.62,1000.0,2017-11-20 10:59:38,2017-12-21,2017-11-29 00:44:48,8,0,30
8a427bdc7beb440c5e77ef02944b9b75,fa20d10c86952143d6eaefce22d61b65,PE,sirinhaem,-8.594011827871643,-35.113930309277194,SP,-20.806830481885147,-49.38960170992274,2046.97417915704,1,1,49.0,28.82,1650.0,2017-11-26 16:39:39,2017-12-28,2017-12-13 18:13:15,17,0,31
9e1fb6d6d89113c356084eb1899f47b4,0d4f5ef1ce058d5e16703ebb818e9454,CE,nova russas,-4.705682064138259,-40.56130570161928,RJ,-22.93534069637593,-43.186718398333056,2046.5754330546888,1,1,99.99,38.25,675.0,2017-11-24 19:43:07,2017-12-26,2017-12-12 22:54:47,18,0,31
8ce19cd80af40e6cb55f3e3abdc5a5cd,b151701284e0e85b8fab6d42b9c7363b,PE,joao alfredo,-7.861569808479987,-35.5895450372224,SP,-21.364019805249217,-48.22883109179936,2023.0922036201555,1,1,129.0,26.1,444.0,2017-11-24 21:50:35,2017-12-29,2018-01-04 14:18:53,40,0,34
ee0ad0da72450479a221d3130c63afd1,6d636ad9408d138208ac81d6107fe6a5,PI,teresina,-5.072404128818928,-42.755354573205146,SP,-22.41266271777723,-48.45158291779485,2023.0836862612607,1,1,31.9,34.15,250.0,2017-11-24 21:22:30,2017-12-20,2017-12-20 23:29:11,26,0,25
25f6cb0e242a4c0bacc239397614422e,c3e28a954146468597f1dfe3ab014eab,PE,pesqueira,-8.357916347879435,-36.695785344659065,SP,-23.052705625933136,-47.83614945236365,2020.390815023616,1,1,50.7,28.75,1860.0,2017-11-20 12:50:49,2017-12-21,2017-12-22 19:52:48,32,0,30
2d06d0f685d85988dd10f283e5da1270,e95af4958466a8d9dfa3e75117e95eff,CE,iguatu,-6.36995040094682,-39.30335227768554,SP,-22.82219330991709,-47.27062894035096,2018.8039546413368,1,1,314.9,27.48,213.0,2017-11-24 12:48:08,2017-12-28,2017-12-12 17:42:36,18,0,33
66bc1623ea6b06835dc37b5ec1c95a75,46519369677f6d2bc58d1f438ea96099,PE,caruaru,-8.298579121299476,-35.972986408477134,SP,-23.211061972115367,-46.76376569389638,2018.298744534391,1,1,189.0,29.72,5850.0,2017-11-20 22:14:42,2017-12-19,2018-01-12 20:23:09,52,0,28
25b6b32773813a83fe535d412fa6e805,71cc75a603db03ef612d52f9f223e68f,PE,sao joaquim do monte,-8.43218196835063,-35.80886527653992,SP,-23.211061972115367,-46.76376569389638,2016.0122446237096,1,1,79.0,28.95,6000.0,2017-11-26 17:47:17,2018-01-03,2017-12-13 22:57:29,17,0,37
1800f4a4362310d7eb38281634f6dfd1,40790a4297b4613ae3d984e5851426d3,CE,iguatu,-6.36995040094682,-39.30335227768554,SP,-23.302661247830148,-45.97283979175633,2013.555471437508,1,1,298.0,27.37,350.0,2017-11-27 22:35:44,2017-12-29,2017-12-22 19:49:01,24,0,31
dbd87af377a44750880f408405a17ddb,c1d2d2ee31e141c205646299371af1e1,PE,bonito,-8.470016338508026,-35.730019806605306,SP,-20.788999605359777,-49.41956290374445,2008.7134517594172,1,1,649.9,32.95,2500.0,2017-11-24 16:37:53,2017-12-27,2017-12-21 06:07:08,26,0,32
7b394ed40ae60bd168cb4f5d18b891ee,59373092db2ccc827877f8ecc621392a,PE,caruaru,-8.297035277280388,-35.98116283346567,SP,-20.806830481885147,-49.38960170992274,2001.7436897803343,1,1,49.0,28.82,1750.0,2017-11-24 00:01:45,2017-12-26,2017-12-08 20:55:59,14,0,31
2fcdb0c004a2a538d3dd724ea76916bd,cf826be53b1fe4a39bc33c7f5f827835,MA,grajau,-5.816916718324891,-46.142981171223774,SP,-23.72288454509784,-46.85659934471119,1992.5160974896576,1,1,55.0,35.71,500.0,2017-11-22 11:39:00,2017-12-18,2017-12-15 00:23:25,22,0,25
1a4ce6e380dae0771ca218753b0739a1,0ef47f2d4519d5be12cc87d038f8760b,MA,fortuna,-5.732984394009163,-44.1563052324624,SP,-23.502729436580296,-46.42199569191893,1990.742271065905,1,1,169.9,50.85,3600.0,2017-11-26 19:40:29,2017-12-27,2018-01-04 21:37:28,39,0,30
1dad277fcf3bf6542d0018bbdaf88381,fff415b4c72e09483a25c15108c65d31,PE,recife,-8.054481316261771,-34.88863951824975,MG,-22.27164789897835,-46.16555647382263,1988.5749745116827,1,1,48.9,35.67,600.0,2017-11-24 14:23:07,2017-12-20,2017-12-07 23:18:49,13,0,25
2f7686472526a14dea7833c54aea6a70,90e96fc65e2b0b97264512ed783f86e4,PE,garanhuns,-8.89366338039416,-36.49417129281567,SP,-23.052705625933136,-47.83614945236365,1984.734171359875,1,1,70.97,28.9,3008.0,2017-11-25 18:35:17,2018-01-02,2017-12-16 00:22:08,20,0,37
89d97ea4b834af6d90d63888a220bcf1,49b19f4a6f34485ca671a856b84076b9,PB,conceicao,-7.556364291051169,-38.50693890327347,SP,-23.65869024839867,-46.52249513292757,1984.1077282092772,1,1,84.99,35.91,600.0,2017-11-24 22:13:20,2017-12-28,2017-12-19 23:34:58,25,0,33
26ac15c4f69145c3a0ce4f2ebccd2a84,e02f5d3db6a97933d8d9a4dfc6a69ea4,CE,juazeiro do norte,-7.22464837945308,-39.30111564275518,SP,-23.65869024839867,-46.52249513292757,1983.2487921773547,1,1,84.99,27.13,600.0,2017-11-26 00:22:41,2017-12-26,2017-12-27 19:07:43,31,0,29
326aeb6a8be7b282c4d5cfba7ff0a072,7607e42e3a93ed96cc608e768f497ade,PE,jupi,-8.712751565735138,-36.416049545178666,SP,-23.66148702746846,-46.56416174311855,1982.1075391236143,1,1,325.0,27.55,400.0,2017-11-23 20:20:10,2017-12-26,2017-11-30 23:48:32,7,0,32
5008f69eb2ec85becc94d3a1c1918af5,80f5a59072be0a806e82821201438e87,CE,juazeiro do norte,-7.243486590858493,-39.34877705490658,SP,-23.537163400080807,-46.61070457146976,1970.6738770991185,1,2,179.8,58.06,3000.0,2017-11-26 14:58:18,2017-12-22,2017-12-20 21:14:09,24,0,25
73ffc468078b5f3e2c4260065e5e5152,9723d86b12bdec025be4c43f71b0ba52,CE,abaiara,-7.361571508519658,-39.05010803057335,SP,-23.406901724083777,-46.84254171963375,1968.62454073031,1,1,93.9,37.8,1750.0,2017-11-24 21:10:00,2017-12-27,2017-12-20 13:52:16,25,0,32
bebda1d591d109ea4605aa4e437d0a68,d4d2ea890454df93e3ce1c29627135b2,TO,alvorada,-12.479179309920433,-49.12182771726464,RS,-30.03336443104038,-51.23063954079865,1963.992816023676,1,1,29.99,42.38,200.0,2017-11-22 17:19:47,2017-12-28,2017-12-04 23:38:41,12,0,35
ef8ce968377e840a2be50d7c49a1f4ce,d262e8fcc210139d0efa2bf2a24fc0ea,PB,pitimbu,-7.474283017479785,-34.808150612796595,RJ,-22.87159302746911,-43.55970258841937,1951.0991433389152,1,1,388.9,66.21,8050.0,2017-11-25 14:06:40,2017-12-29,2017-12-06 22:42:34,11,0,33
734a3c56683a8a7dcb4cf7f92319d101,3e91bfd1c7d8dff4da7aef367c2dec05,BA,tucano,-10.965496602251967,-38.78647566144923,PR,-25.43366888971728,-49.26893094975684,1950.7158834879228,1,1,115.0,36.13,400.0,2017-11-25 12:20:11,2017-12-28,2017-12-20 00:57:03,24,0,32
e4805728ef2799ec455a63ddd08aa52e,71f94b6f47acb3bd2047fd4d1800d2e1,PE,flores,-7.866359560632615,-37.974219935415945,SP,-21.757690120914923,-48.82976816265947,1933.750859426899,1,3,230.7,86.81,4750.0,2017-11-24 10:19:23,2017-12-27,2017-12-20 21:53:43,26,0,32
dd4ca62b4abb4a5fe11f24d45b63eb79,d8df48f69b225702b91075434cebbf5c,CE,acarau,-2.885694829305862,-40.11835179853958,MG,-19.867906407416527,-43.94863882589885,1933.5755768452352,1,1,118.9,36.15,850.0,2017-11-25 23:56:26,2017-12-27,2017-12-15 04:22:46,19,0,31
d60f3552bae079e5ca539727400d118e,559374e587209748ef4a67f367483120,MA,sao joao dos patos,-6.496087921464191,-43.702633702143366,SP,-23.65869024839867,-46.52249513292757,1932.044140391962,1,1,84.99,35.91,600.0,2017-11-27 19:28:04,2017-12-27,2018-01-12 22:58:47,46,0,29
85bb28ec7b858a8b703d82a51b3f5e1f,404563b19eb7787cb7a8e07e853f7250,AL,maceio,-9.670103742495886,-35.75477750805007,SP,-23.539439503750906,-46.63284391414975,1927.0010673997351,1,1,14.9,21.15,250.0,2017-11-24 21:36:12,2017-12-21,2017-12-06 18:48:07,11,0,26
8c673a44c78e62473e4ca9e2a2e2f14b,7fd2ba66b45de1c0eeea4a725423204e,AL,rio largo,-9.485737751213325,-35.83827448879295,SP,-23.539675631138568,-46.44437114131387,1926.7042516501624,1,1,44.5,21.15,10000.0,2017-11-24 12:08:06,2017-12-27,2017-12-16 20:07:30,22,0,32
a024eebe8239a5249b7b0cc30eb94c6e,f4319f9a1f97954c82f227d43d7e7642,MA,sao luis,-2.557431222444196,-44.24523936342501,MG,-19.88174280762465,-44.00906911296093,1926.5463001848188,1,1,28.9,22.67,150.0,2017-11-21 21:38:31,2017-12-11,2017-12-14 23:28:40,23,0,19
c21e26a623796821b827547ac056684c,8a4e02df6c9e3dd7e603d1a1face907e,PE,terezinha,-9.05622452267114,-36.62388843648733,SP,-21.757690120914923,-48.82976816265947,1922.9332738988064,1,1,39.99,25.63,350.0,2017-11-25 15:58:13,2018-01-03,2017-12-31 09:26:24,35,0,38
a21f94aa35415aa7bd905a21f468e688,f8b6eb66343026ff22458094ba2faa45,MA,presidente dutra,-5.292395039400399,-44.49301116489433,MG,-22.43068953453729,-46.57343370165055,1918.7643435698997,1,1,139.9,50.64,4325.0,2017-11-27 17:46:56,2018-01-03,2018-01-15 22:09:09,49,0,36
d1b1a90a35eab67950b29a4a38f9a04c,8e899fa0db613636d5e7aaf46c221597,MA,joselandia,-4.981514184837257,-44.69886712060317,SP,-21.757690120914923,-48.82976816265947,1917.7704234417945,1,1,73.35,35.83,1000.0,2017-11-24 17:56:30,2017-12-26,2018-01-08 19:20:15,45,0,31
e81fbdf6c9bbdc3b6a9cd243b617e576,722af1f4b57a5d7df147069ad64c8361,MA,imperatriz,-5.522166198874023,-47.48730905974652,SP,-22.73427587011464,-47.17599378518663,1914.191012157824,1,1,2199.0,139.48,21900.0,2017-11-20 22:48:11,2017-12-14,2017-12-18 22:10:09,27,0,23
d2d134bb44882b886b6e6a2c0af66e6e,f03321492f05427a13a8db3dee24f714,PI,floriano,-6.764217213542389,-43.01162956215758,SP,-23.625852663887155,-46.61139748251486,1913.9613211334872,1,1,29.99,34.15,300.0,2017-11-23 11:19:17,2017-12-18,2017-12-15 13:15:37,22,0,24
30cbc667959773c36d34c2ce5e02b4ac,ef913faf232d3ef42bee90bc490c2ab6,AL,atalaia,-9.507342669485707,-36.01562795393633,SP,-23.46873685567546,-46.51806246391887,1912.030753065051,1,1,89.58,48.07,2900.0,2017-11-24 08:28:50,2017-12-27,2017-12-05 14:46:08,11,0,32
1f2d748b450582951d24a89c0e2fa4d4,63070e4e96e9d1d514fa14fe39ff5ded,MT,juina,-11.418498479917067,-58.762016312315296,SC,-27.00518824428508,-51.15087636295904,1907.1064694156896,1,1,79.0,34.35,250.0,2017-11-24 13:28:36,2018-01-04,2017-12-09 15:24:47,15,0,40
5f0d1267a27284c0f27b7bfe756b59b4,a37df39416b121779940a16d0b43178b,CE,barro,-7.175263241054172,-38.77919940643426,SP,-20.806830481885147,-49.38960170992274,1897.5191218342331,1,1,49.0,28.79,1550.0,2017-11-24 16:12:54,2017-12-28,2018-01-03 09:39:52,39,0,33
d7a2c0c1ff66b314f3bf166fb4157fd4,c26acf0451e0f8ec1f5218731b9a51cf,PE,trindade,-7.760849411249877,-40.26795151277216,SP,-23.621298213976644,-46.6164212267586,1889.0393083195356,1,1,2990.0,194.55,30000.0,2017-11-20 22:28:56,2017-12-19,2018-01-11 23:33:31,52,0,28
c24115c3ad47e06931f1fd2617a46c8c,96d454cad1c78eabe836db588844f533,BA,pojuca,-12.425706503878423,-38.32837310702847,PR,-23.42843316855792,-51.91774739994137,1885.3466025318685,1,1,16.9,34.15,200.0,2017-11-25 18:54:34,2017-12-26,2017-12-07 20:59:01,12,0,30
d1158619ad4cc6e0de905250f28ade12,40cec67ca5cd920ec76d1516d45cf89b,AL,igaci,-9.538312027006995,-36.63070656476612,SP,-21.757690120914923,-48.82976816265947,1882.5067754841589,1,1,89.9,38.18,1825.0,2017-11-21 12:27:02,2017-12-19,2017-12-27 20:49:02,36,0,27
bea0db83582bcb99461f9795968b7928,46c918a6b7ca64cf8c6ec12e93c452cd,SC,balneario picarras,-26.764562856256525,-48.67973449062277,BA,-12.89472449617752,-38.33875838605659,1881.5578749159963,1,1,246.62,37.05,900.0,2017-11-27 23:43:21,2017-12-22,2017-12-21 22:29:03,23,0,24
adf6c7a4c57ba5caa49483326f12cd3f,fb1d2f6f3278583e93a12235803cecae,PE,caruaru,-8.28606907206765,-35.970872835421964,MG,-22.15187055995605,-46.04154236265463,1880.8341808024904,1,2,158.0,71.74,800.0,2017-11-27 00:48:53,2018-01-11,2017-12-07 20:13:51,10,0,44
2e4ac9141035afac9390d77c93177a95,4d8995c3014a79fbf087f3cf6ee93704,CE,fortaleza,-3.8306298090484168,-38.49344733287036,MG,-19.870106184913464,-43.91871377032721,1878.0007098662577,1,1,399.9,66.29,12000.0,2017-11-24 15:41:25,2017-12-19,2018-01-13 02:22:19,49,0,24
e71fb9d75d9348bd9a1cd5abeb2187ee,9da6601cf51fd84303b5696b59825d4f,PE,recife,-8.037919435195315,-34.89972837468979,RJ,-22.84258446627047,-43.303678777468456,1875.0128506741053,1,1,28.99,22.67,700.0,2017-11-22 10:09:34,2017-12-13,2017-11-30 17:37:11,8,0,20
46f5a018bc61897add7cf53bba946d23,1dacf1136b639f698fd39bcf94bfdfc5,ES,serra,-20.23408822005557,-40.280657438513536,MT,-11.835954098015891,-55.50803301489325,1874.33012562158,1,1,129.9,38.46,1250.0,2017-11-24 19:44:36,2017-12-22,2017-12-20 23:27:20,26,0,27
81db77f7fab05cb60fa338aee13d08c7,ec6596fc77814f52f27d1cbc1eaf2a1b,AL,teotonio vilela,-9.910521059189342,-36.3562210824076,SP,-23.625852663887155,-46.61139748251486,1873.6157268674192,1,1,24.99,34.15,300.0,2017-11-24 22:38:00,2017-12-27,2017-12-21 19:13:12,26,0,32
084408fe97c377238b5ee3e8bed4c99d,4733ae003f8ee471b008a1bb07cf1633,BA,dias d'avila,-12.612797045607262,-38.30149629456411,SC,-26.26409773355359,-48.805319320338384,1873.227733099886,1,1,148.9,43.45,8350.0,2017-11-25 05:12:26,2017-12-28,2017-12-11 18:54:26,16,0,32
6c575369cec00e2f8bd918f14c1fc0fa,e54be54478f9ab15a21905c126060639,PE,floresta,-8.598494330847378,-38.57645984099435,SP,-23.61528418040568,-46.47881749049814,1869.6766779305285,1,1,229.9,30.01,2000.0,2017-11-26 23:58:24,2017-12-28,2017-12-19 14:13:52,22,0,31
882b68d1f14f22a2658e0de1ab4b0785,3191517c6289945562bb344f6c6ac41c,AL,maceio,-9.60708972699996,-35.75961672661436,SP,-21.364019805249217,-48.22883109179936,1867.139481842064,1,1,170.0,43.6,4338.0,2017-11-24 17:05:16,2017-12-27,2017-12-06 19:55:06,12,0,32
f29ed23870e462400821ca91606348a1,71188f24ebdbaa24c728be8cf2540500,AL,arapiraca,-9.779071631179658,-36.635571134701806,SP,-23.65869024839867,-46.52249513292757,1866.381080334169,1,1,89.99,35.95,250.0,2017-11-24 18:36:55,2017-12-29,2017-12-13 18:53:11,19,0,34
b19c9babb9e3821296dbd532f9adb5e9,e122fa5dc2e0a22f12e3fa48cfa64116,MT,juina,-11.418498479917067,-58.762016312315296,SP,-23.68122370760001,-46.712072181862766,1866.1950694941015,1,1,454.0,19.62,600.0,2017-11-22 14:08:59,2017-12-22,2017-12-08 22:23:29,16,0,29
043ba86e4e3f73fe5cb856f225fd8aa4,d622044922797113496050e877560694,MT,juina,-11.418498479917067,-58.762016312315296,SP,-23.56072295337296,-46.63277989454088,1862.5309967809028,1,1,12.89,16.79,100.0,2017-11-24 00:24:00,2017-12-26,2017-12-28 13:09:00,34,0,31
b13a218f04f34967574a5a8ff1d07859,55bcbc4ca1aa6b2d816de5066b5d103f,CE,barbalha,-7.310406520950675,-39.30064689068631,SP,-20.806830481885147,-49.38960170992274,1851.962429369252,1,1,49.0,28.82,1750.0,2017-11-24 21:49:06,2017-12-27,2017-12-16 17:42:31,21,0,32
7e800a21a9d688d6bf4e5f45a48eec78,921c28ab6d42dc101d7a74ce6c28a778,CE,maracanau,-3.8670465442684434,-38.62494155472676,GO,-16.713602536899774,-49.30173646380534,1843.527120140758,1,1,39.9,22.67,550.0,2017-11-27 07:20:18,2017-12-21,2017-12-07 18:54:50,10,0,23
ddc5df3b1c497720bae1692c170baec0,94074895c5b185e9642b1a66a3ef05a7,BA,feira de santana,-12.234761340267791,-38.938108604910845,PR,-25.469632068671924,-49.29126078988983,1828.9891480630783,1,1,148.9,43.45,2386.0,2017-11-24 13:33:20,2017-12-26,2017-12-06 13:12:48,11,0,31
2f2ca51ccf3c879cb07c99a11755af14,59fb6b6e4bbbf5ca5d6f05d469d97ea8,RO,vilhena,-12.741799564324262,-60.13808040474748,PR,-25.55874002069342,-49.19617365714436,1828.7146792670696,1,1,154.9,47.61,1550.0,2017-11-21 15:33:52,2017-12-28,2017-12-04 23:17:00,13,0,36
805ff37179bd287d2eddbd15fa7fe901,897b42a91c4c99a830882d3470ecbb5f,PE,olinda,-7.989262198731519,-34.83980887275658,RJ,-22.433722840932912,-42.97293424912493,1826.542566651124,1,1,139.65,34.78,100.0,2017-11-27 17:18:33,2017-12-22,2017-12-17 17:19:44,20,0,24
b417d51297514f6e670d1ffb3513ef53,59cc74c68592fa253e7a2d74f5328ab8,PB,santa luzia,-6.872599211060384,-36.91704041696582,MG,-18.917864434084464,-48.33131223723239,1821.4804295081967,1,1,59.0,34.21,400.0,2017-11-27 10:33:17,2017-12-28,2018-01-16 10:54:38,50,0,30
19ed81a2cfda88a47b2d66b801fc22e8,228c59498b2c59fbb8da02a05fa8d24a,PE,jatoba,-9.179126561048138,-38.25079085688253,SP,-23.46873685567546,-46.51806246391887,1815.992178901744,1,1,117.3,37.96,4105.0,2017-11-24 23:36:43,2017-12-28,2017-12-11 15:10:31,16,0,33
fe808fc011ee4ae41f2ed8d1d52b6670,fe13bf26a277dc7ff9c2e79d43538ba2,RO,vilhena,-12.72294234593581,-60.13595003201799,PR,-25.365851732303263,-49.18582840154509,1814.745308917792,1,1,198.0,43.42,225.0,2017-11-23 14:32:09,2018-01-05,2017-12-08 00:38:12,14,0,42
cad5d696e0d7bf7f475ff4cb616e7cd1,a32b503a5a6817541a8e09d6c70f9642,PB,campina grande,-7.239284976792452,-35.87920789669237,MG,-21.772849107475963,-43.3141013997144,1802.232938152288,1,1,409.0,251.39,30000.0,2017-11-22 18:13:26,2017-12-19,2017-12-14 18:16:54,22,0,26
774b8c52e2dda4cae042a9175258ab1b,f4089d4af6a57725128cafde4c098188,AL,teotonio vilela,-9.910521059189342,-36.3562210824076,SP,-21.364019805249217,-48.22883109179936,1797.5349025453058,1,1,689.0,42.37,710.0,2017-11-20 12:49:35,2017-12-21,2017-12-22 18:32:29,32,0,30
1041d437bb0a4bcfeb3a107426f2d5f5,8dfc2e7f0843dbb52899f8089fb7f560,BA,salvador,-12.940462707744244,-38.403771175832375,PR,-25.440740004991664,-49.267218435340624,1796.1163332002548,1,1,259.9,22.62,2600.0,2017-11-25 18:30:07,2017-12-21,2017-12-22 17:18:52,26,0,25
72e4ee7d458b36222813e2b9707d9d25,32c002400131fb12bb89799af9afebcc,BA,salvador,-12.961213874272016,-38.4704261606946,PR,-25.528526586040734,-49.24067174999999,1795.4892728631935,1,1,139.0,25.52,5400.0,2017-11-27 21:14:27,2017-12-20,2017-12-29 18:22:27,31,0,22
2e5443881c945a3b7a3927fc969e1858,10fa760637fc5b5aa3817557d727883d,BA,paulo afonso,-9.391460278079158,-38.22748605293083,SP,-21.757690120914923,-48.82976816265947,1781.57339550011,1,1,24.9,19.59,1050.0,2017-11-25 13:04:25,2017-12-26,2017-12-14 18:14:23,19,0,30
c0e184ce4df1d9df3ef40938ab7ee173,a1807fe36ad5f9fd06439fb2d35991f5,PR,cambe,-23.273905473772285,-51.25442571003805,BA,-12.90182354370856,-38.404765463046026,1779.7379185757072,1,1,119.9,36.16,475.0,2017-11-24 12:16:17,2017-12-20,2017-12-22 00:27:13,27,0,25
9edafa4c6dbc4a9dd05637c84bf96605,40dab28c1313cba6be3840cd5205ec79,RN,sao miguel do gostoso,-5.120745831566183,-35.64212942108453,DF,-15.6573998137001,-47.80973077607058,1771.4380786446616,1,1,249.0,39.29,1950.0,2017-11-27 23:57:41,2018-01-04,2018-01-16 18:54:34,49,0,37
46f07e8bd34a0428dc6dc2f334903c85,8a5761bfa4d9d8db8945e7afb9759397,BA,porto seguro,-16.432305466129215,-39.07585856311037,PR,-24.95063281959432,-53.44820648244274,1767.761730113505,1,1,78.9,35.87,1044.0,2017-11-26 18:48:09,2017-12-26,2017-12-17 14:15:57,20,0,29
24161cb9857591fc2fe821db0c4dd3b0,25aa953a41b1d732851dfba730552158,BA,morro de sao paulo,-13.37963214358091,-38.91498879210877,PR,-23.382421483292536,-51.92932485314671,1765.180904617231,1,4,691.96,140.04,800.0,2017-11-20 14:49:53,2017-12-19,2017-12-14 10:21:52,23,0,28
ece9ae0d97a26c6978c0691dc190ff1d,309b93ec3ed3ba60315a1454c506ffe6,RN,santa cruz,-6.229494181591242,-36.0218673905708,MG,-19.95254268289243,-44.196132792948255,1762.9020928754512,1,1,239.9,43.71,250.0,2017-11-23 13:32:00,2017-12-22,2017-12-06 14:52:08,13,0,28
9e2430e1381d80fc3665bf37356d87a9,8f0330f6cfa5e1fa144a24ae92027eee,SP,taboao da serra,-23.615084598389984,-46.766986071614,SE,-10.914107481245445,-37.06067107507647,1746.7024942107632,1,1,168.9,30.59,1623.0,2017-11-24 23:15:50,2017-12-18,2017-12-04 20:03:36,9,0,23
b32b873f99e4025c2e69eed86c1bcc97,5b97e727263e5eda186851ba3abf010e,SE,aracaju,-10.927031018047726,-37.064506054951245,SP,-23.489821337123363,-46.95315217080441,1746.0417098875246,1,1,649.0,26.86,757.0,2017-11-24 00:18:48,2017-12-21,2018-01-04 23:48:59,41,0,26
81d5d6bcd0acfd69fbae85ff8620a6e2,534525d2977800ab718182e9731f540b,SE,aracaju,-10.92359141329544,-37.05097999999998,SP,-23.717189479369523,-46.55358758458623,1742.295972185073,1,1,365.0,27.1,1100.0,2017-11-26 09:55:23,2017-12-22,2017-12-18 23:19:18,22,0,25
bd9f09d40404c0c0ede7616a04051f66,ae32e12ca40da10ce616e0fc19329173,AL,arapiraca,-9.761696622561647,-36.661412657419,SP,-21.165370022730333,-47.79714447071386,1739.547200464546,1,1,323.18,36.06,100.0,2017-11-27 01:59:49,2017-12-28,2017-12-21 22:14:21,24,0,30
788688f686c6ef04e7eb60e4ba103ffd,8bd366ffda4873f0d2e1b9112041718a,PB,joao pessoa,-7.1249257634394265,-34.82531926343943,MG,-19.94457894024566,-44.04194751098992,1737.7514950053292,1,1,249.0,24.06,900.0,2017-11-22 00:37:30,2017-12-19,2017-12-11 21:51:37,19,0,26
54889af87c9d52034e56647c18e0fc8d,8a90ed699497824a81e94d090da7e70b,SE,aracaju,-10.896723635105827,-37.061157355329215,SP,-23.65869024839867,-46.52249513292757,1737.0469763353929,1,1,89.99,22.95,250.0,2017-11-25 08:10:50,2017-12-27,2017-12-18 19:57:20,23,0,31
72ff614713f98ab97ec35e4172bf2f91,473412ec97c341be490318ca778cf88b,ES,pedro canario,-18.300724395913875,-39.95434017239037,RS,-29.68584930081256,-51.46313816602653,1720.935978425268,1,1,199.0,29.79,1950.0,2017-11-21 16:29:56,2017-12-22,2017-12-06 13:22:27,14,0,30
200082f5a0b087f6c711e2903795ad35,add0d3449d5a9b0e07a28f4ba45e695a,BA,feira de santana,-12.261473580904834,-38.94004225320551,SP,-22.09961715066345,-51.40819739735439,1716.0866635776738,1,1,79.0,23.42,2500.0,2017-11-27 00:44:46,2017-12-22,2017-12-19 19:26:01,22,0,24
4d0de3f8be3ad40e85a5d6fe37054d9a,acfa1cb53f002260bb389f86af953c5f,SE,aracaju,-10.927031018047726,-37.064506054951245,SP,-20.806830481885147,-49.38960170992274,1714.3112144088104,1,1,49.0,37.94,1800.0,2017-11-25 01:37:14,2017-12-26,2017-12-22 21:35:24,27,0,30
cbe19a86b0486bc9bfe295be1a564ff9,12da3cc12c05934879a7ac7b9b31ca09,SE,aracaju,-10.940934354406048,-37.06368720067511,SP,-20.806830481885147,-49.38960170992274,1713.3571805214383,1,1,49.0,37.97,1650.0,2017-11-27 11:16:59,2017-12-26,2017-12-16 14:58:52,19,0,28
2f4b6bf22d858c8b142942bf133b5b05,3c33abcd1723c7767914efc6580bfb36,MT,colider,-10.807343922181284,-55.45774179157193,SP,-23.521808629753583,-46.34100219473756,1712.251743200625,1,2,71.98,35.84,2200.0,2017-11-24 18:08:36,2017-12-26,2017-12-06 18:44:23,12,0,31
086ce45c7045b3c6a4b503bd3ec73413,8252655b48754d4856929c20348a6acf,TO,araguaina,-7.180060720447322,-48.20601353544688,SP,-22.56117141825844,-47.447471268798,1712.22906544549,1,1,48.3,25.63,200.0,2017-11-24 13:48:39,2017-12-21,2017-12-19 15:53:24,25,0,26
755e265d8b9cef975c3eea528cd48b90,817f696c8f9583b519938c73e72310cf,DF,brasilia,-15.7586805,-47.89429649999998,PB,-6.836752023202399,-35.1258813045852,1708.1937817553726,1,1,489.5,38.75,600.0,2017-11-20 21:25:55,2017-12-19,2017-12-07 16:33:55,16,0,28
746e40ac3c01101618e8a7d582b1029a,35cba8240cff7a8485121c06c306f534,PE,petrolina,-9.386199165752384,-40.54836676480468,SP,-23.537493461278807,-46.63974517262972,1701.5456111972708,1,1,21.9,25.63,150.0,2017-11-24 18:09:16,2017-12-22,2017-12-20 22:24:27,26,0,27
6ddfbf514959b49b6410c01ad93054bb,48c4bc0a9a1ef619c41c102912dbf1a0,AL,maceio,-9.616093742714526,-35.720594848317866,MG,-21.59098995204721,-45.44907106759588,1689.224589628673,1,1,1045.0,314.4,30000.0,2017-11-23 15:10:22,2017-12-22,2017-12-20 22:58:14,27,0,28
c20880792e2d594e35eef29f22e7f6bb,6474c7d01599487486730b19fdb55578,RJ,resende,-22.468748867332224,-44.45044052830518,MT,-11.835954098015891,-55.50803301489325,1665.1394010636843,1,1,129.9,38.46,1250.0,2017-11-24 15:43:18,2017-12-22,2017-12-04 21:12:22,10,0,27
48d0129c92992c4ee4c6b7b034c63336,85d622312fac76fa9a79eece3fe2eb9d,PE,petrolina,-9.398983347221348,-40.49597751318597,SP,-22.56117141825844,-47.447471268798,1640.4723072120946,1,1,32.9,25.63,200.0,2017-11-21 19:48:09,2017-12-18,2017-12-12 22:03:09,21,0,26
fd08c88095ca23b6188a30f0abc679e3,002937abdae13680e17dccd3868b4825,BA,itacare,-14.279349295822538,-38.99458401801027,PR,-24.79325932140745,-49.99414014142906,1640.075736775167,1,1,9.4,34.15,500.0,2017-11-24 20:26:39,2017-12-27,2017-12-19 17:55:24,24,0,32
cf9b4a50fa5f421075dbe48dc3a1e30f,2481f2274a2e24e642d601abce57618d,MT,pontes e lacerda,-15.2319216637812,-59.333290197084864,SP,-23.46873685567546,-46.51806246391887,1625.2417952069825,1,1,117.3,28.2,4105.0,2017-11-24 13:07:27,2017-12-26,2017-12-07 18:04:43,13,0,31
6299705212aa08256a85fb33aecfa7ac,a1f91e4a3b6a5e137663fb76d83aa7cd,SP,sao bernardo do campo,-23.715550415200024,-46.54566744593705,MT,-11.835954098015891,-55.50803301489325,1625.1449972628411,1,1,129.9,38.46,1250.0,2017-11-24 20:28:52,2017-12-21,2017-12-07 17:37:28,12,0,26
687360c3a0855ebff512cb8b6ccab95f,1b1dfc50053699ae79b11eb126c0bca2,SP,santo andre,-23.682683004540355,-46.52533363343238,MT,-11.835954098015891,-55.50803301489325,1623.488813189848,1,1,129.9,38.46,1250.0,2017-11-24 22:00:23,2017-12-21,2017-12-04 21:42:23,9,0,26
61d158e103c596593eb48b325c8fe035,fd3b44dd13dab141361b58172c65b84d,PA,parauapebas,-6.074258046829258,-49.89743695914128,MG,-20.024210235883093,-45.53953430395729,1621.0081014038517,1,1,104.9,43.14,1800.0,2017-11-26 01:04:33,2018-01-03,2017-12-28 21:12:56,32,0,37
baa5fb5166e2a8aedee9902360592014,d1cb85293dd282c54e5336b1c4323a1a,SE,aracaju,-10.927031018047726,-37.064506054951245,SP,-21.172213467107177,-47.82413717277396,1617.1282198766105,1,1,485.0,38.71,650.0,2017-11-23 23:22:48,2017-12-21,2017-12-12 22:18:58,18,0,27
0d15b014007c98a152fbb3b032a7521a,8c02494c18e2b35ac6dc81b110ee4e28,PE,petrolina,-9.383143421943378,-40.49517407013511,SP,-21.77408122009684,-48.18062624562872,1603.9519371201154,1,1,79.99,27.1,650.0,2017-11-24 12:38:37,2017-12-26,2018-01-08 22:17:11,45,0,31
849e77f9701faf689705a0eb09003764,13518d3af2e425cc97f19d1c8919808e,PE,petrolina,-9.381310455032065,-40.53644015951588,SP,-20.806830481885147,-49.38960170992274,1585.4570675521036,1,1,49.0,28.75,1550.0,2017-11-23 12:29:18,2017-12-22,2017-12-13 03:09:29,19,0,28
a92733241b636a8ffddd05c56714d32d,d5c1f718443d92468dc721f8fdcb23f2,MA,grajau,-5.816916718324891,-46.142981171223774,MG,-19.867906407416527,-43.94863882589885,1580.3024228159982,1,1,31.9,34.15,250.0,2017-11-22 11:39:00,2017-12-29,2017-12-07 01:38:48,14,0,36
ec618314861f02fad4e606d750489ee5,d02d430313cf955bb70f8c079566aff1,BA,esplanada,-11.795487138162498,-37.94626724702049,SP,-20.806830481885147,-49.38960170992274,1578.3910878079514,1,1,49.0,19.66,1800.0,2017-11-23 11:30:46,2017-12-19,2017-12-05 19:23:33,12,0,25
e641c4c52bd0059576b2ed7d7acc2feb,952c65fb709964e297fc065a740de6ff,MT,jauru,-15.338707238937864,-58.87343813716766,SP,-23.56072295337296,-46.63277989454088,1574.3070280649888,1,1,19.9,16.79,125.0,2017-11-24 21:07:19,2017-12-26,2017-12-29 04:18:47,34,0,31
b732d1e2888885d8405abf7d3bcdac45,db39013d5b355dd188589d7daeb25424,MT,rio branco,-15.240008088065432,-58.11426815199801,SP,-23.933241296527093,-46.32942742274111,1566.5121096701375,1,1,14.9,16.79,150.0,2017-11-24 14:06:34,2017-12-26,2017-12-05 23:04:37,11,0,31
e271431ad37021b0e445c4f01a6ff83c,2e8e02f3c8ccc706642c7c42b68178ef,AL,maceio,-9.605774210658424,-35.72294270891233,MG,-20.024210235883093,-45.53953430395729,1565.8108414634085,1,1,104.9,43.14,1800.0,2017-11-23 13:04:12,2017-12-26,2017-12-15 20:53:25,22,0,32
a849c2a7ea93e09f56fba22f019394da,29d896af6952f87f4e4416e976985555,MS,corumba,-19.01136597638939,-57.6564281314342,RJ,-22.916833051618703,-43.21798092630852,1559.9435644640955,2,2,35.599999999999994,32.89,450.0,2017-11-25 18:25:52,2017-12-19,2017-12-19 22:42:51,24,0,23
a42e31c24c15dfa40b3b5179c811f43b,94384c84cc16bfa2d08be7bc9ed690e0,BA,salvador,-12.902201262051696,-38.395666125000005,SP,-21.426847789373337,-50.0643276561055,1559.251976494393,1,1,84.9,19.83,800.0,2017-11-21 19:50:54,2017-12-22,2017-12-23 17:51:25,31,0,30
d14e5c5300262d554b76179fa67e6f71,c3ec8298dfec9ba5dce54e6e1e1d99ed,RS,quarai,-30.38361371371264,-56.45087420677286,RJ,-22.84258446627047,-43.303678777468456,1550.9905579805982,1,1,25.0,16.79,450.0,2017-11-20 15:51:38,2017-12-19,2017-12-05 20:14:52,15,0,28
ffaabba06c9d293a3c614e0515ddbabc,27f334c3f646310457b7ab3135cd87c9,DF,brasilia,-15.781713800046974,-47.93342033773479,RS,-28.289927349145803,-54.26195206786057,1535.3714244558214,1,1,119.0,34.63,400.0,2017-11-23 14:43:38,2017-12-21,2017-12-19 16:19:01,26,0,27
69ad29a3aba936e80ea906bf73c631a8,78dade93bc51c691586fc4880c994b75,DF,brasilia,-15.781713800046974,-47.93342033773479,RS,-28.289927349145803,-54.26195206786057,1535.3714244558214,1,1,499.0,41.04,1450.0,2017-11-23 14:43:38,2017-12-21,2017-12-19 18:28:37,26,0,27
51e3f832063f79a142e48f488f4e880b,75855a1905ba47d028bd9b3cae0c69c7,RS,porto alegre,-30.02367479516995,-51.13342257056094,ES,-20.27110455009337,-40.41523240211024,1527.9459975157688,1,1,89.0,36.93,8650.0,2017-11-23 21:46:16,2017-12-20,2018-01-08 22:48:23,46,0,26
e552cc00ce34ace475b05e3dcc85129f,833038eb50e5c4123e32d4db0946f7aa,MT,lucas do rio verde,-13.069834727942652,-55.91917142615319,SP,-23.64855809755326,-46.66211575714125,1527.8364499511847,1,1,119.9,20.08,7050.0,2017-11-27 17:30:17,2017-12-27,2017-12-27 21:12:33,30,0,29
f3b26a8dbd85e93a90ae813f6d67b2a0,53225ce513466acef19da0494fa7a7c6,MG,divinopolis,-20.133631952864427,-44.90227328320033,PE,-9.024839005157318,-36.57020044972058,1525.3464309326955,1,1,89.9,27.17,400.0,2017-11-24 14:54:11,2017-12-26,2017-12-06 22:32:58,12,0,31
de810c5a4d708e92e61170e20a7dc100,f5f3337ca4f2551b44b66ecff52225c5,BA,caldeirao grande,-11.107471772485226,-40.07027331427583,SP,-22.70928658782974,-47.66520568122805,1521.2521763462726,1,1,119.9,20.08,1500.0,2017-11-25 22:02:58,2018-01-02,2017-12-15 19:48:55,19,0,37
a78d782caeeeed8f53cf19d524504e00,e7104d922b9a5e57bda9f1bb619d9013,BA,quixabeira,-11.411778381303268,-40.1239116917418,SP,-23.65869024839867,-46.52249513292757,1520.665820482709,1,1,23.99,16.79,100.0,2017-11-22 23:59:40,2017-12-22,2017-12-01 20:18:02,8,0,29
5c1a1b1497c648a90f29778a4fdfa2f3,e4ae92658a82f75ae29c271faead62c6,BA,jacobina,-11.183265848517188,-40.514901956930586,SP,-23.50194772122327,-46.74115292908592,1520.129836869777,1,1,50.9,16.8,250.0,2017-11-21 11:23:29,2017-12-27,2017-12-01 19:07:34,10,0,35
2011a926846f9fa10088488fca493f95,e3f8a41dc8def48711c086dad89ab9fd,BA,capim grosso,-11.380744541905642,-40.01159184051222,SP,-23.501139521928536,-46.62721984347043,1518.7043451809252,1,1,19.9,16.79,200.0,2017-11-24 13:25:13,2017-12-22,2017-12-05 14:03:45,11,0,27
1c42ccf6b3984742a3eacfcf23b4a67b,c4ddd9835b9536ea25f0302c98c4dbf1,RS,pelotas,-31.764857610739234,-52.33860395288248,MG,-18.65158486656263,-48.19241119054979,1516.1982017704192,1,1,79.99,25.84,300.0,2017-11-24 22:20:50,2017-12-26,2017-12-16 14:24:31,21,0,31
10868fbb44c78f78b3c037e71150b0f3,3f2372ae0d7c19bf8f2b07bd3bf82d70,RS,catuipe,-28.251582671100778,-54.01388044362108,ES,-20.953274997597106,-41.34182622919502,1514.9754549053328,1,1,72.0,19.74,950.0,2017-11-27 23:11:31,2017-12-21,2017-12-18 23:59:11,21,0,23
fc92a3e6d1520d0e2ac17171a736ccb8,04c1c2d37f2b2f5e52285534fd59e14c,MG,salinas,-16.16690142735075,-42.29265478337428,SC,-27.00518824428508,-51.15087636295904,1512.4135480722134,1,1,79.0,16.99,250.0,2017-11-22 15:30:37,2017-12-26,2017-12-05 00:58:49,12,0,33
50eeaae0716800e6a5e870e9a05edd41,299e3323af91b6e7411a47b8919b2ce2,BA,alagoinhas,-12.134508218291591,-38.42172450535461,SP,-22.92492963558197,-47.0742943724681,1509.2821471019872,1,1,419.0,20.5,567.0,2017-11-25 10:28:21,2017-12-26,2018-01-16 00:52:52,51,0,30
cd1c59db504eaebe7f53d4cb13b5dc1a,2a61e5125d7e9eea66d796d3a24e49d8,MT,tangara da serra,-14.62311393670911,-57.49069053333387,SP,-23.652442526788203,-46.75549168747648,1508.5842599938446,1,1,49.0,16.79,250.0,2017-11-21 15:33:48,2017-12-18,2017-12-19 00:58:48,27,0,26
4462bafbef3a623e13088c31afb8d976,60d92131b9965763a97d72949c745982,CE,juazeiro do norte,-7.215955017528104,-39.29957343860941,MG,-19.979423575086685,-43.94002821445109,1504.8336478312472,1,1,114.15,34.6,300.0,2017-11-26 10:18:35,2017-12-27,2017-12-08 22:05:01,12,0,30
a1140c6c45de6428c62f4c2322a59fb9,d2bfbf5cc7b58b39f4855d895e6f22c8,BA,feira de santana,-12.255815970114064,-38.96088736933568,SP,-23.625852663887155,-46.61139748251486,1500.1756558984778,1,1,29.99,16.79,300.0,2017-11-24 08:09:34,2017-12-20,2017-12-22 14:57:51,28,0,25
6ada1dc97a94d735582a110165f0a0c6,86e6e37908c65b70f0216acfe7c737c9,BA,campo formoso,-10.508537399129107,-40.32008016329232,SP,-20.81614118340567,-49.368636648001306,1499.6514840670543,1,1,250.0,18.19,150.0,2017-11-27 11:22:24,2018-01-03,2018-01-02 17:55:05,36,0,36
c5f43352377291361dad9a7366ae1c89,f9796700c0a1d4455471776293bbbc09,BA,miguel calmon,-11.430460469498792,-40.59745750437225,SP,-23.625852663887155,-46.61139748251486,1497.8337300369024,1,1,24.99,16.79,350.0,2017-11-22 14:15:15,2017-12-18,2018-04-06 21:52:36,135,0,25
8cbaf68384ba4227bbfb3ccb24c7c1a2,a59b9fb91b4ebe9aba37c55232abc8ca,BA,feira de santana,-12.252251655981295,-38.97548435844543,SP,-23.65869024839867,-46.52249513292757,1497.709069620649,1,1,6.0,16.79,50.0,2017-11-24 20:58:59,2017-12-22,2017-12-07 22:44:23,13,0,27
bfa825361767b17a25a89b47922032c6,d9ba2a5674d8261aeceb564ea6269927,TO,palmas,-10.229455468648288,-48.34332555056342,SP,-23.56072295337296,-46.63277989454088,1493.4354538984142,1,1,19.49,17.63,50.0,2017-11-27 11:33:58,2017-12-20,2017-12-14 23:36:51,17,0,22
714116faf20798923fc240671c0032a9,383f73c1e337479527aee5263f415639,BA,dias d'avila,-12.612797045607262,-38.30149629456411,SP,-20.806830481885147,-49.38960170992274,1490.3875627044554,1,2,119.8,39.32,3000.0,2017-11-21 11:57:16,2017-12-15,2017-12-07 01:17:01,15,0,23
0419d1888e0a963802e403d8507c753a,fc67f5d5228bebc0bd370df60b7687c6,BA,feira de santana,-12.255815970114064,-38.96088736933568,SP,-23.552032416180964,-46.53746144532288,1489.1618966495626,1,1,144.99,20.25,1050.0,2017-11-21 22:30:45,2017-12-13,2017-12-02 17:03:56,10,0,21
77129217c76b6dcb453393ba67cff13e,3095ac11dd2c72f1387b522cd6033661,SP,guaruja,-23.959560965722208,-46.28154367929483,BA,-12.89472449617752,-38.33875838605659,1487.5623590074856,1,1,246.62,37.05,900.0,2017-11-20 11:27:12,2017-12-12,2017-12-05 20:17:02,15,0,21
5381e67ea3b6bfda0cad04e569d1e447,59f0f1854435bc2fcb6603c1494ca439,BA,tucano,-10.965496602251967,-38.78647566144923,SP,-21.181012061890485,-47.78952007431185,1487.4310739070393,1,1,88.9,19.86,1250.0,2017-11-21 22:32:12,2017-12-15,2017-12-20 01:52:58,28,0,23
2cad5aa95a3bc7f622d44d01452b7887,c41a7998511438b4512f6382286455e6,SP,sao paulo,-23.68571324562872,-46.714992188879656,BA,-12.90182354370856,-38.404765463046026,1484.7446430513987,1,1,119.9,23.16,475.0,2017-11-26 18:16:02,2017-12-18,2017-12-04 23:21:48,8,0,21
842cd0a979d57e29ba51a0f84a844cd8,c7b636cdd628ac8e9a1815e0ea5ac5ce,BA,ipecaeta,-12.315242629803704,-39.30835163302527,SP,-23.27596976431452,-47.27592574591717,1481.2374910823146,1,1,23.4,16.79,300.0,2017-11-27 16:05:00,2017-12-27,2017-12-27 14:14:38,29,0,29
6e50c3286b2f4fef7e6adc496afd5b70,5a64af38f58acc23a5240a7ae411eb03,BA,salvador,-12.929752703088536,-38.37471779876508,SP,-21.757690120914923,-48.82976816265947,1480.3847336032838,1,1,89.9,50.5,5550.0,2017-11-23 17:39:46,2017-12-19,2017-12-19 17:26:43,25,0,25
fb4c654f040642300a388f17ee02be7f,d9e3358d714896d16cbc712a46559861,SP,sao paulo,-23.621855280599,-46.63756199125743,BA,-12.89472449617752,-38.33875838605659,1479.0580982119982,1,1,189.9,22.13,450.0,2017-11-25 16:49:00,2017-12-18,2017-12-04 22:52:24,9,0,22
fb8d3c9c828695a80f48d03b0675ea08,f16dd3f2fdd8e832bfbf92a3fc29380e,BA,esplanada,-11.795487138162498,-37.94626724702049,SP,-21.177173112308903,-47.767232134697736,1476.9749961638695,1,1,56.0,17.96,917.0,2017-11-24 15:02:09,2017-12-27,2017-12-06 14:39:03,11,0,32
0190e75feb05f78ccb1b56853ca4f6cb,adb3c4b6fa67bf11d5ca618f5cbd044e,MG,carmo do cajuru,-20.18707620334693,-44.77042897584671,MT,-11.835954098015891,-55.50803301489325,1475.1928276395392,1,1,129.9,38.46,1250.0,2017-11-24 20:14:55,2017-12-26,2017-12-05 20:35:34,11,0,31
39ecefca5d75a7d6c27d724519636818,e84e1c70c5abcab689d6bcee4023a083,BA,salvador,-12.991832706633389,-38.45284250734317,SP,-23.27596976431452,-47.27592574591717,1474.3537949682095,1,1,23.4,16.79,300.0,2017-11-25 10:13:51,2017-12-21,2017-12-26 19:08:21,31,0,25
02bd92abe094825e0683bacaacb64285,d71c8d46b852f467520c039ceefcc433,TO,palmas,-10.225144693416702,-48.3227514387811,RJ,-22.53988593060518,-43.197575382221615,1473.9599123037865,1,1,59.9,25.7,438.0,2017-11-27 15:30:19,2017-12-26,2017-12-14 19:21:51,17,0,28
6957a72f3cc3a47e9d93b8b3b863c425,65e6185e3c6b1ac6c603863f8ea42e72,BA,salvador,-12.940462707744244,-38.403771175832375,SP,-23.6140872536788,-46.68886585673923,1473.360585686339,1,1,209.0,19.7,1813.0,2017-11-25 18:30:06,2017-12-20,2017-12-19 22:27:37,24,0,24
76f73aa1ed8a90212ad2c15403e265aa,5bc6605ac9db578bcb4c39f796294377,BA,salvador,-12.970364907969731,-38.43510051848935,SP,-21.757690120914923,-48.82976816265947,1472.5187255524545,1,1,99.0,19.93,1550.0,2017-11-21 02:39:45,2017-12-13,2017-12-12 20:07:57,21,0,21
82c5ef9af05ba4775bcabac8b9520c3e,39dc4ea368095398e5290e9370822169,BA,salvador,-12.986938811558572,-38.47205273802586,SP,-23.652442526788203,-46.75549168747648,1472.403336812166,1,1,39.0,15.79,200.0,2017-11-24 22:57:41,2017-12-19,2018-01-13 16:28:48,49,0,24
3c5246b7fb777b09b9517771ca289331,7ee15d0d731c2012e95f4779068c1647,SP,sao paulo,-23.503223336112843,-46.69010864643864,BA,-12.89472449617752,-38.33875838605659,1471.9487197825415,1,1,246.62,24.05,900.0,2017-11-26 20:23:02,2017-12-18,2017-12-06 14:58:42,9,0,21
75726bd0f5bacd31edbf656514778805,99dc64f03cfca5952f1ea7dd668bf7b3,BA,salvador,-12.904871571110636,-38.43663432569682,SP,-23.625852663887155,-46.61139748251486,1470.7940913201396,1,1,24.99,15.79,150.0,2017-11-23 18:41:44,2017-12-18,2017-12-09 18:09:09,15,0,24
5c748cfa838e65b06c230b1f917ec95e,2445e3d4111363be3afb60bcec7b13b5,BA,salvador,-12.904871571110636,-38.43663432569682,SP,-23.625852663887155,-46.61139748251486,1470.7940913201396,1,1,24.99,15.79,75.0,2017-11-23 19:06:05,2017-12-18,2017-12-09 20:48:44,16,0,24
a37623c5552b35a449842d70d3f0922a,f3378abf11c5e60a9d1a6aacd6504ae7,BA,lauro de freitas,-12.899467242318453,-38.30340895449831,SP,-20.806830481885147,-49.38960170992274,1470.3055089979432,1,2,98.0,39.32,3000.0,2017-11-25 01:52:13,2017-12-21,2017-12-15 21:21:41,20,0,25
1677ba61b392f10188d04d4806e32c9f,7f9b9327cacf423126450240ce21a934,BA,lauro de freitas,-12.883973152676948,-38.29753889313463,SP,-20.81776375582005,-49.36253619311097,1470.2672220173322,1,1,48.89,16.79,417.0,2017-11-20 15:30:16,2018-01-12,2018-01-05 21:34:58,46,0,52
e7f65461e6bfbb6977c3d24ff623024e,b727b1a23df7aac384bf3b4ffabe70a2,BA,lauro de freitas,-12.88473197640749,-38.31168489141462,SP,-20.833288077709337,-49.35207353557372,1469.118865781703,1,1,159.0,50.98,5700.0,2017-11-23 22:30:08,2017-12-19,2017-12-24 19:27:47,30,0,25
a4b9b64c874a692b4b2cebf1fc417789,4cf7876fbfdf18add1ba9b9bb9de58d8,BA,madre de deus,-12.741730341397568,-38.615320272863045,SP,-23.537493461278807,-46.63974517262972,1468.7056924079895,1,1,13.65,15.79,200.0,2017-11-25 16:04:49,2017-12-26,2017-12-15 21:16:34,20,0,30
5e8be2c680e92f7eb40b087641cc6315,3c0d9785e6b7738c2e733baefb232ed5,BA,salvador,-12.935879296109205,-38.4265224753899,SP,-23.622498976710943,-46.61784924409308,1468.6893469361733,1,1,24.9,15.79,200.0,2017-11-25 16:38:56,2017-12-20,2017-12-19 21:38:42,24,0,24
4060a8c4cf4cdd2f9ffd6f7af3930fde,82e537298d0d9ab2e0f7d1a2c2b6a3d4,SE,sao cristovao,-10.934949218889043,-37.12327889767396,MG,-18.65158486656263,-48.19241119054979,1466.1346153382922,1,2,78.0,68.3,450.0,2017-11-23 18:49:03,2017-12-19,2017-12-15 01:28:34,21,0,25
2711089c7fec59d4dc8483e3c6a12fa3,0ef59d9bb071def3dbf7e7b055965e95,BA,salvador,-12.941444899287657,-38.43822405906241,SP,-23.65869024839867,-46.52249513292757,1464.7926741085823,1,1,58.99,18.65,200.0,2017-11-23 19:36:27,2017-12-19,2017-12-21 21:52:08,28,0,25
303deafb916b70339ff5c11be8039888,6c1521328c187bc1606678a7dcfa955f,BA,salvador,-12.914856352684671,-38.431022491314685,SP,-23.537493461278807,-46.63974517262972,1464.1906373352913,1,1,21.9,15.79,150.0,2017-11-25 11:51:25,2017-12-20,2017-12-11 13:33:59,16,0,24
fae7d09a1409bc2651c0caec24606c71,ad015d052809f72a00eff106b1e24901,SP,sao paulo,-23.48124959991976,-46.59321373175024,BA,-12.89472449617752,-38.33875838605659,1463.9342068118217,1,1,246.62,24.05,900.0,2017-11-27 21:25:55,2017-12-18,2017-12-14 14:29:33,16,0,20
090c0cc3d47ff02fedac32aa0a7cab97,bc411cc8e20ef5a0874525646fda2a8c,BA,feira de santana,-12.257739451595253,-38.94567159048412,SP,-20.806830481885147,-49.38960170992274,1462.8476048723026,1,2,119.8,39.32,3000.0,2017-11-22 09:17:04,2017-12-15,2017-12-07 16:28:06,15,0,22
b1b0b7314cdf43b80c205664d0199dcb,33e6a7b54311533e70c06970909abeb0,BA,salvador,-12.991832706633389,-38.45284250734317,SP,-23.625852663887155,-46.61139748251486,1461.8503752085844,1,1,27.99,15.79,300.0,2017-11-24 21:00:39,2017-12-19,2017-12-14 17:55:01,19,0,24
2fd47b273ede4fe30db2d0813629b638,f919a99c4dfc80c441d75f16f93ce73d,BA,madre de deus,-12.741730341397568,-38.615320272863045,SP,-23.54241282514857,-46.49070640341336,1460.150764259231,1,1,16.99,15.79,200.0,2017-11-24 17:11:29,2017-12-22,2017-12-15 20:19:06,21,0,27
78a883974d6c4d296a7c7ff7f784a1d4,9ad05c7dbb22a5c9f31adb8fcc73b48f,BA,cachoeira,-12.598562595724136,-38.96524999989147,SP,-23.531820448929544,-46.61097274285875,1458.9541807890464,1,1,164.9,17.59,2050.0,2017-11-27 13:24:05,2017-12-26,2017-12-11 22:52:37,14,0,28
6bc46484a5da408562e929b630a3e950,5ca641d05080ed9a120ac4e35ab18173,BA,salvador,-12.903539741329546,-38.44567782898638,SP,-20.806830481885147,-49.38960170992274,1457.933857205224,1,1,49.0,19.66,1650.0,2017-11-26 22:24:44,2017-12-21,2017-12-21 19:12:59,24,0,24
b2355e2ae81244cdf571c90d5eb890a1,696f3523f62bb93dd3372686c4f54828,BA,salvador,-12.935879296109205,-38.4265224753899,SP,-20.806830481885147,-49.38960170992274,1457.3236649988614,1,1,49.0,19.66,1650.0,2017-11-24 09:42:33,2017-12-20,2017-12-05 21:35:04,11,0,25
48bc7c3a0885049a0bf2d42d42421de2,21b1540ea5bd484a35a8b46662a0b756,BA,salvador,-12.982305237029646,-38.447986507224655,SP,-23.595227193173283,-46.56076636913555,1457.1823427837403,1,1,32.99,16.92,950.0,2017-11-25 09:41:04,2017-12-21,2018-01-09 21:46:33,45,0,25
214dc459e6a86173054c659d579491d7,bc853fea82ecd9031832a7ae20162ec3,BA,vitoria da conquista,-14.851664999999992,-40.84095111740432,PR,-25.365851732303263,-49.18582840154509,1457.031597052959,1,1,198.0,35.19,400.0,2017-11-20 21:15:52,2017-12-14,2017-12-01 20:11:44,10,0,23
f3fdee8d27166359de2abe05ec16b351,c93e142e933bb44b34c4a1523308e4e4,BA,salvador,-12.91704912068217,-38.497361123780976,SP,-20.806830481885147,-49.38960170992274,1452.6174872754443,1,1,49.0,19.66,1500.0,2017-11-24 17:09:16,2017-12-20,2017-12-23 14:58:45,28,0,25
9ac048d7ffebba67d54456aa9ec07d7e,43b2b1e92aa657113661dae48ca9e17c,BA,salvador,-12.968642761839638,-38.46596017808847,SP,-23.457830647238737,-46.628224381210686,1449.3972989488773,1,1,44.9,15.79,350.0,2017-11-20 18:50:52,2017-12-12,2017-12-05 22:56:43,15,0,21
242ab4ce744f666fcffbc5d7fed8700d,f7f197973339da4aa7ca6b82dec7905b,BA,salvador,-13.006053412708418,-38.52601136966548,SP,-20.806830481885147,-49.38960170992274,1444.028048418927,1,1,49.0,19.63,1550.0,2017-11-24 12:35:43,2017-12-20,2018-01-04 22:14:45,41,0,25
7f6ec42fa02aab4e3d25656e81bc7c8f,988d29f01ed741501d1f99f5e30941b6,BA,mutuipe,-13.228184823758374,-39.50584649713243,SP,-21.426847789373337,-50.0643276561055,1443.6544998159245,1,1,69.9,19.73,9050.0,2017-11-20 23:07:17,2017-12-15,2017-11-30 15:49:01,9,0,24
9cc3ede215e132a6d2314d0986e070bb,54642982e6727a6bb4cc31ddea69525d,BA,itiuba,-10.69244349488568,-39.85197394243108,SP,-21.181012061890485,-47.78952007431185,1441.486357503096,1,1,48.9,27.73,1250.0,2017-11-22 16:47:05,2017-12-19,2017-12-15 14:52:17,22,0,26
38b9365bb512e4746d21b59d3eaaa146,8c4a739a0897f0706505e419d7f1e4ac,BA,quixabeira,-11.411778381303268,-40.1239116917418,SP,-20.806830481885147,-49.38960170992274,1438.1359536945513,1,3,147.0,58.9,4950.0,2017-11-24 19:25:32,2017-12-26,2017-12-05 18:15:43,10,0,31
bf2167abb407021a362558b6a9fe6bc3,f6c018413a69afd6bbcfa38e7b392dfd,BA,camacan,-15.415009965168265,-39.49688211185045,SP,-21.486471927360125,-51.53351950792364,1437.0416039138415,1,1,24.5,16.79,100.0,2017-11-25 16:11:28,2017-12-26,2017-12-19 17:38:41,24,0,30
62a50d53a4e50a04954b779f7ee090db,356f911f4a74dd8d365a720285b1c5db,AL,santa luzia do norte,-9.599857822660145,-35.82322113037122,MG,-19.8399409186066,-43.959657698309165,1435.150128765929,1,1,23.8,21.15,260.0,2017-11-23 22:27:48,2017-12-22,2017-12-11 12:38:58,17,0,28
b7a77aac1be341d2f9009b231cd3b4e8,e43558b2abdd406058436512ebe8b58c,BA,salvador,-12.894407196931818,-38.42114808874036,SP,-22.986269342347207,-46.85229042519152,1432.453702625341,1,1,119.99,53.22,14950.0,2017-11-23 21:15:56,2017-12-19,2018-01-05 17:23:22,42,0,25
82e070eba489c61a48344dcd12ecaada,44ae883b3de1b050ee56d3fb1fe974d6,BA,salvador,-12.945377418406723,-38.36690879102091,SP,-23.0047822119904,-46.84075801381677,1432.3357250466,1,2,319.8,45.98,3200.0,2017-11-23 22:44:23,2017-12-19,2017-12-12 19:04:39,18,0,25
8f81a4191bcbef23cdd139470cb50dda,812dd63f04c3d1caa312dbbf513cbb71,ES,serra,-20.19270569926364,-40.233621188602434,SC,-27.22121259747712,-52.02336824999999,1431.0536721873036,2,2,277.53,57.25,5350.0,2017-11-22 00:20:53,2017-12-15,2017-12-01 21:42:14,9,0,22
48cf133bab6e70fec7896820b325dc9b,f6db95631c0bad789edde606121bca76,BA,salvador,-12.893838467631678,-38.48698172430967,SP,-22.986269342347207,-46.85229042519152,1428.1943988782905,1,2,130.98,32.92,1000.0,2017-11-27 16:38:04,2017-12-21,2018-01-10 17:11:27,44,0,23
56d77d50d54aa1f038e28f269311b4d3,5e3448d638142fc5e6790f88cff5c44a,SP,sao sebastiao,-23.81373861226844,-45.4181039842983,BA,-12.89472449617752,-38.33875838605659,1424.7920638175565,1,1,246.62,37.05,900.0,2017-11-26 18:20:51,2017-12-20,2017-12-05 20:27:04,9,0,23
da5d566236538abb69c83b6283383b60,8d51bbfd67bc27fa458541719c2f31f8,BA,salvador,-12.993092863725533,-38.4463299970858,SP,-22.986269342347207,-46.85229042519152,1422.0749294985503,1,1,34.0,16.92,400.0,2017-11-21 15:54:16,2017-12-13,2017-12-06 18:55:18,15,0,21
58c9e4147dcaf0f623706730abab280d,4888da2416e4fd5010e50d1f720e7f23,BA,santo antonio de jesus,-12.97066259642316,-39.27092850000001,SP,-23.64855809755326,-46.66211575714125,1419.8998759135802,1,1,79.9,19.8,8350.0,2017-11-24 00:46:40,2017-12-22,2017-12-07 22:04:01,13,0,27
3aa52f9aeb048835809dc5310e883c6f,3ab0c6e6d82fe8be49235a826d38f9ca,MT,tangara da serra,-14.62311393670911,-57.49069053333387,MG,-20.94004902170557,-45.82696971616617,1419.8803962045354,1,1,149.99,57.28,6550.0,2017-11-24 09:47:09,2017-12-28,2017-12-14 05:04:50,19,0,33
351c15bef09303939e36600fe668b5fd,19eb39e6ed9026791878172c4a694dba,MT,nova xavantina,-14.66436528580766,-52.35516875300326,SC,-27.290209139974166,-50.57755286955393,1415.9386879745834,1,1,160.0,34.92,300.0,2017-11-21 11:59:53,2017-12-21,2017-12-08 01:05:38,16,0,29
859d39948222974421fa0f47d75cafba,c5c47d4e71b9f73cc3abb67cfc059637,BA,una,-15.290548324370024,-39.07477464217708,SP,-21.93085204816489,-50.49756182976886,1411.20719354097,1,1,174.9,35.74,5000.0,2017-11-22 20:11:45,2017-12-18,2017-12-13 19:58:32,20,0,25
663f6abf22dfaca17fa6ecdb411d1860,f7444d23b5eb50854ccec43d9ae163a4,BA,salvador,-12.869255865631697,-38.47085187402642,MG,-20.27948860417464,-49.20331991007704,1408.766470021165,1,1,200.0,17.84,350.0,2017-11-25 16:32:46,2017-12-21,2017-12-15 19:04:29,20,0,25
52e5445828db681d83dccb33a15ecac4,d42ee2c04270ba237933c8bdd5e1c761,BA,santo amaro,-12.549801514059943,-38.70708921289294,SP,-21.364019805249217,-48.22883109179936,1408.3454752604498,1,1,170.0,24.06,4338.0,2017-11-24 17:37:41,2017-12-27,2017-12-19 14:19:22,24,0,32
104a388dc1207b546c35e97288953ef2,b2275872bbac7bbe411a4b451f26f429,BA,lauro de freitas,-12.877272955691955,-38.29309999812892,SP,-22.611004585010026,-46.70334132489496,1400.7699561618997,1,1,34.9,17.92,500.0,2017-11-27 14:13:47,2017-12-26,2017-12-12 23:44:32,15,0,28
1ae00ef09991832a6fa6c8203c186b3a,8fc0ac744c605f43f90c13d259fc653e,BA,salvador,-12.901199936911826,-38.4682723805652,SP,-21.256797694428947,-48.32085073900775,1399.0049265567047,1,3,299.25,70.71000000000001,16908.0,2017-11-21 19:00:40,2017-12-13,2017-12-09 17:05:02,17,0,21
7f745edf993f5b792d9d64d92762af66,bde79a75c980c8714c8affb0f0d8b165,BA,ipupiara,-11.820685499999996,-42.612646739648014,SP,-22.104972987025352,-50.17828202353952,1397.4629198809364,1,1,495.0,30.85,4550.0,2017-11-26 20:19:52,2018-01-02,2017-12-20 17:52:06,23,0,36
c56734bfd1a27270a864726f2fe96fb5,6d3dc14d9685166e7e1dac1e1346ff47,DF,brasilia,-15.842882222788113,-48.02139907170896,SC,-28.328199955080542,-49.17755227307007,1393.375279477222,1,1,59.0,25.69,133.0,2017-11-24 13:24:01,2017-12-21,2017-12-07 18:37:29,13,0,26
503ede67b27bbb1c7dca67c00af403a5,d550ac7fe9688fbc885f4d87a986a54f,BA,itaberaba,-12.527306698207925,-40.30495396461956,SP,-23.53968594087948,-46.54635608021235,1390.3717743179484,1,1,207.9,20.7,1400.0,2017-11-27 22:46:58,2017-12-26,2017-12-12 22:51:55,15,0,28
da6286f6b9d805439991572bf84782e8,ad15c48c30f7a531fd004f736a6bc01d,MT,querencia,-12.592611511628704,-52.20322987543341,SP,-23.552032416180964,-46.53746144532288,1357.3137080587926,1,1,129.99,20.15,1600.0,2017-11-24 18:31:18,2017-12-27,2017-12-12 19:33:57,18,0,32
eeac3b5e5eeae743c6f222f4975e3011,5d45ac551f8c0ec3b8bf407786a25494,RJ,santo antonio de padua,-21.53928413381573,-42.1854446440223,MS,-18.50630959335238,-54.74901121680464,1354.6916426444873,1,1,70.0,23.36,2200.0,2017-11-24 10:08:22,2017-12-22,2017-11-29 15:33:24,5,0,27
7a278d560ec8ffedc0f4e11836858a6f,f9cebccb059f0b4d65601c2a6cf4ef82,BA,salvador,-12.98338898724672,-38.45987947050183,SP,-21.258651614764283,-47.81394639862495,1353.6642146985375,1,1,149.9,20.29,1500.0,2017-11-22 23:07:14,2017-12-18,2018-01-04 23:54:59,43,0,25
5bdc8e61065c6a340cb4a89376bdac89,f1fac83f7379e87097c48374ac09139a,BA,salvador,-12.970364907969731,-38.43510051848935,SP,-21.165370022730333,-47.79714447071386,1348.4639784736523,1,1,288.92,18.46,125.0,2017-11-20 16:04:45,2017-12-13,2017-12-14 19:16:58,24,0,22
a0c743456ff5737ebbcdaa56c9b2869b,99b4ce490808a0c69cb61bbf585c7967,RS,porto alegre,-30.04924734179701,-51.21809958970519,MG,-19.867906407416527,-43.94863882589885,1347.6911247504174,1,1,31.9,17.63,250.0,2017-11-20 11:46:56,2017-12-27,2017-11-23 23:13:16,3,0,36
e0429b09a7ddac2d49e09ccdb6d95e59,ff1acf503bdf96c225e4dc499dac6954,BA,mutuipe,-13.228184823758374,-39.50584649713243,SP,-20.806830481885147,-49.38960170992274,1346.1990824587624,1,1,49.0,19.66,1750.0,2017-11-25 00:25:16,2017-12-26,2017-12-15 20:15:58,20,0,30
b4cafb8fabcef776ee4b1108769b47ae,6b44ea99d4cb9ebdb1a80994a7317728,MT,cuiaba,-15.618404271788998,-56.08016102817979,SP,-23.65869024839867,-46.52249513292757,1341.1404527189077,1,1,49.99,15.79,200.0,2017-11-25 13:40:05,2017-12-27,2018-01-10 13:25:23,45,0,31
dad1e3ac5ffebd3fb9664bdf1efd3064,6ac7224337d1da0e6d408e6be63d3222,BA,salvador,-13.002814446015355,-38.46387616648835,SP,-21.11263561449013,-47.79105569532287,1339.399354225572,1,1,141.0,18.56,450.0,2017-11-24 15:27:29,2017-12-22,2017-12-13 00:18:59,18,0,27
f5c7fcc9933ae8861462ee79735d9993,d70e1d82169a6e535f36694a6f1aa3f8,RS,porto alegre,-30.06074330004604,-51.21585536955391,MG,-19.94457894024566,-44.04194751098992,1336.266509707471,1,1,559.0,30.05,4000.0,2017-11-24 12:36:02,2017-12-22,2018-01-04 18:19:53,41,0,27
b99d02003fd457ff94fde6f7627b4514,36835ef37cf8330cd51ce0dd0dc39bf4,TO,gurupi,-11.726936109956457,-49.07466362945584,PR,-23.42843316855792,-51.91774739994137,1335.439255196068,1,1,19.9,34.15,100.0,2017-11-21 11:45:51,2017-12-18,2017-12-02 13:36:38,11,0,26
7a6ba64f8fb1ea124180fa33f5ddbe4c,6fb8459ad76b9b2ca0ed241127287366,GO,catalao,-18.16557147874597,-47.95850088804577,RS,-29.68584930081256,-51.46313816602653,1329.3424014446618,1,1,199.0,38.94,1650.0,2017-11-20 11:44:07,2017-12-26,2017-11-30 22:53:05,10,0,35
7bb854599c1f0c6bc0fc1dfd8a49e244,496092c6b78a42e0cd502fe42d698381,PI,corrente,-10.438816400978595,-45.16467786302195,SP,-21.426847789373337,-50.0643276561055,1328.9937122995273,1,1,494.9,156.83,14900.0,2017-11-20 11:46:30,2017-12-15,2017-12-19 15:58:55,29,0,24
dba28a189fd1425d68f33018e1d88808,53202144475d0cf804633433eb184c46,MT,cuiaba,-15.625750499999995,-56.01953499735794,SP,-23.53142941993188,-46.51618034574991,1327.2578252713226,1,1,35.9,15.79,200.0,2017-11-23 22:24:09,2017-12-19,2017-12-11 18:12:59,17,0,25
75cbdf50ad99f2f1770fca4ef27142fe,29e8d9d0bc3e0cee2bc77305cc2cb94e,RS,canoas,-29.90237568103449,-51.185222559813006,MG,-19.92595295864736,-43.94511432722604,1327.1660296466632,1,1,129.99,19.45,375.0,2017-11-24 08:43:41,2017-12-22,2017-12-19 18:11:42,25,0,27
580e9410cdbeb1ec66a48d3d0454dd17,e64813a1e1c56c5f628d71d62b69fe7c,RS,sao leopoldo,-29.747729921632967,-51.15531432841173,MG,-19.867906407416527,-43.94863882589885,1316.708578372684,1,1,31.9,17.63,250.0,2017-11-24 02:08:40,2018-01-05,2017-12-21 20:05:34,27,0,41
893a5dc3f4f76c2168a2e14be5671e1d,938a4f7cae49e83663e253ce618d8e92,BA,ibotirama,-12.182476084478994,-43.21593491552102,SP,-23.56072295337296,-46.63277989454088,1315.647275709376,1,2,29.8,33.58,300.0,2017-11-24 13:14:41,2017-12-22,2017-12-04 21:52:27,10,0,27
161436481a8780aea9e2139793246aa5,4a8fd791410e8ec07fd17d12cdfdd662,BA,cotegipe,-12.02729069041768,-44.25687010559526,SP,-23.65869024839867,-46.52249513292757,1315.298093118623,1,1,84.99,18.16,550.0,2017-11-25 12:49:04,2018-01-02,2017-12-27 18:07:49,32,0,37
4436e626db9585e2b35ab07c45ddaf2f,f83827c27a34ead29520a2c1713f4f1c,BA,salvador,-12.94405787854438,-38.47371683521423,SP,-21.60083934075281,-46.893667929142325,1312.9303047676678,1,1,96.2,19.91,2000.0,2017-11-26 16:51:13,2017-12-26,2017-12-20 12:26:55,23,0,29
0a029b521ffceb219d63dce7e02403bc,0715d45e32d1a8cfc84dcb9a447ac955,MT,sinop,-11.848080144276183,-55.5278657422816,SP,-21.364019805249217,-48.22883109179936,1312.522316519891,1,1,188.0,17.76,550.0,2017-11-24 19:04:23,2017-12-26,2017-12-23 14:52:11,28,0,31
6173d2ac44ef11cfaa9b6cd2b26ba976,dc45bc1d6dc3681aa2f50bf26dadb15c,MT,sinop,-11.865057506764456,-55.51646452794221,SP,-21.757690120914923,-48.82976816265947,1309.5640339849076,1,1,207.0,24.32,2200.0,2017-11-24 22:39:49,2017-12-22,2017-12-23 16:07:16,28,0,27
c283d7942d2bbca2c27a9c15ee2a390e,aa1c88ef1c54651170df45bffe3c2a87,MT,chapada dos guimaraes,-15.460159929300918,-55.74582963846584,SP,-23.652442526788203,-46.75549168747648,1309.5444243873728,1,1,189.0,17.76,350.0,2017-11-26 21:27:45,2017-12-27,2017-12-21 19:52:04,24,0,30
3dd5cc10816f5a16ed7d1c54e7d7549b,645e4bcb4b050ff31253516e363bf301,SC,faxinal dos guedes,-26.85224847973098,-52.26177443393789,DF,-15.801308999999993,-47.96795249999999,1306.4726353112392,1,1,80.0,28.96,1850.0,2017-11-23 16:57:51,2017-12-20,2017-12-12 15:54:35,18,0,26
936a0b6b0c174a80b59e8357f5f94e6e,c1394c5fcba4e394bde37c4abc25388e,BA,iraquara,-12.245412406781975,-41.616438567417646,SP,-21.757690120914923,-48.82976816265947,1305.8730306603804,1,1,48.9,17.92,900.0,2017-11-24 09:14:38,2017-12-26,2017-12-19 00:23:28,24,0,31
5cfc24193d53d6dc86c639606c31b5f6,cb2c6606e660a6aca65c6a004f851270,MG,piedade de caratinga,-19.760453851069386,-42.07633240711027,PR,-24.965962795169947,-53.467841280714566,1305.819331809555,1,1,119.9,20.08,2550.0,2017-11-25 08:40:18,2017-12-26,2017-12-20 19:20:04,25,0,30
c341b928652ab66dc02f4a2e9bb2d969,a0d71ab81a7bc3212eb98275c65c04ac,RS,campo bom,-29.67745825880729,-51.05918890980452,MG,-19.867906407416527,-43.94863882589885,1304.9828595570814,1,1,31.9,17.63,250.0,2017-11-24 16:08:11,2018-01-05,2017-12-21 21:17:11,27,0,41
7c98aef9609a230634a1cc10aa7ff5de,a6ffb7e15b81c3c9e337b22414444274,RS,porto alegre,-30.039753592850065,-51.18608466388714,MG,-18.65158486656263,-48.19241119054979,1301.9285033407648,1,1,400.0,28.08,300.0,2017-11-23 23:58:51,2017-12-21,2017-12-18 22:54:38,24,0,27
98e54ac24cb241c366307ed88ae84902,3d2b9ce5685b7810c56c6b8babb0432e,MT,caceres,-16.071045838825576,-57.68211944292735,SP,-22.568376530773754,-47.40402037330482,1297.3455441718036,1,1,355.79,44.86,9050.0,2017-11-26 12:15:07,2017-12-27,2017-12-21 21:17:03,25,0,30
08904f6557108c451821501ca9e6aa4a,f69122629f3b9eefba47cc225aca93ec,MG,unai,-16.36196685190559,-46.89810621010098,PR,-25.54168647758336,-54.585197713463536,1294.9986608192037,1,1,79.9,19.8,1200.0,2017-11-25 17:11:40,2017-12-26,2018-01-24 16:25:42,59,0,30
e677ab34eb52c66dd39e65b9aa84fe4c,34c1f8fa2e7d48d5f334b5f56702cde4,RS,porto alegre,-30.029218072162266,-51.20302983609852,MG,-20.076917145110954,-44.57734014848548,1291.5792608150111,1,3,831.0,91.02,2400.0,2017-11-26 22:58:55,2017-12-26,2017-12-08 23:07:46,12,0,29
546c8958ff67b28473cf140ec32a5a91,a88f6b2e3e51c830e4850876c911fb8d,BA,luis eduardo magalhaes,-12.08925543763249,-45.79618023024447,SP,-23.625852663887155,-46.61139748251486,1285.696544823677,1,2,68.98,33.58,600.0,2017-11-24 19:47:58,2017-12-20,2017-12-27 15:00:00,32,0,25
fd1cfd1076dd551e6bb1c4567e5a1b31,ba30b0a551ddef6057b752431dc4abeb,BA,luis eduardo magalhaes,-12.08925543763249,-45.79618023024447,SP,-23.595227193173283,-46.56076636913555,1281.951449854337,1,3,98.97,53.760000000000005,2550.0,2017-11-23 21:44:38,2017-12-20,2017-12-11 17:58:56,17,0,26
c6af19efddaab0233a1eeeb34402bb99,830fa7b2112959241fe6bae73110c547,MT,varzea grande,-15.648797999999946,-56.10183499999994,SP,-23.21130687949995,-46.88044951858166,1280.657551336953,1,1,58.9,23.79,7000.0,2017-11-22 10:45:53,2017-12-18,2017-12-05 22:36:54,13,0,25
e644846cdecdccd138e86d1f488e1abb,15b08956d5af30c644913e452cf6bb01,MG,belo horizonte,-19.88665694532287,-43.92389634081604,RS,-29.226503425788763,-51.34321554644538,1280.415180768587,1,1,62.9,18.01,633.0,2017-11-24 22:46:46,2017-12-22,2017-12-19 23:56:57,25,0,27
6f429f70c82d9e5e7542ab3ddd773771,7f32fbd449189b491a58a78eb5357b9f,RS,santa rosa,-27.86655668151464,-54.47717628047401,RJ,-22.53988593060518,-43.197575382221615,1279.2054331079582,1,1,59.9,19.66,431.0,2017-11-24 13:30:59,2017-12-20,2017-12-11 22:14:53,17,0,25
8afeb7bc3891eac7f715564dae308c84,0dcc7b618e4ad88337034f01e2255953,BA,ubaitaba,-14.313092744149971,-39.32027935984331,SP,-23.501139521928536,-46.62721984347043,1277.8234214927452,1,1,187.43,17.75,3200.0,2017-11-24 21:08:57,2017-12-22,2017-12-12 18:45:46,17,0,27
3cc47bf7332ded667ed3f478a0f78b1b,c926e7ffe70e1bf3f87a5f37cecfc686,RS,rio grande,-32.03442798620588,-52.09660672909994,SP,-20.806830481885147,-49.38960170992274,1277.0628957906688,1,1,59.9,17.67,1500.0,2017-11-22 13:55:42,2017-12-19,2017-12-04 23:29:10,12,0,26
beed527292a9e9a0e10bc602565b510c,75db86952131820b90d0a7d574f23a3b,RJ,nova friburgo,-22.312405010626904,-42.522234052750136,PR,-25.54168647758336,-54.585197713463536,1276.9625783214658,1,1,374.9,31.66,4700.0,2017-11-25 00:05:21,2017-12-21,2018-01-21 16:58:37,57,0,25
e478568cc3d592abd0ea9dde224012af,bc6669892bfceb847b3681da1f38fc3d,RS,tramandai,-29.99864680777968,-50.14782698538831,MG,-19.966985233714336,-44.04692748788558,1273.0799229657698,2,2,219.8,41.56,200.0,2017-11-21 16:21:03,2017-12-19,2017-12-06 18:07:44,15,0,27
557e4ef52fd0e240cbb18bcee0cbaddd,45935e1e7dca816af4bf89f59978aed0,RS,passo fundo,-28.2639627742804,-52.3933203143564,MG,-19.867906407416527,-43.94863882589885,1266.6442606606026,1,1,38.9,25.63,250.0,2017-11-27 16:33:31,2018-01-08,2017-12-26 21:06:30,29,0,41
e37ef4ac61b5803ac29b4056c8495108,3336317767e51b209329188eb22de872,BA,salvador,-12.9878989753357,-38.52088420234651,SP,-22.577450868185096,-44.96144299160366,1265.1447167901035,1,1,38.9,16.79,350.0,2017-11-26 09:33:58,2017-12-26,2017-12-13 18:13:00,17,0,29
2cc9089445046817a7539d90805e6e5a,05455dfa7cd02f13d132aa7a6a9729c6,MG,divinopolis,-20.16130630891767,-44.90380827522894,RS,-30.00839962559865,-51.20149509977495,1264.6856020785538,1,6,5934.6,146.94,9000.0,2017-11-24 11:03:35,2017-12-22,2017-12-13 12:16:02,19,0,27
48cefe210d7a04f470fd6592ea91ffb9,77181a5f59fbffb14d445117ff040359,MG,belo horizonte,-19.86769472023773,-43.8992636610182,PR,-25.54168647758336,-54.585197713463536,1263.948949088243,1,1,159.9,28.5,4500.0,2017-11-24 11:23:36,2017-12-20,2018-01-31 18:24:39,68,0,25
646ec13e4b9753a75b9658d9ea554659,601a4e63f008ad8a8f61e52726dc0753,MS,corumba,-19.019425986138536,-57.65583963516046,SP,-23.717189479369523,-46.55358758458623,1262.113989401282,1,1,389.0,29.04,9050.0,2017-11-24 17:34:38,2017-12-19,2017-12-13 00:27:49,18,0,24
21eaec27338dab3006319241bff4c002,a664eb820c2169b80e2999b80f22f960,MG,belo horizonte,-19.898302133086133,-43.96987270885509,PR,-25.54168647758336,-54.585197713463536,1255.8826206314272,1,1,69.9,19.73,1300.0,2017-11-22 14:14:38,2017-12-14,2017-12-11 23:25:47,19,0,21
402094e1d8f8b5f681f962bc2554345a,a9cade3439281b14f81dbaa4ea56242c,BA,ilheus,-14.81960123333446,-39.0299974843736,SP,-23.595227193173283,-46.56076636913555,1255.2866719682893,1,3,98.97,53.75,2550.0,2017-11-24 20:06:04,2017-12-21,2017-12-13 20:32:54,19,0,26
c5fb461f4d5a4b5457fd3029e1d1543a,2d2dbabf96416a7a0ffbd16659697a9b,RS,pelotas,-31.7005766296006,-52.34033369226445,SP,-21.177173112308903,-47.767232134697736,1255.200179375905,1,1,49.9,17.6,150.0,2017-11-25 00:16:52,2017-12-27,2018-01-10 20:35:09,46,0,31
241c2b89490a7f6f12808716cd51c45c,df1ff2ee71213d4b45436b9112ef71ec,MT,dom aquino,-15.808832443050862,-54.922725734434536,SP,-23.302661247830148,-45.97283979175633,1253.7310540381786,1,1,270.0,18.33,1000.0,2017-11-26 23:03:58,2018-01-02,2017-12-13 18:58:37,16,0,36
cf082b2bb0204ce0ba54ba584cbd3fd4,d3a7a0e5d26621573e347f943861316c,MG,belo horizonte,-19.95247192339433,-44.00337569095157,PR,-25.54168647758336,-54.585197713463536,1249.728844948874,1,2,139.8,47.59,5465.0,2017-11-26 15:54:52,2017-12-21,2018-01-10 17:27:47,45,0,24
a87a5ed1e5a7211124791f4ee820ddfe,e39f32af4e74151a07a6a3108b123f1c,BA,itaberaba,-12.527306698207925,-40.30495396461956,SP,-21.165370022730333,-47.79714447071386,1247.684951367381,1,1,323.18,18.7,100.0,2017-11-21 14:54:39,2017-12-15,2017-12-01 00:13:26,9,0,23
9d3bb95e31653d7f709918f0979f6d5a,870fd109261b9ff80198e87fbd70f940,BA,ilheus,-14.780932482648977,-39.05757495518468,SP,-23.539675631138568,-46.44437114131387,1244.5184614020188,1,1,44.5,16.79,10000.0,2017-11-24 00:36:07,2017-12-20,2017-12-03 19:18:52,9,0,25
efe279abeb0fb2d03273c495d19b9f29,a0973c8c7e186a3e7425bb1ae01b0c9c,BA,itabuna,-14.792933965029716,-39.27803111255109,SP,-23.484744245568784,-46.7347960830412,1243.3800367929296,1,1,62.0,16.87,575.0,2017-11-24 08:31:27,2017-12-21,2017-12-06 03:13:29,11,0,26
fca06e65bcfd3b76fda84c5aa02fe908,99445650caf90f9e752ca490641e3528,SP,tupa,-21.933760651112223,-50.51465238215732,MT,-11.835954098015891,-55.50803301489325,1241.8008027891,1,1,129.9,38.46,1250.0,2017-11-25 08:55:08,2017-12-26,2017-12-07 17:23:03,12,0,30
efc8b173642cd53d1dc2033b47dbe9f8,bbf257c74411e54169f2f91ce1b9aad9,BA,canavieiras,-15.675835594770778,-38.948465230391065,SP,-21.757690120914923,-48.82976816265947,1240.4189869014976,1,1,39.5,16.79,350.0,2017-11-24 21:19:51,2017-12-22,2017-12-21 21:42:04,27,0,27
1a0da2935bfb1baa0def0327be1a7563,5d9b63267a7c9e53f6cabd2a9a0bb708,MT,cuiaba,-15.594988055474516,-56.13152326011155,MG,-20.94004902170557,-45.82696971616617,1239.2269473949252,1,1,149.99,57.28,6550.0,2017-11-24 16:32:06,2017-12-26,2017-12-20 01:19:12,25,0,31
9964fcee18c49b70f81f947eb85ac611,ee8b9c4b67be6419a04e1f0c292a773b,RJ,rio de janeiro,-22.879118416924303,-43.57625920989382,BA,-12.90182354370856,-38.404765463046026,1236.6400196896457,1,1,39.9,17.63,200.0,2017-11-24 12:38:32,2017-12-15,2017-12-13 20:14:40,19,0,20
0b4129a3415a486e4965d618f9b5debf,c8dcc1767867cf118c0aa5f86519d14e,DF,brasilia,-15.83961825701954,-48.037775007437,SC,-26.913134249178224,-49.113291279762265,1236.3218098827535,1,1,98.9,27.21,750.0,2017-11-26 12:59:04,2017-12-22,2017-12-11 18:39:37,15,0,25
2bfb7f8b84037952c9081f80964396b5,d553acbd75a8ad3bb2e66d8b8fab221e,RS,novo hamburgo,-29.719221993158445,-51.14099358473193,MG,-18.917864434084464,-48.33131223723239,1234.1799451990512,1,1,124.9,38.01,3000.0,2017-11-24 17:04:02,2017-12-22,2018-01-04 13:27:33,40,0,27
b03b8a7f0fb5b76851c4ffaea6f82388,f7d9e7403edeeffd4b15cb6bdde704d8,RJ,rio de janeiro,-22.91345759457133,-43.18797113336026,BA,-12.89472449617752,-38.33875838605659,1226.1476480913266,1,1,246.62,20.27,900.0,2017-11-25 23:22:27,2017-12-18,2017-12-15 00:22:07,19,0,22
04dd5aa087f6b04e0e145fb4c4fef047,2800b82a7d904585f1f78639be21f877,RJ,rio de janeiro,-22.909623653615373,-43.17677364461301,BA,-12.89472449617752,-38.33875838605659,1225.269162419935,1,2,379.8,37.22,900.0,2017-11-27 17:19:45,2017-12-18,2017-12-11 21:09:31,14,0,20
59fbbd67b9aa1cb1e222932e9d4f3b79,3c57da35028a1bc160bb3c60603c8072,RJ,mesquita,-22.78454880798144,-43.41019789237304,BA,-12.89472449617752,-38.33875838605659,1223.3307805707077,1,1,189.9,18.61,450.0,2017-11-26 10:39:33,2017-12-22,2017-12-13 17:58:53,17,0,25
633334854d8b82a06554d0bc7d67bd56,b0806ee09ba22b4f77b7cf8bc4b26a6f,GO,uruacu,-14.52455591563714,-49.14292592039554,PR,-25.52536946374326,-49.27333069441405,1223.3101934655397,1,1,29.9,34.15,250.0,2017-11-24 09:58:26,2017-12-21,2017-12-19 15:53:49,25,0,26
f409e6b1a36ed880f8c2280446f9e6bb,e17f5383fc9cf03c6daadbca547bab26,MG,araxa,-19.59431840486175,-46.937175010327024,RS,-28.289927349145803,-54.26195206786057,1219.515409936652,1,1,598.4,23.43,2900.0,2017-11-26 19:46:39,2017-12-27,2017-12-11 23:25:42,15,0,30
62556744f37b7cf57d9128e264b4b733,c323fba17fa4817ccde3421f15ddb84c,BA,salvador,-12.9877759597496,-38.47266639078997,MG,-18.65158486656263,-48.19241119054979,1215.1685227272355,1,1,100.0,17.14,175.0,2017-11-25 11:31:54,2017-12-20,2017-12-16 00:33:46,20,0,24
8482db481fb923fa01849e765265eeef,64698a6bfdec10409f62b5842662e500,MS,campo grande,-20.498036753471045,-54.68152809873622,RJ,-22.815872853453754,-43.22428740146579,1211.402043017152,1,1,69.0,17.05,700.0,2017-11-20 15:24:49,2017-12-11,2017-12-04 18:58:06,14,0,20
dead1de9577e00061dad2b64f30dced3,28c1808799150f8f16c4b59b2f5bca4b,MT,tangara da serra,-14.62311393670911,-57.49069053333387,SP,-21.757690120914923,-48.82976816265947,1210.315147753723,1,1,115.0,23.68,2550.0,2017-11-25 22:38:36,2017-12-27,2017-12-08 05:32:23,12,0,31
5738b1361143b2ba3e59fcb5dffc7114,79836f353f3bf93edbfb6145332ec447,RJ,sao goncalo,-22.819145152582344,-43.036113091680086,PR,-25.54168647758336,-54.585197713463536,1209.5119093367668,1,1,139.9,23.85,3300.0,2017-11-27 16:58:04,2017-12-20,2018-01-30 18:32:21,64,0,22
9960ee97c2f8d801a200a01893b3942f,54af40597a8931fea3fbb2b37656fc8d,RS,cangucu,-31.39528603670237,-52.67748581290867,SP,-21.364019805249217,-48.22883109179936,1199.863009033976,1,1,190.9,16.09,6663.0,2017-11-23 20:13:23,2017-12-28,2017-12-14 19:06:16,20,0,34
1524aaded819ee3c06b4058825107362,30e007b61b364dff4c0eae95c8c800ee,MT,primavera do leste,-15.556810920088854,-54.29914200573511,SP,-23.6140872536788,-46.68886585673923,1198.6512984132758,1,1,79.0,19.79,700.0,2017-11-27 23:34:04,2017-12-27,2017-12-15 03:15:11,17,0,29
e460c3e09735ad9e71e6e6b84d5cd085,a1519634d0ae8ab534c5ff9a1ba53c89,MS,costa rica,-18.542542774383232,-53.1308285279212,SC,-28.71452758648514,-49.30006950142965,1196.2364238470104,1,1,99.9,18.27,1600.0,2017-11-24 12:52:37,2017-12-27,2017-12-19 19:48:39,25,0,32
922404efb7691bc5f4c252544e580266,fd6a4522daa083c5ecd8d3277e9752b4,MT,poxoreu,-15.830333980218803,-54.39518434909404,PR,-25.425232732442744,-49.1892961563067,1196.1523997174638,1,1,98.67,27.23,1100.0,2017-11-25 01:50:13,2017-12-27,2017-12-05 22:48:10,10,0,31
10c7b16de7ade26ab82b8d6a42017e1e,82d38cd139e90ea545ff49b9c8a2fdca,MS,dourados,-22.21223499484285,-54.80734307938021,RJ,-22.93534069637593,-43.186718398333056,1195.5497389097882,1,1,149.99,18.62,700.0,2017-11-25 11:24:09,2017-12-19,2017-12-18 20:09:47,23,0,23
c762b7683314cc1cf880475f78aa3821,79c4c03824db69d2f61c1e8d8ec24443,BA,salvador,-12.936900292902148,-38.356642467165166,MG,-20.94004902170557,-45.82696971616617,1192.468499053447,1,1,89.99,50.5,6050.0,2017-11-24 18:37:07,2017-12-20,2017-12-07 00:59:03,12,0,25
004fb11815bc03b01b20a614eef69d14,9e2690a7ad4a0fd8bbf0a5b355d5e6ea,BA,bom jesus da lapa,-13.252936490336603,-43.41361501446456,SP,-23.552032416180964,-46.53746144532288,1191.5277116968098,1,1,72.99,19.75,1000.0,2017-11-25 13:56:55,2017-12-26,2017-12-16 14:31:43,21,0,30
fa8b91d8aacb92e77cd50059ac39c474,b0bf96141ea3ab6bf35713f1c06c6a22,BA,salvador,-12.91188522103819,-38.40047026902573,MG,-20.94004902170557,-45.82696971616617,1191.4883379746443,1,1,89.99,50.5,5950.0,2017-11-25 19:39:25,2017-12-21,2017-12-18 21:29:11,23,0,25
c62b195fb9db263acc11dc29fcb87fb2,058f217e8e5a5e459882e9a74f9353b6,BA,vitoria da conquista,-14.865555804684712,-40.8465854266467,SP,-20.277985488757647,-50.55171984064756,1191.3831763315106,1,2,99.8,35.84,1200.0,2017-11-24 23:36:02,2017-12-22,2017-12-14 14:47:04,19,0,27
172587311d5d0329ae5a761bf6ae4c80,89652594ba5d76f49163723d82a62097,ES,serra,-20.1732745757194,-40.202938729516816,SP,-21.486471927360125,-51.53351950792364,1186.2970170906794,1,1,24.5,15.1,150.0,2017-11-26 14:25:16,2017-12-19,2017-12-20 14:53:15,24,0,22
692bd5c2be36c7274148d55f3ab22edc,08bdb18f09e1d64ab30eefcac034e265,MT,mirassol d'oeste,-15.675597140895494,-58.089298941659536,SP,-21.757690120914923,-48.82976816265947,1186.131663363631,1,1,45.9,17.92,600.0,2017-11-27 11:05:58,2018-01-05,2017-12-22 02:18:51,24,0,38
0ce9a24111d850192a933fcaab6fbad3,5bb8de60ca2ca8b01a5ce471802fe10b,RJ,rio de janeiro,-22.98574189148247,-43.231288641410345,PR,-25.54168647758336,-54.585197713463536,1185.0841122168415,1,1,159.9,28.5,3400.0,2017-11-24 01:40:48,2017-12-19,2017-12-13 00:28:44,18,0,24
3142418821f77f94d87514580a5d4bad,96b8b3a2b7aee3f6187009f7bf589e85,BA,santo antonio de jesus,-12.967481745660082,-39.26049923033821,RJ,-22.93534069637593,-43.186718398333056,1183.3889839651554,1,1,299.99,34.55,1582.0,2017-11-20 16:09:59,2017-12-13,2017-12-04 18:52:12,14,0,22
cb4468949989bffeeb1d3aa03efb25d0,66091413e273b6f33eff38a695392f3f,RS,rio grande,-32.063152542152494,-52.16769801037904,SP,-21.486471927360125,-51.53351950792364,1177.7486581996463,1,1,24.5,15.1,100.0,2017-11-25 23:25:16,2017-12-27,2017-12-08 22:28:55,12,0,31
b1135445c9efaedf0b492762d692bbcd,f26fce0d0ea5cd4f464e88472db6161b,RS,rosario do sul,-30.256065260483723,-54.91883002260803,SP,-23.302661247830148,-45.97283979175633,1176.6170609704711,1,1,140.0,16.74,1075.0,2017-11-24 16:05:11,2017-12-27,2017-12-27 22:46:12,33,0,32
6416f07d133c720705c402021f612b58,5abbebd3409e7e53552e7611993dd9c0,ES,vila velha,-20.347998807324945,-40.29725860545746,SP,-21.486471927360125,-51.53351950792364,1173.655545381299,1,1,24.5,15.1,100.0,2017-11-25 19:38:33,2017-12-19,2017-12-16 00:13:43,20,0,23
2f2b6449cf42e110cd34d6d659c5075c,07529072a80888ab4c085db455ca2873,BA,varzedo,-12.977336957270122,-39.39528289257101,RJ,-22.84258446627047,-43.303678777468456,1172.0843459792584,1,1,39.9,25.63,550.0,2017-11-25 21:57:42,2017-12-27,2017-12-07 18:06:57,11,0,31
08eef0ee40e395cb547563fc31ab1bd7,25bd5231b15435eeeacc0ead2fe31ca7,BA,salvador,-13.001071440135014,-38.49418929746635,RJ,-22.53988593060518,-43.197575382221615,1171.4502800335392,1,1,69.9,28.89,1167.0,2017-11-25 02:00:46,2017-12-20,2017-12-19 19:48:41,24,0,24
e5fd5e805f5dc431020bf61dcf6f56ae,1ca5cd891f0d0367163d531a1c0c8664,RS,pelotas,-31.77281834165277,-52.33839722258932,SP,-21.757690120914923,-48.82976816265947,1166.6034616523984,1,1,99.9,16.46,1550.0,2017-11-25 18:23:49,2017-12-27,2018-01-05 12:27:35,40,0,31
8b3bd30a8fe107026953fde99e95e351,4d842ab53e4a51551f795bcc1a742dc1,RJ,petropolis,-22.33498100413341,-43.129546745870186,BA,-12.89472449617752,-38.33875838605659,1165.7219367145249,1,2,493.24,56.54,1800.0,2017-11-21 23:51:33,2017-12-12,2017-11-30 19:29:05,8,0,20
1bf797ec1ed7fcccdf61a61d5f8ce29b,72aa0f6f81513fc20edeb83db723d8a8,PR,eneas marques,-25.946690758470595,-53.160175396720575,MG,-19.867906407416527,-43.94863882589885,1159.9543417040309,1,1,31.9,16.79,200.0,2017-11-27 08:02:13,2018-01-05,2018-01-02 15:32:47,36,0,38
3dee10a1bffcabb51920d1aa6f2779a8,75e5ef83203962832d2967a5c1e8af8e,TO,palmas,-10.177553519725851,-48.32033421065061,SP,-20.554950968499107,-47.38769088301032,1158.2242468849504,1,2,320.0,52.8,400.0,2017-11-22 16:48:43,2017-12-13,2017-12-18 22:13:47,26,0,20
a54247c75dbedef28cd7bef1314b5403,31c37978fdd6d7179196ca3a7937d1e8,RS,porto alegre,-30.07811813073453,-51.22292044878531,RJ,-22.53988593060518,-43.197575382221615,1157.886599720538,1,1,59.9,19.66,431.0,2017-11-24 13:50:23,2017-12-18,2017-12-14 22:39:40,20,0,23
ff36cbc44b8f228e0449c92ef089c843,ac4e6e678ad7b6c5e3f90ecb4f8b9569,RS,bage,-31.327125460866046,-54.10612190974953,SP,-23.086036875382305,-46.954171930582575,1156.8423506736071,1,1,699.0,57.49,4920.0,2017-11-25 20:34:42,2017-12-28,2017-12-08 00:19:09,12,0,32
b1a680dfbbbdba5a38645d6db425ed81,7e875055687e2f2987c55e117b8cefb0,BA,feira de santana,-12.232299000099424,-38.93351845220417,MG,-21.734910628368603,-43.34904139355993,1155.9986960714689,1,2,56.9,33.58,400.0,2017-11-27 10:00:21,2017-12-20,2017-12-13 16:13:06,16,0,22
ad1ffca90f5325d0f320f2b0f54eb114,535ad20edf8f32252bb8c7786f18df1e,SC,balneario arroio do silva,-28.985708585592224,-49.41916434484192,MG,-19.867906407416527,-43.94863882589885,1154.7966449519824,1,1,31.9,16.79,250.0,2017-11-24 16:40:41,2018-01-04,2017-12-29 14:38:34,34,0,40
8ad14ad7dd26465b377d99c9e26eb76f,ef9c9cc784a7c676cec3f5abfd83982d,RJ,rio de janeiro,-22.879118416924303,-43.57625920989382,PR,-25.54168647758336,-54.585197713463536,1154.6217697939942,1,1,159.9,28.5,3300.0,2017-11-25 14:04:11,2017-12-20,2018-01-13 16:51:41,49,0,24
651b7b5c39ef65afb938cb9dc649b850,12eb34d4bad35bc05413ad9372c24b81,BA,correntina,-13.343680339357732,-44.63348761010734,SP,-23.57130234332621,-46.47930265361119,1153.7451742315136,1,1,72.99,23.54,11350.0,2017-11-25 22:32:05,2017-12-27,2017-12-15 23:36:52,20,0,31
0e64431c08745e9d2d789b9e6c8acf0f,92757035e85249f3d30f26b354c8ef45,BA,vitoria da conquista,-14.85089291928732,-40.830332254371285,SP,-23.625852663887155,-46.61139748251486,1148.6485492289612,1,1,29.99,16.79,150.0,2017-11-25 15:22:23,2017-12-21,2017-12-08 01:52:14,12,0,25
ddbd05e605996c42f8752c69e235f519,1f82c19cbee324af09a1909f726c9330,BA,itapitanga,-14.42154171011956,-39.56629538123539,SP,-21.177173112308903,-47.767232134697736,1147.5567729396928,1,1,39.9,17.92,833.0,2017-11-23 20:15:38,2017-12-21,2017-12-05 17:48:39,11,0,27
28fb1108b547c1720dbd25614e1343c4,6f27c6708dbcf96bcc241a627024d81b,MG,governador valadares,-18.85493044328778,-41.94674978137405,PR,-23.43192619791517,-51.86456324999999,1147.0893951213911,1,1,57.52,16.84,150.0,2017-11-27 13:21:50,2017-12-29,2017-12-06 14:23:22,9,0,31
223a155e5dad113ba43fff75ecbb3d06,d86b3fd8a411243077abf47be7622496,BA,itapetinga,-15.250302992080991,-40.24622186583831,SP,-20.806830481885147,-49.38960170992274,1146.845682107238,1,1,49.0,19.66,1650.0,2017-11-25 16:35:58,2017-12-26,2017-12-19 19:35:28,24,0,30
2b1b2b60f0b9cee51feb5b9a9ee60779,28e578734a813f4753a71d2f31e1e8b3,RS,dom pedrito,-30.980608483082023,-54.67333695570531,SP,-23.537493461278807,-46.63974517262972,1146.1888329936753,1,1,13.65,15.1,200.0,2017-11-23 11:42:07,2017-12-21,2017-12-16 17:58:49,23,0,27
541e98fb4e0b225dbc4493ae9d53eeb3,568be7bdad827e05c5b0b87614cb8c59,RJ,itaborai,-22.757732912304228,-42.85892456514524,RS,-29.9154979313812,-51.14278755030342,1145.9352566824075,1,1,120.9,45.69,7050.0,2017-11-27 22:23:47,2017-12-22,2017-12-11 16:34:26,13,0,24
1ce0d4e564057882e017216607a2c196,69348267a5b2868e605dcfb793aac39a,RS,alegrete,-29.79204593674126,-55.80714661494222,SP,-23.539439503750906,-46.63284391414975,1145.710267597549,1,1,14.9,15.1,167.0,2017-11-24 16:12:44,2017-12-27,2017-12-04 18:23:53,10,0,32
c9dff4871bed0bc5d4b917767a22d67d,aaaa1ef4f90f3cf6cd099870ea77e99a,MT,primavera do leste,-15.556810920088854,-54.29914200573511,MG,-20.076917145110954,-44.57734014848548,1144.923417052796,2,2,1650.8,89.59,5940.0,2017-11-24 11:23:38,2017-12-26,2017-12-11 13:42:39,17,0,31
daf485798ac9032e3dfa16ee39d2d75c,d90b0cdbc76f089f7aa17c6b5d3d5615,MS,coxim,-18.50630959335238,-54.74901121680464,MG,-19.923338955306185,-43.9480192209302,1144.7819881663197,1,2,134.0,33.82,980.0,2017-11-21 17:50:04,2017-12-13,2017-11-30 23:46:48,9,0,21
c262d9407971d247fc7683fc716ab9ab,29631b630037329464b18f738028aa02,RJ,rio de janeiro,-22.90080896202392,-43.67233683112119,PR,-25.54168647758336,-54.585197713463536,1144.5052543462064,1,1,120.0,23.71,2400.0,2017-11-27 14:32:20,2017-12-20,2018-01-16 21:48:52,50,0,22
42d823440aaa97195dc6f367332376f9,b57df61302e6f76163a0b5950d49793d,RS,canoas,-29.901950474897465,-51.21176892128819,RJ,-22.918123077163223,-42.81760650604593,1140.242512219139,1,1,29.9,15.79,200.0,2017-11-24 08:14:35,2017-12-20,2017-12-06 22:25:49,12,0,25
c45f7f1c4d9122d148c823d6e660c375,b8c82a8db82856017cda33242a4e4d9e,RS,alvorada,-30.03196827988144,-51.08405025937995,MG,-20.94004902170557,-45.82696971616617,1139.9536787366212,1,2,239.98,121.33,12600.0,2017-11-24 15:57:39,2017-12-28,2017-12-09 00:46:44,14,0,33
60ca761c522b32f4c47465e3ab5c5b8c,7167388318dc1270ddfac0f46bce5f6b,RO,porto velho,-8.765998858024522,-63.89314474007578,MT,-15.602658420792585,-56.10280338024615,1137.4726976559011,1,1,72.9,19.05,900.0,2017-11-24 12:08:59,2018-01-03,2017-12-05 01:59:53,10,0,39
3f596c69e8e78788530d898331118c7c,6230e4c4b38009c58b83aa90c2603ed9,BA,vitoria da conquista,-14.875675438038172,-40.81060677124288,SP,-23.504398054538573,-46.624627022882166,1136.8281272779457,1,1,21.15,23.22,5500.0,2017-11-25 16:23:49,2017-12-21,2017-12-12 00:35:02,16,0,25
2eae590e79adf4a3c3876767968770ac,582bde47354c490991f601d223d34537,RJ,rio de janeiro,-22.887081387183287,-43.55767681002937,PR,-25.442762067969603,-54.40078556444748,1135.7492032332775,1,1,67.9,14.23,500.0,2017-11-25 17:42:22,2017-12-15,2017-12-14 23:25:04,19,0,19
a201df9049369ecb87e5c87029a23e1f,1c91bcd4142213a9d1926d24ed87c255,ES,vitoria,-20.260231292259995,-40.268254195560345,SC,-26.488493474897464,-49.08236411518263,1134.6816439760585,1,1,739.9,44.17,5150.0,2017-11-24 19:09:02,2017-12-21,2017-12-19 22:44:54,25,0,26
d2992524597d2321e4601eab098c7791,4c631dd0a385e2b5ceee81ced3d32b93,RS,alegrete,-29.800471022017227,-55.75375818383771,SP,-21.757690120914923,-48.82976816265947,1130.9278038733448,1,1,49.9,17.6,1300.0,2017-11-26 23:16:12,2017-12-28,2017-12-22 20:28:34,25,0,31
c6c2b773220a3f75195832ac098af194,49658117b256d5f59316507693ffefc5,MG,belo horizonte,-19.90625324508045,-43.92317252137203,PR,-24.965962795169947,-53.467841280714566,1130.3057681993037,1,1,74.9,18.09,500.0,2017-11-24 08:51:15,2017-12-20,2017-12-13 21:56:53,19,0,25
3b6bf8d07e34c52b0f65c58afb3df15b,22f7df0fe6413ce90a307df4709e8931,ES,itaguacu,-19.80240576537453,-40.85599824877698,SC,-27.15253242886683,-48.50464784416293,1129.1830143717498,1,1,1299.9,34.38,683.0,2017-11-23 23:22:25,2017-12-27,2017-12-11 17:53:30,17,0,33
79832b7cb59ac6f887088ffd686e1d5e,ce3e77ff426cf554944d321064dd87f2,BA,medeiros neto,-17.37305401784472,-40.222468158284485,SP,-21.426847789373337,-50.0643276561055,1125.9593531708838,1,1,59.9,19.66,4400.0,2017-11-21 08:52:33,2017-12-15,2017-12-01 00:33:58,9,0,23
a085154af3d68d11b256a6facc891a56,0e7de6e91e05d4cb605014f859417092,RS,alegrete,-29.78087059950869,-55.79044884964801,SP,-23.553426672969827,-46.84972934356494,1125.650138174423,1,1,39.9,16.11,425.0,2017-11-22 16:46:34,2017-12-20,2017-12-04 20:56:16,12,0,27
a0e78c0f47221ec7bb3ffee8fdd91239,8099fadb07a30a0edd0ddd7f6045724f,MS,campo grande,-20.3916202673971,-54.568977271892805,RS,-30.03336443104038,-51.23063954079865,1123.284160171297,1,1,29.99,17.63,200.0,2017-11-25 01:01:29,2017-12-19,2017-12-01 20:56:37,6,0,23
64e31c69d5a163acc2d5c0632001e4eb,33387b0074d1a4017ec034c902bac9b3,MG,juiz de fora,-21.79590968708376,-43.34808791244436,BA,-12.89472449617752,-38.33875838605659,1123.1972974854225,1,1,235.9,26.93,450.0,2017-11-27 17:10:53,2017-12-20,2017-12-18 18:34:10,21,0,22
ad850e69fce9a512ada84086651a2e7d,30bb84b541c96af98ba7d90b9ebf35d0,MG,montes claros,-16.726438713451063,-43.87534930197928,PR,-25.45795217485142,-49.30899607966408,1122.274283120472,1,7,1093.0,149.57000000000002,16450.0,2017-11-21 17:23:04,2017-12-13,2017-12-07 14:47:05,15,0,21
4a6785c73413aa4b53aecc0c88bf19e3,d2c8a6a2fb3c618a57c3ab9c01d343d1,RS,sao sepe,-30.1672835478392,-53.568312538432494,SP,-20.806830481885147,-49.38960170992274,1121.8679843800314,1,2,98.0,35.34,3500.0,2017-11-24 21:44:06,2017-12-27,2017-12-20 20:03:42,25,0,32
35d89cb00c04825ece90d7a205c0347f,11e50198c769f7badb6655afa56724a6,BA,porto seguro,-16.432305466129215,-39.07585856311037,SP,-23.625852663887155,-46.61139748251486,1121.7455313764683,1,2,54.98,33.58,600.0,2017-11-27 17:14:33,2017-12-26,2018-01-05 20:04:17,39,0,28
c6a79749006273a0aa6567ddfd275527,0fd1c951a39c742d65f743041bb9604f,RS,porto alegre,-30.01348670107913,-51.19073788307298,RJ,-22.84258446627047,-43.303678777468456,1118.4688354970249,1,1,49.9,16.92,1100.0,2017-11-25 19:55:32,2017-12-22,2017-12-11 21:57:06,16,0,26
a769126f033474696dd593d143b450d4,f104b5445c31fb5895fac27d95a3293b,SC,campos novos,-27.399771320303053,-51.226497760529256,MG,-19.894223410208355,-43.930916412170255,1116.8605750575523,1,1,39.99,16.79,50.0,2017-11-24 23:51:56,2017-12-21,2017-12-01 17:29:02,6,0,26
616e6d0ca11adb3e6d834612726f67f0,5ea02a7e688f1ce6dbeccc48a7d45003,RJ,niteroi,-22.90600354640406,-43.10553826082004,RS,-29.9154979313812,-51.14278755030342,1116.5011581974377,1,1,89.9,22.5,2500.0,2017-11-24 15:54:19,2017-12-19,2017-12-07 12:03:54,12,0,24
5ddb1f7921a2218a2f21cf9ed9995a5e,514f273dcfd868433162e713fd57cab1,RS,rio grande,-32.204285231363016,-52.17945779216544,SP,-23.51253401672528,-46.501049539944844,1115.5937419341171,1,1,19.99,15.1,100.0,2017-11-24 13:01:36,2017-12-22,2017-12-23 17:35:24,29,0,27
bf4acb0df3642cc86d6217d861598798,6105669038af83b587aa02fbb037389d,MG,mar de espanha,-21.864353127850947,-43.00812266988549,BA,-12.89472449617752,-38.33875838605659,1113.384975121473,1,2,493.24,56.54,1800.0,2017-11-25 20:03:57,2017-12-21,2017-12-06 18:33:24,10,0,25
60725ae38288a737c3c59e0c7f4dd430,4feb636a8b4649291002a7e832289b03,RS,rosario do sul,-30.256065260483723,-54.91883002260803,SP,-23.56788988703906,-46.57394821510183,1111.786996040182,1,1,42.0,15.1,1400.0,2017-11-23 20:24:54,2017-12-26,2017-12-28 20:06:56,34,0,32
3296617b0f860015465b3259c42115b2,4c0db677ace7cfb1bc3b297422510dea,RS,passo fundo,-28.232837447277163,-52.37330334914248,RJ,-22.826413437605595,-43.053180037616045,1111.07164774206,1,1,55.0,16.83,300.0,2017-11-20 11:27:40,2017-12-12,2017-12-04 17:58:56,14,0,21
ce32a1ef7b8affd937675b5aa005d877,bd9864145b8be857f5e35f239ef69601,RJ,rio de janeiro,-22.8961984228604,-43.35568746796124,RS,-30.00839962559865,-51.20149509977495,1110.8349944686831,1,1,105.0,24.11,2800.0,2017-11-24 14:06:15,2017-12-18,2017-12-13 16:22:59,19,0,23
9341714d42d6bb575c75707728fd6fcf,46d111fc5e3cb182e30c0200f940c0af,RS,cachoeirinha,-29.942848768785325,-51.10729169782901,RJ,-22.93534069637593,-43.186718398333056,1107.9305376509667,1,1,99.99,22.57,1550.0,2017-11-27 14:37:18,2017-12-19,2017-12-07 17:44:44,10,0,21
b76c83c649d21e53136f71ab5cff8bc0,6a8bbb42fd8059e4d2a11fb04c09a125,RS,canoas,-29.89894481127012,-51.16366879649095,RJ,-22.84258446627047,-43.303678777468456,1107.8193879275157,1,1,79.9,17.13,900.0,2017-11-27 02:27:01,2017-12-26,2017-12-06 19:35:06,9,0,28
442c20f1686da98436dda5a6c7c52e16,2b33fb50f4ecaf4910139c4e303e2cf0,MG,uberlandia,-18.917864434084464,-48.33131223723239,MT,-11.835954098015891,-55.50803301489325,1100.537582781849,1,1,129.9,38.46,1250.0,2017-11-24 22:40:33,2017-12-22,2017-12-05 19:06:10,10,0,27
38567ea58a8c84a1d15845d0de8a855d,79512c8103a1200334da323541679999,RS,eldorado do sul,-30.000788742708984,-51.31036817625689,MG,-21.959964627428853,-44.8905421483232,1099.9850467578967,1,1,83.3,33.03,10750.0,2017-11-27 12:29:29,2017-12-29,2017-12-21 17:38:53,24,0,31
1ef6133727cdcc029e9dbcb68ad5d57f,7a56704a242550f842f7a623eb62c966,TO,cariri do tocantins,-11.893993163709174,-49.16172712197573,SP,-21.757690120914923,-48.82976816265947,1097.3602081355025,2,2,185.9,56.24,3150.0,2017-11-26 17:53:36,2017-12-22,2017-12-21 22:09:14,25,0,25
bcd7dbf9f460ff7e9553592547797b95,b075a9da8504753b6be39fd18a41f032,RS,rio grande,-32.175798568104824,-52.16263262945662,SP,-23.659182,-46.52514198029314,1096.6017897992715,1,1,99.0,16.45,597.0,2017-11-23 23:28:03,2018-01-04,2017-12-01 20:06:19,7,0,41
63fc384c8e172e856d4cde83ce2a5234,f0bbc828c2f3a154ac29c3736047372f,MG,arcos,-20.28839600731144,-45.54066538803468,PR,-25.54168647758336,-54.585197713463536,1094.5902215689007,1,1,159.9,28.5,3400.0,2017-11-24 22:08:39,2017-12-22,2018-01-13 11:14:31,49,0,27
e4140f1a5e60f4ceb4190546f710921f,e5e2e7562eeaaffd57473e3c3a668fe3,RJ,volta redonda,-22.51150638481737,-44.08098386955392,RS,-30.015353525390992,-51.16292631709848,1092.4939517558937,1,1,169.97,17.63,100.0,2017-11-23 19:30:08,2017-12-18,2017-12-04 16:36:51,10,0,24
0347673d14e454a696bca6aebe61f23e,f1d2dccf40e047efb9b678cde4a123cc,RS,novo hamburgo,-29.69297527928461,-51.13877179785747,RJ,-22.93534069637593,-43.186718398333056,1091.503094065052,1,1,69.99,15.93,2197.0,2017-11-27 14:54:37,2017-12-19,2017-12-22 12:27:00,24,0,21
4d6f79209e34185f85488e65c20c63a8,2b456258ddb10164544de0a042fa0e3c,MG,bocaiuva,-17.113919335163054,-43.81556530122148,PR,-25.49056291666161,-49.30203540807671,1090.7668211283844,1,1,210.0,46.77,9250.0,2017-11-27 17:51:39,2017-12-26,2017-12-15 23:23:46,18,0,28
2f2a34292298ceb3802f19528c621d87,b690976af1599d1552e68bece00f260c,DF,brasilia,-15.791154734041342,-47.85672962141953,PR,-25.45040220122144,-49.56040541360136,1088.5464129250145,1,1,229.9,48.53,9350.0,2017-11-24 20:39:09,2017-12-19,2017-12-04 22:57:02,10,0,24
b802a721cba4cdeb7d3b390b4f24495f,83f4216232e089eb36f1ede07df6bb24,BA,rio do antonio,-14.41064624526392,-42.07701793857206,SP,-21.757690120914923,-48.82976816265947,1084.396676412047,1,1,155.0,17.53,2200.0,2017-11-24 19:28:22,2017-12-26,2017-12-11 19:48:39,17,0,31
048860a9cc82e1ab85c2d34174944cc8,98b76889a5a14021b4a1f8adf2f69665,GO,alto horizonte,-14.196042698037372,-49.33546607001976,SP,-23.63260424617697,-46.76020040743839,1083.59761672656,1,1,55.91,15.14,317.0,2017-11-25 09:55:39,2017-12-22,2017-12-11 12:05:16,16,0,26
885e6b2a928b8989d31fe2e7db3a55f4,fdc9ea90bfb6df0f7f53217158a3ce0d,BA,ilheus,-14.785490691556074,-39.04695439841028,RN,-5.8402480652230375,-35.20793075034625,1079.5136293545577,1,1,239.0,20.91,1500.0,2017-11-24 18:03:04,2017-12-26,2017-12-16 19:59:03,22,0,31
8566f753d23664b0c4e44544fab50d6f,dd2c12cc177b631cc2bcf253227b8a8c,GO,itapirapua,-15.820316369060022,-50.61014350949811,RJ,-22.53988593060518,-43.197575382221615,1078.556360314946,1,1,339.9,19.95,510.0,2017-11-24 22:29:37,2017-12-22,2017-12-14 15:35:21,19,0,27
04eafa8a91ba0d51dc0c193bb67afc87,6b63f5ef5bfc6d4989c9a07d5513d154,DF,brasilia,-15.845642702337878,-47.87679787618914,PR,-25.440740004991664,-49.267218435340624,1076.6587310462858,1,1,259.9,19.1,2600.0,2017-11-26 01:02:57,2017-12-20,2017-12-06 16:42:50,10,0,23
1094dc9e3237f4deff27a2bab683a300,bb06fef1b4fca6bcc757a3db68a9daf1,DF,brasilia,-15.851129092495547,-47.951489385097474,PR,-25.447582257285475,-49.25463280746252,1075.6288150080557,1,1,329.9,87.93,19450.0,2017-11-22 23:15:12,2017-12-12,2017-11-30 16:49:01,7,0,19
73cafc0c127f9cee457b39b5c0e3fc16,6c5a55062c58e82b90671a05b892ca4e,BA,salvador,-12.982866350805548,-38.51682126031237,DF,-15.838541298222948,-48.05311331669846,1074.7998846217065,1,1,76.89,17.82,300.0,2017-11-25 16:44:23,2017-12-21,2018-01-05 22:17:17,41,0,25
e8c9b0d66cadc26a3f329d777f0eff7f,3184fb416b3d00500c5c4c034d3102ea,BA,ibicoara,-13.411194948089578,-41.28437091630435,RJ,-22.844493512637705,-43.34313234341075,1071.1934577261757,1,1,29.9,25.63,500.0,2017-11-22 16:15:43,2017-12-18,2017-12-11 23:10:08,19,0,25
1be0f117edf1db44a3d8349c0a0d2b5c,4f75e31b1c3977689e9fa85f8a7b3b05,MT,nova olimpia,-14.781971784821668,-57.28538993838858,SP,-20.806830481885147,-49.38960170992274,1070.844497746877,1,1,49.0,19.66,1650.0,2017-11-23 23:15:48,2017-12-22,2017-12-14 21:56:57,20,0,28
4bff66c10610e424c94b8cc3ee0f2bea,34e96035e861054d0816e2168ee210c5,PR,renascenca,-26.15756156323692,-52.97095679637472,MG,-18.59508110934971,-46.51777561124804,1070.6865388414494,1,1,89.9,18.2,550.0,2017-11-24 20:14:59,2017-12-21,2017-12-11 19:54:10,16,0,26
38171cba31c7211ce21559574998ffdd,3b0f5b493b8a54c1298ae4edaa002fb0,RJ,rio de janeiro,-22.944469945322865,-43.184902217179285,PR,-24.965962795169947,-53.467841280714566,1068.5132587515316,1,1,119.9,20.08,2650.0,2017-11-24 14:27:49,2017-12-19,2017-12-22 21:09:18,28,0,24
45d415631ccea18d79bed1ea8088b58c,a0f02065ac39fbe6cc97d33e2ab47e17,BA,caetite,-14.068487619139264,-42.488189883855696,SP,-20.416380955307154,-49.98507612801325,1063.5655604107344,1,1,99.9,18.27,500.0,2017-11-22 22:42:11,2017-12-18,2017-12-06 15:42:18,13,0,25
692648a2b4637c1a31bb54a978fe9822,9c163fbba40729af0b5fcece313797f0,MT,campo verde,-15.549220818454463,-55.167211688440354,SP,-21.90747320518916,-47.62143917310523,1063.1647923536614,1,1,129.99,18.48,700.0,2017-11-24 01:41:07,2017-12-28,2017-12-06 23:52:00,12,0,33
8bc7c04f8ea4ab1cfc2d0f8d836da43b,e4b139287dd53c041c52b2bc68a2c17f,RS,pelotas,-31.70119385789716,-52.31311740530878,SP,-23.611654194010004,-46.63146857729816,1058.8971129398928,1,1,38.9,15.1,300.0,2017-11-24 00:10:14,2017-12-22,2017-12-14 21:59:09,20,0,27
0de63dfb56f4aeb1c82c093272dd593a,512966bc5f391e213ef515141a15f268,PR,pato branco,-26.22580808081601,-52.67412588626672,MG,-18.59508110934971,-46.51777561124804,1058.0659582415926,1,1,89.9,18.2,500.0,2017-11-24 09:55:29,2017-12-20,2017-12-12 17:38:00,18,0,25
5813dccc11eeeec1c8b609e396c12291,8fa05383791a1be46455976f3b50a1bb,RS,pelotas,-31.764857610739234,-52.33860395288248,SP,-23.652442526788203,-46.75549168747648,1055.8500599754914,1,1,55.0,15.14,200.0,2017-11-21 09:55:35,2017-12-15,2017-11-30 18:28:40,9,0,23
afd02669bcda281a6a9a153dbcf60e39,79647ff1cbf238aedace758bd4271aab,BA,guaratinga,-16.584435,-39.78204263354724,SP,-23.545662511930896,-46.641384647440745,1054.2639655072792,1,1,30.0,16.79,188.0,2017-11-26 20:16:07,2017-12-28,2017-12-07 19:09:10,10,0,31
8adee5f27ae7551113fc26ce21202576,f7a372c8cda1efcf20d6d6821d6606b9,MG,pirapora,-17.342303063567126,-44.93370877307213,PR,-23.622154732271355,-52.46925317823966,1050.1214181989506,1,1,39.9,17.92,300.0,2017-11-24 01:29:52,2018-01-03,2017-12-19 23:50:06,25,0,39
7898e04c6122e0ceb6ad07f8707bb415,3a42ca312f7f0cbfb87a67d79c8b3921,MG,diamantina,-18.242848217968003,-43.60096234439895,SC,-26.28722555453289,-48.850959075076446,1044.6225361556037,1,1,59.9,16.86,265.0,2017-11-24 23:59:34,2017-12-22,2017-12-10 18:57:06,15,0,27
8a0b2bc5c7a1c524635f4de8bae9dffe,764fb80689629a0092fa11ada23a0c4e,RS,viamao,-30.088762678651754,-51.08446534987889,SP,-21.172213467107177,-47.82413717277396,1043.7862278798664,1,2,970.0,38.3,1300.0,2017-11-23 22:27:55,2017-12-22,2018-01-20 15:26:28,57,0,28
e87af6f598445282ba3662fc3cc5c3dc,0a22d8d52773816e0f996063699667e2,SP,cajobi,-20.8778106449152,-48.8111205087521,RS,-30.00839962559865,-51.20149509977495,1043.1615653887573,1,1,105.0,25.57,2800.0,2017-11-22 20:32:00,2017-12-21,2017-11-28 21:28:56,6,0,28
941ebebbc2c3685498a892e2a29237c9,aa401ab0f146d2ed8ba1e68f8c818243,RS,charqueadas,-29.96150870112698,-51.62866453331365,SP,-20.806830481885147,-49.38960170992274,1042.4221498922348,1,1,49.0,17.64,1550.0,2017-11-26 19:47:54,2017-12-28,2017-12-14 23:04:24,18,0,31
fedc929029b296446e7a6d15adef783f,ac6014e18042c49a2c39d75c2604c2bc,RS,charqueadas,-29.96150870112698,-51.62866453331365,SP,-20.806830481885147,-49.38960170992274,1042.4221498922348,1,1,49.0,17.67,1750.0,2017-11-26 19:45:05,2017-12-28,2017-12-26 21:26:59,30,0,31
9184e4fb03ebdcb5a06a6d1237463ca5,eeb1498af1ef1f5c9c612b6130298f66,RS,triunfo,-29.93878090977149,-51.71786001844873,SP,-20.806830481885147,-49.38960170992274,1041.9275181800028,2,3,166.0,49.56,4050.0,2017-11-26 11:34:47,2017-12-28,2017-12-14 13:29:52,18,0,31
97c03a7db982e3af99d766bac1aadc7f,cb6623755c5572877aa65de62c147da8,RS,vila nova do sul,-30.342738730282043,-53.88353358736594,SP,-23.65869024839867,-46.52249513292757,1040.691040625428,1,1,84.99,16.35,600.0,2017-11-21 15:22:12,2017-12-20,2017-12-20 09:36:50,28,0,28
182b04723eb5306a7d96bdec43fbd51e,3c0484744c9b3a3d7af35aa68c25a7cf,MG,belo horizonte,-19.93624791006412,-43.95773026201734,SC,-28.23876137953961,-48.672978306947584,1039.5872970606013,1,2,110.0,33.66,1500.0,2017-11-21 11:09:45,2017-12-15,2017-12-05 20:07:50,14,0,23
e5507d205012f77887831308321ac9e3,53b5ac878e3b5f8a94af4dfe5cf6e8b8,RS,novo hamburgo,-29.70589281397148,-51.14196186789605,SP,-20.416380955307154,-49.98507612801325,1039.4750182998428,1,1,194.9,18.61,1600.0,2017-11-24 23:49:30,2017-12-22,2017-12-08 00:13:54,13,0,27
5f308941ed9b7d5b0a5031e2929f17eb,91c4f7387cabb1d7057590321645f0bf,BA,itapetinga,-15.250302992080991,-40.24622186583831,MG,-22.43068953453729,-46.57343370165055,1039.237825918704,1,1,68.9,19.72,1800.0,2017-11-25 23:45:18,2018-01-03,2017-12-19 21:22:58,23,0,38
1c308eca3f339414a92e518e2a2e5ee9,e53e1eedc9ebf9fa7a3318c60ece1d25,BA,ibiraja,-17.199267612467956,-40.21899363718256,SP,-21.757690120914923,-48.82976816265947,1034.8819734604117,1,1,49.95,16.79,350.0,2017-11-26 23:25:43,2017-12-29,2018-01-23 14:37:27,57,0,32
953b30095a07fb4b4f3b90f84fe843eb,7dab7380954749219dc87deea26d4434,RS,pelotas,-31.77281834165277,-52.33839722258932,SP,-22.65581842492353,-50.395499413266776,1031.7408716286277,1,1,149.9,21.54,2450.0,2017-11-25 17:18:31,2017-12-27,2018-01-09 14:53:59,44,0,31
7d6b60a740c816534aba4faf2dad0752,7eecc872bb8542c147aac6a7b801ad2d,RJ,rio de janeiro,-22.89643935056418,-43.60695346864298,RS,-29.173029573086687,-51.21014596899224,1031.0240408849152,1,1,149.0,35.56,10100.0,2017-11-24 22:29:43,2017-12-18,2017-12-15 00:27:39,20,0,23
2db27b143f985b40640f72cb16a95f29,d723777e75dcf9ef925213374d01b37c,MT,barra do garcas,-15.88656862472217,-52.26615658821429,SP,-23.48535959449485,-46.624283978908174,1030.5819636289534,1,1,81.2,19.81,1400.0,2017-11-26 17:11:53,2017-12-27,2017-12-15 23:17:11,19,0,30
1a358c4ef8c7d066e7e526670d486f3e,4e99533d9f44d1f5a66cae1bb9e42ba4,RJ,armacao dos buzios,-22.768365198591823,-41.9039568032206,PR,-23.388124700617865,-51.95479525453632,1030.257580357577,1,1,98.9,18.26,173.0,2017-11-22 08:01:01,2017-12-15,2018-01-03 20:58:48,42,0,22
80aa51679b1fef5a66ee92a688e44fa3,f03ed5c05aba9384c235b9eb87a5b499,RS,porto alegre,-30.00094299144014,-51.09498079754235,SP,-21.258651614764283,-47.81394639862495,1026.0674792744958,1,1,121.9,18.1,1350.0,2017-11-21 20:28:12,2017-12-15,2017-12-27 21:18:28,36,0,23
de5a814b231c540ae5995a95a149551e,df02d129ebfbb0c82edd11e2a6001dcc,RS,sapucaia do sul,-29.842602348098684,-51.13190083959744,SP,-20.806830481885147,-49.38960170992274,1019.8261468864428,1,1,49.0,17.67,1750.0,2017-11-24 01:56:27,2017-12-26,2017-12-14 21:06:20,20,0,31
f6aeaaa897aaaf586ac05fb8d821ed9e,3f2036cf3539c9c355fd991251a13f60,MG,piranguinho,-22.4027145,-45.53617292633968,RS,-30.00839962559865,-51.20149509977495,1016.772910377416,1,1,841.5,33.4,2300.0,2017-11-23 15:43:00,2017-12-26,2017-12-26 19:43:37,33,0,32
c5118d11c7071b2962ba03249bc6b305,2ec2126db43f8b996d2abf3043f33539,MG,santo antonio do jacinto,-16.53302090015017,-40.1761380121674,SP,-22.92492963558197,-47.0742943724681,1012.7418354980684,1,1,134.9,16.7,367.0,2017-11-24 23:57:29,2017-12-19,2017-12-23 04:38:39,28,0,24
53e9eddc6f35cac865b535ed8868d5e3,cb5631027abb1112379204acc679ad00,RS,porto alegre,-30.015353525390992,-51.16292631709848,SP,-21.36006189551128,-48.072412538636975,1010.8674821591072,1,1,146.0,15.77,444.0,2017-11-22 22:28:20,2017-12-20,2017-12-06 16:43:53,13,0,27
4c5d1f62e7eaa8c0f05fbe1b048ee690,9b5909d646d1b9ec3d8cbaf0bae0a0ac,GO,itapaci,-14.955761512092622,-49.54693574933121,SP,-23.652442526788203,-46.75549168747648,1010.3113956301848,1,2,78.0,30.2,450.0,2017-11-21 11:35:54,2017-12-13,2017-12-01 14:46:56,10,0,21
d071612bc42212e206ac393b52b1f457,0f048b69dd555b33627091aaaf9c87c2,RS,santa maria,-29.706404537705414,-53.71720315182636,SP,-21.757690120914923,-48.82976816265947,1010.0479363454753,1,2,167.8,35.68,2200.0,2017-11-26 22:23:53,2017-12-27,2018-01-08 15:59:49,42,0,30
617dba85b5a384d32d348f3a8cb4ce80,e8e959d59d353044e098efd1f9cb34bf,RS,sao sepe,-30.1672835478392,-53.568312538432494,SP,-23.48085590563506,-46.71032357035894,1007.3975435515692,1,1,39.5,16.11,800.0,2017-11-25 17:31:43,2017-12-28,2017-12-15 20:47:47,20,0,32
7eb6bfea5daf19a607f08fd25ea7672a,b30e4f64673460bd0dc5c76eb312267a,MG,engenheiro navarro,-17.285272543444197,-43.95014690553683,PR,-23.280892527684564,-51.18804374613431,1006.7435008729892,1,1,1997.0,109.55,18000.0,2017-11-23 22:35:26,2017-12-21,2017-12-04 15:22:40,10,0,27
594c468bf0e84130d7184c7c872d7e11,3fa4b9c35684851a5b8ec6c251288fbd,RS,cerro largo,-28.14709183272649,-54.73789745835276,SP,-21.24637998735172,-48.3180082512998,1004.2473215815452,1,1,54.0,17.63,900.0,2017-11-23 07:30:28,2017-12-21,2017-12-22 23:25:35,29,0,27
0be7e98768e4af5d5f972b05d01a82e1,8da4a561ec4d53e218fa89fe8530d8c8,MG,alvinopolis,-20.108316866106662,-43.05751404000867,SC,-27.543786658615705,-48.631972642506845,1002.1658668481812,1,1,59.9,17.99,700.0,2017-11-20 12:49:26,2017-12-15,2017-11-29 22:04:05,9,0,24
55aeba08a7d54fd54220244c4dfdb559,e2cbf3aa452a25609a3dd8aba84071a6,BA,itaju do colonia,-15.143336384413155,-39.72420626327064,MG,-18.914980232586977,-48.27813616348312,1001.235382815094,1,1,39.9,16.79,150.0,2017-11-24 23:03:16,2017-12-21,2017-12-13 22:22:50,18,0,26
fb778dbecc94ac70dabbc1bf2d339e0a,1508b69411adce05d88efcb7cc673977,MT,cuiaba,-15.621868057884948,-56.07224614382604,PR,-23.317650533181272,-51.15768994561134,998.5823726076118,1,1,31.38,26.89,150.0,2017-11-24 16:17:29,2017-12-22,2017-12-21 19:27:49,27,0,27
46cce235fa3f299c3093aedae4396900,6fa98fa8dfe234b37dffdf3faf2986c9,RS,santa maria,-29.69236525549596,-53.811816361435646,SP,-23.50596583126541,-46.57852189203073,994.6858400876208,1,2,299.98,33.62,200.0,2017-11-24 10:08:07,2017-12-22,2017-12-21 21:27:47,27,0,27
1d50a1ce4cf6a22155891f66fb4117b0,1be4dacc77876796a16fe15cb714f4ab,RS,ivoti,-29.604057434931395,-51.16367994367905,SP,-20.806830481885147,-49.38960170992274,994.3044850800538,1,1,49.0,17.64,1550.0,2017-11-24 21:36:30,2017-12-27,2017-12-27 15:12:19,32,0,32
600f8e805d1ed7fb72f4f33e3ea812fe,a2db663a96649cbb12a8df657b52ceda,MG,brazopolis,-22.47402490515725,-45.61721480055336,RS,-29.9154979313812,-51.14278755030342,993.9032487579595,1,1,120.9,59.86,7800.0,2017-11-27 15:23:37,2017-12-28,2017-12-15 22:53:09,18,0,30
dc0e878c900ba40571360f0890a14666,00d97ddbc2cafa83bc2412d11da98d88,SP,santa cruz das palmeiras,-21.82636062566549,-47.248710999015806,RS,-30.00839962559865,-51.20149509977495,991.7425423579904,1,1,105.0,25.57,2800.0,2017-11-25 17:51:37,2017-12-29,2017-12-06 00:54:44,10,0,33
ae90262d3192e46f6d8e68bc5843025d,9237654c3fe0c68824bb8c16c94956f9,RS,santa maria,-29.67489738689,-53.803132948420256,SP,-21.43890147950148,-50.076963958313655,988.937069094558,1,1,399.9,20.05,1800.0,2017-11-22 09:40:02,2017-12-19,2017-12-05 19:32:03,13,0,26
b57b3958cf9a3e784bef1df23bc9b9fa,59ffee5e19c99f7991b5e57f452bbb3b,SC,florianopolis,-27.68260743184844,-48.48910090466843,MG,-19.867906407416527,-43.94863882589885,983.875976625542,1,1,31.9,15.79,250.0,2017-11-23 23:19:10,2017-12-26,2017-12-23 00:03:34,29,0,32
e72511587872c5769d43aeda089b28ca,d5e32f4d48eefeadfbcb1b8e068369fe,RS,sao leopoldo,-29.76394184078259,-51.09135040725602,SP,-21.36006189551128,-48.072412538636975,982.170142755427,1,1,129.0,15.57,444.0,2017-11-27 11:26:16,2017-12-28,2017-12-14 21:21:33,17,0,30
9d3c48c87bfb7e8b574b4d375f882841,b7140a4b63f7ad250e00266372f28787,MG,uberlandia,-18.914980232586977,-48.27813616348312,PR,-25.54168647758336,-54.585197713463536,981.6533607330095,1,1,159.9,28.5,3300.0,2017-11-24 21:41:40,2017-12-21,2018-01-23 22:36:09,60,0,26
45b1b3b169e059058cccd3eed24aa5cd,6f8fabdb68a6ad9c7f5d49413e65f46d,BA,lauro de freitas,-12.897535006445706,-38.32266281048485,MG,-19.867906407416527,-43.94863882589885,979.983469833558,1,1,31.9,15.79,250.0,2017-11-21 13:00:21,2017-12-21,2017-11-30 02:21:32,8,0,29
4c75971c4d905bf7cc8e96d445d4bc59,ddc516c1e6ebded0c74cbfbe34f1269f,MG,teofilo otoni,-17.874703072820363,-41.508311126839416,SP,-21.426847789373337,-50.0643276561055,978.9071320645576,1,1,139.9,18.23,1500.0,2017-11-20 21:58:24,2017-12-11,2017-11-28 18:08:45,7,0,20
50d73aae647c6c12616d5bf9e6aee1c2,2f5d191b0d3451ef0e69e182248d6090,GO,goiania,-16.66970996604237,-49.26919372876465,PR,-25.469979548156257,-49.306212701915854,978.5528479989048,1,1,39.9,22.67,900.0,2017-11-21 12:44:23,2017-12-11,2017-11-29 23:15:45,8,0,19
73dfec91f44d4356d6abcf6cbbbcfe90,8c699d5d2606b7cbfe0e3a8bbf1a3fec,DF,brasilia,-15.815328337961944,-47.98783770924069,RJ,-22.40251417902456,-41.81479351477589,978.0045234480442,1,1,699.9,22.15,1550.0,2017-11-21 22:55:37,2017-12-13,2017-11-30 15:53:20,8,0,21
317cb7f3391660e97cfeaa2ca5927df0,60f1dec678126bd21045e15d68774953,MG,ribeirao das neves,-19.791429754454715,-44.00642132653356,BA,-12.89472449617752,-38.33875838605659,976.3436840861086,1,1,246.62,20.27,900.0,2017-11-24 18:25:17,2017-12-20,2017-12-02 12:22:47,7,0,25
86ab8c67b078c9f06af6425f03dc508f,ae6ab14831add8aba2de8b13d0ac1daf,MG,belo horizonte,-19.87317691534425,-43.93586893581568,PR,-23.622154732271355,-52.46925317823966,974.6378612965505,1,1,39.9,17.92,300.0,2017-11-24 00:37:39,2017-12-29,2017-12-07 16:43:28,13,0,34
64f2e9aa85911b6a48e3d11ef05b73c7,8aead9173f1c996b7c2c82b7e484fdaf,SP,mococa,-21.46659046556102,-47.00531582543479,RS,-28.873252586959843,-52.18044450760111,974.0995995545336,1,1,1150.0,41.41,8350.0,2017-11-25 15:48:04,2018-01-04,2017-12-08 17:26:55,13,0,39
fcda5efd5784446de6cc277ef91e6e2a,ef8ca6de2f90db6f28b22103b9993532,MG,belo horizonte,-19.8866430313636,-43.9838794636547,SC,-27.543786658615705,-48.631972642506845,973.814171245118,1,1,59.9,16.99,650.0,2017-11-22 00:39:48,2017-12-14,2017-12-05 13:28:46,13,0,21
7d1ce7457c6de5e26ff0d58b395befb6,48b648863faff4c9aeeb417673fb45e1,RS,porto alegre,-30.13095317069649,-51.23302606522303,SP,-21.43890147950148,-50.076963958313655,973.395902465614,1,1,43.9,25.19,3875.0,2017-11-21 09:29:05,2017-12-15,2017-12-11 23:37:04,20,0,23
deaa5978bbef127b0a9c68e6a7f4c1e3,904536251ddd892544f095d8107eed21,BA,salvador,-12.95780165962436,-38.395063974245375,MG,-19.867906407416527,-43.94863882589885,969.9117111847848,1,1,31.9,15.79,200.0,2017-11-24 02:18:38,2017-12-28,2017-12-01 19:32:55,7,0,33
94b860984e79a390fa2d4793ddd46404,a7a2f43c562c74d555c0bf1e19fcca4b,RS,porto alegre,-30.07960421530442,-51.24109277448216,SP,-21.43890147950148,-50.076963958313655,967.8267143436844,1,1,104.8,15.48,500.0,2017-11-26 12:35:58,2017-12-26,2018-01-03 18:39:36,38,0,29
5aa65b67d199200514ab0d0a701199d2,b759d83c744ff08274fb4f1e1f9362db,GO,mara rosa,-14.017692127211063,-49.17903468897963,SP,-22.56117141825844,-47.447471268798,967.379231005272,1,1,84.0,15.34,200.0,2017-11-25 16:32:14,2017-12-21,2017-12-21 15:58:46,25,0,25
65bd34264e92e55142465420aad29126,66ce46e4ab8582ed7de4e569f26d9de3,GO,jussara,-15.869375107362702,-50.86742383886169,SP,-23.49901135775293,-46.48301004717532,964.3722345005832,1,1,13.99,15.1,50.0,2017-11-22 16:46:44,2017-12-14,2017-12-05 22:48:50,13,0,21
4072fb31a37a095cf5c6efcc068d4f5b,4d5d221f42822e2d35af67da7b2ebb88,RS,garibaldi,-29.25626818673065,-51.52913726983239,SP,-20.806830481885147,-49.38960170992274,963.8729569991526,1,1,49.0,17.64,1800.0,2017-11-25 16:09:19,2017-12-28,2017-12-18 22:10:38,23,0,32
fb46ec58122be3837cc47f9d175de2bf,4cad73afd092cc3432dd5ce0b5fa5d6d,RS,porto alegre,-30.04896194587113,-51.18911279156328,SP,-21.43890147950148,-50.076963958313655,963.8326764703172,1,1,57.6,17.65,1100.0,2017-11-24 14:07:14,2017-12-22,2018-01-18 22:13:36,55,0,27
88c1da223617b94fe4a238ab01b8a541,1676f6b6f385955ca08fc58604321eeb,RS,guaiba,-30.11816673735381,-51.32783537391998,SP,-21.757690120914923,-48.82976816265947,962.5175261726836,1,1,117.99,15.58,2700.0,2017-11-23 23:46:16,2017-12-22,2018-01-04 17:28:30,41,0,28
493c6e38e4bd3f2c115a1523a455c47b,46e789a3e41ef3d5a377365e5ffc11a4,MG,salinas,-16.16690142735075,-42.29265478337428,SP,-23.933241296527093,-46.32942742274111,960.821013290538,1,1,69.9,15.24,283.0,2017-11-24 16:24:15,2017-12-19,2017-12-06 18:43:29,12,0,24
d0efbb6a217254d95a9e6adf0e0454af,87289025b9dd8bb0640e26b99f49d114,PR,irati,-25.469780975786964,-50.65054682632399,RJ,-22.40251417902456,-41.81479351477589,960.2862664982132,1,1,749.9,22.5,1575.0,2017-11-21 16:05:13,2017-12-14,2017-12-04 21:07:06,13,0,22
b1866dace5f7daf46e4ef10ed7c3a5e9,eb6cafe1788b71c7e4d0fb96b62c6cb7,MT,campo verde,-15.549220818454463,-55.167211688440354,SP,-21.757690120914923,-48.82976816265947,960.0731254204884,1,1,59.9,19.66,1500.0,2017-11-20 12:49:35,2017-12-18,2017-12-27 00:06:56,36,0,27
ba50eb882d0ee0f257aeaa649456821f,2a1df0e151085060e6623eb067acf959,MG,juiz de fora,-21.756492272000656,-43.34013932445608,PR,-23.622154732271355,-52.46925317823966,959.0467053164534,1,1,383.9,20.26,1400.0,2017-11-24 02:52:16,2018-01-04,2017-12-18 20:12:07,24,0,40
a76c1d70a00186ece4d82eba5f387f0a,67b9751e4cff924b6233923970d6f0a2,RS,ijui,-28.38881031932184,-53.91661502287606,SP,-20.806830481885147,-49.38960170992274,959.037080848882,1,1,49.0,17.64,1550.0,2017-11-24 16:40:25,2017-12-26,2017-12-13 17:37:26,19,0,31
25b9de6dcc528d881b77b8e6093a2a7c,461396731b4ab9af0bcaf5e5778cca38,MG,uba,-21.11819394490749,-42.943705743717146,PR,-23.42843316855792,-51.91774739994137,958.2579916490292,1,1,25.9,16.79,100.0,2017-11-23 12:14:26,2017-12-20,2017-12-06 22:57:09,13,0,26
f19fb77bae3d3b3d2394eee444ad0e54,26f5d944dda9c2754dfbd4e5018169d4,RS,cerro largo,-28.14709183272649,-54.73789745835276,SP,-23.625852663887155,-46.61139748251486,955.4305976840434,1,1,24.99,15.1,300.0,2017-11-24 02:05:17,2017-12-27,2017-12-01 19:46:56,7,0,32
efda1132a96e6eed1831215008aeed17,895bb1651fed84d066b4ee21258f0a9e,RS,porto alegre,-30.067100056898823,-51.16609047690222,SP,-21.757690120914923,-48.82976816265947,952.9669666490876,1,1,89.9,17.88,1600.0,2017-11-24 00:32:03,2017-12-22,2017-12-16 00:52:06,22,0,27
4845232ae57f7a4425c4a12adfa8cd06,ea5a9cfca9c32849e101542a93f28fec,RS,porto alegre,-30.04915427754058,-51.20163464829179,SP,-21.757690120914923,-48.82976816265947,951.914253779616,1,3,299.70000000000005,50.86,4325.0,2017-11-27 11:09:04,2017-12-26,2017-12-18 21:38:56,21,0,28
81efa27a86ea057067f5160181f1be48,257f94d2e0cf3233164061fdd443ca8f,ES,vitoria,-20.260231292259995,-40.268254195560345,SP,-20.806830481885147,-49.38960170992274,951.6235944136264,1,1,49.0,17.67,1650.0,2017-11-24 13:41:16,2017-12-15,2017-12-07 16:21:39,13,0,20
9ed3fcbe70866599d450a2a00492f7e7,7e4d1afd1fec265867e64498ae218c8d,RS,porto alegre,-30.03336443104038,-51.23063954079865,SP,-21.757690120914923,-48.82976816265947,950.9445310520956,1,1,34.99,15.1,550.0,2017-11-21 14:38:18,2017-12-15,2017-12-11 18:53:21,20,0,23
b418f47f5f940ca554e3010f3c009c8f,5acd1a67f329f6da37575c08b32b87e8,RS,porto alegre,-30.030201334179605,-51.22766868774895,SP,-21.757690120914923,-48.82976816265947,950.5302569612252,1,1,89.9,21.12,1383.0,2017-11-24 09:36:20,2017-12-22,2018-01-04 17:24:53,41,0,27
49e548b7ec1f515816b62230c96e8f74,fef52039b5d18cbb16606c9793a55101,RS,porto alegre,-30.02831256174625,-51.18882961547109,SP,-21.757690120914923,-48.82976816265947,949.357293128946,1,1,69.9,17.74,950.0,2017-11-25 00:29:08,2017-12-26,2017-12-08 21:51:52,13,0,30
feebc8143071c1f555cbce155a2d8295,341f4b6e7a25adaa50015c85fd5f1f9c,RS,julio de castilhos,-29.231312405602875,-53.68158220247091,SP,-23.54682895530619,-46.56705535720467,949.1536875580776,1,1,34.99,15.1,300.0,2017-11-20 10:59:25,2017-12-19,2017-12-18 22:45:13,28,0,28
b2904e4b8dc7f4317993cb7d645f1a85,6078d4d210247a79ca7559bff4d79ffe,RS,porto alegre,-30.02367479516995,-51.13342257056094,SP,-21.757690120914923,-48.82976816265947,947.4998440127222,1,2,179.8,39.0,3208.0,2017-11-27 16:58:45,2017-12-26,2018-01-09 01:15:25,42,0,28
658bea3a595af733d395a91ed9714160,795b7ae8e06558aae3a68ce5c74ee36a,DF,brasilia,-15.771514500000004,-47.88026099999999,PR,-23.382421483292536,-51.92932485314671,946.4633666293448,1,2,447.74,53.7,2250.0,2017-11-23 17:28:29,2017-12-22,2017-12-01 19:06:37,8,0,28
76789ef5992bcd2fa17a0dded26d7deb,2672bae170e6ce851be3c99f4b24b85d,RJ,rio de janeiro,-22.984902366639727,-43.22424120122337,GO,-16.659357337216267,-49.2720849762433,945.7050953974546,1,1,19.9,17.63,200.0,2017-11-27 01:01:30,2017-12-20,2017-12-07 20:24:47,10,0,22
74c766653bb08b7e5e2d66388adb406b,57209ea26353a908b799bd553103dc6d,MG,belo horizonte,-19.800401175688148,-43.99604119900167,SC,-26.88942648448342,-49.10225931223036,944.747968600968,1,1,149.0,30.08,6350.0,2017-11-24 21:28:32,2017-12-27,2017-12-16 01:44:50,21,0,32
c2d2c80fb18401b6b761d887e378676f,10a0c974eecb63a6bf4ec30bbf90d54f,PR,maringa,-23.414213060660472,-51.92747079109623,DF,-15.813280860350888,-47.89343366360127,944.725102203684,1,2,58.0,51.26,400.0,2017-11-26 21:08:23,2017-12-20,2017-12-05 16:49:15,8,0,23
cb667db7bf699e2940c1ccdc16ef7ec7,6e1eb843e528f1137837efbcd26f3c16,SC,itaiopolis,-26.33963554380196,-49.90758634852748,MG,-19.867906407416527,-43.94863882589885,942.6759686296548,1,1,31.9,16.79,200.0,2017-11-25 22:24:24,2018-01-05,2018-01-03 22:57:47,39,0,40
b0e6a68b73514f6bc8fbc29c98b88a39,0600d98425652cf44bc48650f63b5bee,SC,blumenau,-26.905725,-49.08906794552563,MG,-19.867906407416527,-43.94863882589885,941.851135045326,1,1,30.9,16.79,300.0,2017-11-24 19:01:05,2017-12-19,2017-12-06 15:34:43,11,0,24
27167c20a18a136683606cb93c0168a9,d27aeb5071c4ea47a7345b7f14fd4398,DF,brasilia,-15.71436086441803,-47.88530312064304,RJ,-22.82827005636834,-43.01210347482567,941.7520161903687,1,4,180.16,56.4,600.0,2017-11-26 14:50:48,2017-12-20,2018-01-25 15:16:43,60,0,23
47a53fe6f92821c8b0ecd40dedee5d6a,708bb18caa653e13e585dfb1b01ad4a0,DF,brasilia,-15.817454799245828,-47.975691694745386,PR,-23.43192619791517,-51.86456324999999,939.3813002946248,1,1,759.9,30.6,1190.0,2017-11-22 19:44:19,2017-12-20,2017-11-30 18:19:59,7,0,27
701908713ef197558a29b03c00fa4ded,b37ad6b0aced822f5e42f446939fbb1c,RS,canoas,-29.907972525102533,-51.224831214265095,SP,-21.757690120914923,-48.82976816265947,937.3459008419863,1,1,46.99,16.11,900.0,2017-11-27 00:02:27,2017-12-26,2017-12-18 18:28:43,21,0,28
0324ca9d12ff99bc4d2421530c376ba4,f1ee7bccd46ef23780664502fb146820,SP,araraquara,-21.79133449389749,-48.18274155588276,RS,-29.68584930081256,-51.46313816602653,937.1500581532166,1,1,199.0,18.64,1650.0,2017-11-27 16:17:20,2018-01-04,2017-12-05 20:23:25,8,0,37
0b5b77a10f85ebcb19877591a0550895,9e105fda1ace04054f1a9dcb17aea8f9,RS,santo angelo,-28.30435881574406,-54.26350495310216,SP,-22.56117141825844,-47.447471268798,935.7086641250128,1,1,34.3,15.1,200.0,2017-11-24 18:31:35,2017-12-26,2017-12-15 22:54:38,21,0,31
94003a7c90fbc4639d3e809967223fb7,bc11b964ed7f78a3271c903c50266986,RJ,rio de janeiro,-22.914400672773947,-43.24563020413756,DF,-15.781713800046974,-47.93342033773479,932.9954710274752,1,1,32.9,16.92,600.0,2017-11-23 21:46:09,2017-12-20,2017-12-11 15:21:50,17,0,26
590bf22b132e188810d97f542a58f3e7,055a82f1af585df4506c8d053edc7641,DF,brasilia,-15.843053489167191,-48.030175344364245,PR,-23.382421483292536,-51.92932485314671,932.348160106676,1,1,193.8,27.9,850.0,2017-11-20 20:56:47,2017-12-20,2017-11-28 19:04:51,7,0,29
3318317aee1cd3dfc1929272dd05b517,3b1ab3eb135bf65a29d6f9045e1cd02f,RJ,rio de janeiro,-22.936854813491813,-43.35996102505908,GO,-16.696953922257013,-49.31646534449651,932.262752461614,1,1,55.0,17.67,250.0,2017-11-23 15:36:00,2017-12-18,2017-12-05 21:55:45,12,0,24
8fb3923723ef788e9813b430b5ac5c05,c0f6254f6d07eaf56d7e4e2f6e29044f,MG,ituiutaba,-18.97712364892772,-49.480276559797645,SC,-27.290209139974166,-50.57755286955393,931.139113525873,1,1,21.9,16.79,300.0,2017-11-23 20:17:06,2017-12-27,2017-12-11 22:15:25,18,0,33
dc74c9cdcf62efe4b49193373730111c,4373e14c9a936c5033553ff232ab132f,RS,camaqua,-30.85360553681616,-51.810715028507744,SP,-23.795197084253825,-46.7384060589763,930.8498746151304,1,1,99.0,16.45,600.0,2017-11-25 23:53:16,2017-12-28,2017-12-05 19:13:03,9,0,32
5309697895b2dd99b05c248512f668cc,d839f4dde946c508c319fc89a4e67756,DF,brasilia,-15.754466133306952,-47.881082250000006,SP,-23.97221168082404,-46.314586513330205,928.3061821783624,2,2,49.15,29.2,400.0,2017-11-25 01:04:21,2017-12-18,2017-12-04 21:09:30,9,0,22
8e72d023c1371c9bb78de1516a30174b,809369f02cc668ada63b0e2f521c3aea,GO,goiania,-16.67326356701475,-49.267386089090174,RJ,-22.84258446627047,-43.303678777468456,927.1051454200904,1,3,59.97,47.37,900.0,2017-11-24 14:28:06,2017-12-26,2017-12-05 23:56:44,11,0,31
4c4ac421c86a29cf288e4283badb1093,2665837f940fca108d0ae157730f5756,MG,almenara,-16.175908225580102,-40.694262063197314,SP,-22.95510483451484,-45.83889267359648,926.4405817018333,1,1,116.91,15.57,1200.0,2017-11-24 09:39:48,2018-01-02,2017-12-06 01:06:16,11,0,38
dbdd3beb8869ae263445924f3f08a695,e0b3665bc7b553f473071062e7c99391,RS,tramandai,-29.99864680777968,-50.14782698538831,SP,-21.757690120914923,-48.82976816265947,925.7640376724692,1,1,132.76,21.42,1800.0,2017-11-23 23:22:03,2017-12-26,2017-12-22 22:18:35,28,0,32
9dc73926d7aef761a7bfcfc395d735db,6027e51fabf39978c11517a9b644b457,ES,cariacica,-20.33503005424968,-40.36425046982501,DF,-15.894631727904486,-47.77576600460867,925.6460628463911,1,1,179.9,18.54,200.0,2017-11-24 10:18:56,2017-12-18,2017-12-15 23:28:35,21,0,23
0f93c58739ea2f69d93afa96a7a07855,0171707ab8e7ded84018d1172aa33c51,RJ,rio de janeiro,-22.89523534041201,-43.27763009028405,DF,-15.845798834786912,-47.97383682690134,925.57714356569,1,1,195.0,23.24,2300.0,2017-11-21 11:44:48,2017-12-12,2017-12-07 21:10:00,16,0,20
a5f5185eaee82919ab2e647a4d1d8141,afcee5bb1a45142643809bebbba97662,MG,betim,-19.936845199001663,-44.13350510407413,SC,-26.88942648448342,-49.10225931223036,924.2351875925496,1,1,571.2,31.38,3200.0,2017-11-27 22:53:18,2017-12-29,2017-12-17 15:19:13,19,0,31
82eac7c627107b7699fb95a7c5961127,bee721b303a846631fb342854dd624e9,RJ,rio de janeiro,-22.82574015944375,-43.29040611217601,DF,-15.838541298222948,-48.05311331669846,923.5398727241222,1,1,16.59,15.79,167.0,2017-11-26 09:29:07,2017-12-20,2017-12-06 20:51:36,10,0,23
4594c689a1c9d5fb2574a0e03875e67a,cf126f0e4aa7e757ae635b753e94bf4b,SC,blumenau,-26.907299926452744,-49.099065061746266,MG,-18.64584624455141,-48.20539720623941,923.1774854429036,1,1,33.6,29.39,1600.0,2017-11-24 14:54:53,2017-12-20,2017-12-13 19:09:10,19,0,25
3f0c7e7bedf15ae58cd1c2148d5786e3,705f15a6697fdd1669e161b7a5295dca,RS,santo angelo,-28.30435881574406,-54.26350495310216,SP,-22.75756675966071,-47.416027840450326,922.8926523259198,1,1,388.0,23.21,13100.0,2017-11-20 13:05:07,2017-12-18,2017-12-06 18:17:07,16,0,27
ee2b11b5601e9de355fb771525a195ce,225634426cfd64638ae97bf60e190f5b,MG,abaete,-19.15688975767194,-45.44725700231122,SP,-26.91181862157633,-48.65558858521831,922.5526137853872,1,1,54.16,23.25,1550.0,2017-11-20 17:08:59,2017-12-15,2017-12-01 10:43:46,10,0,24
3164a0591e7349349b8f57437a76133a,4b1e20bda0003d900c4360a80836442a,SP,rio claro,-22.412161929589875,-47.579265975561306,RS,-30.03336443104038,-51.23063954079865,922.2083572864884,2,3,79.97,31.6,3650.0,2017-11-26 11:43:52,2017-12-26,2017-12-01 17:38:44,5,0,29
b643bb8d0f0c4ba0f834e7efd4f095b7,9567ac5412f0f3a59a4424341692c398,RS,porto lucena,-27.855240504748885,-55.01737087997687,SP,-21.757690120914923,-48.82976816265947,921.4621531840124,1,1,59.89,17.67,950.0,2017-11-27 22:39:31,2017-12-28,2017-12-15 15:48:46,17,0,30
b51f2621265ffd44eb7cdc9358836225,a0283634d75ba3de47f555d16310dd30,RJ,duque de caxias,-22.765958186946445,-43.30091284083267,SC,-27.00518824428508,-51.15087636295904,921.1672520548192,1,1,559.0,41.43,17600.0,2017-11-25 00:08:21,2017-12-28,2017-12-23 13:11:02,28,0,32
421af404edc91438b69dd2fa20a9f40b,03c23ab69d584dbbed60003db778135d,RJ,duque de caxias,-22.744342770905547,-43.32037624423254,SC,-27.00518824428508,-51.15087636295904,920.773671584456,1,1,69.9,16.93,400.0,2017-11-24 21:33:07,2017-12-27,2017-12-18 23:36:47,24,0,32
6af0669bfc3cbdfbc6559919441da2e8,899d314e0ceb5d259c42293077eb5102,SP,sao vicente,-23.96954523993056,-46.371917161879885,DF,-15.813280860350888,-47.89343366360127,920.7506485572304,1,1,29.0,16.79,200.0,2017-11-23 21:41:25,2017-12-14,2017-12-04 23:14:52,11,0,20
273518ef5f778faeff322c052a5028ef,50c76b790bde4da51a84cfc429a5c4c4,SC,urussanga,-28.5217906310622,-49.32054792692998,RJ,-22.410493489044505,-43.13378290928159,920.249062548914,1,1,50.0,19.59,1300.0,2017-11-24 11:18:28,2017-12-21,2017-12-15 21:37:05,21,0,26
cb2acc8f1def3d443b4716cdc8188102,cd66c6ddcfc749e99c24294f5c10d76d,RJ,rio de janeiro,-22.916833051618703,-43.21798092630852,SC,-27.00518824428508,-51.15087636295904,919.5454590100712,1,1,18.9,16.79,200.0,2017-11-22 21:55:47,2017-12-20,2017-12-01 22:34:40,9,0,27
544d54b3dc0d2262b5dfe130d16800b3,832aea657aa9c61e5c33fcb547e3464e,RS,girua,-28.02917732203228,-54.35087038660696,SP,-23.56072295337296,-46.63277989454088,918.289088389802,1,1,19.9,15.1,150.0,2017-11-26 15:22:11,2017-12-28,2017-12-11 18:39:32,15,0,31
45973eaceb6756a0232ab0c715f77426,9314c6c36c320bd971a7a06674dcd7f6,MS,sidrolandia,-20.93490231060124,-54.96346973765255,SP,-23.50848147377229,-46.485872413266776,918.1624222851163,1,1,9.2,15.1,100.0,2017-11-24 16:22:52,2017-12-22,2017-12-06 17:55:17,12,0,27
9181dcfd06aa134cf10d0dc56abcf07a,86cbaec898050c91b8b8abb9c028e8b7,RS,santa rosa,-27.86655668151464,-54.47717628047401,SP,-23.625852663887155,-46.61139748251486,917.7848330907538,1,1,21.99,15.1,217.0,2017-11-24 14:34:32,2017-12-27,2017-12-12 21:04:38,18,0,32
771b1c1071afb60efdf55afffd0ad25b,b294b26e9808dad6725676239e3898e0,DF,brasilia,-15.792495491113192,-47.85048746218763,RJ,-22.84258446627047,-43.303678777468456,917.4897977375306,1,1,79.9,15.32,900.0,2017-11-27 12:49:50,2017-12-27,2017-12-14 01:25:03,16,0,29
ed6fa5e51bb096344440db276aedc37b,cd3b21a9bdd5bdaf373fa170ce2203f1,RJ,rio de janeiro,-22.914400672773947,-43.24563020413756,SC,-27.00518824428508,-51.15087636295904,917.266195689354,1,1,179.0,18.82,450.0,2017-11-25 20:11:34,2017-12-27,2017-12-19 13:52:26,23,0,31
6bf14ce96e0c6026fe21f80a498bb446,82ccacbefc4bf6143a989f42785134b4,RJ,sao joao de meriti,-22.767474970812167,-43.35217720858108,SC,-27.00518824428508,-51.15087636295904,916.6411651083132,1,1,559.0,41.43,17600.0,2017-11-24 14:18:01,2017-12-27,2018-01-24 14:43:28,61,0,32
81896eba4fe92a3bb71bcf392296f77f,8d7f1f15ecebe2d314c4b8ad2121b697,RJ,rio de janeiro,-22.870342477927228,-43.47241109832717,DF,-15.845798834786912,-47.97383682690134,912.5351903269096,1,1,90.0,16.07,600.0,2017-11-26 23:47:31,2017-12-20,2017-12-22 17:17:59,25,0,23
54c3a52bd97fd2dfa8773a378b1117f1,4b732ba2cf096d518f1ed2bea340d6e3,MG,belo horizonte,-19.91567272522938,-43.976732227595306,SP,-26.91181862157633,-48.65558858521831,912.5004871881848,1,2,96.6,35.84,1000.0,2017-11-24 09:54:31,2017-12-20,2017-12-12 18:53:29,18,0,25
5b5d782bca63dbe7af94679f334e3b6a,9a1828943a13d0be0a84faf9c01fc5fd,PR,maringa,-23.424478609629773,-51.8971907225523,RJ,-22.82827005636834,-43.01210347482567,910.8523686863653,1,2,219.8,31.04,1100.0,2017-11-23 11:19:31,2017-12-15,2017-12-04 19:07:27,11,0,21
2d825a962a725110b2647050cc636b3f,6b1901291ad821308850dfe8b4385afe,RS,santo angelo,-28.290591307595008,-54.26918497574633,SP,-23.652442526788203,-46.75549168747648,910.7526441684174,1,1,69.0,15.23,350.0,2017-11-24 10:21:50,2017-12-22,2017-12-04 22:45:03,10,0,27
ea1ecba1228b210007951b4a8f12ec3a,b58a766d3cf723d63294d515102ae165,MG,itabirito,-20.25253277877465,-43.80286849754644,PR,-23.388124700617865,-51.95479525453632,910.645724481619,1,1,75.9,16.97,167.0,2017-11-26 12:01:51,2017-12-26,2017-12-14 18:18:26,18,0,29
ed5bd6f24de0e026bc9991f1bdc38bd4,4776cd8bec1837960a3c4447c6aa97ce,GO,goiania,-16.67662778241363,-49.25359861228005,RJ,-22.53988593060518,-43.197575382221615,909.3557273142208,1,1,59.9,19.66,431.0,2017-11-27 10:05:31,2017-12-22,2017-12-05 21:48:43,8,0,24
eba5d5c86dc17ef81926ce3e339da945,d839e253e97aea3c0bc5df7a08361fcb,MG,salinas,-16.16690142735075,-42.29265478337428,SP,-20.806830481885147,-49.38960170992274,908.7599181267138,1,2,119.8,130.46,3700.0,2017-11-22 11:04:05,2017-12-13,2017-12-12 13:33:03,20,0,20
919f7b191b8ebc3ee9ab62e05ae3b2bb,53516cee27cdbecaa1d122f5ae9a2507,RJ,rio de janeiro,-22.83179024764828,-43.4001239383693,SC,-27.00518824428508,-51.15087636295904,908.659059227309,1,1,99.9,17.14,200.0,2017-11-22 11:09:39,2017-12-20,2017-12-08 23:47:00,16,0,27
a027919471097ed720c04340e1495e1c,6df6c2eeaad604627aa688ae063741b2,RS,porto alegre,-30.00839962559865,-51.20149509977495,SP,-23.302661247830148,-45.97283979175633,908.5146968316373,1,1,299.0,16.84,300.0,2017-11-24 21:04:41,2017-12-26,2017-12-18 18:42:42,23,0,31
76fa5079bacbb2380a971adbbc40676f,c289a8b97cf8f2002294264da18523aa,RS,horizontina,-27.62805000864166,-54.31040490614334,SP,-23.46873685567546,-46.51806246391887,907.9653797932042,1,1,65.55,17.71,4475.0,2017-11-25 07:56:05,2017-12-29,2017-12-04 23:57:39,9,0,33
c91139ab9ea8b6371861f2cf4dbdb8e1,2f19a6348d8d364bde749be98b4b68e6,MG,belo horizonte,-19.87772765208616,-43.99511070483005,PR,-23.382421483292536,-51.92932485314671,907.7500810243716,1,1,89.0,17.06,240.0,2017-11-20 10:59:49,2017-12-13,2017-12-11 19:32:48,21,0,22
90c4d2e0d4fb3de2f573adb5140483e2,da537c09c693dc186a48a5fd18b448f8,MG,carmo do cajuru,-20.18707620334693,-44.77042897584671,SC,-27.543786658615705,-48.631972642506845,907.2021223421556,1,1,59.9,17.99,700.0,2017-11-20 12:48:40,2017-12-15,2017-11-28 11:44:57,7,0,24
f0879b6057e432d81b2eab159c70a0b5,7d91e66eddbe71cae1c82842a2bd320e,RS,rio pardo,-29.98300176025576,-52.37515369275811,SP,-23.6140872536788,-46.68886585673923,905.2200441494158,1,1,79.0,17.8,700.0,2017-11-22 18:04:31,2017-12-20,2017-12-01 21:09:01,9,0,27
be860bf1446ba05bb095e676b7c42b67,059fec8731c1c58cdd34f859acd5f208,RS,canoas,-29.91899618372389,-51.1721259461596,SP,-22.740512158523465,-46.8958585777586,904.6169886948765,1,1,33.0,16.6,6050.0,2017-11-21 02:30:37,2017-12-15,2017-12-05 23:42:25,14,0,23
5b239ab55b48a640fb239df51bbac110,28145769d7c6f5e475d2780e3b5ee24e,RS,porto alegre,-30.047214594494843,-51.22773779516996,SP,-22.277216273975142,-48.5432584317704,904.4651511644348,1,1,79.0,21.04,2400.0,2017-11-20 20:49:02,2017-12-22,2017-12-12 23:27:14,22,0,31
d719d2c72e0dfc9d994ee85c1d594861,bcfd3b40a37ce48e8658f339cc31665c,MG,carai,-17.18751028611988,-41.69750846759068,SP,-21.757690120914923,-48.82976816265947,903.7849233363077,1,2,76.0,32.22,1100.0,2017-11-24 16:06:14,2017-12-19,2017-12-19 21:57:00,25,0,24
fdbaa530778c33afe4b7762457bd8204,0a56a72b7f2f8082430eba1ed29814cf,DF,brasilia,-15.605326859428972,-47.656376480861866,SP,-23.65869024839867,-46.52249513292757,903.315024565262,1,1,58.99,16.66,200.0,2017-11-21 15:37:38,2017-12-12,2017-12-04 18:03:46,13,0,20
5981fe47e1bfe9374b5c58d57ef9dbab,610afaffeb1682f6c97c3dcfde10f361,RS,estrela velha,-29.17665707853244,-53.15913797993718,SP,-23.539439503750906,-46.63284391414975,902.8026401642526,1,1,14.9,15.1,250.0,2017-11-24 15:43:35,2017-12-27,2017-12-13 00:09:45,18,0,32
d18d75604ee9a0be083eeb6e9f86cd65,92050d1a779b0ab74ae3352731dc2374,RS,balneario pinhal,-30.248098682028512,-50.24114961313911,SP,-22.277216273975142,-48.5432584317704,902.3031408088668,1,1,69.9,20.0,2200.0,2017-11-26 15:42:22,2018-01-02,2017-12-21 19:58:55,25,0,36
517edafccdb3fbe4164342a0f5ada0ca,df5109a90fdf4b8749ff1f40ad43aad7,DF,brasilia,-15.837191999999996,-48.03224624999999,RJ,-22.53988593060518,-43.197575382221615,901.579677149436,1,1,119.9,15.59,700.0,2017-11-22 20:53:59,2017-12-14,2017-11-30 21:38:52,8,0,21
fc672e550fbf1531d3d83ee024aaeb16,02973b8aeee94890bbf4607d739eb695,RS,ijui,-28.38881031932184,-53.91661502287606,SP,-23.625852663887155,-46.61139748251486,901.5531158652144,1,1,24.99,15.1,300.0,2017-11-20 11:46:11,2017-12-15,2017-11-30 21:14:36,10,0,24
e3c291c9bddfedee62c613abb89f859e,7256634bc293062e6fb1ca1d6fb68705,DF,brasilia,-15.62446898218546,-47.64765252997054,SP,-23.680178204541587,-46.69191023495291,901.3151712510708,1,2,343.0,35.63,2900.0,2017-11-25 16:58:14,2017-12-19,2017-12-05 11:52:06,9,0,23
f9e25e45bfe3cec5f375d833da7ee626,e1da9280fa6ef16ea9b49d9f0aeb279e,DF,brasilia,-15.840391573448764,-48.017797905764944,RJ,-22.53988593060518,-43.197575382221615,900.4305827135009,1,1,69.9,17.74,1167.0,2017-11-24 13:31:46,2017-12-20,2017-12-05 18:27:46,11,0,25
bd54f9327a96271651655fe63b50ec1c,2588251e64ec416355e9fad44250ab48,ES,vitoria,-20.29948099526813,-40.295279312809534,SP,-21.757690120914923,-48.82976816265947,900.370786095462,1,1,55.6,16.15,8550.0,2017-11-25 12:44:30,2017-12-19,2017-12-20 18:11:34,25,0,23
7f89850b2a19bee52e4e9f6f6fc0bde1,907336494a5a10ff7eb385666e1f0920,GO,planaltina,-15.454584999999952,-47.60120021499995,SP,-23.50194772122327,-46.74115292908592,899.3462942929666,1,1,51.9,16.12,710.0,2017-11-24 11:44:28,2017-12-19,2017-12-19 01:48:58,24,0,24
6951c3fa48b145ff2b579b11554d8116,47377a11634958c58ce218a27af0854c,MS,campo grande,-20.452678081337528,-54.58871077429315,SP,-23.59399496820805,-46.55209142714523,898.8220195484498,1,1,16.97,14.1,150.0,2017-11-20 20:02:06,2017-12-11,2017-11-29 21:13:33,9,0,20
8164479321ad8dee50301cba9250bf42,96628803e4a340206f049af5fff7c202,ES,vitoria,-20.306438555499525,-40.31816446668883,SP,-21.757690120914923,-48.82976816265947,897.8760481644152,1,1,102.0,15.46,700.0,2017-11-21 18:59:56,2017-12-11,2017-12-26 22:22:20,35,0,19
2ab305b81b2baf1a5f6031e36b0e4044,9963036a989c5740a45ab86f768c6b1f,PR,maringa,-23.41464835527768,-51.94228360784475,RJ,-22.93534069637593,-43.186718398333056,896.4604871958081,1,1,99.99,17.95,1400.0,2017-11-23 18:07:41,2017-12-19,2017-12-06 15:46:49,12,0,25
15c371c7aa7f65f363f03818e30090ad,bdff986fd1c3b55217d54d9cee4b49d2,RS,porto alegre,-30.00191787642484,-51.1204693990003,SP,-22.70395723387633,-47.29442582517983,896.3847571681439,1,1,259.6,21.31,1758.0,2017-11-25 20:15:32,2017-12-26,2017-12-29 16:39:54,33,0,30
5a7ca318214b5a70fd94e277af9643f1,9184be9401fc9b2bf61cf71bc64e8a2e,RJ,niteroi,-22.88751675166894,-43.12059679174127,PR,-23.43192619791517,-51.86456324999999,895.8382845119226,1,1,57.52,16.84,150.0,2017-11-24 21:18:54,2017-12-26,2017-12-12 22:52:02,18,0,31
49fd840f83db20dfb9558764aee35a33,a3a80ba0dea267641017665d0f9b144b,ES,vitoria,-20.31807114821968,-40.3373288916663,SP,-21.757690120914923,-48.82976816265947,895.6548075626237,1,2,199.8,34.4,2825.0,2017-11-24 10:44:28,2017-12-18,2017-12-20 19:28:34,26,0,23
18a1c68dfdce96e96b0faf031deb6b67,2d6696a5ad00ac738d9627cacbb49eb8,RS,viamao,-30.08878932185342,-51.07070085838724,SP,-22.881152314602136,-47.05060719525074,895.558543824789,1,1,59.9,15.18,550.0,2017-11-23 12:15:54,2017-12-22,2017-12-11 19:10:14,18,0,28
2ee5c3b1af17065d0631baf102930c8e,2a56657815bb20eb7a1bc9afb957e784,MT,primavera do leste,-15.556810920088854,-54.29914200573511,SP,-21.256797694428947,-48.32085073900775,893.9135608521053,1,1,99.75,23.57,5636.0,2017-11-20 16:48:59,2017-12-18,2017-12-05 01:12:20,14,0,27
86d0ef425e0811afd544b52543fb4152,6bf76c69e625cc78ab262b22e6cddeff,RJ,rio de janeiro,-22.941046165690945,-43.17617823078362,PR,-23.41381714101661,-51.907055066426544,893.8832332170125,1,1,175.9,17.67,300.0,2017-11-23 16:22:37,2017-12-18,2017-12-18 18:23:48,25,0,24
8c7691cec4b794886d5e269c2a1eec4e,f3ad464626c78b317c7069d4c960fee7,MG,belo horizonte,-19.95007082473022,-43.98967944803505,SC,-26.488493474897464,-49.08236411518263,893.8301301196292,1,1,499.9,48.87,10550.0,2017-11-26 11:08:25,2017-12-21,2017-12-14 21:39:33,18,0,24
2a1f2a555014d3eb75492fd0a08942a1,be2e45cc0094d2ca20f16e31924f389f,PR,londrina,-23.34577710041851,-51.17130676461459,RJ,-22.312405010626904,-42.522234052750136,893.6694669195721,1,1,1250.0,24.51,800.0,2017-11-25 17:47:15,2017-12-21,2017-12-04 21:52:35,9,0,25
10e652c1735375eb89f51e95212615e8,78eacd378df2044f613995b4c0662c20,ES,itapemirim,-20.910119411840792,-40.79055880599556,SP,-20.806830481885147,-49.38960170992274,893.4723481057923,1,1,59.9,17.67,1750.0,2017-11-21 14:35:12,2017-12-12,2017-12-18 23:23:33,27,0,20
62de3bac0c9f33a23cf2c5c42bff7442,1a1d1a51a2cf246d524b3ea40a53d080,RS,cruz alta,-28.64358904093352,-53.6064557694012,SP,-23.625852663887155,-46.61139748251486,893.4547678977831,1,1,27.99,15.1,350.0,2017-11-24 22:39:15,2017-12-22,2017-12-08 20:37:27,13,0,27
eb2bc421011479d161bd927f2d43272f,0e03f37794e29b07c282c0c8cdf111a4,DF,brasilia,-15.803379,-47.88992717269063,SP,-23.75078457239132,-46.67886788439901,892.7305035929354,1,1,47.99,14.1,350.0,2017-11-25 19:24:26,2017-12-18,2017-12-15 17:58:49,19,0,22
cd4828e8be3a0d85aa38a986e0f4db6c,fc87af337f289b3b613626426c66d14d,MG,conselheiro lafaiete,-20.66098873218928,-43.78603931055854,PR,-23.42843316855792,-51.91774739994137,892.6004507406225,1,1,19.9,16.79,150.0,2017-11-23 13:43:15,2017-12-20,2017-12-13 21:18:46,20,0,26
7e677096bfabeb8053d8383cfd3e2b14,ce24596c0ebb4ed78b513eabf4b92075,DF,brasilia,-15.646962445960217,-47.824463657408,SP,-23.57130234332621,-46.47930265361119,892.3161087005226,1,1,39.99,19.84,2550.0,2017-11-24 09:23:56,2017-12-18,2017-12-08 20:21:16,14,0,23
2a92b584c43412db1ce17f7fca94e930,36b1c603b6b65fcb28a9f9ab375bdef7,PR,maringa,-23.424478609629773,-51.8971907225523,RJ,-22.93534069637593,-43.186718398333056,891.8944133643403,1,1,99.99,17.95,675.0,2017-11-24 16:38:09,2017-12-20,2017-12-04 20:46:16,10,0,25
dcb56bf601ec6f24940b3b1ab0aa5e2e,ebbb7c7259a2e1d10119c909b11105d5,ES,cariacica,-20.32661663729516,-40.39140653229528,SP,-21.757690120914923,-48.82976816265947,889.9407945329228,1,1,35.0,15.1,300.0,2017-11-24 19:18:55,2017-12-18,2017-12-20 22:07:06,26,0,23
af88a4bca5075cdda8da09cc6c55635f,8dda2c8532448b7a942c8ffc3800b0ed,DF,brasilia,-15.838443050477338,-48.01149903877731,SP,-23.7542139181698,-46.75526504252841,889.930747132977,1,1,31.5,14.1,517.0,2017-11-24 19:18:57,2017-12-15,2017-12-19 21:14:32,25,0,20
30c26d11b6d707abbd543b6d1910106d,04e348e604e760a16a4d3160462c73f4,DF,brasilia,-15.807270259247648,-48.10921350809964,SP,-23.69050632209016,-46.67948403830283,889.2269741269242,1,1,99.9,14.45,625.0,2017-11-24 10:49:07,2017-12-15,2017-12-12 18:20:56,18,0,20
d8c132b9c7b4a1c50aa55a1280e9496b,3e36c535cd70fc8d2280cd32229a451b,RS,porto alegre,-30.0046847216227,-51.19766065849146,SP,-22.82219330991709,-47.27062894035096,889.0648547850893,1,1,199.9,15.15,300.0,2017-11-24 17:52:12,2017-12-22,2017-12-06 21:27:05,12,0,27
af83f5e5f987977b6420b4763517beae,1eabab60895d7199ae261bc0b489103b,DF,brasilia,-15.810787664428949,-48.11947373081528,SP,-23.65869024839867,-46.52249513292757,888.4760863687832,1,1,84.99,15.35,600.0,2017-11-23 14:34:33,2017-12-15,2017-12-05 21:24:54,12,0,21
07e5349fe32847b4bc266836cda0705c,053f9f6d14eae73c5dcd35952b42f44b,SP,itapecerica da serra,-23.72288454509784,-46.85659934471119,DF,-15.801308999999993,-47.96795249999999,888.4665455470687,1,1,69.0,18.72,1850.0,2017-11-27 16:44:36,2017-12-18,2017-12-04 18:42:32,7,0,20
09bcbc199f0fa4268cc0122304696ea4,7286ad26234d396b67e5bfa8245cec4d,RS,porto alegre,-30.040957613105167,-51.21296971002372,SP,-22.70928658782974,-47.66520568122805,888.3868453423801,1,1,79.9,16.32,950.0,2017-11-24 14:54:56,2017-12-22,2017-12-19 23:58:39,25,0,27
23e11352f110006a5cd8995c2ff3cd2a,cbcc198a933ae87960f5c4cb5f877769,DF,brasilia,-15.751157787256655,-47.89614374999999,SP,-23.643597877315536,-46.66251227546312,887.0303588924069,1,1,18.25,16.6,1000.0,2017-11-20 11:47:06,2017-12-18,2017-12-04 21:35:49,14,0,27
b3786fe1fdaf726bc9e7a5a9138f4cb6,d082daa62d6cd59509f13eda1d0b98f6,MS,campo grande,-20.50038767026379,-54.58451356733091,SP,-23.473052978908186,-46.60034358604072,886.8977445409552,1,1,36.9,14.1,150.0,2017-11-25 21:24:37,2017-12-19,2017-12-07 01:58:50,11,0,23
db56f4c0b87585abfe200b7ed15437d1,149cbd3f684d523d087f5260302c90e0,DF,brasilia,-15.801308999999993,-47.96795249999999,SP,-23.65869024839867,-46.52249513292757,886.6750547128012,1,1,84.99,15.35,600.0,2017-11-24 12:48:54,2017-12-18,2017-12-20 20:09:20,26,0,23
139566ca96ac60204ca4fc24f52d8c83,e2116c1275cd10d59e6a0e0562b711d1,RJ,nova iguacu,-22.72726637352154,-43.45206900527729,SC,-28.71452758648514,-49.30006950142965,886.4805837440495,1,1,119.9,20.08,900.0,2017-11-25 16:02:08,2017-12-22,2017-12-18 21:33:38,23,0,26
c7516640b8d59bcd16994661cfd3aa9b,76a7d53defecd1dcdcc056867ee18ea1,ES,mucurici,-18.09463532181922,-40.51944015875085,SP,-22.75756675966071,-47.416027840450326,885.8953497329119,1,2,259.8,155.86,32200.0,2017-11-22 21:04:11,2017-12-13,2017-12-05 17:44:36,12,0,20
38648b71bc657c2d7c0f96930cee401c,74fa648446ac066d771e173625e86722,GO,araguapaz,-15.093327870335289,-50.63171775779154,MG,-19.867906407416527,-43.94863882589885,885.3481055173946,1,1,31.9,16.79,250.0,2017-11-24 23:15:21,2018-01-03,2017-12-21 21:07:55,26,0,39
11d8e2bcf6e6cc183404890465b2f402,05cd6a810380d37113c7030f6951b2b8,SP,santo andre,-23.638748764084585,-46.49231217591025,DF,-15.801308999999993,-47.96795249999999,885.0366797125436,1,1,69.0,18.72,1850.0,2017-11-26 12:04:00,2017-12-18,2017-12-05 16:19:01,9,0,21
43ed4cdd5a109c56d4d8339c603cf216,5264c52c5c2654d13ccb5e2532ddbe11,DF,brasilia,-15.836767190430036,-48.03994882085557,SP,-23.65869024839867,-46.52249513292757,884.1070687013505,1,1,84.99,15.35,600.0,2017-11-24 17:14:32,2017-12-18,2017-12-15 18:32:10,21,0,23
714139cb1b46c8e5aee546ebdb5aeb4d,9cc008464ef7ba2d32e3b93fcdc227b6,DF,brasilia,-15.841777097403789,-48.114955507041294,SP,-23.67008162864273,-46.66049702840489,883.6467561422395,1,1,248.99,60.29,18050.0,2017-11-26 22:02:30,2017-12-18,2017-12-06 20:33:56,9,0,21
842b04782c3190ba1cb33fb384592455,4a5b1da2c92f4c23802601309d235ac0,MS,campo grande,-20.526007983763435,-54.64359506344686,SP,-23.11477517799753,-46.553324741832185,883.1713533822608,1,1,18.6,15.1,500.0,2017-11-22 13:33:57,2017-12-13,2017-12-04 23:04:27,12,0,20
c462a724e0a22bbc88bdecbed3ca72c4,b129c5e7449bfea86f4bef20e296c0ce,ES,sao mateus,-18.7163500278183,-39.84072270030395,SP,-23.595227193173283,-46.56076636913555,882.8630276305392,1,2,76.8,32.22,1900.0,2017-11-23 08:23:33,2017-12-13,2017-12-20 11:14:50,27,0,19
d77cf2f162aee9c140d2b98ed09019c9,608e2ee5f057c6da607b3fcceeac2cda,DF,brasilia,-15.8425529545935,-47.97575217531508,SP,-23.65869024839867,-46.52249513292757,882.2933585673006,1,1,56.99,14.15,250.0,2017-11-24 23:37:48,2017-12-20,2017-12-29 12:54:05,34,0,25
6ab838d74d628b6f618844ef50200969,1287c8ba3475af023c0cfbaf3b13c3d6,MG,betim,-19.9350341559813,-44.199997465029725,PR,-23.43192619791517,-51.86456324999999,882.0262056593929,1,1,127.42,17.33,500.0,2017-11-26 13:37:45,2017-12-28,2017-12-08 22:41:37,12,0,31
7d2c693e639aecc9ee75bd44d2d784a2,ae23994217f5ab1e6bbf62658e8df8f3,SP,sao paulo,-23.62803383819032,-46.47357441104506,DF,-15.84777063762379,-48.11230111671739,881.9275378333192,1,1,39.9,15.79,133.0,2017-11-26 22:51:17,2017-12-18,2017-12-14 11:58:43,17,0,21
cccb57e7a01fe8d245ce2027974b455e,626dd88d2e464c154a8c0fa15f2e6636,RJ,rio de janeiro,-23.01113485206877,-43.31036525832422,PR,-23.414213060660472,-51.92747079109623,881.6201676819636,1,1,949.9,29.52,2533.0,2017-11-21 17:50:33,2017-12-12,2017-12-27 17:51:50,36,0,20
cb9988b1ddad2cfaf954e9ce3fec266b,41453f96f2b3f05b47e7ae5130235fac,DF,brasilia,-15.822621142505437,-47.98709867888091,SP,-23.61528418040568,-46.47881749049814,880.7396626911132,1,1,89.9,16.88,750.0,2017-11-20 15:44:39,2017-12-08,2017-11-28 22:14:56,8,0,17
375f6d4858d3dda604523acd6ce26889,eea9dcd810d6281d1cbd7fe80721c316,RS,passo fundo,-28.24487610563866,-52.37982851948051,SP,-20.806830481885147,-49.38960170992274,880.5351974601813,1,1,49.0,17.67,1650.0,2017-11-24 00:56:48,2017-12-26,2017-12-05 23:41:34,11,0,31
283750dc507f662a3e9cf4fbfff68030,201b58d5423d38890b0a7b833be416d6,RS,porto alegre,-30.05415944936224,-51.22254278261433,SP,-23.211061972115367,-46.76376569389638,880.331014795577,2,2,218.0,35.02,11250.0,2017-11-21 14:09:39,2017-12-19,2017-12-06 21:51:53,15,0,27
f19a2e7509db5f744c71cc014d5c15b1,c8f703ae3b123d57768eb29b35889129,ES,sao mateus,-18.71731746644557,-39.865947864385205,SP,-23.50457924562872,-46.62369396003804,879.9259056902407,1,1,179.0,39.09,8100.0,2017-11-27 22:07:13,2017-12-26,2017-12-18 17:43:00,20,0,28
e15ab2ec1abc926192e9da8f7e04326d,c95b52873284e1f5cc5754d2e926d919,MG,teofilo otoni,-17.87093540770228,-41.5014767133161,SP,-21.757690120914923,-48.82976816265947,879.8266899307331,1,1,39.99,15.1,350.0,2017-11-27 22:51:32,2017-12-26,2017-12-08 16:52:12,10,0,28
d7ed6c0330486c8239f4fd349450d270,67a973fd5fbad181639e544e6edfefd1,DF,brasilia,-15.74972997671513,-47.92717447281999,SP,-23.552032416180964,-46.53746144532288,879.6716592875908,1,1,99.99,16.95,1200.0,2017-11-24 09:18:27,2017-12-18,2017-12-01 20:21:57,7,0,23
4ea67666d3072d3b4fdc92d11f6992e4,1f18e346d30c40d761169e0e02bf0ff0,SP,sao paulo,-23.60878343464706,-46.66118566171381,DF,-15.801308999999993,-47.96795249999999,878.8402984071006,1,1,69.0,18.72,1850.0,2017-11-24 19:29:49,2017-12-15,2017-12-04 15:55:04,9,0,20
26d620229f78589dc5e92ad0ab520ef4,d114674a4f5eabcc39576906c20a7254,DF,brasilia,-15.887590591785631,-48.01680058165781,SP,-23.65869024839867,-46.52249513292757,878.1102656932061,1,2,169.98,30.7,1200.0,2017-11-27 17:50:54,2017-12-19,2017-12-19 00:13:59,21,0,21
27819e1adc36766f4de3e79fa3b8c04d,0b425602b5219a3697993d0d8595e414,SC,criciuma,-28.696649559126264,-49.42682140076224,SP,-20.806830481885147,-49.38960170992274,877.3158832766151,1,2,98.0,35.34,3300.0,2017-11-24 23:54:05,2017-12-20,2018-01-08 10:42:53,44,0,25
6b7dd00f2893ddcaab6288375f3fbfd5,deb24660a108884bfd9475922bf7c204,MS,amambai,-23.102692441497272,-55.22897393873526,SP,-23.456904580068123,-46.64976420483004,877.0528711668179,1,1,22.5,15.1,150.0,2017-11-24 14:26:15,2017-12-21,2017-12-08 00:26:57,13,0,26
33d6102f076f9a6130c98e71ff77197f,8aaeb0d59652914da703bb9c4d50c210,MG,itacarambi,-15.098355039383632,-44.09566579405765,RJ,-22.93534069637593,-43.186718398333056,876.6452057670816,1,1,99.99,21.19,1550.0,2017-11-27 22:21:26,2017-12-20,2017-12-05 14:23:38,7,0,22
341fd75c5d23b024ba2c98c53b491adb,90e1d0d9d447d13a6b9cb4c35524a2d6,RS,porto alegre,-30.05415944936224,-51.22254278261433,SP,-23.40594993255526,-46.49171018896156,875.6506042150457,1,1,29.5,14.1,200.0,2017-11-24 09:35:26,2017-12-21,2017-12-04 23:39:59,10,0,26
cd5be8f92135682a584bca7d11218aad,8a7636a8f5d5c27a5cb9aa255586a322,SP,campinas,-22.93106051096427,-47.111613736896366,RS,-29.952853739325604,-51.09549857415124,875.5575259213707,1,1,249.9,60.3,5650.0,2017-11-25 17:46:11,2017-12-26,2017-12-16 18:19:56,21,0,30
f79166d484b12d995cc47ff0fd43db75,c0c6670992f4b739fed5149cdd7de373,RJ,rio de janeiro,-22.941046165690945,-43.17617823078362,SP,-21.486471927360125,-51.53351950792364,875.2519149933507,1,1,24.5,15.1,100.0,2017-11-25 23:37:21,2017-12-18,2018-01-24 19:18:13,59,0,22
41c291a561e0257e25d6a75037e5a6a1,24776ca74573c5225d00a09c387c7944,DF,brasilia,-15.805572339264156,-47.885913,SP,-23.56972517425462,-46.52542542415,874.980688622444,1,1,35.9,16.6,900.0,2017-11-24 20:35:30,2017-12-15,2017-12-16 15:27:01,21,0,20
3dedd60b79ed5b4e116046e2486fd329,a1af4ccd7d8b4451112f2df8c61d0ba3,DF,brasilia,-15.81773632790986,-47.81483530613423,SP,-23.595227193173283,-46.56076636913555,874.703835496172,1,1,250.0,50.49,12000.0,2017-11-24 08:08:32,2017-12-18,2017-12-14 16:22:33,20,0,23
33c8e151a9c5f165f7b4e39ad4a91164,51dfe576cb8af5ddd2c0948224b6da8f,SP,sao paulo,-23.537648462115527,-46.46532176686477,DF,-15.801308999999993,-47.96795249999999,874.4815729840393,1,1,69.0,18.72,1850.0,2017-11-26 21:19:07,2017-12-18,2017-12-06 01:19:06,9,0,21
f5a46e0d0f766ca0dd73ed331959ce00,a3cdec9b9b26126bc064274977f61cfc,SP,sao paulo,-23.5542285,-46.613907,DF,-15.801308999999993,-47.96795249999999,873.6402818770097,1,1,69.0,18.72,1850.0,2017-11-26 23:57:16,2017-12-18,2017-12-06 01:11:47,9,0,21
b2976bc0899d6eb3fbaa0255ee3a000b,29fe5f83647b7191e6517bd11dad886e,RS,porto alegre,-30.103148639477105,-51.24252086392755,SP,-23.49901135775293,-46.48301004717532,872.8956436751122,1,1,13.99,14.1,50.0,2017-11-24 15:52:35,2017-12-21,2017-12-07 15:59:14,13,0,26
fdc9d53919c301a0d27f2aad205c5aea,c72574999d02567190f02835c3af476a,DF,brasilia,-15.845642702337878,-47.87679787618914,SP,-23.6140872536788,-46.68886585673923,872.6954959903138,1,1,79.0,16.8,700.0,2017-11-26 01:02:57,2017-12-18,2017-12-14 19:35:11,18,0,21
7d593cfb475e1e80058d84bbba5aef55,4044c34776305b044569d12d0211b0d4,RJ,rio de janeiro,-23.001664514859417,-43.40383953802869,PR,-23.414213060660472,-51.92747079109623,872.1698743905642,1,1,249.9,19.32,1000.0,2017-11-26 09:28:58,2017-12-20,2017-12-28 22:28:40,32,0,23
470994fd2c10b6103e0fa4fcd37ea7b9,35b924f8359e4c2d013d8b8c53ac04b8,SP,sao paulo,-23.589234482370628,-46.67013533250615,DF,-15.845798834786912,-47.97383682690134,871.7553364492779,1,1,65.0,15.89,203.0,2017-11-24 00:44:05,2017-12-15,2017-12-02 18:52:02,8,0,20
9bdcb4559b75d21a22fcd868d9e5dfec,6de980369453bc98c75da669412a0e85,DF,brasilia,-15.820469999999991,-47.91317625000001,SP,-23.55643047625651,-46.56853012614689,871.6189426398959,1,1,250.0,98.02,7800.0,2017-11-24 19:51:23,2017-12-15,2017-11-30 16:05:23,5,0,20
46422e1ce124f2bc35a6d0a4b1bf0130,226a68b0a8e545a4affb75acfcd59fc3,RJ,japuiba,-22.561260404548616,-42.69006038060117,SC,-27.214762141686712,-49.640232592201016,871.0190645538648,1,1,37.99,16.79,250.0,2017-11-22 13:57:00,2017-12-15,2017-12-22 21:13:47,30,0,22
408f2f229612df125125c44208331045,1a9e7bc5db555b1e83b4cd9389aa3063,SP,agudos,-22.471616394758044,-48.9893998844055,RS,-30.03336443104038,-51.23063954079865,869.9547127650713,1,1,39.99,15.1,350.0,2017-11-23 21:55:08,2017-12-26,2017-12-05 20:33:56,11,0,32
2d4795e6f5375a02fac5626d3b94d407,89b021b2bfef7cdb5b7ae69addca0ec0,SP,bauru,-22.31557633777196,-49.08168560560333,RS,-29.9154979313812,-51.14278755030342,869.705738536197,1,1,129.8,49.44,7000.0,2017-11-25 12:27:17,2017-12-26,2017-12-03 10:52:35,7,0,30
f56dddd5a49e282a2747a25d6d7d1bf2,62af946cc2a3c3a615c3a9b5074cd271,SP,sao paulo,-23.54256561289955,-46.60431452469849,DF,-15.845798834786912,-47.97383682690134,867.7432160299926,1,1,65.0,17.02,300.0,2017-11-23 17:17:55,2017-12-14,2017-12-11 15:10:09,17,0,20
35587b2be9f6f8d236e7366bddaea915,ccbd5f3c7f46b8833facd60c6a4246d3,RS,esteio,-29.85273776867104,-51.17010749632095,SP,-22.70928658782974,-47.66520568122805,867.6206602116539,1,1,89.9,17.88,1200.0,2017-11-26 19:45:02,2017-12-26,2017-12-20 13:49:14,23,0,29
eac8153088769b2459afd8e2a7b34ab2,5adbdd84ac9f7e85e84a0111f41f91dc,SP,lourdes,-20.965762091620658,-50.225531203594926,SC,-28.71452758648514,-49.30006950142965,866.656778421526,1,1,89.9,16.39,1600.0,2017-11-24 18:08:03,2017-12-26,2017-12-15 17:59:09,20,0,31
b9138517d788504f3732765e32ffc3d7,5288e45224162bdb75c2c4147aac76bb,MG,belo horizonte,-19.93624791006412,-43.95773026201734,SC,-26.30142445268046,-48.84867079141905,866.4277128221452,1,1,64.9,15.89,200.0,2017-11-26 05:27:45,2017-12-21,2017-12-21 00:23:31,24,0,24
c8690529d708337d1fdafbe5cc2e6e7a,8b3d7bf9cdbc9c94481c2a0782e849bd,RS,canoas,-29.91586320843673,-51.18773936782405,SP,-23.211061972115367,-46.76376569389638,865.4593513523388,1,1,29.9,15.1,300.0,2017-11-25 22:56:23,2017-12-28,2017-12-13 18:05:01,17,0,32
448d70cc4699daf71c492798bcf12d05,a1d4b69d4351efe51ce19692dbdb9416,RS,panambi,-28.29127509034286,-53.50140090980917,SP,-21.757690120914923,-48.82976816265947,865.4144632187163,1,1,113.0,18.04,1800.0,2017-11-21 22:08:02,2017-12-19,2017-11-30 00:32:18,8,0,27
f37f4d49c3bec3fe208ac7f86a58a97d,81d496ec70b5cbfdd088b86d39d9f078,RS,porto alegre,-30.090744042183644,-51.22809874889866,SP,-23.48535959449485,-46.624283978908174,864.794355893265,1,1,34.9,14.1,255.0,2017-11-26 23:02:08,2017-12-22,2017-12-15 21:55:23,18,0,25
6387cf0ea60d024f1714f7dab43fd211,6cfd04631cffb91e705fc81451868822,SP,sao paulo,-23.46296691257429,-46.64955084824575,DF,-15.781713800046974,-47.93342033773479,864.6150811113192,1,1,32.9,16.92,600.0,2017-11-24 00:55:39,2017-12-19,2017-12-11 13:18:35,17,0,24
eb808f17e12419314395e5309b23258b,f797b305ff4fc7689400509ea249468a,RS,charqueadas,-29.96150870112698,-51.62866453331365,SP,-23.65869024839867,-46.52249513292757,864.5688693872866,1,1,84.99,15.35,600.0,2017-11-23 09:30:42,2017-12-22,2017-12-01 17:13:45,8,0,28
ee43c2648eadad1558b2e3130b736c7c,28d908a1782ec9fd7f094debcbbeecf8,SP,osasco,-23.492952011368303,-46.78744234076533,DF,-15.801308999999993,-47.96795249999999,864.1416935301686,1,1,69.0,18.72,1850.0,2017-11-24 21:11:34,2017-12-15,2017-12-07 18:37:52,12,0,20
4bb508ed8217864a44341f4e5e41e04e,865293243bd058d40776ed211b54174c,SP,guarulhos,-23.450188023313515,-46.55251736594723,RS,-30.00839962559865,-51.20149509977495,862.8595995897019,1,1,79.0,16.8,1167.0,2017-11-25 00:29:04,2017-12-22,2017-12-04 18:22:59,9,0,26
593b6eefb72afdf364b30dedb1294414,361075ad44ffadb27e3440aaa0271533,GO,goiania,-16.714523999999948,-49.281270093906926,MT,-11.835954098015891,-55.50803301489325,862.6541616788717,1,1,129.9,20.15,1250.0,2017-11-24 21:53:34,2017-12-22,2017-12-05 20:45:03,10,0,27
4e08e93c7e89957e02292b0bffbf8065,f01c510d2b8c42cd289a4b5b512ae9d8,PR,alto alegre,-22.89715803107636,-51.88879959505639,RJ,-22.870342477927228,-43.47241109832717,862.0912609483738,1,1,108.0,16.52,1000.0,2017-11-24 16:14:03,2017-12-21,2017-12-13 18:33:33,19,0,26
1a75ed2e9cc04b329fbbf472ea0ea100,01551ab70b4a96a82ff74e3fdf027837,RS,carlos barbosa,-29.29663023353193,-51.50030424271862,SP,-22.740512158523465,-46.8958585777586,861.8158528685184,1,1,19.98,16.11,350.0,2017-11-24 12:35:09,2017-12-27,2017-12-09 17:14:28,15,0,32
b0200fb90c91c50e3310f7f78f68fdfc,15ba669d92c1a0dc05e3869a81de6919,PR,ponta grossa,-25.107911307477963,-50.16175716716192,MG,-21.11819394490749,-42.943705743717146,860.9768191697949,1,1,269.9,60.9,12600.0,2017-11-20 17:32:31,2017-12-13,2017-12-05 20:07:47,15,0,22
5b3a129d267d949715aa05716b21cc81,e5e1d1173b32986df5c489e8f192b6c2,RJ,duque de caxias,-22.77389337335833,-43.29151479559244,SP,-21.486471927360125,-51.53351950792364,860.809279013153,1,1,24.5,15.1,100.0,2017-11-24 03:08:47,2017-12-18,2017-12-07 20:59:50,13,0,23
80c3c4405891ad9ae20692b3546aed20,17fa34113bb7197374bed266c6b35c05,ES,cachoeiro de itapemirim,-20.85730344893213,-41.10644779138196,SP,-20.806830481885147,-49.38960170992274,860.7563180113249,1,2,98.0,35.34,3000.0,2017-11-25 13:53:32,2017-12-19,2017-12-07 21:44:44,12,0,23
1d637e7a91e7c3e0e94a91cdf693855e,58eac1322f421c65176db804697c9bf4,ES,sao joao do sobrado,-18.3195975217391,-40.40530641206723,SP,-23.51633441909516,-46.54744111705809,860.496768097252,1,1,55.92,17.64,1150.0,2017-11-26 16:41:58,2017-12-20,2017-12-13 22:16:05,17,0,23
095234196e1f3c4feadc4dca677b3971,9f973a49bf25d6fbc095b3b5663b7235,ES,cachoeiro de itapemirim,-20.84473554236901,-41.10935777504867,SP,-20.806830481885147,-49.38960170992274,860.4819963466917,1,3,147.0,53.010000000000005,4950.0,2017-11-24 22:51:23,2017-12-18,2017-12-07 22:37:54,12,0,23
9a0ae735d5d850fd068bab6f0922f206,40797962636b8f583ef5f5079bb1dae4,RN,natal,-5.808373524637668,-35.23063938355317,BA,-12.89472449617752,-38.33875838605659,858.4988242272136,1,1,289.0,17.46,450.0,2017-11-23 15:42:05,2017-12-21,2017-12-04 22:38:49,11,0,27
ff64e0ba4800eb1127ac32aeac2b51f9,16482587049b0c2a607dd532d0653696,MG,contagem,-19.920671611938914,-44.12947794136671,PR,-23.553891310373,-51.46333120412408,858.26925904446,1,1,129.99,18.48,505.0,2017-11-20 16:46:51,2017-12-13,2017-12-05 00:57:57,14,0,22
582aa197b0713dfddc6b2f99fb79941c,f1c040469c753959928b6333e76c3609,SC,chapeco,-27.09579771801885,-52.629638389434895,SP,-20.916468353698388,-47.574216767527176,857.5430169945047,1,1,115.0,21.3,1300.0,2017-11-27 16:02:03,2017-12-21,2017-12-06 22:51:44,9,0,23
c9397dbfd867734646abb1df12a5f625,da0304128cf9402ed541daa9ccf50834,RS,porto alegre,-30.040957613105167,-51.21296971002372,SP,-23.57146358639663,-46.510949028791615,857.2241272057204,1,2,79.8,78.56,15000.0,2017-11-25 18:54:57,2018-01-23,2017-12-13 20:29:04,18,0,58
ca759ab8f22c84329b8dbcb5192ef923,fed6164eb076a32849ac5d4d3cf14480,SP,sao paulo,-23.518119818590403,-46.411662038028695,PR,-25.54168647758336,-54.585197713463536,856.7125156624311,1,1,159.9,25.96,3400.0,2017-11-24 13:38:06,2017-12-18,2018-02-16 17:58:57,84,0,23
4afe7e80b141d6ae78420e2cb79f031f,7ce5f6bb9c62f8fdc44709cf4abd08e8,RS,porto alegre,-30.12524031224045,-51.2084636790928,SP,-23.65869024839867,-46.52249513292757,855.8932277440149,1,1,53.99,14.13,200.0,2017-11-27 18:09:09,2017-12-26,2017-12-12 01:43:07,14,0,28
77d9489f6394fff407ce6a4ab64957be,6aab7c3dcfc8d7221cf7096fcdb40f58,RS,porto alegre,-30.03336443104038,-51.23063954079865,SP,-23.55643047625651,-46.56853012614689,855.7993997695545,1,1,138.0,15.73,6900.0,2017-11-20 14:31:13,2017-12-14,2017-11-29 20:21:38,9,0,23
9ef921f5c09cf02012029e4660e4ddce,0cceca00fae637fe9d8eb79377d0da12,RS,caxias do sul,-29.151203064435432,-51.18287590058917,SP,-21.757690120914923,-48.82976816265947,855.3172256972342,1,1,129.99,18.16,1750.0,2017-11-24 00:08:11,2017-12-28,2017-12-08 13:37:39,14,0,33
ff00a56fe9475a175cd651d77c707a09,72aa84f482e9441a8c1599c07d734e45,RS,caxias do sul,-29.151203064435432,-51.18287590058917,SP,-21.757690120914923,-48.82976816265947,855.3172256972342,2,3,296.70000000000005,55.57,4958.0,2017-11-24 00:08:10,2017-12-26,2017-12-18 13:14:05,24,0,31
25663824cc56a3ac5c5674a1df0567da,8be2f2b274298b57c07e4b55a77ae11f,SP,jundiai,-23.160985042991708,-46.917868021668745,RS,-29.68584930081256,-51.46313816602653,854.8952367638421,1,1,199.0,17.64,1600.0,2017-11-24 19:33:56,2018-01-03,2017-12-07 12:53:30,12,0,39
c86f0172acfdef71d38e298e4c863976,b7f23c4d0d5b9253771518139e662057,RS,porto alegre,-30.01348670107913,-51.19073788307298,SP,-23.5308241992758,-46.564551750224425,854.4672604598859,1,1,109.9,17.02,700.0,2017-11-27 22:07:54,2017-12-22,2017-12-07 22:32:34,10,0,24
c470c4940c653080f16ba7e4cf1eb08c,121779e79f02587b95b15ca80b9c8a6e,RJ,rio de janeiro,-22.87647066395896,-43.58311900238119,PR,-23.42843316855792,-51.91774739994137,854.2145831555874,1,1,18.9,16.79,150.0,2017-11-24 10:42:43,2017-12-19,2017-12-20 20:07:11,26,0,24
851c0a679381595b4b44873db7595471,12cd18cc5a7660e454d1475777a60e42,RS,caxias do sul,-29.1378661048406,-51.19024195905817,SP,-21.757690120914923,-48.82976816265947,854.1002365760885,1,1,59.55,17.67,950.0,2017-11-24 02:30:24,2017-12-26,2017-12-14 12:39:07,20,0,31
c8e35783a2527cdf286c54e2ae9727db,891966aa607cc04bf5575d6b22ef9e57,ES,anchieta,-20.806964999999995,-40.64907848708397,SP,-21.757690120914923,-48.82976816265947,854.0746444876687,1,1,109.9,18.02,1500.0,2017-11-23 08:35:26,2017-12-14,2018-01-03 14:36:20,41,0,20
2341e8f8010d9fd0e367ae298fb20ff0,ca5efffb392fef60affffade3e116f2b,RS,taquari,-29.793505549086312,-51.86255911841741,SP,-23.553426672969827,-46.84972934356494,853.8569190729307,1,1,39.9,16.11,425.0,2017-11-22 14:53:56,2017-12-20,2017-12-04 23:38:29,12,0,27
3cee24433e03d9b70b40bb36fb37cc52,e864187b27681ed48c419ce4668ea1e0,RS,porto alegre,-30.103148639477105,-51.24252086392755,SP,-23.694415753534567,-46.4961230557628,853.7702115907792,1,1,349.0,27.19,6000.0,2017-11-25 19:57:19,2017-12-26,2017-12-17 15:36:48,21,0,30
7977e42154b045239288569dc9336adc,6713a9e3f88ec51feb6aec1ce3e8dfa5,ES,itarana,-19.872362427086507,-40.87500121675279,SP,-21.757690120914923,-48.82976816265947,852.828937547815,2,2,139.4,32.57,2350.0,2017-11-25 14:40:05,2017-12-20,2017-12-05 18:46:46,10,0,24
ec9a51782b5483ba996ab13bc3bbc30d,3a2b4695ef4d00cd124b3e6f2bbcd212,SP,sao paulo,-23.47865381848347,-46.58874372300767,DF,-15.894631727904486,-47.77576600460867,852.3943641787213,1,1,62.4,15.88,300.0,2017-11-25 23:57:30,2017-12-18,2017-12-11 15:03:38,15,0,22
14ee9719cb142bf6f26349118ebac994,f78345da486d6203f7e3ccc42d09aa69,RS,canoas,-29.95624519538753,-51.18539740980434,SP,-23.503853294477462,-46.55491073216861,851.953784684069,1,1,145.0,15.77,1025.0,2017-11-23 13:18:15,2017-12-20,2017-12-01 23:43:48,8,0,26
d0bff47153ef056bb4f884a2ec2f0691,5bbd3f38fe696e4bc73a9f914a6716e6,RS,porto alegre,-30.039757576172978,-51.14510185579104,SP,-23.48085590563506,-46.71032357035894,851.6939666409617,1,1,39.5,15.11,800.0,2017-11-23 15:05:54,2017-12-20,2017-12-05 00:37:37,11,0,26
00f33ee62c15223679d3550e751c37cd,2c499841f2c353053fd296844c4908f5,DF,brasilia,-15.917115321275542,-47.9523136781264,SP,-23.48085590563506,-46.71032357035894,851.020385339227,1,1,39.5,15.11,800.0,2017-11-25 16:17:29,2017-12-18,2017-12-18 18:09:50,23,0,22
568360f5a6800365ddcbe2fcf69fdbbe,505e0370f6fa6332751d13b2f8b34030,RJ,rio de janeiro,-22.937430121847743,-43.176862902706524,SP,-22.09961715066345,-51.40819739735439,850.4969957388245,1,1,118.5,27.15,3600.0,2017-11-23 18:42:22,2017-12-14,2017-12-12 21:14:39,19,0,20
40d61096a3c7681e431d0224b2eb6aab,845e343208c4d592a210f41d93ea218d,RJ,rio de janeiro,-22.83952401067581,-43.40384199473421,SP,-21.486471927360125,-51.53351950792364,850.4722670007151,1,1,24.5,15.1,150.0,2017-11-25 12:05:04,2017-12-18,2017-12-27 17:33:09,32,0,22
46b3e34b2fe9e7cb16d75fca93aaa180,47c710720f6d36fbdf35a01adc90e221,SP,indaiatuba,-23.117528294477463,-47.22772117568815,RS,-29.9154979313812,-51.14278755030342,850.1784702953825,1,1,69.9,16.74,1400.0,2017-11-25 16:11:30,2017-12-26,2017-12-04 16:14:58,9,0,30
42178905ca532298f19fe27009fff325,9769cf8e0cf29e8df3993c86c6eeceee,SP,rio claro,-22.39021116847478,-47.54999151399537,RS,-29.226503425788763,-51.34321554644538,849.5457103631472,1,1,34.5,15.1,250.0,2017-11-23 11:13:16,2017-12-20,2017-12-07 21:32:18,14,0,26
1d496c62bf852e069018c2b038064949,5ab2d7b7f6367cc87d0987b752db4f65,SP,sao paulo,-23.561779395363267,-46.47581652435226,PR,-25.54168647758336,-54.585197713463536,849.0488142205385,1,1,240.0,28.0,5200.0,2017-11-25 20:39:58,2017-12-19,2018-01-13 15:38:14,48,0,23
ec16409eb3a4bea9c172e550736b8520,5dfe4507f0c131cc7ffe946826effcd3,SP,sao paulo,-23.515506,-46.48171049999999,RS,-29.9154979313812,-51.14278755030342,848.7386032842862,1,1,59.0,20.0,1600.0,2017-11-23 09:48:16,2017-12-20,2017-12-05 22:15:15,12,0,26
fe5da8a231bcf8484cea27e428a39cc2,3415bcecd28a990138d5057e29138af1,SC,jabora,-27.1726889685014,-51.735928642465936,SP,-20.43034840679484,-47.82574642607055,848.5439611754734,1,1,115.0,18.06,1250.0,2017-11-26 13:22:38,2017-12-27,2017-12-21 22:18:02,25,0,30
b5c0aa2b53c60eed61f0d433ff2b0b89,19e1bc50cd9ddab4681b913bd4839998,GO,anapolis,-16.30564199999999,-48.94720603703196,SP,-23.652442526788203,-46.75549168747648,848.3678779259772,1,1,55.0,15.14,250.0,2017-11-23 23:36:02,2017-12-15,2017-12-11 22:04:45,17,0,21
df23e811bccb321eb67f120f96955445,412ef0bba96a560e2811cda36c9cc55e,PR,campo largo,-25.471849391397924,-49.54061374914315,MG,-19.8399409186066,-43.959657698309165,848.3549026766003,1,1,23.8,15.79,283.0,2017-11-24 10:28:38,2017-12-19,2017-12-05 18:46:58,11,0,24
959ceecf84ceaad064c8c99f1970fb53,6d810c063cf4f8b61034a89103ae9cba,SP,sao paulo,-23.640331499999995,-46.69735049999999,RS,-30.103148639477105,-51.24252086392755,848.1003317695172,1,2,1458.0,59.7,12800.0,2017-11-26 20:13:08,2017-12-22,2017-12-04 12:18:11,7,0,25
8b9563eca3fcbc37caa2455d0dadc3bb,214218d25a570354c72674ee539a0857,MG,caete,-19.88499457157696,-43.66585956324863,PR,-25.45795217485142,-49.30899607966408,847.8262718964532,1,1,49.0,16.92,400.0,2017-11-23 13:34:10,2017-12-21,2017-12-21 12:35:31,27,0,27
d8f4ac2b5cf577657a2165a7c75857ff,6aedd904a13070b8a5c21abd8de0c090,SP,sao paulo,-23.631842535662773,-46.46710744976627,PR,-25.54168647758336,-54.585197713463536,847.6964163668199,1,1,119.9,21.33,2220.0,2017-11-27 11:05:38,2017-12-19,2018-01-22 13:56:53,56,0,21
80012b4a007a0b502a4dd3c0d6224abd,11cc44380a8e2fa7c5e9d0d1cf4adaf0,RJ,cabo frio,-22.863088876163463,-42.00691512072832,SC,-27.59506599062513,-48.61579273838788,847.5106838371324,1,1,49.99,23.22,2100.0,2017-11-24 15:16:27,2017-12-20,2017-12-05 20:22:29,11,0,25
a757a56d0e861a38647169019a35ef8d,c6ff821f69a0dec55cfc2694414e45e4,PR,foz do iguacu,-25.52742965797669,-54.57343393231224,SP,-23.51253401672528,-46.501049539944844,846.6559720305532,1,1,39.99,15.1,50.0,2017-11-20 11:46:59,2017-12-12,2017-12-13 19:12:46,23,0,21
0778b810e2b38affa71607aa32043365,40007efc8eba921655b88ab47d309e4b,MG,cabeceira grande,-16.02958266006166,-47.08867310985073,SP,-23.625852663887155,-46.61139748251486,846.1378016107873,1,1,27.99,15.1,350.0,2017-11-24 08:51:18,2017-12-20,2017-12-20 14:52:25,26,0,25
e32f6ad72bac26ad16654d66fa372891,2c27f5c9e560e9897611c61003fbbbe9,MG,belo horizonte,-19.879522658895496,-43.943022502365935,PR,-25.45040220122144,-49.56040541360136,845.8761358631847,1,1,119.9,22.71,6300.0,2017-11-25 16:32:06,2017-12-21,2017-12-02 12:47:09,6,0,25
766a7aafdf6f237885465c7487a30eb7,4b86e3f4e081916feadba12c94ea8912,SP,santo andre,-23.67047387787813,-46.49108185675612,PR,-25.54168647758336,-54.585197713463536,844.1619416942921,1,1,119.9,21.33,2350.0,2017-11-25 10:31:51,2017-12-20,2018-01-10 18:32:27,46,0,24
7e0116db05fb76773a33ff4e6e9b841e,6dfb2961d9ace9cef6f6754b38ca3845,RS,porto alegre,-30.04632895480777,-51.13770365569283,SP,-23.678743908783414,-46.50281468519531,843.9779519386799,1,1,239.9,17.93,3100.0,2017-11-24 23:44:54,2017-12-21,2017-12-18 23:08:10,23,0,26
35216574e06418622f9a9ece821b8c8a,e081b2f90237bd2d1c83647d1a1427eb,SP,sao paulo,-23.51194034471118,-46.5895177492354,RS,-29.9154979313812,-51.14278755030342,843.2957500515959,1,1,129.8,39.84,7000.0,2017-11-27 11:39:25,2017-12-22,2017-12-01 15:36:39,4,0,24
ac579d1cb61f3f0f7a4497e3513ae073,7bf41e9619852285ef47577944016105,RJ,cabo frio,-22.893804195996008,-42.03375999999997,SC,-27.143863729700307,-48.95995049999999,842.5644731944866,1,2,138.4,39.44,3200.0,2017-11-26 12:08:13,2017-12-21,2017-12-28 15:34:09,32,0,24
99ac72244106ef18ebd81fb6bebfa4bb,ced353863f72326c7e319790ba7c2952,RS,porto alegre,-30.019450389953256,-51.13703201653284,SP,-23.65869024839867,-46.52249513292757,842.2969226210248,1,1,56.99,14.15,350.0,2017-11-24 22:46:05,2017-12-27,2017-12-27 14:09:37,32,0,32
28aca242b9f57bd41f8a1d1791f4e761,2d3b68fa7243367b72e61375cd6b0f7f,RJ,nova iguacu,-22.687718230385386,-43.46621205944773,SP,-21.486471927360125,-51.53351950792364,841.7580226233442,1,2,49.0,30.2,250.0,2017-11-25 20:11:31,2017-12-19,2017-12-27 17:47:12,31,0,23
4ecf6661d9cc1c3eceb0a36a53083318,10ac88ea3693b00bd942c769a4c0a29b,RS,porto alegre,-30.00705652553522,-51.17525078926519,SP,-23.569882978500623,-46.71049857687159,841.6428181553981,1,1,99.0,15.45,800.0,2017-11-24 21:36:19,2017-12-21,2017-12-27 19:35:47,32,0,26
f517ea1343dd2e2db6ad7e82cdcd6109,f50371ea73620809c8229334f110d038,DF,brasilia,-16.02294658397918,-48.05071815778448,SP,-23.484018352761268,-46.69810605682614,841.5992875767283,1,1,39.9,14.1,100.0,2017-11-22 15:09:21,2017-12-11,2017-12-01 17:22:49,9,0,18
1355bd6c7fa80ea43bdecab48ff8052c,934a9204aacc7279a9db0896b83eb42e,SP,sao paulo,-23.543666339719525,-46.57580075340465,RS,-29.9154979313812,-51.14278755030342,841.0197752543186,1,1,69.9,15.25,700.0,2017-11-27 01:29:11,2017-12-22,2017-12-04 20:49:08,7,0,24
ce65464cf5fd5392097c6eb4a9a7918c,67ded7e65a2d293fde52b00d0fa6bd03,SP,sao paulo,-23.50013529892086,-46.67515803497028,RS,-29.952853739325604,-51.09549857415124,840.9334534956231,1,1,249.9,60.3,5650.0,2017-11-27 11:21:53,2017-12-22,2017-12-04 15:51:39,7,0,24
eeed16ea7d99f4531ac2aefa8dd79368,cc389f4eaa50512f8de37f3109aebaa9,GO,jatai,-17.877590686417747,-51.73282021700932,SP,-23.65869024839867,-46.52249513292757,840.4188357877996,1,1,56.99,15.15,250.0,2017-11-20 12:48:31,2017-12-18,2017-11-29 19:45:45,9,0,27
1b025e1c2a64571df27e2229bcfe74dd,bd2ede42afdcf96bdcfbd14347344a7e,SP,mirandopolis,-21.134712204873303,-51.10328439406817,RJ,-22.93534069637593,-43.186718398333056,840.0494314172317,1,1,259.99,26.66,6250.0,2017-11-22 20:33:21,2017-12-13,2017-12-01 16:34:43,8,0,20
4387e79ec1a6317bfc7d9d8058f0283b,2ef8398f62042a2b4fb8a0bace741671,RS,canoas,-29.91586320843673,-51.18773936782405,SP,-23.20712579877664,-47.30927660866177,839.6276441596399,1,1,85.9,69.48,16100.0,2017-11-21 20:48:32,2017-12-15,2017-12-01 20:05:19,9,0,23
e0258e674c59ea50961e9ec45f97b08e,f7bbe0a44247e925c49a54a15a6a9287,RS,porto alegre,-30.02223398834324,-51.20241111324938,SP,-23.64855809755326,-46.66211575714125,839.5429669126651,1,1,119.9,17.09,1050.0,2017-11-25 17:21:10,2017-12-22,2017-12-08 21:17:03,13,0,26
d4a4641b9e4409b16a31dd61760e89cc,0b26bb0f88ff2869dc89fc3703473cd9,RJ,campos dos goytacazes,-21.746231110581284,-41.350832916322446,SP,-20.806830481885147,-49.38960170992274,839.365385724217,1,1,49.0,17.67,1500.0,2017-11-25 00:18:15,2017-12-20,2017-12-13 21:07:27,18,0,24
ccc2fdf91b8602da839b8cc89ec47dbe,638737b0a93bc3480cce7a10b5ef5d7b,SP,sao paulo,-23.58244607918687,-46.76336268947403,RS,-30.00839962559865,-51.20149509977495,839.1813613244086,1,1,841.5,27.83,2300.0,2017-11-23 12:38:16,2017-12-20,2017-12-12 00:22:36,18,0,26
28f0c702fd6f14b65a0ad5bd708a5b4c,edf26f6daa7f0952da5ab7b75c77f186,RS,porto alegre,-30.028513185541563,-51.19448024861386,SP,-23.67008162864273,-46.66049702840489,837.7480517936033,1,1,37.99,14.1,217.0,2017-11-24 10:22:19,2017-12-21,2017-12-14 19:58:50,20,0,26
cab13114944552c84f29e6f12aeeba5a,ee3f596fc0e83b4ad655322c7fca6bd0,GO,jatai,-17.876379599093777,-51.72758141836998,SP,-23.5397205,-46.43633556480467,836.1039010904504,1,1,18.99,15.1,75.0,2017-11-24 12:12:35,2017-12-20,2017-12-07 18:09:14,13,0,25
06e83e2884ecfcff09067ddaef752b49,180f88a79ebd4137eb2fd98525bcfff2,RS,gravatai,-29.921931538530487,-51.00026594379943,SP,-23.5308241992758,-46.564551750224425,835.9021085764873,1,1,109.9,17.02,700.0,2017-11-27 19:23:26,2017-12-22,2017-12-11 20:03:14,14,0,24
f92ebc52a42344683b930dfb16d2f317,c5c49531a2382c251f866e8c14dfb3ea,SP,sao paulo,-23.597860271150555,-46.59939648144286,PR,-25.54168647758336,-54.585197713463536,835.8331857488208,1,2,159.8,35.62,2400.0,2017-11-24 10:26:27,2017-12-18,2018-01-16 13:09:55,53,0,23
4682cd5d4e927965b48164b36492ce1d,bb3647c1adc147024cd7e98bcad63f71,ES,viana,-20.390720009844465,-40.49651577979936,SP,-23.81286528566852,-47.71895832790252,835.5306395182715,1,1,59.9,17.67,1225.0,2017-11-26 23:07:09,2017-12-22,2017-12-13 01:03:17,16,0,25
44c339e34fab21675d63cd6eca337696,eb7b6d66f9d08514886711ed0c152ff7,MG,jaiba,-15.342922358229634,-43.67078980287361,RJ,-22.84258446627047,-43.303678777468456,834.814371225577,1,1,28.99,16.11,700.0,2017-11-22 09:35:44,2017-12-18,2017-12-05 14:08:59,13,0,25
c7993b9c3400e607391a4927068193a3,03d0ec2d85870812d23393eda7a45e8c,GO,novo gama,-16.054012235645153,-48.03368201916949,SP,-23.30395324646543,-45.96258897068984,834.7590266764252,1,1,68.9,15.23,500.0,2017-11-23 11:48:49,2017-12-15,2017-12-16 12:00:01,23,0,21
f6bacd0dbc1aa8e5256c4bd6e4b08b03,7391671a39f82d198ca41370e42acff5,RS,canoas,-29.886198978071462,-51.17652176276762,SP,-23.62299459910628,-46.53766812565611,834.7308688974285,1,1,39.9,16.6,700.0,2017-11-24 23:23:37,2017-12-21,2017-12-12 17:27:15,17,0,26
93afe3c6fc66e7f50b000e621fa6fa49,c0757f19964e56c02b05e41d1ea20879,SP,sao paulo,-23.711269421316853,-46.69745742603439,RS,-30.03336443104038,-51.23063954079865,834.2512175555091,1,1,24.99,14.1,400.0,2017-11-22 16:58:38,2017-12-15,2017-11-27 19:27:07,5,0,22
90acf5654782a289ffd89f1759287595,c468f7532d2c5542841d9d75a254d8cb,MG,belo horizonte,-19.894223410208355,-43.930916412170255,PR,-25.53810834332621,-49.29274129961333,834.2031300953619,1,1,29.9,15.79,200.0,2017-11-24 09:09:48,2017-12-19,2017-12-11 21:29:02,17,0,24
bd939febd5fa2bc6fad46977e31c4257,d6f56dcbe9973301888241bf50ff4c50,MG,pitangui,-19.68416178355148,-44.89198171666868,SC,-26.26409773355359,-48.805319320338384,833.991340577734,1,1,149.9,23.92,10800.0,2017-11-24 18:23:01,2017-12-26,2017-12-12 09:32:14,17,0,31
9028ef4088169735678d41597586d167,964e99c196eea5af2e1bdfd2494493bb,PR,curitiba,-25.54254967110052,-49.33800035581969,MG,-19.92595295864736,-43.94511432722604,833.9828879687099,1,1,129.99,17.48,375.0,2017-11-22 21:20:07,2017-12-12,2017-11-30 19:04:53,7,0,19
f82c97fae29a4711ae4800dadd3487b1,9ca7ead018eac070d9bd5e5604e51d20,ES,vitoria,-20.284603009435063,-40.29512303471047,SP,-21.364019805249217,-48.22883109179936,833.149124947786,1,1,170.0,21.68,4338.0,2017-11-24 17:47:26,2017-12-19,2017-12-07 19:11:49,13,0,24
9af6f205c7247ac28685a350094ce865,9a29bf9ecfdbd9acf4088d680a19fca1,RS,esteio,-29.843647566496152,-51.16881563541696,SP,-23.544184662502165,-46.63214268206478,832.7038077237592,1,1,379.95,18.91,1450.0,2017-11-24 17:20:26,2017-12-22,2018-01-08 15:19:06,44,0,27
edceeba4876b8a3c43a4bbce2246794e,17521e58bb7acc353b73ade610b1b12a,MG,belo horizonte,-19.81921809128732,-43.96815514130466,PR,-25.45795217485142,-49.30899607966408,832.561208533445,1,1,148.0,19.28,850.0,2017-11-24 13:44:34,2017-12-19,2017-12-11 19:18:28,17,0,24
ebb2b88a94eaea3dc431c26a7d21bacc,4b98719a17e513d97fe6d782d6e93f25,SP,sao paulo,-23.555705605603343,-46.64727675,PR,-25.54168647758336,-54.585197713463536,832.5180947064209,1,1,159.9,25.96,3400.0,2017-11-24 07:56:56,2017-12-18,2017-12-07 20:51:49,13,0,23
aff4f3bc26eab89509ea11af24bd9cd6,db0515d79eb9bc8b1244b6acb3a338ea,DF,brasilia,-15.809857155962083,-48.13160406894028,MG,-21.764199268942235,-43.346325855675445,831.749474544674,1,1,59.99,15.17,100.0,2017-11-25 16:14:28,2017-12-19,2017-12-07 14:38:48,11,0,23
b4646db3266d2dcfe81b59aed062d3d7,c4a4198eed8a98fafd29a24afc9e6886,RS,porto alegre,-30.00678090452421,-51.160076449218,SP,-23.652442526788203,-46.75549168747648,830.5929266777423,1,1,49.0,14.1,250.0,2017-11-26 23:02:29,2017-12-22,2017-12-17 18:36:50,20,0,25
4b268b926cd4a679fd237d8cffb79e20,f512c3de1a2d91175f346263eafe9c92,RS,teutonia,-29.47218529698522,-51.80861346931223,SP,-23.625852663887155,-46.61139748251486,830.3120363557008,1,1,17.99,15.1,150.0,2017-11-24 22:03:15,2017-12-27,2017-12-13 20:10:46,18,0,32
310adadfb2b68c5607467e7f7f419491,90038e42991bf6afe44726e2354976b8,PR,santa lucia,-25.40741069241244,-53.56845671420429,MG,-22.27164789897835,-46.16555647382263,829.538145902715,1,1,48.9,19.59,1400.0,2017-11-24 15:05:30,2017-12-26,2017-12-05 17:14:50,11,0,31
12661e88e7fb495c59a6db6050546e4d,45cad50122c68fe993f875925eeb8854,ES,vila velha,-20.3740726835974,-40.30532998337161,SP,-21.82182624375579,-48.14411094601537,828.873611162614,1,1,610.0,65.01,15350.0,2017-11-24 23:22:56,2017-12-18,2017-12-07 21:42:16,12,0,23
26110592bfcb0c6d20245c860b05f8ee,ee17af9f093b00b43cb3ba1d2938a1f0,SP,pirapozinho,-22.27642050519276,-51.49888375467775,RJ,-22.7352059141212,-43.45046817824559,828.2542020778203,1,1,35.09,15.1,600.0,2017-11-27 10:40:11,2017-12-20,2017-12-05 18:32:03,8,0,22
b9978fd04acfedd507165e3f7ec97b05,15f01f6f68d778e5adcafe2216db0945,SP,sao paulo,-23.584555152922874,-46.68664013904443,PR,-25.54168647758336,-54.585197713463536,827.7458575137257,1,1,79.9,17.81,1200.0,2017-11-24 18:19:17,2017-12-18,2018-01-16 20:12:40,53,0,23
d2ad7c966f9e17a0c52f322d3479b14b,e734e3c32bfec854538b74ae3d618a6d,MG,teofilo otoni,-17.856647586374176,-41.49647697582231,SP,-23.595227193173283,-46.56076636913555,827.1701722036046,1,3,98.97,48.33,2850.0,2017-11-24 10:27:33,2017-12-18,2017-12-14 18:47:16,20,0,23
abb4cbba2c83f7cabc85e45374a23ad4,75891b0625d2cb397891c4497d7dfffa,GO,jatai,-17.903213264789485,-51.729525560201004,SP,-23.490514739107848,-46.47725188181562,827.1071487644228,1,1,79.9,17.81,1400.0,2017-11-25 00:23:46,2017-12-21,2018-01-10 17:18:43,46,0,25
9de3ed40082af7692bf48b0a9126b5f9,8405dbe4e44fefd4597703d00855cbc7,RS,nao-me-toque,-28.46171415913445,-52.81950741633953,SP,-23.595227193173283,-46.56076636913555,826.686745821583,1,2,65.98,32.22,1000.0,2017-11-26 20:09:34,2017-12-29,2018-01-03 19:34:18,37,0,32
440e9f47085a2b746335a1dc25b8bba8,e72b07e2d16cff09d726649acbd12c1f,GO,bonfinopolis,-16.61658065893476,-48.95859663223406,SP,-23.68709504954123,-46.51769647631296,826.3928696325565,1,3,281.97,50.73,3765.0,2017-11-24 11:38:13,2017-12-20,2017-12-18 19:53:40,24,0,25
9064f38324318748109281151c83406d,ef6c0bfc4abf551556dfde0bdd27d00c,MG,belo horizonte,-19.85981396863639,-43.94087908771503,PR,-25.43366888971728,-49.26893094975684,826.2574592414288,1,1,226.0,19.82,375.0,2017-11-24 21:44:52,2017-12-21,2017-12-04 20:19:14,9,0,26
d886b00d4a23706eb91d946fc5a33a3a,6573ee4e5fd374e19d9d34a121a422ec,MG,belo horizonte,-19.87772765208616,-43.99511070483005,PR,-25.45795217485142,-49.30899607966408,825.7735788289942,1,1,299.0,20.33,900.0,2017-11-24 19:33:51,2017-12-22,2017-12-12 19:21:50,17,0,27
adc9c192fa551c7973ee32d217816b89,7845572a4f919c31d327673edce0015e,MG,montes claros,-16.754775617058538,-43.87453334908248,SP,-23.60685843075192,-46.91654275047613,825.3153545951507,1,1,104.9,16.49,750.0,2017-11-25 15:24:38,2017-12-19,2017-12-04 13:22:08,8,0,23
ffb18bf111fa70edf316eb0390427986,5c8f393ae866c2a2d2e775dbc2409a59,GO,jatai,-17.884664706480535,-51.71734102088634,SP,-23.63301514377628,-46.70689364807545,824.3905667923144,1,3,569.0,48.25,1400.0,2017-11-27 13:29:05,2017-12-21,2017-12-05 18:38:53,8,0,23
394ff86ee81814bb5f88c7e8ad2812b3,35c96160ee1db65f1cbf4fbcb6f38826,SP,guarulhos,-23.468514416930777,-46.55079285579497,PR,-25.442762067969603,-54.40078556444748,824.1704085305291,1,1,67.9,8.72,500.0,2017-11-24 19:03:25,2017-12-08,2017-11-29 22:07:14,5,0,13
c5f8207301eae78cb829cb3df3755196,81ead83512b812f9a51a8a268c76af48,PR,ibipora,-23.26922588754478,-51.05198746232615,RJ,-22.82827005636834,-43.01210347482567,823.9819987898145,1,1,129.9,18.16,1600.0,2017-11-26 16:17:07,2017-12-22,2017-12-06 21:49:47,10,0,25
acb240f46b51c9c771670344a66976b4,c8431d21b0890f5760a4c628052bd458,ES,rio novo do sul,-20.8634892246454,-40.93594761768967,SP,-21.757690120914923,-48.82976816265947,823.6615312610279,1,1,12.9,15.1,700.0,2017-11-26 23:22:29,2017-12-20,2017-12-19 20:35:45,22,0,23
1069df9b022c0b01d48a46af47e7af81,bd60114b444f22fc31720b2403f60551,SP,sao paulo,-23.66302825867045,-46.68945333243405,RS,-29.9154979313812,-51.14278755030342,823.6500675521327,1,1,129.8,39.84,7000.0,2017-11-24 08:54:03,2017-12-21,2017-12-01 14:39:07,7,0,26
7dfc0c4ee8e0efa633fe97c0409da2ea,2595d4fb8660dcb8cbb4e78b0a8f40ce,DF,brasilia,-15.794401499999992,-47.93561999999999,SP,-23.1777630785525,-47.3432490929943,823.3328511980842,1,1,125.02,18.13,1600.0,2017-11-24 14:05:22,2017-12-18,2017-12-20 21:10:29,26,0,23
5fbe2b81bb0cd59643b435d2ffcad024,a19fe9f70875f312739724f0ac17fe63,GO,goiania,-16.700983273171033,-49.24058299999996,SP,-23.66148702746846,-46.56416174311855,822.7540630126946,1,1,16.0,14.1,50.0,2017-11-23 09:42:03,2017-12-13,2017-12-06 18:39:37,13,0,19
ee93f66dd4c1471023afa917f63536d3,e5dd6c9d32e189fb4b38bb071984a888,ES,cariacica,-20.351441115103235,-40.38449739491106,SP,-21.364019805249217,-48.22883109179936,822.7340286974905,1,1,198.0,16.14,263.0,2017-11-25 11:34:06,2017-12-20,2017-12-26 21:41:31,31,0,24
15f51fa174f4b9b412e245aa5d723db8,9139413a8af28cd2c28e150c393b8f7a,SC,sao miguel do oeste,-26.731781999999995,-53.518667424888754,SP,-22.38402218078369,-46.9362356656652,822.4842679698543,1,1,319.9,67.05,14600.0,2017-11-23 22:00:33,2017-12-20,2017-12-14 21:03:27,20,0,26
069370014d6465fb28770cd9449402c5,7e0e83d690e02b4ca1eeb1bb4386a304,DF,brasilia,-15.657852426977136,-47.79668919191656,SP,-23.052705625933136,-47.83614945236365,822.280560174518,1,1,25.27,16.11,442.0,2017-11-21 20:32:21,2017-12-14,2017-12-22 18:33:47,30,0,22
de170050f62caffbd0b8b077187ba262,83fdbc7a2c69f371538d61721ae5f507,RS,estancia velha,-29.65805230205132,-51.1688541238488,SP,-23.4728523597005,-46.64749129087078,821.4983884727732,1,1,110.0,14.52,900.0,2017-11-22 18:55:53,2017-12-22,2017-11-30 19:14:05,8,0,29
807ab3e85f25f4d8abe5a1379b177d69,48eca07f2ff174b2796c11ee75f1b4b8,GO,goiania,-16.71273093830556,-49.19945347052331,SP,-23.7169581397296,-46.69411154232787,821.4641955561456,1,1,41.9,14.1,500.0,2017-11-24 20:58:34,2017-12-18,2017-12-12 17:56:42,17,0,23
fb85c019b52b1481af6b89a96b84be4f,5de1dec4d4b43067084f74e791749ea2,SP,sao bernardo do campo,-23.7409648815278,-46.55499681266943,RS,-29.68584930081256,-51.46313816602653,821.1185757108686,1,1,199.0,17.64,1950.0,2017-11-24 01:18:06,2017-12-29,2017-11-30 22:15:14,6,0,34
4adbbb43be305843794e05fc4265f143,b3939a2720fe35ff521a811a8fd10dda,GO,goiania,-16.654740469753456,-49.2418742018663,SP,-23.595227193173283,-46.56076636913555,820.8618530043636,1,1,32.99,17.0,850.0,2017-11-23 10:26:08,2018-01-03,2018-01-07 12:39:01,45,0,40
281e6230f2de05d273019e23988c6496,38878f4361fc8d5714ca1820791b1320,GO,aparecida de goiania,-16.7385276750954,-49.259546446999934,SP,-23.65869024839867,-46.52249513292757,820.7027152547715,1,1,84.99,20.08,900.0,2017-11-26 21:01:19,2017-12-19,2017-12-19 18:52:20,22,0,22
fec5c44b191dacb759c39338c8c934a0,6f876d87bb2552c9b2063e96228ec5cd,ES,linhares,-19.398653829969344,-40.0579167622179,SP,-23.65869024839867,-46.52249513292757,819.2381916794053,1,1,56.99,15.15,350.0,2017-11-20 13:13:45,2017-12-13,2017-12-27 19:22:45,37,0,22
6a5cd183661b603f017a2ba083377ea6,e52b524213096796ba7db61e4c3c2c00,RJ,rio de janeiro,-22.95640160921003,-43.19436326643208,PR,-23.280892527684564,-51.18804374613431,818.1679112794535,1,1,89.9,77.92,6250.0,2017-11-24 02:00:02,2017-12-19,2017-12-15 21:56:44,21,0,24
490f71078caf4a0fdb7145f535995085,f3b35651c56555457ff68eb124bb7936,GO,goiania,-16.638780486978916,-49.281556060990624,SP,-23.556328554532893,-46.61484561718798,817.9694844387511,1,1,147.14,20.52,2000.0,2017-11-26 11:58:24,2017-12-19,2017-12-26 15:42:07,30,0,22
cb7a163b5a7bfd95bdecd89f04bba256,d066f2a297ee3ce84bfa21874dbb35f8,MG,belo horizonte,-19.90633059922669,-43.936668051907176,PR,-25.437089594076483,-49.19547835610814,817.9086363736747,1,1,139.9,35.35,5950.0,2017-11-23 13:42:24,2017-12-19,2017-12-01 21:15:05,8,0,25
82b8501b11a46fc08df6bb260ac4e40b,b7387411e1331720315e1f4aaec75703,GO,goiania,-16.6803156794678,-49.27617344834306,SP,-23.59032952255033,-46.63175129640077,816.3704878186069,1,1,99.0,14.44,400.0,2017-11-26 20:09:14,2017-12-20,2017-12-11 16:23:44,14,0,23
113a61c584df74eef5d2f6e449d2890e,45c3116824672fd443b1f5d6dcb299cd,RS,novo hamburgo,-29.677689677485176,-51.13473325372463,SP,-23.539439503750906,-46.63284391414975,815.9809874146816,1,1,19.9,14.1,167.0,2017-11-23 18:39:31,2017-12-20,2017-12-05 15:47:49,11,0,26
d634e78710f26d98ace611f615489774,28a8d09f82de529e674494be659d4c86,RS,sao leopoldo,-29.77715250963297,-51.11512049199179,SP,-23.575017565515587,-46.739824510602574,815.0185062320165,1,1,29.0,14.1,541.0,2017-11-26 21:51:50,2018-01-23,2017-12-21 23:19:11,25,0,57
9f226854839600f3e70c4faeb94e8790,bd075a9e60df7474943e430c2f5f61f5,DF,brasilia,-15.660616489566,-48.193587947495885,SP,-22.67542885928214,-50.43778446156725,814.7890215575835,1,1,118.0,18.08,1517.0,2017-11-22 11:30:11,2017-12-12,2017-11-30 15:41:49,8,0,19
f19f30f5a7f8617f580ec6633c0c8c6e,a0ca31686bfe40b0a75c24a9a052f3d2,MG,montes claros,-16.699482597553267,-43.833738438623485,SP,-23.537493461278807,-46.63974517262972,814.7546123843533,1,1,21.9,15.1,200.0,2017-11-24 10:41:56,2017-12-18,2017-12-08 19:28:51,14,0,23
4b661d524b6f0788746514fb6f7ad3fa,9ced056527d2e74a1cdf334b3bad118e,BA,luis eduardo magalhaes,-12.08925543763249,-45.79618023024447,BA,-12.89472449617752,-38.33875838605659,814.5014161046918,1,1,235.9,13.9,450.0,2017-11-25 16:13:58,2017-12-15,2017-12-12 16:08:56,16,1,19
95eba7f91699dbaf0acd3ab3f70785c1,5422ef602f244d3374a73946b2077c7b,GO,goiania,-16.72579823997064,-49.27182975,SP,-23.595227193173283,-46.56076636913555,814.496749732908,1,1,250.0,43.95,11450.0,2017-11-22 21:31:15,2017-12-12,2018-01-08 15:22:39,46,0,19
c0396e6102e8bd3392484cc1ace9d55d,b566e20417d28f6bc7eb73b1d261a680,SP,sao paulo,-23.716358790726552,-46.70854315751051,RS,-29.68584930081256,-51.46313816602653,814.4291690349004,1,1,199.0,17.64,1950.0,2017-11-24 11:54:55,2017-12-29,2017-12-03 19:08:43,9,0,34
7df0be89ace3eb8776cd96ef3df0f12e,902da30d27a7563502da22b47f9f48a8,RS,porto alegre,-30.047214594494843,-51.22773779516996,SP,-23.53679041271852,-47.46870306938549,814.2534310850713,1,1,69.0,20.97,7550.0,2017-11-25 19:27:31,2017-12-22,2018-01-05 20:03:31,41,0,26
1a4f3b996d84b463e4d60ba560d0dd94,62291404156da337649d7e99334fbb6e,ES,sao mateus,-18.723050355499986,-39.883944799956055,SP,-20.49587175617251,-47.41830587985834,813.3360496638569,1,1,27.99,15.1,200.0,2017-11-26 23:04:32,2017-12-19,2017-12-18 17:51:53,21,0,22
1acbcc1d765cecf7db32b44062d5dd16,c86f684815143f5ed9259aecf7e16909,RS,erechim,-27.635960058702167,-52.27291009294059,SP,-20.8166409912885,-49.386629697033534,812.6943086588942,1,1,139.99,57.65,10700.0,2017-11-24 15:58:20,2017-12-26,2018-01-06 14:36:42,42,0,31
c8285f7942cfcfb6542f0d7b54b36359,d99da7c51eda5585210a61d54fd1994c,RS,erechim,-27.635960058702167,-52.27291009294059,SP,-20.8166409912885,-49.386629697033534,812.6943086588942,1,1,139.99,57.65,10700.0,2017-11-23 22:16:20,2017-12-22,2017-12-13 22:42:50,20,0,28
8261284307e7712ea0491f342df56d74,ac2c4cb05aafb79b46c1b5e7e951bf69,MG,unai,-16.36196685190559,-46.89810621010098,SP,-23.66148702746846,-46.56416174311855,812.4177685908496,1,1,325.0,17.02,400.0,2017-11-20 11:27:28,2017-12-12,2017-11-30 11:39:48,10,0,21
57471a2ef90bca7af03b3b5800a3346b,2b2afcbaf841e918270a8b35f2253edc,DF,brasilia,-15.65820877970397,-47.85752317868096,SP,-22.92492963558197,-47.0742943724681,812.1852783077463,1,1,159.9,15.88,500.0,2017-11-25 23:54:29,2017-12-19,2017-12-22 20:16:46,26,0,23
5bf4e4543e94063b0fa469fd3a46e319,735c1628a4604ff1a6fa50f81e5d213a,MG,coracao de jesus,-16.68867729392726,-44.3597528723556,SP,-21.29407401379749,-50.34295220346251,810.9667359361974,1,1,43.9,15.1,275.0,2017-11-24 09:56:50,2017-12-19,2017-12-04 19:52:15,10,0,24
b7dec0ed6498c647ddaca1006fe6240b,8d0c97aee6fed824e2d1dd65eb09d104,RJ,rio de janeiro,-22.92258733473174,-43.24244568124239,SP,-20.277985488757647,-50.55171984064756,810.7221428893341,1,2,99.8,32.22,1200.0,2017-11-24 15:15:33,2017-12-19,2017-12-27 14:34:04,32,0,24
58a47bb27cce840d07a8f8b1885eda2c,c52bab05914333612e4a4369a0d41237,MG,ibirite,-20.02461620004396,-44.038767756965775,PR,-25.45795217485142,-49.30899607966408,810.3985909130148,1,1,299.0,20.33,900.0,2017-11-24 16:33:16,2017-12-27,2017-12-11 21:09:34,17,0,32
ea71f65fd226b76978bc09166ce655cf,b4f586d1cd98e9c486ba55b612237826,RJ,rio de janeiro,-22.90584639800333,-43.56728365029714,SP,-22.09961715066345,-51.40819739735439,810.3585981034315,1,1,37.5,17.6,1250.0,2017-11-27 21:41:08,2017-12-18,2017-12-07 21:51:37,10,0,20
878a17cea3ed0bda2fb9726c2d4ad57c,d75f7a65c23672520fa4dc4125443ff9,SP,barueri,-23.52569042798256,-46.88786043048718,PR,-25.54168647758336,-54.585197713463536,810.0983476795326,1,1,140.0,21.47,3200.0,2017-11-23 13:16:55,2017-12-15,2017-12-06 22:35:10,13,0,21
f581fb09c9f7d67c2d7035ac36dd49e6,d25844ab8e3cfb49dad143d6b7c5018f,GO,formosa,-15.547862289841309,-47.34589769881003,SP,-22.82219330991709,-47.27062894035096,808.9072567838919,1,1,319.0,16.98,346.0,2017-11-22 14:26:09,2017-12-14,2017-12-07 16:42:27,15,0,21
579b51291793ea3e12416d865e56f8e8,1bb2da0d7bce1d1e61b1218ecd4ae928,PR,medianeira,-25.295796800882325,-54.09528282563785,SP,-23.48488009615481,-46.36654993289185,808.0360461767566,1,1,229.99,66.42,16100.0,2017-11-20 16:11:31,2017-12-19,2017-12-22 17:45:05,32,0,28
a1fdbe89772721a5d4831504d661b456,16db685686ec2a9a4ff87379b1a1d527,RS,passo fundo,-28.276778725367024,-52.37440265341503,SP,-21.757690120914923,-48.82976816265947,807.9592402697833,1,1,59.9,16.18,1150.0,2017-11-27 11:06:04,2017-12-27,2017-12-12 19:46:36,15,0,29
85a0537b1cab74ec5a1525c3e60c6467,46c848799c224c04ce2958810c0240c8,SP,sumare,-22.84401958001996,-47.18833583213561,PR,-25.54168647758336,-54.585197713463536,807.8143953709907,1,1,120.0,21.33,2350.0,2017-11-23 14:40:52,2017-12-19,2017-12-08 18:48:47,15,0,25
676dc08d3b7a83fc6f45f5e0eb1a2d9a,def2cde31a49d08938ed47d1769adf6e,GO,goiania,-16.714533214905956,-49.31073557499528,SP,-23.438943810836285,-46.38146923642413,807.789541309933,1,1,189.99,53.41,17400.0,2017-11-24 16:45:54,2017-12-26,2017-12-20 20:47:12,26,0,31
7c94a691cda1b50778849a3e52d45dfc,8b3b03fef783fb837ca0b86a72b2e202,ES,vitoria,-20.31470069608748,-40.295681193173294,SP,-22.70928658782974,-47.66520568122805,807.3880436720212,1,1,44.9,15.1,400.0,2017-11-27 15:06:38,2017-12-19,2017-12-26 22:57:37,29,0,21
264deac888717a54971fa3109f6709e3,82bd57d22e9cfed2a29cf955f3c743ac,ES,vitoria,-20.31470069608748,-40.295681193173294,SP,-22.70928658782974,-47.66520568122805,807.3880436720212,1,1,99.9,17.95,1350.0,2017-11-25 20:24:37,2017-12-19,2017-12-08 14:33:51,12,0,23
720e866ff68ce671cb5b7d04eaeac897,6003f6ddce876108eaed4aec0167e894,MG,montes claros,-16.726438713451063,-43.87534930197928,SP,-23.50457924562872,-46.62369396003804,806.3905287022401,1,1,179.0,40.58,7900.0,2017-11-24 01:44:28,2017-12-26,2017-12-02 15:11:20,8,0,31
9c104b0d2f584506ce7b30bab9d2dd95,6483e3c6cd89ff69fc3ee541622a2432,MG,montes claros,-16.7224226128167,-43.86324095489327,SP,-23.54241282514857,-46.49070640341336,806.3570432461651,1,1,38.99,15.1,200.0,2017-11-24 23:51:54,2017-12-18,2017-12-19 17:38:49,24,0,23
3096389e5807ca3a952f80c8d2ee788a,5e7a86473798e8b4112bac5d369cafba,MG,belo horizonte,-19.961883657158385,-43.9869427389636,SP,-22.09961715066345,-51.40819739735439,805.9545551088769,1,1,37.5,17.6,1250.0,2017-11-23 17:45:59,2017-12-15,2017-12-06 12:04:15,12,0,21
dc8ffb2856b34d44541032dff3d0eb5c,e978df5aa1ae62d8844d55cfff14c2d6,MG,belo horizonte,-19.91567272522938,-43.976732227595306,SP,-21.486471927360125,-51.53351950792364,805.0945976951798,1,1,24.5,15.1,150.0,2017-11-24 13:14:18,2017-12-18,2017-12-04 23:07:48,10,0,23
25343b5d23ba1a73d782fa405c9a5886,ad44127de955ed1bf705d59c99a27163,SC,florianopolis,-27.591660325552606,-48.58303463390853,RJ,-22.433722840932912,-42.97293424912493,805.0568392931092,1,1,514.65,20.04,500.0,2017-11-21 16:47:11,2017-12-13,2017-11-30 18:38:31,9,0,21
cb064e8f8f0371573859e393d973c337,27f177e980768599b6824ed895ad0a24,MG,montes claros,-16.740979757471482,-43.84815993588782,SP,-23.20712579877664,-47.30927660866177,804.7354199568309,1,1,36.9,17.6,1400.0,2017-11-24 19:45:23,2017-12-19,2017-12-07 03:14:46,12,0,24
f5aa338a071dcf7d23d8e6b116bfcab5,da2060eb547f7d8c1753879cbf5c4a02,RS,novo hamburgo,-29.677689677485176,-51.13473325372463,SP,-23.643597877315536,-46.66251227546312,804.5824225711543,1,9,481.5,357.48,63900.0,2017-11-22 09:52:07,2017-12-26,2017-12-01 21:03:34,9,0,33
e475e7ce217d2a677451521dce3d35d2,bba9e2a97db97c59188ff59562b430a4,ES,colatina,-19.521745812644355,-40.70279475,SP,-22.70928658782974,-47.66520568122805,804.3167379131713,1,2,289.8,43.0,4000.0,2017-11-26 16:42:44,2017-12-19,2017-12-18 19:34:17,22,0,22
cffd2e0d6321d2d79aac6c8166a55085,4cc3ed3fc6926d0c87ca70e1ed88ca8e,ES,cachoeiro de itapemirim,-20.849144271682206,-41.129648690274784,SP,-21.757690120914923,-48.82976816265947,803.9896596144328,1,1,99.9,17.95,1225.0,2017-11-24 01:03:34,2017-12-18,2017-12-23 15:56:34,29,0,23
28249398ab902fae0b07378e03da3729,e6cacbdfa154a7af5a5fa3363ca2209a,RS,guapore,-28.848044934370005,-51.891284428635885,SP,-23.46873685567546,-46.51806246391887,803.1048406569051,1,2,372.84,71.2,13575.0,2017-11-24 23:52:51,2017-12-22,2017-12-06 21:22:23,11,0,27
2289ae813066fbb0d0e65239212ee5d3,730ec2ba3a8c9b4ce02b938be8b61ac1,SC,navegantes,-26.89059349827484,-48.65193750938463,RJ,-22.312405010626904,-42.522234052750136,801.7547249452548,1,1,1999.9,31.57,500.0,2017-11-21 11:11:41,2017-12-14,2017-12-04 23:42:36,13,0,22
f3c0148d00a2ed7692358f4d849c7e46,3214df52832052e2ce7dba47e94dd267,RS,osorio,-29.892226969737827,-50.26569650087135,SP,-23.539675631138568,-46.44437114131387,801.7162741006492,1,1,12.5,15.1,150.0,2017-11-27 13:35:41,2017-12-28,2017-11-30 17:19:11,3,0,30
012bea13f9a355c983efb59a3f23583a,71cd7e5e11ae80ed42c6c57ff51a347d,RS,sao vendelino,-29.36965041146749,-51.37477655943721,SP,-23.58077681085173,-46.59210244184609,800.3684484020605,1,1,21.99,15.1,100.0,2017-11-24 16:17:39,2017-12-27,2017-12-15 15:09:58,20,0,32
62a12e4d2a742b2491d7c00d2d79bf52,b60550c21000f91484c7d2aa2b8c522e,RS,caxias do sul,-29.16964620057408,-51.1897070113326,SP,-22.70928658782974,-47.66520568122805,800.0065548891251,1,1,281.99,17.73,800.0,2017-11-27 19:24:52,2017-12-27,2017-12-08 15:41:46,10,0,29
d66f600192d8edbb336c4da0bb0e2d61,222b1c93ba4f0564fd2f1c2719097299,RS,nova petropolis,-29.37594861505456,-51.11291251665831,SP,-23.49901135775293,-46.48301004717532,799.4999688582247,1,1,13.99,15.1,50.0,2017-11-21 10:42:50,2017-12-19,2017-11-30 21:03:03,9,0,27
a1c5f705a277dc65135f50fbfe2ce8bc,aed1b6fba1336d401cd7566c2b070357,MG,contagem,-19.910530419821725,-44.03422867245252,SP,-21.486471927360125,-51.53351950792364,799.397236306505,1,1,24.5,15.1,100.0,2017-11-24 14:16:35,2017-12-18,2018-01-17 14:58:48,54,0,23
7f3be4acbc6f640562b088d72add56b9,3c8636b14f946db377d3a5201548cad9,MG,unai,-16.36196685190559,-46.89810621010098,SP,-23.537493461278807,-46.63974517262972,798.33817773984,1,2,47.4,30.2,500.0,2017-11-27 14:49:44,2017-12-20,2017-12-09 13:52:03,11,0,22
a9b67aa415d798b812b40a140b942486,e25778ef22bc9a95b7b57e0d133ba1af,MG,fruta de leite,-16.1153434893529,-42.52979418417862,SP,-21.258651614764283,-47.81394639862495,797.8582055476514,1,1,129.9,18.16,1550.0,2017-11-24 20:40:45,2017-12-20,2017-12-11 19:42:04,16,0,25
2c1f923bfda154d36f6dad2084cbde2e,7029100d659d87b7f41d16c113f691e8,PR,itaipulandia,-25.14224263802619,-54.30036804674245,SP,-23.625852663887155,-46.61139748251486,796.6223059065408,1,1,24.99,15.1,100.0,2017-11-24 18:49:27,2017-12-22,2017-12-18 18:10:27,23,0,27
e977b374d773afa133c09a9215ed08c2,126ed0bfe9084c1d6e25f7a89c92dc5a,DF,brasilia,-15.815328337961944,-47.98783770924069,SP,-22.92492963558197,-47.0742943724681,796.3286418977586,1,1,159.9,15.88,500.0,2017-11-25 21:38:52,2017-12-19,2017-12-23 16:17:14,27,0,23
859f516f2fc3f95772e63c5757ab0d5b,dd1c72ced80394a61dbef422c1c45b6e,MG,dores de campos,-21.11027567776549,-44.022847207524414,SC,-26.89059349827484,-48.65193750938463,796.1867700651164,1,1,589.0,20.56,250.0,2017-11-25 14:46:39,2017-12-28,2017-12-07 19:27:05,12,0,32
9e36f21498b2b9e43e2cf7c86fe7e07b,c9cc1e6be29a7fd597665aeb9bbef455,RN,santo antonio,-6.312510243172289,-35.48144122966271,BA,-12.89472449617752,-38.33875838605659,796.0581821352877,1,2,471.8,36.18,900.0,2017-11-25 18:08:31,2017-12-27,2017-12-08 00:19:01,12,0,31
a0b07440df74d649da932c50deceeb54,a399db519e544aae00c545623a6b016f,RS,caxias do sul,-29.17302670636451,-51.18277437971016,SP,-23.211061972115367,-46.76376569389638,795.9748716028658,1,1,145.0,57.68,8450.0,2017-11-24 16:50:58,2017-12-27,2017-12-13 15:21:36,18,0,32
f3995b1ff5cd6d29f4abc7636a65b2d2,2dd057896c2e8f2fa7ec3bc599bdb84c,RJ,cabo frio,-22.882010763046203,-42.02022094284854,SP,-20.806830481885147,-49.38960170992274,794.7034944560578,1,1,49.0,17.67,1500.0,2017-11-24 13:37:35,2017-12-19,2017-12-15 19:47:47,21,0,24
7311b63eb976756358a62bb49eac4c30,655064e0a6cfb90043d68a66dbefeb95,RJ,rio das ostras,-22.50991544681899,-41.923602344744666,SP,-20.806830481885147,-49.38960170992274,794.3584609329018,1,1,49.0,17.67,1500.0,2017-11-24 02:04:45,2017-12-19,2018-01-10 18:38:34,47,0,24
016c6bb57a9de6b4e8f938fa6dde61b3,f1d4911942d2bc40d520ae47013a7643,RS,frederico westphalen,-27.357027151971764,-53.397375266644985,SP,-23.576826793496515,-46.71598858744651,791.3399655588776,1,1,129.9,16.67,400.0,2017-11-27 09:27:08,2017-12-28,2017-12-05 21:06:10,8,0,30
65e560b80ca884377880a124eb79a349,0bb10a5c4a815deda21cde1c4131e90a,SP,aracatuba,-21.18687097807146,-50.45896812600268,MG,-20.4100278727316,-42.89642624318659,790.7696765871889,1,1,69.9,16.25,925.0,2017-11-24 21:16:37,2017-12-18,2017-12-13 00:59:45,18,0,23
90de07e389ed6cd973ae93d5b36f159c,4212cb0b515edd1723eb5dade9852916,ES,vitoria,-20.260231292259995,-40.268254195560345,SP,-21.165370022730333,-47.79714447071386,789.4236680814377,1,1,145.3,21.51,400.0,2017-11-20 18:02:21,2017-12-08,2017-11-29 19:58:47,9,0,17
551b1f7008ab0e7ccc85caaaa27f8a42,85ea40a9684026fe82ea78356c8d1eaa,SC,sao carlos,-27.08064803605304,-53.00522828396128,SP,-20.806830481885147,-49.38960170992274,788.3274426848548,1,4,196.0,70.68,7000.0,2017-11-25 15:28:04,2017-12-22,2017-12-14 17:58:55,19,0,26
ffd3ff583dec4975e6443d6a396f2f36,480b60f05b6caa21bd6edbea402d607b,RS,carazinho,-28.28834453416741,-52.79139806482223,SP,-24.026457185123206,-46.47784669233656,788.2005737243899,1,1,156.25,15.84,200.0,2017-11-23 23:04:02,2017-12-22,2017-12-05 18:07:48,11,0,28
21925ec4d0e7c5399673ad2b3d3f7995,055a53aca7d57e498a2291dec45f30a2,MG,pocos de caldas,-21.78825919204716,-46.56558484960063,PR,-24.95227026422471,-53.46660168653684,787.1931543588987,1,1,280.0,68.13,28100.0,2017-11-24 00:34:46,2017-12-27,2017-12-14 19:46:40,20,0,32
808b48ab7f6fab2f801fc89c447c7eab,740d966972fc4d7b3911eb5bf066f510,MG,turvolandia,-21.875659035512207,-45.789760233705394,SC,-27.00518824428508,-51.15087636295904,787.0897283671915,1,1,79.0,16.99,250.0,2017-11-24 22:05:56,2018-01-03,2017-12-13 22:14:34,19,0,39
cf5a5b72cc9714b2afbbb79d472baaf1,fdf20c129602a9bceaabd909fdbaa421,DF,brasilia,-15.903023074292856,-47.95684306896165,SP,-22.92492963558197,-47.0742943724681,786.2575605867099,1,1,419.0,17.69,567.0,2017-11-27 11:24:20,2017-12-19,2017-12-15 11:38:55,18,0,21
2b5454df04ed163e553e31b7cf96f6fa,4e03d85afc199ec250c37de13770e6e3,RS,rodeio bonito,-27.473918953261474,-53.16963384672404,SP,-23.611654194010004,-46.63146857729816,783.8082489767197,1,2,77.8,30.2,600.0,2017-11-25 13:40:48,2017-12-28,2017-12-08 17:58:37,13,0,32
66621d845162fdab12e4ba918411eb97,ba6d7660aeee1f85045003b1c0c8b5b1,GO,goiania,-16.700414350625522,-49.25528357715706,SP,-23.542559946996303,-47.45678295253622,783.6046226242048,1,1,15.9,15.1,220.0,2017-11-24 15:41:03,2017-12-18,2017-12-15 21:29:04,21,0,23
3a53c89c1526bec25191f47b5ab57df6,cd396d4d2d4083e24b7c345df3b54e84,ES,vitoria,-20.26416981761624,-40.296486089935854,SP,-21.177173112308903,-47.767232134697736,783.5001930732639,1,1,45.65,15.1,200.0,2017-11-24 14:25:07,2017-12-15,2017-12-06 22:22:32,12,0,20
ae64e2ba5ff3e9ffe94fa1c7b844b745,ca5fbf3bd965b0c278bc60d2b80c3cc6,ES,vitoria,-20.29948099526813,-40.295279312809534,SP,-21.177173112308903,-47.767232134697736,783.0364659039142,1,1,45.73,15.1,167.0,2017-11-26 12:13:45,2017-12-20,2017-12-06 15:28:41,10,0,23
cab899336401fd910bf645dc446d42de,fd452791b1243236afae2bad3e105f48,MS,campo grande,-20.4617478420568,-54.58032349999996,PR,-25.52536946374326,-49.27333069441405,782.1701525950236,1,2,109.8,31.64,600.0,2017-11-24 23:53:46,2017-12-18,2017-12-04 18:33:01,9,0,23
59c5c4cc621ff113b29a769d968a163d,05e1dc39bf70b42e5110b787c846f88d,MS,campo grande,-20.526007983763435,-54.64359506344686,PR,-25.52536946374326,-49.27333069441405,781.4908599987244,1,1,29.9,15.79,250.0,2017-11-24 16:57:43,2017-12-18,2017-12-04 21:59:16,10,0,23
365e182cfed9e7f3b3b0bd04ce2251e2,d6991eab03850ca580267c3608a42ca6,RS,vila langaro,-28.10758843069072,-52.145536280652834,SP,-21.757690120914923,-48.82976816265947,781.1081906099976,1,1,99.0,17.94,1550.0,2017-11-25 09:56:09,2017-12-28,2017-12-20 17:17:08,25,0,32
4d0fce2314e3a88cb7371a111cf69f41,5d24376e325a79e62ed98de02d5eb029,MG,bocaiuva,-17.113919335163054,-43.81556530122148,SP,-23.66256651259204,-46.52741092389908,781.0304216228933,1,1,120.0,15.59,475.0,2017-11-25 12:09:38,2017-12-20,2017-12-04 15:22:32,9,0,24
e21f5c7662bfd911118d391867417f49,c6cfc67be6e0e9cac9113fb7e5be0f6b,MG,ituiutaba,-18.97569762988253,-49.4636254611456,PA,-24.55728630994457,-54.05625021025181,780.9281161896226,1,1,139.0,18.54,700.0,2017-11-22 19:37:41,2017-12-15,2017-12-06 20:04:14,14,0,22
532724cb017a7469c0266bce57eccdbf,67235133b4241a5cb0e1e123c2d221bb,DF,brasilia,-15.841450954140925,-48.024025688112914,SP,-22.82219330991709,-47.27062894035096,780.2312059865579,1,1,224.8,15.32,267.0,2017-11-20 12:47:43,2017-12-11,2017-12-04 20:42:42,14,0,20
a6fa6ddceedb5ea6477c3660ccc379d8,682fb73a1af141803c7d70c084383dcf,ES,colatina,-19.534378206016385,-40.62581329448536,SP,-22.82219330991709,-47.27062894035096,779.7897243727422,1,1,118.91,15.58,200.0,2017-11-24 20:15:57,2017-12-18,2017-12-26 17:27:05,31,0,23
1454fd9eec5f4140bdbea254680361e5,d4b31b56a3fa1b91fa8d21f6f4466b6b,RS,vacaria,-28.505303390213143,-50.937910684642645,SP,-21.757690120914923,-48.82976816265947,779.6808737170846,1,1,99.0,17.94,1550.0,2017-11-24 21:05:51,2017-12-27,2017-12-20 16:23:54,25,0,32
277de059a7365a4f74aa03167d68bcfd,b8a634625fa41f544ecd0fd73beb9dfe,DF,brasilia,-15.80775617752384,-47.90194504856268,SP,-22.740512158523465,-46.8958585777586,778.0746858856855,1,1,71.0,16.75,3050.0,2017-11-24 00:24:43,2017-12-18,2017-12-02 00:26:45,8,0,23
b71a142912689dc7c524687c90a530c7,5d220dd81c69ec6c82805d9d7b697d30,ES,vitoria,-20.24795806800733,-40.271542735284825,SP,-23.489821337123363,-46.95315217080441,777.8736571095783,1,1,185.99,16.06,500.0,2017-11-24 20:48:29,2017-12-15,2017-12-03 14:36:35,8,0,20
65bcf3fcdf15c0c2c31d60fa3c2b12e1,733f19dd22ffe3ab5ed470a44f178b48,ES,barra de sao francisco,-18.75580270582005,-40.89073654692504,SP,-22.986269342347207,-46.85229042519152,777.5875092769953,1,1,65.99,16.22,500.0,2017-11-24 23:58:32,2017-12-19,2017-12-19 18:44:54,24,0,24
59777653a9cfaef8d8aa7162181c7ba1,04cb82f80c2964ddb436a3d74fc14ef9,MG,guaxupe,-21.30522569193254,-46.71333059214322,SC,-27.00518824428508,-51.15087636295904,777.2586970092492,1,1,79.9,17.07,150.0,2017-11-26 22:52:17,2018-01-03,2017-12-15 21:48:44,18,0,37
94e5bc24a8c72a91a5fd82d86e186f8a,f76dd3ab12e755b609d13bd9c9dbdf6e,RS,caxias do sul,-29.15930948518086,-51.18784630086351,SP,-23.56428872384441,-46.51904534753631,776.5995590459268,1,1,32.9,17.6,6800.0,2017-11-27 20:58:30,2017-12-26,2017-12-18 18:49:05,20,0,28
5e0d2c150ad3048c4cf22d46956f0585,2748c83dba9c7f53304269436ea3fc8e,SC,guaruja do sul,-26.38638088443971,-53.52624520862069,SP,-23.54241282514857,-46.49070640341336,776.350935705706,1,1,28.9,15.1,125.0,2017-11-24 15:58:40,2017-12-21,2017-12-15 14:58:44,20,0,26
8428e578bb1cf839ae26a6b7615502b9,9fb35e4ed6f0a14a4977cd9aea4042bb,MG,montes claros,-16.7224226128167,-43.86324095489327,SP,-22.70928658782974,-47.66520568122805,775.4655349107275,1,1,25.3,15.1,300.0,2017-11-27 17:23:20,2017-12-20,2017-12-08 22:16:17,11,0,22
23e2c5b211e209606334c66afd07fe51,cbdafd2d712b8558733da4a0522cefe0,DF,brasilia,-15.7512426740637,-47.88974491636785,SP,-22.70928658782974,-47.66520568122805,774.0576522215551,1,1,29.9,15.1,250.0,2017-11-27 16:37:35,2017-12-19,2017-12-05 20:38:41,8,0,21
b8ed89bd3f1fe72244f0f616acdc7da1,284328d2432c45733c636d66d183dfd4,RJ,campos dos goytacazes,-21.76169215935807,-41.33940660165804,SP,-21.757690120914923,-48.82976816265947,773.4684793900095,1,3,350.70000000000005,49.74,5250.0,2017-11-26 09:30:30,2017-12-19,2017-12-26 17:42:14,30,0,22
6cd91ba388e06035714e1776db85ec11,34f92bb2c12674af276a774cfa6dec4d,MG,ataleia,-18.04592345644731,-41.11125724785832,SP,-22.611004585010026,-46.70334132489496,772.8976132731046,1,1,125.9,20.79,7475.0,2017-11-24 11:29:54,2017-12-14,2017-12-12 19:33:04,18,0,19
9b85bbefeeacfebc3ff603d20511734f,7f4f07b97783e894fccff9d72e0988b3,SC,florianopolis,-27.60742386873268,-48.5936448106241,RJ,-22.82827005636834,-43.01210347482567,772.8676578861175,1,1,109.9,16.21,400.0,2017-11-27 10:32:51,2017-12-20,2017-12-07 19:48:32,10,0,22
007ec946d4f798caf2b43c9d44c56421,3ace63287bc8b41172016c06a5093808,RS,gramado,-29.378080970566504,-50.874708555254045,SP,-23.20712579877664,-47.30927660866177,772.632320749071,1,1,27.9,15.1,200.0,2017-11-24 13:05:15,2017-12-26,2017-12-06 22:38:40,12,0,31
3fa0c4cad42dc3eee9fa4be7726f1bd7,c327466368ecf8aa5e1634da484aed5a,RS,rodeio bonito,-27.473918953261474,-53.16963384672404,SP,-21.757690120914923,-48.82976816265947,772.1413866798763,1,1,135.0,21.44,1850.0,2017-11-24 23:00:47,2017-12-27,2017-12-21 17:28:30,26,0,32
6bac466acd309707eec8a7db441a4e57,cec95d0ac6407b8ee8f5a56c45dfcfec,RS,veranopolis,-28.936059909712952,-51.54980418724188,SP,-23.65869024839867,-46.52249513292757,771.4746348544327,1,1,89.99,16.39,250.0,2017-11-27 20:21:56,2018-01-02,2017-12-14 23:04:45,17,0,35
21403027f4ab40334345e1c8626a6a3c,5b6a981e53b05732cee5c921d502378b,SC,chapeco,-27.09513819608389,-52.5935115072626,SP,-20.806830481885147,-49.38960170992274,771.1999740036753,1,1,49.0,17.67,1750.0,2017-11-25 23:09:01,2017-12-21,2018-01-06 14:52:44,41,0,25
dd800b5dd3395650111f9a4539000e7d,236c0490b8ca680df0093921b3d182f5,GO,goias,-15.939435832571364,-50.14285866371175,MG,-19.95254268289243,-44.196132792948255,771.1132551534592,1,1,399.99,22.04,1800.0,2017-11-24 07:12:24,2017-12-21,2017-12-06 15:05:51,12,0,26
a123264c1f8bef4f19be2d4245017920,b86c6a1eec592676b0ab050e49a54c20,ES,vila velha,-20.347482269513343,-40.304814003114416,SP,-23.489821337123363,-46.95315217080441,769.5416102491612,1,1,1699.99,98.02,600.0,2017-11-24 10:38:26,2017-12-15,2017-12-14 23:43:17,20,0,20
c0524fb1b4c905d054adbddaffa2380c,92e8f9754238b9697d9dcbe02c20fc70,RS,passo fundo,-28.258177123243765,-52.405941096684245,SP,-23.64855809755326,-46.66211575714125,769.5170924443457,1,1,79.9,17.81,8350.0,2017-11-24 16:44:08,2017-12-22,2017-12-11 18:09:24,17,0,27
566ab1cf4172eda03dd94f7f6c531287,f679fbd06b9e6e0386c1755b740a8311,RS,caxias do sul,-29.15930948518086,-51.18784630086351,SP,-23.54361420483005,-46.68766584999129,768.5596598144075,1,1,77.0,15.29,1000.0,2017-11-25 11:37:51,2017-12-26,2017-12-21 21:06:48,26,0,30
80a65b64ff5b2a3d831d8764ec4b17f0,26c149bebd475a62be04365d6c2064fa,ES,colatina,-19.512332674473285,-40.621974924296126,SP,-23.933241296527093,-46.32942742274111,767.4330312274791,1,1,14.9,15.1,150.0,2017-11-24 00:18:49,2017-12-15,2017-12-18 16:09:28,24,0,20
814285c4ea443c9cdf551361bbfcc83d,a27aa9e97a539fa2a0fbb84e7bd256f7,MG,governador valadares,-18.88572592558525,-41.94731304463967,SP,-23.052705625933136,-47.83614945236365,766.9894525039973,1,2,101.4,35.2,3720.0,2017-11-24 22:13:33,2017-12-19,2017-12-11 18:29:09,16,0,24
26eea858a0672bfaaa61846e9dcfbfb5,ddd620bf955b11bdef3f56d668a17344,DF,brasilia,-15.83249161554641,-48.107208189193145,SP,-22.70928658782974,-47.66520568122805,766.0685647915241,1,2,239.8,36.18,3200.0,2017-11-24 11:07:35,2017-12-18,2017-12-22 21:44:24,28,0,23
54220fcc516cabe9ec84b210c0765ef2,24e7dc2ff8c07126358af519732b8558,MG,conselheiro lafaiete,-20.66098873218928,-43.78603931055854,PR,-25.425232732442744,-49.1892961563067,765.5134244560328,1,1,59.2,17.98,1100.0,2017-11-24 16:16:45,2017-12-20,2017-12-07 17:47:15,13,0,25
9b573950822247289cc283b3e30f19d8,b025998376e02b75dae7d887315d5da8,RS,nova prata,-28.783017300613224,-51.60930864778699,SP,-23.58077681085173,-46.59210244184609,764.8127302799941,1,1,21.99,15.1,150.0,2017-11-24 21:04:24,2017-12-27,2017-12-11 19:47:06,16,0,32
7c7237e63d10d0c607774c08e171e8f3,22d4cd71071d2d6030648eb12c3036ea,ES,alegre,-20.76277849262289,-41.53303627979172,SP,-21.757690120914923,-48.82976816265947,764.1108039075943,1,1,116.9,16.58,1750.0,2017-11-26 16:54:35,2017-12-20,2017-12-18 17:53:34,22,0,23
fe97f3949cbc37b9ab48ac5769514cbe,45e844a084390520feb827c2b1728440,SP,porto ferreira,-21.85758084417827,-47.47941196017908,ES,-20.276177392711983,-40.326803538447066,762.6280324881684,1,1,29.9,15.1,200.0,2017-11-27 13:42:45,2017-12-18,2017-12-18 13:13:34,20,0,20
99c33bf1ceb89684e74a6438a277eef0,c53de8d7e9d4a9efbe33225951ffe8e3,RS,caxias do sul,-29.19022128139438,-51.23225297662016,SP,-23.052705625933136,-47.83614945236365,761.9172587311209,1,2,101.4,35.2,3720.0,2017-11-26 00:47:36,2017-12-28,2018-01-10 17:06:59,45,0,31
518ca81bf7a1b719e32d6847b6afff85,650f3b6c42fb8a34e34421a58e0f4219,SP,ilha solteira,-20.429438649938668,-51.34101045695876,SC,-26.95352206919853,-49.0768345160616,761.137595230131,2,2,75.1,26.94,425.0,2017-11-27 06:53:53,2017-12-22,2017-12-19 18:56:58,22,0,24
81475b047da69f6518ba1e586ef0f92b,cfefb9250ee211b7d9b34b928d232796,GO,itapaci,-14.955761512092622,-49.54693574933121,SP,-21.757690120914923,-48.82976816265947,760.1116742869775,1,1,99.9,17.95,1250.0,2017-11-24 18:07:43,2017-12-20,2017-12-20 00:22:38,25,0,25
7acdb98aabb39abbea16b8acce3f1f30,b518b2605c2ccf4e345b84fcdf099dbd,ES,vitoria,-20.276177392711983,-40.326803538447066,SP,-23.7169581397296,-46.69411154232787,759.6597405301115,1,1,10.0,14.1,250.0,2017-11-20 18:05:19,2017-12-07,2017-11-29 18:20:03,9,0,16
38eec5bb3f0c72a0441c485a07bd99b5,9794742e512848cf1c6fc1a01f0d549e,SC,florianopolis,-27.592678477927223,-48.59464308811821,SP,-20.806830481885147,-49.38960170992274,758.8392885975146,1,1,49.0,17.64,1550.0,2017-11-24 01:26:01,2017-12-19,2017-12-02 16:30:03,8,0,24
28904a75f66f01fd5c931d71e7a6ac8a,f4fde5b5396f5bdda6b22ed44f6ac580,ES,castelo,-20.60472119618497,-41.20458193555609,SP,-20.927842595619605,-48.49233569396832,758.5014259976168,1,1,25.5,15.1,100.0,2017-11-27 09:36:59,2017-12-20,2017-12-20 15:52:31,23,0,22
3a33027df93ac0a949a75fae9571b2cb,70384b9ad39a6ded2fea90739122ae76,SC,gaspar,-26.93560432756928,-48.93871513383137,RJ,-22.53988593060518,-43.197575382221615,758.1288000347176,1,1,119.9,18.41,280.0,2017-11-26 17:43:38,2017-12-21,2017-12-14 22:11:09,18,0,24
28abc29a8eb4b7bef7ce1cb43dd3cc36,951c6201fef0092532103147c7c34f8e,ES,serra,-20.147679943375422,-40.2636063973323,SP,-23.539439503750906,-46.63284391414975,757.7183838713534,1,1,14.9,14.1,167.0,2017-11-24 18:08:21,2017-12-15,2017-12-04 19:15:03,10,0,20
4882f3ba2955233931dbfa02945db130,2b9f077c74b850eb1b3e6c5750233baa,DF,brasilia,-15.909253981577615,-48.07927526623968,SP,-22.70928658782974,-47.66520568122805,757.3746335246343,1,1,99.9,17.95,1350.0,2017-11-25 23:05:03,2017-12-19,2017-12-30 01:42:10,34,0,23
fd7614f4a4ea68c177055fed7fd72724,09a8b7bb892b1e1e1d6fe4ba1d727ce6,SP,sorocaba,-23.48837874271452,-47.44878356509313,PR,-25.54168647758336,-54.585197713463536,757.1017882372482,1,1,32.0,15.1,200.0,2017-11-24 22:28:29,2017-12-19,2017-12-04 18:03:30,9,0,24
084ac56b13107e32ab92934f70638bc9,89129b4134df3289d76b155160d6e441,MG,patos de minas,-18.577870491711234,-46.52349269915605,PR,-23.66448771825468,-51.35708027179325,755.6566200701506,1,1,1141.0,130.98,26500.0,2017-11-25 13:47:05,2017-12-26,2017-12-11 18:59:05,16,0,30
390d4039e108e33c6a93031f5f3f9e0d,f33b3d6c9af33c35f9a32f66285a6b7a,MG,montes claros,-16.7224226128167,-43.86324095489327,SP,-23.218175126565264,-45.90819425395292,753.2032199688108,1,1,419.0,36.29,6150.0,2017-11-20 11:44:11,2017-12-08,2017-11-30 22:04:00,10,0,17
64e109aaf7444f521fb45a857dc33128,09d08b0705e879f4d8bcd0792308e83d,MG,lavras,-21.24481728187358,-44.99836509644241,PR,-23.414213060660472,-51.92747079109623,752.3025213880136,1,1,949.9,29.52,2533.0,2017-11-24 10:59:57,2017-12-21,2017-12-08 11:58:27,14,0,26
7488261a98cd6d7cf4407a8d6ed81095,641e3183819490fc29ced77d639e9379,ES,vitoria,-20.260231292259995,-40.268254195560345,SP,-23.537493461278807,-46.63974517262972,751.4509852110968,1,1,21.9,14.1,150.0,2017-11-25 00:21:40,2017-12-15,2017-12-23 16:12:39,28,0,19
65ded6e061f051ce3ae4a69b6870ac24,0bd00959bda7d317449b8ae1749225be,RJ,sao jose do vale do rio preto,-22.16000780212817,-42.9297071768014,SC,-26.26409773355359,-48.805319320338384,750.3463176798176,1,1,149.9,23.92,10800.0,2017-11-24 11:20:53,2017-12-22,2017-12-19 22:29:13,25,0,27
d3537c571b02f225be1bc2d3b936beff,349b2e9e2e79369510631a8c2cae05b2,ES,vila velha,-20.3740726835974,-40.30532998337161,SP,-23.086036875382305,-46.954171930582575,749.9340876887123,1,1,44.9,16.11,775.0,2017-11-27 17:55:33,2017-12-20,2017-12-21 23:52:07,24,0,22
0917636d789ce3b3eac37895935af5c2,fcba45767e1f02cc6c09f78e21e4e643,ES,serra,-20.19842101734217,-40.27226270546521,SP,-23.933241296527093,-46.32942742274111,749.5510786110276,1,1,69.9,15.24,283.0,2017-11-24 22:09:42,2017-12-15,2017-12-06 17:37:11,11,0,20
a5500fc87a64d9d7f3ee98bdc7b25838,34a00627e6ef9fa9a9938f788a765926,ES,vitoria,-20.29948099526813,-40.295279312809534,SP,-23.625852663887155,-46.61139748251486,748.8851893025366,1,1,27.99,14.1,300.0,2017-11-26 20:26:41,2017-12-15,2017-12-06 17:39:12,9,0,18
7b2980930a29eada8d40bdc3932a7257,030257ba7c48ae61d88268f4c4abe59b,SC,biguacu,-27.504469307474206,-48.64264292164009,SP,-20.806830481885147,-49.38960170992274,748.5824689980313,1,1,49.0,17.64,1550.0,2017-11-23 23:41:38,2017-12-19,2017-12-02 11:16:48,8,0,25
80db8ac25fb7d41df0043cb440bb659f,8616b556cb8b60821573f069b4b510d1,SP,bastos,-21.92129898288508,-50.73202996925728,DF,-15.761540832330606,-47.878636368437625,747.7862364684352,1,1,209.0,17.9,200.0,2017-11-26 16:47:06,2017-12-22,2017-12-04 22:48:49,8,0,25
9440c562cbc95c1641f816823dfb165c,eb8c7491653975a994d46668fad3d7a9,SC,tubarao,-28.47993064025784,-48.99718340569771,SP,-21.757690120914923,-48.82976816265947,747.6686932814932,1,2,149.99,32.57,1600.0,2017-11-27 00:16:41,2017-12-21,2017-12-08 20:15:42,11,0,23
5e8125228086e366702d4aab930260d9,fbdf17d388eb76b9429b4f7aef836f63,SC,florianopolis,-27.471769878988987,-48.45727746043694,SP,-20.806830481885147,-49.38960170992274,747.1104270825252,1,1,49.0,17.67,1750.0,2017-11-25 15:37:54,2017-12-20,2017-12-18 19:26:45,23,0,24
1b0cc057d13690ec8551090c920d4735,f912c14e8989bac8c4539afa12bf2884,SP,sorocaba,-23.39803183879867,-47.37652746364473,RS,-29.19394372068752,-51.16549275,746.8580230876988,1,1,59.99,15.17,250.0,2017-11-27 15:59:22,2017-12-26,2017-12-04 21:47:28,7,0,28
4ef09dfdc36677a4d599a0c1acace4ff,c25cd276761a3853d551e1dd81c16afd,ES,domingos martins,-20.36250073904281,-40.66026223472393,SP,-21.11263561449013,-47.79105569532287,746.1464137863763,1,1,148.0,18.29,1012.0,2017-11-24 14:37:52,2017-12-21,2018-01-09 18:15:33,46,0,26
7fc972218babb3bd6cc41ada5145606f,d5ba94a4fd64c7563ad4e78f2afe5534,RJ,rio de janeiro,-22.9854925434244,-43.20327550763172,SC,-26.825784077702185,-49.26999071426511,745.9343236906819,1,1,72.9,18.08,400.0,2017-11-27 11:11:30,2017-12-22,2017-12-12 20:33:14,15,0,24
af541cbd9810aaa8b64b870516d507a6,62cedeefcf7566f584f0c424138b5247,RS,vila langaro,-28.10758843069072,-52.145536280652834,SP,-23.625852663887155,-46.61139748251486,744.7398755750635,1,1,27.99,15.1,250.0,2017-11-26 14:21:33,2017-12-28,2017-12-11 22:05:08,15,0,31
f3bc6575842f8518d2bca5e71ea8c4de,9129d01f55b5063bb674586fa11ca8ac,RJ,rio de janeiro,-22.932084510675818,-43.17545342200936,SC,-26.95352206919853,-49.0768345160616,744.0991378506825,1,1,39.9,16.79,217.0,2017-11-24 22:19:33,2017-12-19,2017-12-12 17:48:37,17,0,24
6fa0a93cdb26addb94babd05cb172c69,a2a078fa1733f929581628ac2d2c4bf2,SP,ourinhos,-22.974461123738465,-49.88011226480109,MG,-21.11819394490749,-42.943705743717146,743.9937230494547,1,1,249.9,70.63,14600.0,2017-11-27 20:26:26,2017-12-19,2017-12-16 16:51:24,18,0,21
b9dd3f0e6a1d159b84a47b61a8824f65,ed8d2a26ec958da7c1b38092025cd7e9,ES,vitoria,-20.27500485847408,-40.28553587880129,SP,-23.55643047625651,-46.56853012614689,743.64241155205,1,1,70.0,16.74,6038.0,2017-11-24 04:46:05,2017-12-14,2017-12-01 14:09:15,7,0,19
3bfc0203088a0e595525c78127c2706f,8fbb8d23c7ba8c4375e6eb948709754c,MG,nova lima,-20.004409586010045,-43.84298511195,SP,-22.65568399624909,-50.42396514559194,742.5390282040099,1,1,98.99,21.18,2225.0,2017-11-22 22:26:53,2017-12-12,2017-12-04 19:07:08,11,0,19
7a8345d4e981fc3d89b402f3e9978d15,b409a48a14d3a157df79b762696ab2d2,RS,erechim,-27.635960058702167,-52.27291009294059,SP,-23.42439868040567,-46.5276677164868,742.5065889880792,1,1,49.9,15.1,175.0,2017-11-25 12:43:03,2017-12-26,2017-12-07 20:49:02,12,0,30
e5da8f29d47b6f0f3ef8ab33a013a0b3,c6d90ccb4260e1d4ec587ab1463752c2,RS,porto alegre,-30.0046847216227,-51.19766065849146,PR,-23.331043778111702,-51.17744445122848,742.0777287023909,1,1,57.99,16.17,500.0,2017-11-21 22:54:55,2017-12-11,2017-11-28 22:27:35,6,0,19
18b9bf2dbee620dc2f5b9d4a747c2819,4503c41733789f4f0af38507c43a0e75,ES,santa teresa,-19.935320081321606,-40.60088797446874,SP,-23.9552663782965,-46.33825949705917,741.4235166560884,1,1,15.0,16.11,450.0,2017-11-20 10:59:08,2017-12-12,2017-12-27 16:53:32,37,0,21
ed8a6e0832d4fbbd240110423cd1b707,226236428096449139ada8b6e6bf4136,SC,xanxere,-26.876633645777773,-52.40570228351814,SP,-20.806830481885147,-49.38960170992274,741.2748117969389,1,1,49.0,17.64,1550.0,2017-11-24 14:22:09,2017-12-21,2017-12-14 21:35:17,20,0,26
2c065390b0d9a4daae8b736170a3e9b8,0f66b03abf9016f15be4fef131efa629,PR,dois vizinhos,-25.74807404391674,-53.059039416839255,SP,-21.177173112308903,-47.767232134697736,741.2203220508292,1,1,56.0,16.15,917.0,2017-11-25 23:20:36,2017-12-27,2017-12-05 18:56:45,9,0,31
7e601e1373744c3c2572bb0877caac87,afab37ef329763c37b47f6efa67f2b8f,SC,faxinal dos guedes,-26.85224847973098,-52.26177443393789,SP,-21.24637998735172,-48.3180082512998,740.750654724343,1,1,173.0,74.16,11017.0,2017-11-27 13:26:57,2017-12-22,2017-12-28 13:09:35,30,0,24
fec5a30841300e1ebf3aa37f9023f345,d7646582015c6b6a78181b7ea0688f12,RJ,resende,-22.4657306924808,-44.45678278282071,SP,-21.486471927360125,-51.53351950792364,737.7233020381564,1,1,24.5,15.1,150.0,2017-11-20 11:46:56,2017-12-12,2017-12-05 18:19:09,15,0,21
6d2a30c9b7dcee3ed507dc9a601f99e7,f542a16576b88cd885a4f797377df95e,RJ,rio de janeiro,-22.92258733473174,-43.24244568124239,SC,-26.88942648448342,-49.10225931223036,737.2524353132881,1,1,145.0,30.05,5400.0,2017-11-20 21:34:33,2017-12-18,2017-12-13 22:44:41,23,0,27
ad57f476bb2fef779bc42a032c512a23,ad455f9f8e3224fe29f1d5b0be816185,MG,montes claros,-16.726438713451063,-43.87534930197928,SP,-20.806830481885147,-49.38960170992274,736.6758560589456,1,1,49.0,17.67,1500.0,2017-11-24 16:31:04,2017-12-19,2017-12-12 14:18:25,17,0,24
b308154c76f89d8c52b41f7c8480d107,ec28154259f5771f8b042fc39e08b878,MG,pirapetinga,-21.6575527794846,-42.34524133575233,SP,-20.806830481885147,-49.38960170992274,736.1602147178655,1,1,53.99,17.67,1750.0,2017-11-25 00:10:01,2017-12-20,2017-12-15 15:15:05,20,0,24
b9d664fece7771cd481b9fbd80715a8c,16359e16ed708f704e655b1b301a3a9d,DF,brasilia,-15.871724921261132,-47.964304671688645,MG,-20.4100278727316,-42.89642624318659,735.6726572728082,1,1,69.9,16.25,925.0,2017-11-26 23:30:01,2017-12-20,2017-12-05 17:47:43,8,0,23
689c69f5d10d806b64b4b89bf4a7e5e1,64278a2a437f6648a76a81c25eecda28,RS,porto alegre,-30.00483388090525,-51.13169099999999,PR,-23.42843316855792,-51.91774739994137,735.410401856956,1,1,25.9,15.1,100.0,2017-11-21 11:05:07,2017-12-11,2017-12-05 22:33:25,14,0,19
ed36a885373249eb36b298e9907b5ac3,f6eb32de7446f7ba98122e5b4d09b3c0,MG,sacramento,-19.87068654737053,-47.443123441417015,ES,-20.27110455009337,-40.41523240211024,735.2993141843634,1,1,99.0,38.53,7650.0,2017-11-25 10:50:33,2017-12-22,2017-12-14 15:12:40,19,0,26
1afa51208ad0fe3d17577387674e6924,dd290c5dbab7b967fe68512586e8a77c,GO,piracanjuba,-17.303533209194768,-49.02400798975774,SP,-23.542514413266773,-46.69163303274858,735.0286811490382,1,1,25.0,15.1,500.0,2017-11-25 23:59:25,2017-12-21,2017-12-08 19:09:46,12,0,25
5e4523cabf8f93bbd962cb5a9671f669,3622212810b9193c5ebf77083e75a164,MG,aimores,-19.49483184643504,-41.070400281519255,SP,-23.625852663887155,-46.61139748251486,734.2413474026342,1,1,27.99,15.1,250.0,2017-11-27 09:16:57,2017-12-20,2017-12-22 09:54:17,25,0,22
8af8d03ef1d18e7e6c062eb26d9cb36e,ad4b675c609e42cdd90bba269e85ab2f,ES,cariacica,-20.309184732441004,-40.39155189645133,SP,-23.211061972115367,-46.76376569389638,732.7857256042103,1,1,79.0,17.8,6100.0,2017-11-25 10:48:32,2017-12-20,2018-01-10 19:49:14,46,0,24
528588e5accc2b1c808576e68fd1d46c,abc05696c031459d6f0ae1ad798d8144,ES,cariacica,-20.32661663729516,-40.39140653229528,SP,-23.595227193173283,-46.56076636913555,732.5719680574643,1,1,250.0,50.49,12250.0,2017-11-24 01:25:33,2017-12-20,2017-12-28 20:19:30,34,0,25
ced16c8394f44cb7ea012b774a490f88,09f0687c10e265596b8b96b7f63ecb19,SC,chapeco,-27.10280758292204,-52.61913816501836,SP,-22.881152314602136,-47.05060719525074,731.4673346066329,1,2,119.8,32.36,1200.0,2017-11-25 02:43:09,2017-12-20,2017-12-13 19:34:01,18,0,24
624076d477f2670d9f41fd6f70390ec1,43e97a6a073accd257af8dfb5af2fc83,GO,formosa,-15.538016997291605,-47.32602643887411,SP,-22.07108854643692,-46.57233250425247,730.7572127611783,1,1,199.9,18.97,1300.0,2017-11-24 15:59:09,2017-12-28,2017-12-07 14:58:31,12,0,33
ca606a26db7efe20af253f9c45747bd4,12e4e0e1ce59c80e14852a970e178325,ES,vila velha,-20.43897906865515,-40.341799039830505,SP,-23.65869024839867,-46.52249513292757,730.566543001629,1,1,58.99,16.66,200.0,2017-11-24 22:30:04,2017-12-18,2017-12-18 17:49:26,23,0,23
96c7286c112b061fdad0b6f9aa012af9,6aa8355eb8a274d21d0ad480aa04dca9,SC,nova itaberaba,-26.94116626653139,-52.81329830796565,SP,-23.65869024839867,-46.52249513292757,730.0058594512544,1,1,56.99,15.15,400.0,2017-11-20 11:27:33,2017-12-15,2017-12-07 17:39:12,17,0,24
db92c37a984bfe99f6cc7cda7839c86b,0af4e8ff1f457449b9586c1ffc45ccc1,ES,vitoria,-20.29414246598201,-40.297596816117554,SP,-23.490514739107848,-46.47725188181562,729.8203734212462,1,1,39.9,15.11,900.0,2017-11-24 12:56:16,2017-12-14,2017-12-13 16:28:42,19,0,19
8ab73774d1bf1ccd52e66b86ccb40ea1,f0bbbd92655a3b87693c7521baf03840,SP,sorocaba,-23.514829071881262,-47.49608254564334,RS,-29.19394372068752,-51.16549275,729.5555897865372,1,1,59.99,15.17,250.0,2017-11-24 19:57:53,2017-12-22,2017-12-07 18:58:40,12,0,27
90a0728a1ce3a04e661798e3db7d842b,d050ccd8fa4f60813134f7bb409ca04e,MG,caratinga,-19.78940073534656,-42.14071589155253,SP,-21.757690120914923,-48.82976816265947,728.9673442125672,1,1,49.95,15.1,350.0,2017-11-24 19:31:32,2017-12-22,2017-12-23 15:23:40,28,0,27
7edf1cae89d5343f05b5d4d0827f8bbe,be88767a68a1ca08f600085ceb8ca6ba,ES,vitoria,-20.297174144324543,-40.34697269129073,SP,-23.51253401672528,-46.501049539944844,728.5012864184273,1,1,16.99,14.1,50.0,2017-11-25 17:45:24,2017-12-15,2017-12-07 20:13:15,12,0,19
e832978fef8a7cffd12180e684d309d5,dffc41c0be79bbb7084134618223fcf0,MG,ipatinga,-19.46970149792253,-42.562507159587966,SP,-20.806830481885147,-49.38960170992274,727.9998831077422,1,1,59.9,17.67,1500.0,2017-11-20 16:59:40,2017-12-12,2017-12-05 19:28:48,15,0,21
31de08106fdb0607f8a9b688d4b85597,778154a7c2a1128b2a9b1f6c18bfbb16,MG,ipatinga,-19.46970149792253,-42.562507159587966,SP,-20.806830481885147,-49.38960170992274,727.9998831077422,1,1,49.0,17.64,1550.0,2017-11-25 11:55:41,2017-12-20,2017-12-11 20:47:22,16,0,24
3c39766b1734266956963c99f23bbb5a,32f40bc615cdc7d02b1df9f6541e769b,ES,vitoria,-20.260231292259995,-40.268254195560345,SP,-23.410629104910857,-46.44863306411219,727.6360572441009,1,1,29.9,21.15,500.0,2017-11-25 11:23:00,2017-12-19,2017-12-06 20:16:38,11,0,23
de8a2818f7fe963e53d394e7848bc9b2,a96bbd5a034a4d3432fe8ea79dcc29e3,RS,passo fundo,-28.258177123243765,-52.405941096684245,SP,-22.211035197694,-49.6557903984333,727.0039438779236,1,1,66.9,17.72,1400.0,2017-11-24 10:23:57,2017-12-26,2018-01-03 11:08:17,40,0,31
81aabde4fa5ed81109f9488cb4255e18,10cf5e808b4ecfe291d1d0afb67c3a95,SP,sao paulo,-23.51193501679265,-46.4807913082838,PR,-24.965962795169947,-53.467841280714566,726.5452100793988,1,1,14.9,15.1,200.0,2017-11-24 08:18:26,2017-12-18,2017-12-04 19:59:09,10,0,23
722e7452a1ac677a58f6ad6ed2a94420,e6562b43e71911e95374c2eea157c11e,ES,cariacica,-20.32661663729516,-40.39140653229528,SP,-23.540810657510512,-46.51220900138498,725.3381298233404,1,1,45.99,15.11,700.0,2017-11-24 14:46:52,2017-12-15,2017-12-14 00:57:41,19,0,20
4cdbab26daf6a0dd8c5c0eb2acdd0e96,a136ac4f4161fa13190fe9bb6f7402c4,SC,chapeco,-27.07943221887508,-52.62985041143316,SP,-22.599254430886607,-47.40879928660274,724.8983689960512,1,1,49.99,16.11,500.0,2017-11-26 19:22:32,2018-01-04,2018-01-09 20:50:30,44,0,38
f5e409c4e093a36f74d9ba76df3b5f19,5fc3699e987af1cbdfa9b6592c6c9cbd,GO,anapolis,-16.332286499999995,-48.93836366880149,SP,-22.724877662083816,-47.63063961609147,723.8959835605681,1,1,44.99,16.11,810.0,2017-11-26 18:48:09,2017-12-20,2017-12-18 17:58:18,21,0,23
841ff437dd00dac44a738743ae033be0,9986aa6bfa30747f0b86533756c7b355,RS,porto alegre,-30.03336443104038,-51.23063954079865,PR,-23.622154732271355,-52.46925317823966,723.3914141957582,1,1,22.9,16.11,1000.0,2017-11-27 13:14:57,2017-12-29,2017-12-04 12:36:53,6,0,31
055e4873984d5da3b7d65dc86a3c4149,f4ba748d8b07e14ec640572f6f368e47,RS,canoas,-29.882424818901832,-51.15315654413574,PR,-23.41381714101661,-51.907055066426544,723.160950791703,1,1,189.9,17.09,850.0,2017-11-20 12:47:41,2017-12-11,2017-12-02 00:29:13,11,0,20
16cf9720961cf627fa5911f4e37fc6f9,cc09120bb2e0a1e9473b4d9a2f2d7b3b,MG,governador valadares,-18.85493044328778,-41.94674978137405,SP,-23.585994911737565,-46.73472062372479,723.0769012504411,1,1,339.0,18.13,200.0,2017-11-25 01:02:19,2017-12-19,2017-12-11 20:51:40,16,0,23
1bba442e5f19a30cd1ee9b84af924df5,6391769f901ff8f65f74db78000e7f77,SP,vargem grande paulista,-23.6212805703204,-47.01055566117187,PA,-24.55728630994457,-54.05625021025181,722.6618502712583,1,1,35.0,17.0,250.0,2017-11-23 10:22:04,2017-12-20,2017-12-04 17:52:58,11,0,26
3157a4052d9fe8c58017857eac745f0b,3ca65f7aebcfa85e573e21b27457270b,SC,sao jose do cedro,-26.4543845594824,-53.500627279895504,SP,-22.70928658782974,-47.66520568122805,722.0365816137744,1,1,99.9,16.46,350.0,2017-11-25 21:08:11,2017-12-22,2017-12-27 16:36:50,31,0,26
90baa6d3d361db0998df0ce29f002777,d1ce97e059738b228faa1e4ad83b860b,SP,sao paulo,-23.52654805689883,-46.47025056119799,ES,-20.27110455009337,-40.41523240211024,721.8631158184426,1,1,99.0,33.08,9000.0,2017-11-27 18:09:51,2017-12-18,2017-12-20 22:33:04,23,0,20
ceb30531e11e250d849ef8e10eab9b81,4b071c9e72ea1e8f90ea98c67acd1f35,MG,jampruca,-18.46147325490596,-41.805767352783775,BA,-12.89472449617752,-38.33875838605659,721.6540095578115,1,1,235.9,26.93,450.0,2017-11-26 00:08:15,2017-12-21,2017-12-04 22:42:21,8,0,24
dd1e6c3ec773916f8f48f7401beefc6a,2110896424abd0f0691b90629c70cce5,RJ,itaperuna,-21.20309099954143,-41.89141172373199,SP,-21.757690120914923,-48.82976816265947,720.5042096316039,1,1,48.9,16.11,850.0,2017-11-22 17:01:59,2017-12-12,2018-01-19 23:28:26,58,0,19
78f74e94c8a2cebb5d569f483d54e8be,3a10423d6e0b168ef5611d79d3639ccd,RJ,cachoeiras de macacu,-22.466181774996222,-42.65473933987149,SP,-20.806830481885147,-49.38960170992274,720.0682832224418,1,1,49.0,17.67,1650.0,2017-11-24 08:41:30,2017-12-20,2018-01-09 00:19:11,45,0,25
a14990206b64de40d5aa9e4a235bcc64,0f8578d7df4151708dbebbd72050ce3c,SC,florianopolis,-27.59498544240868,-48.54438165070117,SP,-21.165370022730333,-47.79714447071386,718.9282018853053,1,1,288.92,16.77,125.0,2017-11-24 19:30:03,2017-12-19,2017-12-22 18:05:56,27,0,24
00ea690fe8c5eba029a3884243a02352,9d7381a45eebf403b3b830a9742b928b,GO,joviania,-17.806073102087684,-49.62083897217746,SP,-23.595227193173283,-46.56076636913555,718.0307543563874,1,1,32.99,16.11,950.0,2017-11-25 01:49:52,2017-12-26,2017-12-18 15:33:12,23,0,30
1c596aea2c7f298b4ccafe3b88d7dfeb,5dfa4470104f14d785fc50c65a475b8d,RJ,rio das ostras,-22.493925000000004,-41.91441804764932,SP,-21.757690120914923,-48.82976816265947,716.946088515263,1,1,75.27,21.02,1400.0,2017-11-21 14:55:38,2017-12-12,2018-01-05 16:32:14,45,0,20
6ff77ab4a4fe200c8684302532f8e2e0,5a7deacbb289cf8c806204f6b02fc0e5,RS,gravatai,-29.935614219777,-51.00247920514661,PR,-23.622154732271355,-52.46925317823966,716.9390540021959,1,1,129.9,15.66,400.0,2017-11-27 20:53:18,2017-12-28,2017-12-28 11:28:50,30,0,30
6fbbc0d7a48ca11a1ed88ea1f6c3071e,338551d63dc536fbb5ca33aa31a8a402,PR,sao jose dos pinhais,-25.54396702400601,-49.154679464395,MG,-20.024210235883093,-45.53953430395729,716.8692349709831,1,1,104.9,23.6,2300.0,2017-11-21 14:26:59,2017-12-14,2017-12-01 20:18:34,10,0,22
15150ddeaa74db28d29ed2ce89330311,a91e3fc06b055c6f4073f969937d9442,GO,goianesia,-15.326978917591264,-49.13837100000001,SP,-21.757690120914923,-48.82976816265947,715.8011452709161,1,3,119.97,46.31,2400.0,2017-11-25 15:30:22,2017-12-21,2017-12-27 15:13:08,31,0,25
e27a78bc8f647d6ce9c8b295bada702d,b44685cad72c65c19493d724131eef10,RJ,rio de janeiro,-22.91345759457133,-43.18797113336026,SC,-26.488493474897464,-49.08236411518263,715.7873900270856,1,1,54.9,17.95,617.0,2017-11-22 22:21:32,2017-12-13,2017-12-02 15:17:57,9,0,20
8e6c25f5e4548a8a880c0339b15b8ab7,cbadf6f2dd0d4d66c099751b7ad40c9b,RJ,rio das ostras,-22.507622727039813,-41.93111845636348,SP,-21.757690120914923,-48.82976816265947,715.3788989684526,1,3,350.70000000000005,49.75,5300.0,2017-11-24 14:42:01,2017-12-19,2018-01-09 17:36:14,46,0,24
71c3e399882c5bab8e8b576ee1558da3,d965386e31405790ab1bd90955c7e53c,RJ,rio das ostras,-22.507622727039813,-41.93111845636348,SP,-21.757690120914923,-48.82976816265947,715.3788989684526,1,1,45.9,16.11,700.0,2017-11-23 21:58:35,2017-12-27,2017-12-12 19:33:11,18,0,33
2e6d9b2e86ecc0efd34ab46632ef4448,d6ddffe6e681da24bc1e5d632224d497,SP,sarapui,-23.64087081315594,-47.82689024457201,PR,-25.54168647758336,-54.585197713463536,715.1562119773075,1,1,79.9,17.81,1200.0,2017-11-27 13:54:18,2017-12-22,2018-01-19 20:11:35,53,0,24
c05cb9c2c6907494337ded1d059cbc7d,15e4fb3182251c06c80f9cdc5014df1e,SP,sao carlos,-22.00677102222562,-47.87163111073924,SC,-28.328199955080542,-49.17755227307007,715.0715443395814,2,2,45.89,26.94,250.0,2017-11-26 12:29:17,2017-12-22,2017-12-07 20:21:35,11,0,25
287bda09a531679f371192ec2567ff71,ead5b1c1525972ec23a1c9bb49ebae1f,SC,chapeco,-27.09579771801885,-52.629638389434895,SP,-22.75756675966071,-47.416027840450326,713.3258537844073,1,1,147.9,78.06,17550.0,2017-11-23 20:01:25,2017-12-19,2017-12-05 23:16:57,12,0,25
e3cb83718e69525d753588e2975be0f7,15bf77d08db3e89f1ef88b843a5da8be,SP,jaguariuna,-22.69515790939998,-46.98701437649317,GO,-16.650630961297367,-49.26722055236991,713.212980624093,1,1,129.0,21.3,2000.0,2017-11-22 17:20:48,2017-12-13,2017-12-07 15:46:40,14,0,20
ce7c736a1e04308e78a6032b5b3a695e,c62cf0114735e25caa26facb2c537fef,GO,pires do rio,-17.304023608769885,-48.282677752546064,SP,-23.488166129047897,-46.46938132278263,713.108115583179,1,1,12.38,17.6,100.0,2017-11-27 10:25:15,2017-12-22,2017-12-27 20:05:00,30,0,24
9f0663bf008ccdbfbd96ac9a31ba7442,e82ac93ebcd376d09641417737b7e8b2,RJ,cabo frio,-22.8780747554016,-42.00937657173699,SP,-21.757690120914923,-48.82976816265947,712.4823895731379,2,2,144.45,36.24,1909.0,2017-11-24 10:56:16,2017-12-19,2017-12-22 20:49:27,28,0,24
f71fb52e84b28b11d9f2f4f184e21ce5,09609026e4d1557e6506bafea1da080b,RS,rio grande,-32.03442798620588,-52.09660672909994,SC,-26.28722555453289,-48.850959075076446,712.4283469146117,1,1,114.9,16.56,1017.0,2017-11-23 17:35:33,2017-12-15,2017-12-05 22:12:55,12,0,21
14a660c68eba46744faaf9b97ee7bfbc,356a7b8a722cb4c3b2041c0807c1ed8f,SC,arvoredo,-27.07486092689343,-52.45605512898442,SP,-22.56117141825844,-47.447471268798,712.1668940884272,1,1,34.3,15.1,250.0,2017-11-24 15:38:53,2017-12-21,2017-12-19 17:38:03,25,0,26
c97cbfce4294d32b1566a3132cbf4127,fa98795c4f0fdb2240d930eef4a98924,MG,governador valadares,-18.85672568480568,-41.93995201496594,SP,-23.595227193173283,-46.56076636913555,711.90692022756,1,2,230.0,31.12,2800.0,2017-11-26 12:33:29,2017-12-18,2017-12-13 18:41:29,17,0,21
31001a77165dd554fcc32640defe98a1,cc3eee250369621d282cee76b06935e7,GO,aparecida de goiania,-16.80365689908629,-49.31034869550346,SP,-23.052705625933136,-47.83614945236365,711.7233642882015,1,1,86.99,17.86,1500.0,2017-11-27 08:51:19,2017-12-21,2017-12-28 15:22:16,31,0,23
7e03b475d9c49d593486fafbeb210526,ce2c46b5ceded33b24f7fa64a1fe138f,SP,sao paulo,-23.60042069608748,-46.619216654452096,PR,-24.965962795169947,-53.467841280714566,710.4737895171805,1,1,119.9,18.09,2600.0,2017-11-27 17:50:22,2017-12-19,2017-12-15 15:25:32,17,0,21
cad07bb1dea448e4277d6bb42be1c1af,1043c3cb23bfc3503414f94be4130220,MG,governador valadares,-18.870196579912545,-41.95555252685253,SP,-23.595227193173283,-46.56076636913555,709.6975596397364,1,1,250.0,62.49,12250.0,2017-11-27 00:07:01,2017-12-22,2017-12-28 19:17:58,31,0,24
5137d2621656ff029745600e991f1835,a128541cb76a69397001530fc8eae67f,RJ,itaborai,-22.757732912304228,-42.85892456514524,SP,-20.806830481885147,-49.38960170992274,708.2698857039711,1,2,98.0,35.34,3000.0,2017-11-25 09:50:00,2017-12-21,2018-01-08 19:48:33,44,0,25
0182f6cbb4fb10918a76485fc92d7c49,16c11c76b58be7de894336de67d21260,SP,sao paulo,-23.50751688121068,-46.67373228420568,PR,-24.965962795169947,-53.467841280714566,707.6169856341004,1,1,14.9,15.1,200.0,2017-11-25 00:40:11,2017-12-19,2017-12-12 20:09:11,17,0,23
60d5d73a6b8e2e26aa2fc8c499fb3126,15a63416738533f8423bba238ed2895f,MG,governador valadares,-18.85493044328778,-41.94674978137405,SP,-23.56836984105245,-46.52214825721335,706.7145621337922,1,1,59.9,16.18,275.0,2017-11-21 18:50:10,2017-12-11,2017-12-05 20:07:55,14,0,19
88298d252bed01a2c1f80676edc1d2b9,c8c205b130f46434844534e728a14046,MG,paracatu,-17.223373086135236,-46.87518788782276,SP,-23.552032416180964,-46.53746144532288,704.5934010970188,1,1,144.99,18.26,1050.0,2017-11-25 19:45:05,2017-12-20,2017-12-22 15:33:56,26,0,24
faad6ca77667506aa6ca0fcb8a85e1c2,15f0a9d284218264647a2317760f06b6,SP,fernando prestes,-21.26666105408586,-48.68732293165274,MS,-18.50630959335238,-54.74901121680464,704.1350933911066,1,1,149.9,23.92,2233.0,2017-11-22 12:40:24,2017-12-18,2017-11-29 18:59:01,7,0,25
79b8758142105381b27a6b990f80bf3d,504abb58c38286d2cd8bb36f4939dbe1,RJ,rio de janeiro,-22.967573222733552,-43.19036122807145,SP,-26.91181862157633,-48.65558858521831,704.100084662053,1,1,38.25,17.92,583.0,2017-11-20 11:45:59,2017-12-11,2017-11-25 19:31:35,5,0,20
54484ffea00a1f43881bfaeeeaf0dfb8,0586163eeeb604b6a6da218de418c829,RJ,rio de janeiro,-22.904496094639068,-43.175896816261776,MG,-18.65158486656263,-48.19241119054979,703.8687210210093,1,1,49.99,44.81,150.0,2017-11-25 20:25:18,2017-12-18,2017-12-14 00:14:15,18,0,22
42faea0e8fde3945ae5c85e245ea9726,445a038c22d0c71bb072ab8b21f80252,RJ,petropolis,-22.50844977195841,-43.18153757429056,PR,-25.52536946374326,-49.27333069441405,703.6809922439301,1,1,54.9,16.82,300.0,2017-11-25 11:51:50,2017-12-19,2017-12-07 22:28:58,12,0,23
3447403152f317306ba14a3837235504,4fa0a4fef71cbed8c67fcbdf974e0fb5,SP,sao paulo,-23.602085916180968,-46.66627721169717,PR,-24.95063281959432,-53.44820648244274,703.5052098032211,1,1,49.99,15.1,481.0,2017-11-24 17:03:52,2017-12-18,2017-12-05 17:09:45,11,0,23
05e8d222c5597784b04c804e183599c7,9ee50c5ffc022a4e663f5d4af3de3d75,MG,alem paraiba,-21.87634504532155,-42.69745674514186,SP,-20.806830481885147,-49.38960170992274,703.1681172295836,1,1,59.9,17.67,1750.0,2017-11-22 17:47:12,2017-12-13,2017-12-07 19:51:40,15,0,20
310abfc7bfd9ed2e2a2ffd77256c284f,bfa622c5b6ee7f16225494a05952cb73,SP,sao paulo,-23.55196332579873,-46.69829745974958,PR,-24.95820451399403,-53.46130455981301,703.1408643171613,1,1,69.9,15.24,300.0,2017-11-23 21:29:03,2017-12-18,2017-11-30 20:52:02,6,0,24
d0b61531bc87dd7b8815c8ce1682ec0c,2bbd26eb6c71ff3750d2a1f41a9e82d5,GO,luziania,-16.25386360951983,-47.92000438370325,SP,-22.56117141825844,-47.447471268798,703.0869360576772,1,2,79.8,30.34,500.0,2017-11-20 21:10:02,2017-12-13,2017-12-07 20:23:04,16,0,22
bc2f1a3431b797d84f8589884a357ba8,59cd85e2ee958a5bec765f2f07861395,RJ,marica,-22.958491500000004,-42.98904225000001,SP,-20.806830481885147,-49.38960170992274,702.3329180652296,1,2,98.0,35.34,3000.0,2017-11-24 12:12:36,2017-12-20,2017-12-15 18:08:57,21,0,25
a128fa11811ef2e305f9e43d289b2d36,c5115fd52d63d79474eaa381fa7e539d,SP,sao paulo,-23.72504818237841,-46.68784672947616,PR,-24.965962795169947,-53.467841280714566,700.495771652106,1,1,14.9,15.1,200.0,2017-11-26 17:40:04,2017-12-19,2017-12-11 14:22:57,14,0,22
1d26a591feb074e4f4b71ead74c4e8dd,62d85059a0e7dc33a994eb7fb778b3ad,MG,ipatinga,-19.46970149792253,-42.562507159587966,SP,-21.757690120914923,-48.82976816265947,700.0345537680014,1,1,61.0,16.19,800.0,2017-11-23 16:54:43,2017-12-15,2017-12-26 21:11:27,33,0,21
e7673cc4ac15a894f6d03cef60d88fcd,1084c1659a761ef371671a882a4134b9,MG,ipatinga,-19.46970149792253,-42.562507159587966,SP,-21.757690120914923,-48.82976816265947,700.0345537680014,1,1,87.85,17.86,1600.0,2017-11-24 22:54:41,2017-12-18,2017-12-15 21:21:49,20,0,23
da406f1574c350c0e265dfa4afa6044b,8cf881448a898af8d5a93861aa03b8e2,RJ,rio de janeiro,-22.984120204830045,-43.20837199952438,PR,-25.45040220122144,-49.56040541360136,699.9776442958783,1,1,199.9,24.78,7600.0,2017-11-24 10:38:40,2017-12-18,2018-01-08 18:59:14,45,0,23
cb303e4e397e2a02fdaca20eabe8dba9,78edb32c4f1ecf80a8d84cd09038f3db,MG,ipatinga,-19.503928571469785,-42.54855180544174,SP,-21.757690120914923,-48.82976816265947,699.9489914946744,1,1,109.9,18.02,250.0,2017-11-24 13:20:37,2017-12-18,2017-12-06 18:56:02,12,0,23
0068468c453d28c8ef3fd089e50a5847,6460086b02eadee2bb54c83af13698b0,RJ,nova iguacu,-22.76366040435689,-43.50458728669852,SC,-26.993432999999943,-48.634162435885465,699.0954896946108,1,1,469.0,20.85,595.0,2017-11-24 22:25:25,2017-12-20,2017-12-14 11:47:13,19,0,25
823d27620ee2ff69604191b087250a3b,bf5fb5962bc4f22122214e62fa266098,GO,uruacu,-14.52455591563714,-49.14292592039554,SP,-20.806830481885147,-49.38960170992274,699.0451657070412,1,1,49.0,17.67,1650.0,2017-11-23 13:48:47,2017-12-19,2017-12-12 21:38:30,19,0,25
1da5fa1f1507745c40e2aefe0b6941e7,8f65fe07942611b5c45b5f81fc057819,SP,osasco,-23.535843212083293,-46.76406620886582,PR,-24.965962795169947,-53.467841280714566,697.9106315847707,1,1,129.9,18.16,1900.0,2017-11-24 21:43:41,2017-12-18,2017-12-14 21:05:55,19,0,23
4baeb46418ac44b0f5ab2795772663b3,c85fdfeab2e519ab4bd80f175e3d7cda,SC,chapeco,-27.07954411230609,-52.61562225,SP,-22.72850761170585,-47.640815255900485,696.8407463464246,1,1,29.9,15.1,500.0,2017-11-24 13:16:01,2017-12-20,2018-01-04 15:19:06,41,0,25
7f9089a3fbe75385f39d5924c2928352,a32651c931981f0d158f31382ebe69aa,SP,registro,-24.49815873105776,-47.844494347330354,RS,-30.00839962559865,-51.20149509977495,696.6891488576354,1,1,105.0,25.57,2800.0,2017-11-26 18:33:35,2017-12-29,2017-12-05 01:34:59,8,0,32
18e1040478d9e22d2f785cd537be7220,173e691b5776b05e991d8830c97375af,RJ,niteroi,-22.90600354640406,-43.10553826082004,MG,-20.27948860417464,-49.20331991007704,694.7101036049428,1,1,19.99,15.1,50.0,2017-11-20 14:31:05,2017-12-13,2017-12-02 00:37:15,11,0,22
442d43ef2431c6c8e8c2961781d59593,e97b06f12ef9f944635788cae1af1bf2,RJ,rio de janeiro,-22.91345759457133,-43.18797113336026,MG,-18.917864434084464,-48.33131223723239,694.695880397613,1,1,59.0,15.16,400.0,2017-11-26 17:33:20,2017-12-18,2017-12-09 15:38:42,12,0,21
994486484c66c852cd60fed6ff0da2f9,801981edf3672d523b017f63a68fdda7,RJ,sao goncalo,-22.821187607273103,-43.01880953344557,SP,-20.806830481885147,-49.38960170992274,694.6786467890254,1,1,59.9,17.67,1750.0,2017-11-22 22:44:00,2017-12-12,2017-12-18 20:43:06,25,0,19
a736c2ffae5f36d767e81dfc44146911,c27c8019d63fffbc54405a4c07cdd5dd,RJ,niteroi,-22.86657990047305,-43.09822064501702,MG,-18.914980232586977,-48.27813616348312,694.5859760400274,1,1,39.9,15.1,100.0,2017-11-27 21:08:35,2017-12-20,2017-12-30 14:38:56,32,0,22
bdb1554633e5b5bf1a3b47940263c00b,0be948a55db2c18553bc293d52ca6c61,SC,concordia,-27.22121259747712,-52.02336824999999,SP,-23.5397205,-46.43633556480467,694.5462383368533,1,1,19.9,15.1,100.0,2017-11-27 23:19:45,2017-12-20,2017-12-28 21:35:20,30,0,22
e1be3305b8d5ce4a075e7795055788e9,e87997d4b2cc76882dac94784dc41ada,RJ,niteroi,-22.94059037430897,-43.04215998964872,PR,-25.45795217485142,-49.30899607966408,694.3893395187774,1,3,147.0,47.37,1050.0,2017-11-23 09:21:45,2017-12-13,2017-12-09 10:52:46,16,0,19
fcbde30c46201f8fb244724e710ccd57,14e7179a159cd1022234f28516fd823c,SC,xaxim,-26.960052049879,-52.532143448351306,SP,-23.67008162864273,-46.66049702840489,694.226173386798,1,1,494.99,20.71,1200.0,2017-11-25 20:12:05,2017-12-22,2017-12-27 20:23:34,32,0,26
0030d783f979fbc5981e75613b057344,84ddc138522822dfb51b603c2f466a18,RJ,rio de janeiro,-22.930412639848665,-43.34703978193807,MG,-18.64584624455141,-48.20539720623941,694.1682734245751,1,1,60.6,17.67,1000.0,2017-11-24 20:03:02,2017-12-15,2018-01-06 00:25:43,42,0,20
06b196454b51b7191c7e2eb44ea77717,ee72fb782e7724b04820a72307e299f2,SC,balneario gaivota,-29.159838643412925,-49.58575134306121,SP,-23.27596976431452,-47.27592574591717,693.5859208897591,1,1,23.4,15.1,300.0,2017-11-24 22:04:26,2017-12-21,2017-12-20 18:15:16,25,0,26
46c820acb13d40759d9cf3941fb7a47d,d2cbd9146c1cee46f887d3731fee7e89,RJ,niteroi,-22.901397089844394,-43.06597057698124,SP,-20.806830481885147,-49.38960170992274,692.8430764183365,1,1,59.9,17.67,1500.0,2017-11-21 21:34:05,2017-12-11,2017-12-09 15:12:44,17,0,19
8d37c366611418b5ea3b8fa9da611b8d,237e63b5882e6ad2811b597bab07debc,MG,unai,-16.36196685190559,-46.89810621010098,SP,-22.56117141825844,-47.447471268798,691.7189402725757,1,1,20.3,15.1,150.0,2017-11-24 15:23:12,2017-12-19,2017-12-12 12:12:56,17,0,24
09c2b130b47b0d77f2217277de5fd140,9f7ba884a1a243a6b4240358bb703550,RJ,rio de janeiro,-22.88300855130404,-43.34976905180368,PR,-25.45040220122144,-49.56040541360136,691.6007380967291,1,1,119.9,17.0,6300.0,2017-11-23 10:42:29,2017-12-26,2017-12-04 21:52:12,11,0,32
32171e467d31a017b609c0cb44441ee3,4335747056d15e3adee5aea2c8c411ac,MG,ouro preto,-20.386870311646724,-43.506711008289,SP,-21.426847789373337,-50.0643276561055,690.8524807318657,1,1,59.9,17.67,4300.0,2017-11-24 23:28:26,2017-12-19,2017-12-06 19:47:14,11,0,24
139cef5540861404dd35fe65000fda2e,65542d971c4643add951f515d873ebc3,RJ,sao goncalo,-22.82809216835585,-43.06877229137192,SP,-20.806830481885147,-49.38960170992274,690.0341873655454,1,1,49.0,17.67,1500.0,2017-11-26 18:07:41,2017-12-19,2018-01-04 23:58:53,39,0,22
855c2d10e8d3135c6cd5af5dd14d080e,6392126e39bdc2bc69b67f1e7bd19dfa,SC,florianopolis,-27.44360724316649,-48.401002393559935,SP,-21.426847789373337,-50.0643276561055,689.8673346697663,1,1,69.9,17.74,6300.0,2017-11-24 20:19:53,2017-12-19,2017-12-28 19:52:28,33,0,24
d22f0b06e1519065d7eddb2ba6b79b63,3c3335d4c88928de4ec0f90fae9d1507,RJ,sao goncalo,-22.8286575,-43.0805169265674,SP,-20.806830481885147,-49.38960170992274,688.9076094276021,1,1,49.0,17.64,1550.0,2017-11-23 22:44:09,2017-12-15,2017-12-19 18:54:39,25,0,21
4531bfc9fa7b2b7582a6dfad40fa0215,705e79c115cf8479aa947256c3451a46,RJ,rio de janeiro,-22.872718341104505,-43.364321140717855,MG,-18.64584624455141,-48.20539720623941,688.5415130837891,1,1,15.0,17.6,200.0,2017-11-25 11:35:05,2017-12-18,2018-01-04 22:00:01,40,0,22
50f3744f49a3eebbef56210a31a6d365,948dfa11dc0e5d8ec0d83d72f35c53d4,MG,paraguacu,-21.549597094674127,-45.73502135869359,SC,-26.913134249178224,-49.113291279762265,687.6684632910062,1,4,195.6,67.16,3200.0,2017-11-24 21:59:42,2017-12-27,2017-12-13 17:39:09,18,0,32
3331a10d51b25b5beb65f0ff899ebd52,06bc346b52e0f4d7a18d99d63070bae8,MG,belo horizonte,-19.83901541909516,-43.97403905857227,SP,-21.212247514715177,-50.40380276970684,686.6946872481789,1,1,60.0,15.17,200.0,2017-11-24 12:41:28,2017-12-18,2017-12-06 23:47:46,12,0,23
014ffbfe2df4c96a2b063d084583978f,ea1991a3341d703b3b5c4c97790b8b2b,SP,barueri,-23.510969344381,-46.89543585974762,PR,-24.95820451399403,-53.46130455981301,684.8361101925269,1,1,79.0,15.3,119.0,2017-11-23 22:36:25,2017-12-18,2017-12-07 20:38:35,13,0,24
9cd28af4a02dd368c02825e1bf9ea210,0bd2dd26ea71e853a5c95cf31a7a9c8d,RJ,sao jose do vale do rio preto,-22.16000780212817,-42.9297071768014,SP,-20.8166409912885,-49.386629697033534,684.4997525084356,1,1,139.99,57.65,10700.0,2017-11-25 17:17:57,2017-12-20,2018-01-04 20:07:03,40,0,24
6dccad8ec71dc70dd2387523396a93e6,abfd4bf45af78e5df062d10bdb4add3d,ES,cachoeiro de itapemirim,-20.853054,-41.11659037939645,SP,-22.75756675966071,-47.416027840450326,683.8740196287602,1,1,129.9,77.93,16100.0,2017-11-27 18:19:43,2017-12-19,2017-12-26 18:44:56,29,0,21
acf01c9262ddb5d9adae8daa34e31568,30ab7e538292e6130a456c371778d595,MG,araguari,-18.66456118875184,-48.1893123555062,RJ,-22.78389325209352,-43.30629834500532,683.7581039140555,1,1,2399.0,17.0,9100.0,2017-11-25 04:02:51,2017-12-27,2017-12-07 21:53:19,12,0,31
074241ce500ccb810dc2a36222167798,370518eb3880e605c398910e3bb0aa85,RJ,rio de janeiro,-22.954521478763947,-43.185702100207656,SP,-20.806830481885147,-49.38960170992274,683.1493505766958,1,1,49.0,17.67,1750.0,2017-11-24 14:41:59,2017-12-15,2017-12-07 00:23:01,12,0,20
9e51155c4d15c5f62e0b309826c25a02,6c84262d46fe370972acbf13ad5f97c8,RJ,rio de janeiro,-22.952838782676466,-43.18857414986445,SP,-20.806830481885147,-49.38960170992274,682.8099936947694,1,1,49.0,17.64,1550.0,2017-11-23 22:58:51,2017-12-14,2017-12-12 21:33:21,18,0,20
3233701bc7c9824c3d7d3e474cc7addc,78aa9e1540d2348c8f58f6ae5e359ce8,RJ,rio de janeiro,-22.920179070777287,-43.1800400189857,SP,-20.806830481885147,-49.38960170992274,682.4462375140693,1,1,49.0,17.67,1500.0,2017-11-24 22:06:20,2017-12-15,2017-12-22 19:24:19,27,0,20
c263211bd219538f7c031591e87ef0d7,ed8c52327eecff596e141636d5b556d2,PR,pato branco,-26.22580808081601,-52.67412588626672,SP,-23.595227193173283,-46.56076636913555,682.275064868552,1,2,719.4,34.54,26300.0,2017-11-24 16:56:46,2017-12-19,2017-12-18 20:24:54,24,0,24
95c3381db0f673aa125e10b942d1ddac,fdc2a229cdce3cb662e9223504934027,RJ,rio de janeiro,-22.984120204830045,-43.20837199952438,SP,-20.806830481885147,-49.38960170992274,682.0566917238424,1,1,49.0,17.67,1750.0,2017-11-27 22:53:55,2017-12-18,2017-12-13 17:44:41,15,0,20
6aa38fd3d451d8aec32d57d833b04083,e3380ebaac614946396a5252ef205f6b,PR,assis chateaubriand,-24.406376677111503,-53.514313385039806,SP,-22.975945515326355,-47.00158571500767,681.8771111491753,1,1,62.9,15.19,450.0,2017-11-27 14:53:37,2017-12-22,2017-12-15 00:07:50,17,0,24
e399680f053aca6ecc64cd1ec2c0741e,d42d70919f9ddfe513ce1d3df3ee8bec,RJ,rio de janeiro,-22.8991184007733,-43.17963533744704,SP,-20.806830481885147,-49.38960170992274,681.728102766791,1,1,49.0,17.67,1650.0,2017-11-26 18:36:07,2017-12-18,2017-12-11 19:42:44,15,0,21
08e8db59cdb3cd620eda092781cf84ad,61d9f7ce8890eb093b0246f89c1c896d,RS,bage,-31.33972957157747,-54.08052593553614,SC,-27.143863729700307,-48.95995049999999,681.3643664450755,1,1,137.8,25.8,4500.0,2017-11-24 20:35:14,2017-12-18,2017-12-11 18:37:42,16,0,23
ace8119e1ccd050e898a31eeaf829121,6d2fc313c058293791f4f94623f1cf80,RJ,miguel pereira,-22.45420832442529,-43.46995999999996,PR,-25.52536946374326,-49.27333069441405,681.192127910333,1,1,24.9,16.79,250.0,2017-11-26 18:13:28,2017-12-22,2017-12-05 19:04:45,9,0,25
e93690500bf371825b01507b94cf8326,85a8dc5070c4854a76d63086a1bf6792,SP,sao paulo,-23.5641124118818,-46.6645303395753,PR,-24.29632802522082,-53.31302373025406,680.5485642428173,1,1,135.9,18.2,2600.0,2017-11-26 23:06:02,2017-12-26,2017-12-12 20:07:14,15,0,29
2474b5060c1dfacbb46002aa2563f9bc,56eae93c3c9be2ecd4da5e3d32c59a29,RJ,araruama,-22.869815753171125,-42.329823876168525,SP,-21.757690120914923,-48.82976816265947,679.9124300158484,1,1,59.9,16.18,750.0,2017-11-26 15:04:12,2017-12-29,2018-01-15 13:07:28,49,0,32
533e799c38f442b59dfd2c9b73ebd8a4,75f3c17f0e74607e2278a8804fdb5895,ES,itaipava,-20.894939217890183,-40.7790675,SP,-23.576826793496515,-46.71598858744651,679.8362623571387,1,2,219.98,33.06,925.0,2017-11-27 00:02:43,2017-12-20,2017-12-07 17:56:48,10,0,22
11eb88853c96415cf6a24fcb603afcda,072343fae3fbc9d5b6c07077e67430a9,RJ,rio de janeiro,-22.96659649236828,-43.20281028934156,SC,-26.28722555453289,-48.850959075076446,679.7717415312386,1,1,69.9,16.93,281.0,2017-11-24 22:43:39,2017-12-19,2017-12-13 20:29:04,18,0,24
8b745c54dfd32df8f3d575a2ab02fc9c,cf29c48c32e4967740b131261011b091,RJ,rio de janeiro,-22.92356707409551,-43.21262803260434,SP,-20.806830481885147,-49.38960170992274,679.4139600276567,1,1,49.0,17.64,1550.0,2017-11-24 13:04:45,2017-12-15,2017-12-08 21:15:35,14,0,20
7701820e6e57dbb626a80dfd7ab6f414,69ae6b63a7b7c3006d639a64cc863891,RJ,rio de janeiro,-22.949477453257384,-43.18835583888282,SP,-20.84422655814356,-49.364095869177056,678.7207975194241,1,1,43.2,15.1,185.0,2017-11-24 09:53:54,2017-12-19,2017-12-12 22:32:58,18,0,24
274bf86d17f8952d2a505168fcc25c09,2839dda95f81b66b4cd7a53b92011890,RJ,rio de janeiro,-22.916833051618703,-43.21798092630852,SP,-20.806830481885147,-49.38960170992274,678.6511346521669,1,1,49.0,17.64,1550.0,2017-11-24 22:23:06,2017-12-15,2017-12-29 20:38:58,34,0,20
88035ca02bd4e9d72e42ea814776b510,a2bd1413bc48dd1afbe03245a28c8a69,MG,pecanha,-18.54626428214143,-42.56168106500322,SP,-23.521808629753583,-46.34100219473756,678.0829322785316,1,1,54.9,17.63,2050.0,2017-11-24 11:43:23,2017-12-19,2017-12-15 17:22:36,21,0,24
fe59965bfbf484aee4f2503efbd933d6,96a382945e9f743a47d2597c7802c431,PR,foz do jordao,-25.73629792630045,-52.11802714632357,SP,-23.302661247830148,-45.97283979175633,677.9174852527091,1,1,49.0,15.1,138.0,2017-11-27 11:12:20,2017-12-22,2017-12-18 14:17:21,21,0,24
4b31647c78c9dd5484852a1c9f29a14f,8c3af92a2d4a22018ee148f83dd61296,MG,corinto,-18.366116963664247,-44.45585702891758,SP,-21.426847789373337,-50.0643276561055,677.9074913618076,1,1,74.9,16.28,850.0,2017-11-26 13:02:50,2017-12-20,2017-12-06 20:32:35,10,0,23
4cff2c47144ef818a9d9e6ef853b2bd2,67526e56370e8de6a3e0f128d8e331b6,RJ,rio de janeiro,-22.86705548985609,-43.2683561775058,PR,-25.469979548156257,-49.306212701915854,677.3487748980712,1,1,29.9,16.92,950.0,2017-11-27 10:40:50,2017-12-19,2017-12-11 21:41:47,14,0,21
b840efce97754cdc38ec59b6f4c177fa,791f4a4feac5a60fb1dfff80a1dd6598,MG,lavras,-21.24481728187358,-44.99836509644241,SP,-21.486471927360125,-51.53351950792364,677.2186202484982,1,1,24.5,15.1,100.0,2017-11-27 18:35:43,2017-12-19,2017-12-13 18:35:24,15,0,21
4660e507473035f4db5f153b9cfd0c96,b150a3431c17a59c2f12a6dbed63f0d0,RJ,rio de janeiro,-22.96659649236828,-43.20281028934156,PR,-25.469632068671924,-49.29126078988983,677.1386104254871,1,1,255.0,23.66,4900.0,2017-11-27 21:47:28,2017-12-21,2017-12-13 20:28:58,15,0,23
23259ed6c735fe1c3e748d9400ff4a79,79f96d2cbe80d476674fe8df8bc4d5f9,RJ,rio de janeiro,-22.92542565709216,-43.5510467377372,MG,-18.65158486656263,-48.19241119054979,677.1080886804949,1,1,60.0,15.17,150.0,2017-11-24 08:29:46,2017-12-15,2017-12-08 22:10:56,14,0,20
f91346a89554e0c864ce1007a89eaad9,8bb04acf8749d480b0952313c6226bd8,RJ,rio de janeiro,-22.91345759457133,-43.18797113336026,PR,-25.447582257285475,-49.25463280746252,676.7214970043594,1,1,296.9,77.08,19500.0,2017-11-24 13:31:04,2017-12-18,2017-12-12 22:49:02,18,0,23
4188cfb6f4039cb4b50ee591cec8086f,1c11ae5217eb240d76916d9e4ad113dc,RJ,rio de janeiro,-22.984120204830045,-43.20837199952438,PR,-25.52536946374326,-49.27333069441405,676.568404217297,1,1,124.9,19.11,1350.0,2017-11-26 11:45:11,2017-12-19,2017-12-07 15:42:24,11,0,22
e689f14f838f1f7eceb75090e3c6cddd,87bb73ebd36b9395f428d97769d7af2f,GO,caldas novas,-17.742063044681643,-48.62114540273837,SP,-23.537493461278807,-46.63974517262972,676.5636790211854,1,1,21.9,15.1,150.0,2017-11-24 09:15:49,2017-12-20,2017-12-11 23:44:47,17,0,25
947a5a30a6e7ca913d5404922abd8fa7,2138e4d32859702d18fcee1c6268d37c,RJ,rio de janeiro,-22.922355824860112,-43.24398668180498,SP,-20.806830481885147,-49.38960170992274,676.3357909994485,1,1,49.0,17.67,1750.0,2017-11-27 20:04:14,2017-12-18,2017-12-15 14:48:07,17,0,20
334fcd4953d5e5b64f124a0ba7ecb317,6f279800252d785cb11706fcc0384259,RJ,rio de janeiro,-22.914400672773947,-43.24563020413756,SP,-20.806830481885147,-49.38960170992274,675.8865562118945,1,1,49.0,17.64,1550.0,2017-11-25 16:36:13,2017-12-18,2017-12-29 20:07:11,34,0,22
35138e39f9a22af41b39da5df0cc6790,ed434f6c999779df08cfcba6f30956fd,PR,curitiba,-25.41673572265192,-49.26880058283808,RJ,-22.93534069637593,-43.186718398333056,675.7510473246078,1,1,99.99,14.45,250.0,2017-11-26 20:33:48,2017-12-20,2017-12-06 19:51:40,9,0,23
df00397919a2b7d772eb946c10f771fa,5b38f9ccd653279e6155a549e26891a2,PR,curitiba,-25.429797282820697,-49.26145886594724,RJ,-22.93534069637593,-43.186718398333056,675.6369045032579,1,1,299.99,21.59,1582.0,2017-11-21 11:03:44,2017-12-11,2017-11-30 21:27:50,9,0,19
dd6bfd7035613ad5676e72a428b38ba6,a3cd25e77a52347467f8af69e01e2f1a,RJ,duque de caxias,-22.7918898237085,-43.29837818224493,PR,-25.528526586040734,-49.24067174999999,675.1963626828542,1,1,139.0,19.21,5400.0,2017-11-25 21:21:13,2017-12-19,2017-12-18 23:32:36,23,0,23
ac4e3339d0db86542d12bfd6fd5068e2,692a966102bb3e6faead0f03fcd197b7,MS,amambai,-23.102692441497272,-55.22897393873526,SP,-21.757690120914923,-48.82976816265947,674.4447492116943,1,1,99.9,17.95,1225.0,2017-11-27 09:43:08,2017-12-21,2017-12-19 14:07:43,22,0,23
7ba6a7d916b00e92079fab8874ab7cc0,967804e9c14eafdfbbc408e15636e4a0,RJ,rio de janeiro,-22.984312987232386,-43.21999298167813,PR,-25.44913988952431,-49.28810433527613,673.5278112644465,1,1,165.9,29.68,8975.0,2017-11-22 14:08:41,2017-12-12,2017-11-30 22:39:05,8,0,19
e839d1b21d3efdeb377a2689db711b68,c77cf42ae5c9e65304958f02c978145a,PR,paranapoema,-22.65725628260365,-52.08327445972216,MG,-20.94004902170557,-45.82696971616617,673.4803704839911,1,1,89.99,50.5,6050.0,2017-11-24 08:50:57,2017-12-26,2017-12-13 19:59:14,19,0,31
52b45c2b5d96bbc9c9a6f79c406884e2,8cd7f0ed495e8f7f39ed6c305c1c7250,RJ,rio de janeiro,-22.984638967251417,-43.19340669830918,SC,-26.24993381848348,-48.80571126263594,673.4369333328639,1,1,177.99,18.82,950.0,2017-11-24 01:02:05,2017-12-19,2017-12-11 19:07:20,17,0,24
6b428be6c3dfedfc0e199b46fb7e2d48,d5d644b08c0a9b23cff92c649963ea2b,RJ,rio de janeiro,-22.896552719949256,-43.27121502703577,SC,-26.26409773355359,-48.805319320338384,673.1851747268698,1,1,148.9,23.91,8350.0,2017-11-24 21:31:52,2017-12-21,2017-12-11 18:53:49,16,0,26
6c8221844e21df82eaa09b45f2ca47b7,7ff6c1a0c25241143f4865c737f23801,RJ,rio de janeiro,-22.886614268105514,-43.26793577240467,SP,-20.806830481885147,-49.38960170992274,672.7190868053291,1,1,49.0,17.67,1650.0,2017-11-24 16:53:46,2017-12-15,2017-12-08 20:24:34,14,0,20
7e486325a643ff4ed591ad4fd1b80d16,e50d0472f1fdd87f7bcdcde4138673fb,RJ,rio de janeiro,-22.986114974864595,-43.4561553524591,SP,-22.21793127200065,-49.95108171560338,672.1247308408722,1,1,236.9,46.12,15200.0,2017-11-23 15:40:50,2017-12-14,2017-12-27 01:56:48,33,0,20
11302d4542ca6da5b505416f9e04f0a8,a06ff1b7fe5a96a9449fed853d1dc62f,ES,guarapari,-20.66115628432712,-40.49941656311269,SP,-21.60083934075281,-46.893667929142325,671.3249382659628,1,1,39.99,17.6,1500.0,2017-11-26 20:40:58,2017-12-20,2017-12-13 16:10:10,16,0,23
cac6b2e3c4a34ef979b0d6cd62a4e0bf,9ce66eb01d9ccbf850a7ac4ffc3e324b,DF,brasilia,-15.791154734041342,-47.85672962141953,SP,-21.757690120914923,-48.82976816265947,671.3010064800703,1,1,39.99,15.1,350.0,2017-11-25 00:58:33,2017-12-22,2017-12-06 19:34:43,11,0,26
338fbb25496b4365065adc83c56a0729,3842f59262a8439427f8fe9da5e62286,PR,araucaria,-25.56659700692491,-49.3947763578107,RJ,-22.870342477927228,-43.47241109832717,671.1322515607949,1,2,216.0,31.04,2000.0,2017-11-21 10:28:26,2017-12-11,2017-11-30 20:18:58,9,0,19
9841304c5432e46d9cfd508835b743b1,efb0c18b84807aa7fa6b1fb5a4a04134,GO,goiania,-16.607770738484998,-49.25051814257287,MG,-19.92595295864736,-43.94511432722604,670.6912974824886,1,1,129.99,17.48,375.0,2017-11-25 09:39:29,2017-12-19,2017-12-05 18:09:52,10,0,23
877a74a0ee5c1f719f39f4f11d2fc19a,5f87c05477db2d22c63b718299c9c03e,MG,ipanema,-19.80023738321712,-41.71471502051792,SP,-23.59441283513189,-46.757875363396,670.3052523449281,1,2,2700.0,59.88,2250.0,2017-11-27 00:25:10,2017-12-20,2017-12-19 20:06:44,22,0,22
6e6527028de694ccade37f5a15a6d84a,a48d74b7c46f9ee06e4ca93cae7b598f,RJ,rio de janeiro,-22.971588385030664,-43.33006828639565,SP,-20.806830481885147,-49.38960170992274,669.8608677563104,1,1,49.0,17.67,1500.0,2017-11-25 23:51:54,2017-12-18,2018-05-10 00:06:20,165,0,22
04116cd1278a6285625c664dc0d09594,58cf819bb4203647573c953697453110,RJ,rio de janeiro,-22.842981712187644,-43.282379304749234,SP,-20.806830481885147,-49.38960170992274,669.7565660239817,1,1,49.0,17.64,1800.0,2017-11-24 21:13:44,2017-12-15,2017-12-29 13:12:33,34,0,20
fc1b451bcd04f122c92cae4e31a12eae,a705c03385a9a29e2fa2dd80cb688541,RJ,rio de janeiro,-22.83644495752789,-43.30821285651219,PR,-25.447582257285475,-49.25463280746252,669.4850739861432,1,1,140.0,22.85,3000.0,2017-11-24 18:15:08,2017-12-18,2017-12-20 17:53:41,25,0,23
8d1bc6d158769393c1ec54c05b734652,f084a756e2dfe27a56771ba88b84dbe8,RJ,cantagalo,-21.98346319170956,-42.362375370999054,SP,-21.757690120914923,-48.82976816265947,667.8051883481821,1,1,89.9,21.12,1383.0,2017-11-24 22:18:26,2017-12-19,2017-12-21 20:05:45,26,0,24
a551834624af764f01a27c3677e583e4,72a0e6c0565c685d7a6b977b516f59fb,GO,goiatuba,-18.012522221113066,-49.365864121818106,SP,-23.48085590563506,-46.71032357035894,667.7515270089183,1,1,45.9,16.11,800.0,2017-11-23 08:13:39,2017-12-15,2017-12-13 22:39:17,20,0,21
2ef02afb7f805f2864894d1477e29443,b87ade2343db3a71b9cc7ef696bc54e9,SP,sao paulo,-23.62023315809372,-46.753747844783305,PR,-23.75871798789573,-53.296661513474426,666.352968462314,1,1,51.99,13.51,600.0,2017-11-21 08:49:33,2017-12-11,2017-11-26 17:44:59,5,0,19
f1708e42407809453b1cd03f25c055e5,5775d90cbeeb78fe39287105d3373b51,RJ,rio de janeiro,-22.8961984228604,-43.35568746796124,SC,-26.26409773355359,-48.805319320338384,666.1296163403096,1,1,79.9,23.43,6850.0,2017-11-24 16:16:55,2017-12-21,2017-12-26 20:10:23,32,0,26
20d4d7e0dd4c49e080b80042a9cb4b71,75d51f2a15e55a6a320a333a24a21076,RJ,duque de caxias,-22.6855437762638,-43.26460455337004,SP,-20.806830481885147,-49.38960170992274,666.1214722236009,1,1,49.0,17.64,1550.0,2017-11-25 01:17:00,2017-12-19,2017-12-13 23:04:04,18,0,23
b50e9081ca228b1950dba3678b9e13b8,434bc3aedc95ddf957860ece02f33b22,RJ,duque de caxias,-22.672661504591403,-43.260402079711895,SP,-20.806830481885147,-49.38960170992274,666.1134974504904,2,4,255.0,62.77,5950.0,2017-11-25 18:26:39,2017-12-19,2017-12-05 18:38:43,10,0,23
428a2f660dc84138d969ccd69a0ab6d5,10de381f8a8d23fff822753305f71cae,PR,uniao da vitoria,-26.229883105621173,-51.08886365150068,SP,-20.29595508362805,-50.25352307457335,665.3102833203914,1,15,982.35,243.3,10500.0,2017-11-23 20:30:52,2017-12-19,2017-12-13 20:19:35,19,0,25
48f7ee67313eda32bfcf5b9c1dd9522d,3d7697c0971cb2606444adae322d8bb3,SC,sao domingos,-26.560937326635337,-52.53131722074243,SP,-23.652442526788203,-46.75549168747648,665.3099265128413,1,1,29.0,15.1,200.0,2017-11-24 09:31:02,2017-12-21,2017-12-12 23:21:52,18,0,26
d27a9ded3675317af492f9c3449b8443,3cbbf4aa377c9b40c8679e10f84f7e96,MG,uberlandia,-18.914980232586977,-48.27813616348312,RJ,-22.53988593060518,-43.197575382221615,664.4411739304089,1,1,99.9,16.46,427.0,2017-11-26 17:56:26,2017-12-20,2017-12-08 14:53:18,11,0,23
96d79140e31422ba9f8f990f4ed1addb,40edab5896ae543391de7bae5844fcfc,RJ,duque de caxias,-22.7577375,-43.30890252337607,SP,-20.806830481885147,-49.38960170992274,664.2050133244572,1,1,49.0,17.67,1500.0,2017-11-26 15:45:16,2017-12-19,2017-12-16 19:34:43,20,0,22
cdee3ff3ab3f8f61f223e40ed025a7ff,5923fa2f0a07d4bdf8cacdee79a37b2c,ES,alfredo chaves,-20.635630205413584,-40.7485428965443,SP,-23.48886692200935,-46.41156105828381,664.1463902581238,1,1,105.6,16.67,700.0,2017-11-20 21:39:48,2017-12-22,2017-12-12 22:43:07,22,0,31
8a6aa542c859c76d350343d616e3197a,d26ea9022bf1636686ea80c024956adc,RJ,rio de janeiro,-22.933631577298154,-43.37647022788376,SP,-20.806830481885147,-49.38960170992274,663.9602768659659,1,1,59.9,17.67,1750.0,2017-11-22 21:53:32,2017-12-11,2017-12-07 20:32:11,14,0,18
acdd0de80f7578505c5155e046771423,be8890ee2591415e42d0dfb5a6232db8,MG,corinto,-18.366116963664247,-44.45585702891758,SP,-24.026457185123206,-46.47784669233656,663.3518107058438,1,1,166.8,15.92,250.0,2017-11-27 20:09:54,2017-12-20,2017-12-12 23:49:31,15,0,22
de86651678f0f277aa9820e5d778f8cc,ea0aaae13136d2517b6777c8c7b433e7,RJ,rio de janeiro,-22.88237640941444,-43.363361678169646,SP,-20.806830481885147,-49.38960170992274,663.3264407848576,1,1,49.0,17.67,1500.0,2017-11-25 00:04:31,2017-12-18,2017-12-05 00:04:03,9,0,22
0d597bde3929912cb11ba2fe571a4267,1e95a3150bf91dc251e39741df7192de,RJ,duque de caxias,-22.744342770905547,-43.32037624423254,SP,-20.806830481885147,-49.38960170992274,662.6281742821416,1,1,49.0,17.67,1750.0,2017-11-24 13:42:26,2017-12-18,2017-12-16 19:48:42,22,0,23
e04c9fd53f6bd5d19ef4c71d123e95f2,895eb5c70da335140b2ae0318c5897e0,MG,santo antonio do itambe,-18.464736112265264,-43.30578201301864,SP,-23.59399496820805,-46.55209142714523,662.3484945243091,1,1,12.97,15.1,150.0,2017-11-27 09:08:15,2017-12-20,2017-12-06 15:24:39,9,0,22
2b61f6053807f2cc8f28b12bdcc72c68,354286a95c0cd488a5802e69405122f2,RJ,rio de janeiro,-22.970894018595992,-43.38784233625709,PR,-25.45795217485142,-49.30899607966408,660.9863202347688,1,1,59.9,16.99,850.0,2017-11-26 15:47:21,2017-12-19,2017-12-13 01:54:30,16,0,22
65965ba81b0ef223dc943f59bc230a68,bec0ce34553b64ea326bd553741c098f,RJ,rio de janeiro,-22.910488104074133,-43.173895076317216,SP,-23.055647423188177,-49.626774794621625,660.7139929263955,1,1,209.0,41.85,6900.0,2017-11-24 17:30:40,2017-12-19,2017-12-01 16:29:36,6,0,24
82905f4b411a687464762216db4424b2,a14a54843c4b23ca87386fe6088fb649,SC,forquilhinha,-28.750357842942407,-49.47356288960601,SP,-23.437197,-46.51136742270183,660.6299194425305,1,1,122.99,15.61,400.0,2017-11-21 19:56:56,2017-12-14,2017-12-19 13:35:51,27,0,22
033bfdc56fab7dbb0a16e655b64b620d,139b2fa5344522313ccd1b544ec70ec9,RS,santa maria,-29.67489738689,-53.803132948420256,PR,-23.75137194393789,-53.3047123117028,660.5209493070971,1,1,59.9,16.18,700.0,2017-11-24 10:28:25,2017-12-21,2017-12-12 22:21:41,18,0,26
9950e10864fad6c02ade4829884ebd39,ceb4667fc3851809ade8a13953032538,RJ,rio de janeiro,-22.88914839332447,-43.39642184055624,SP,-20.806830481885147,-49.38960170992274,660.3789956002744,1,1,49.0,17.67,1650.0,2017-11-25 00:50:58,2017-12-18,2017-12-12 18:52:52,17,0,22
b6a87380ebe0e02e7ed12272492b3ca0,5c1d6f2b9a790917140df3013643b6c4,MG,belo horizonte,-19.92593059565416,-43.92704679072655,SP,-21.426847789373337,-50.0643276561055,659.8687490420348,1,1,59.9,26.74,2900.0,2017-11-26 07:52:37,2017-12-19,2017-12-04 22:25:29,8,0,22
c54856ceaaaf3a273f3921da4faf1e8f,8b173068db71c80e8c9ef951613cfe45,PR,santa helena,-24.860543130075577,-54.33545250008981,SP,-21.757690120914923,-48.82976816265947,659.5401157378029,1,1,73.5,15.26,800.0,2017-11-25 22:41:07,2017-12-22,2017-12-28 18:02:59,32,0,26
7f4fc954dc46f105335b49a80acb1f7c,95936ba8a9ea372f3b9b0aea6aa2165f,PR,paranagua,-25.517129431846858,-48.50993841687118,RJ,-22.433722840932912,-42.97293424912493,658.6877777043607,1,1,599.65,18.95,460.0,2017-11-21 00:17:44,2017-12-13,2017-11-27 20:51:32,6,0,21
189ce876121fdc47b810933fb0b4f4bd,f75ab93151297d3750ec2c9e9f9bb45d,RJ,rio de janeiro,-23.014294742166268,-43.46413167283893,SP,-20.806830481885147,-49.38960170992274,658.6423717521449,1,1,49.0,17.64,1800.0,2017-11-24 17:00:46,2017-12-15,2017-12-04 20:09:09,10,0,20
25c3705135caa85f274dc20b48e13104,b36c7156c67dba47caf8b45b81ce7c29,RS,erechim,-27.635960058702167,-52.27291009294059,SP,-22.211035197694,-49.6557903984333,658.3611290456923,1,1,84.9,16.35,1000.0,2017-11-26 22:26:04,2017-12-27,2018-01-03 18:09:05,37,0,30
d09937858506b4fd15ea217ad6c16a95,53a0f4bc02cb636ef2f8a0b381e5f19e,RJ,rio de janeiro,-22.83179024764828,-43.4001239383693,SP,-20.806830481885147,-49.38960170992274,657.9301222079589,1,1,49.0,17.67,1750.0,2017-11-25 22:14:45,2017-12-18,2018-01-02 13:48:47,37,0,22
0b34b5b5c46c8870d8a0a667d2f6bb4e,f819ee076bb9edaef215114f813e9738,SP,cravinhos,-21.33894323256244,-47.7343164273681,SC,-27.143863729700307,-48.95995049999999,657.3145874625664,1,2,164.43,38.89,4780.0,2017-11-25 13:18:01,2017-12-22,2017-12-11 20:09:27,16,0,26
37974418f119afe7a1c6025eeea7c07a,b9016404916a5d1b53d20b437a010c9c,SC,sao jose,-27.57564786475967,-48.61838774369793,MG,-22.15187055995605,-46.04154236265463,656.6784622276125,1,1,130.2,18.48,650.0,2017-11-24 23:07:41,2017-12-21,2018-01-05 17:54:27,41,0,26
d5e27d7291d4571c883c69143b590fd5,1bde7825953734db2df2dd6a27cfec02,MG,itabira,-19.629852923974376,-43.22384359497725,SP,-20.806830481885147,-49.38960170992274,656.4804916800202,1,3,147.0,52.95,4850.0,2017-11-26 22:49:05,2017-12-20,2017-12-16 12:36:35,19,0,23
4f4c78935311aa885158c44fe04d7257,4588943f2855367bdbb92158fc470a62,PE,camaragibe,-8.01381680791792,-34.967339977818874,BA,-12.89472449617752,-38.33875838605659,656.0317464319475,1,1,246.62,18.3,900.0,2017-11-25 00:13:24,2017-12-26,2017-12-16 00:10:01,20,0,30
5414180e118bc59734a59e7759b1c8af,ab0c7372cfc8072894f5c0aa01585e32,RJ,belford roxo,-22.729710228761107,-43.383021322110125,SP,-20.806830481885147,-49.38960170992274,656.0142601701054,1,1,49.0,17.67,1650.0,2017-11-24 00:52:54,2017-12-20,2017-12-04 20:37:15,10,0,25
b8cca6dbde564f578882fcbda8e6df2e,97bf27df42b5d813877367ec2092a0ce,SC,palhoca,-27.654930412248188,-48.66868503596618,SP,-21.757690120914923,-48.82976816265947,655.9447714284381,1,1,119.9,15.59,1500.0,2017-11-24 08:04:14,2017-12-20,2017-12-23 13:26:56,29,0,25
92623cbeebb84cd7423fac6254b414bd,1e513734991365b937e84ef80d4c7b5e,ES,cachoeiro de itapemirim,-20.84473554236901,-41.10935777504867,SP,-23.626508106304968,-46.72998537010217,655.9063894574705,1,1,438.99,17.82,277.0,2017-11-24 08:10:23,2017-12-15,2017-12-11 17:52:00,17,0,20
504a94f47000f6a46960cfba607df1af,398fbef879bc1849c22a1355c2c9fab8,RS,pedro osorio,-31.86608498471726,-52.82025455568206,SC,-26.95352206919853,-49.0768345160616,655.5201094999912,1,1,44.9,15.1,200.0,2017-11-26 00:08:03,2017-12-20,2017-12-12 00:51:27,16,0,23
61d4c475163c393e194d9ccf2e31685d,2da05c3c0a1de5629620beb7fb726e15,RJ,rio de janeiro,-23.001664514859417,-43.40383953802869,SC,-26.26409773355359,-48.805319320338384,655.3631900228913,1,1,79.9,23.43,6850.0,2017-11-24 20:47:02,2017-12-21,2017-12-12 01:18:34,17,0,26
ffa9a3142ddd51af248e648db27c647f,98a7010106c2e416c6311ce939553453,RJ,japeri,-22.643883945188897,-43.645829839508266,PR,-25.469979548156257,-49.306212701915854,654.92096306226,1,1,29.9,17.92,900.0,2017-11-24 16:42:12,2017-12-21,2017-12-12 19:04:28,18,0,26
e1d588525687728bd046a5808e6556b8,54e05c8a9879acaa3e27c073f27db732,GO,inhumas,-16.361404053958964,-49.49744789234993,SP,-22.213919097740828,-49.957488146734775,652.5565409173234,1,1,245.9,18.97,288.0,2017-11-24 09:03:40,2017-12-20,2017-12-20 17:22:18,26,0,25
bdb7c7b648d72056fa0a7a19805dce0f,4da516541565ce46839da7c8a6af3fa5,SC,abelardo luz,-26.567848032665275,-52.328668088598825,SP,-22.75756675966071,-47.416027840450326,652.5158672911292,1,1,388.0,23.21,13100.0,2017-11-22 13:41:27,2017-12-15,2017-12-05 18:27:48,13,0,22
d443588d7606795f04ff9db3ee5020d0,45344d16cc1a2f6705128fb3ae2110a1,SP,tapiratiba,-21.472729599504422,-46.74920713314103,SC,-26.913134249178224,-49.113291279762265,650.6808356736244,1,1,48.9,15.1,800.0,2017-11-24 13:26:19,2017-12-26,2017-12-04 20:48:40,10,0,31
ab722aebd7d92f979b381ec1d4080551,ade30c33d12f41fb6a80e79d43656cf6,SP,barretos,-20.57179991196008,-48.572705426391934,SC,-26.180479008177024,-50.39189059723588,650.6777260329566,1,1,29.5,16.11,350.0,2017-11-24 22:47:41,2017-12-21,2017-12-05 22:22:12,10,0,26
3853bb442103dd1f77271b7750bd3202,b663fad935d54a48a276dad2482e5732,RJ,nova friburgo,-22.323580795222504,-42.5478444515302,SP,-21.757690120914923,-48.82976816265947,650.4699527939804,1,1,89.9,21.12,1383.0,2017-11-24 09:19:02,2017-12-19,2018-01-03 18:52:37,40,0,24
63dbe0c8e63e5f1b4deec09d4f044a7f,7bb5a75d4a412872fa774b56e05d0c38,PB,campina grande,-7.231463366221365,-35.92564389363204,BA,-12.25208648126495,-38.96661848834325,650.1157231977261,1,1,750.0,21.69,500.0,2017-11-27 20:01:56,2017-12-29,2017-12-12 18:43:32,14,0,31
610cf84bb1c6bb3ca1d32ee570a5f89a,7c45ee8b59c28121eb585235e27138f4,SC,joacaba,-27.172563180968265,-51.50738060224988,SP,-23.211061972115367,-46.76376569389638,649.367001194309,1,1,49.0,15.1,550.0,2017-11-25 20:57:43,2017-12-27,2017-12-15 18:47:58,19,0,31
555abbd521ea234b5a6b908bb132244b,9dbd3bb081a2c4def1e0388a11c3efd1,SC,sao jose,-27.59180946782637,-48.62298221074738,SP,-21.757690120914923,-48.82976816265947,649.0603877591174,1,1,53.99,16.14,650.0,2017-11-27 20:48:04,2017-12-20,2018-01-08 17:37:32,41,0,22
097941e2db84b005d04de9e867674226,1128e70fc04372f83dfc47af3566b836,GO,itaberai,-16.022489126762082,-49.8017237257634,SP,-21.757690120914923,-48.82976816265947,645.8621327029073,1,1,153.0,18.32,1850.0,2017-11-27 10:56:12,2017-12-21,2017-12-19 18:34:59,22,0,23
019ccfeea1ea9afbebdad57d65f2e36f,7b46de2ef0b70225f5ead1ebcb2954ac,RJ,rio claro,-22.725449021703977,-44.13443571879529,SP,-22.65736249624909,-50.41030270038664,643.8250947800998,1,1,152.0,15.81,550.0,2017-11-27 15:31:56,2017-12-20,2017-12-07 21:12:30,10,0,22
00137e170939bba5a3134e2386413108,7b63cba66b8e6d002e94d0990c1e2868,RJ,rio de janeiro,-23.014294742166268,-43.46413167283893,PR,-25.43727033166945,-49.211700622251776,641.9786020103375,1,1,397.0,24.65,2650.0,2017-11-24 16:50:38,2017-12-18,2017-12-11 19:12:55,17,0,23
bb1bb5824c663f60229758ef7bfc26f4,3b1787e218ba00444ab1241b033cee16,RJ,rio de janeiro,-22.87647066395896,-43.58311900238119,SP,-20.806830481885147,-49.38960170992274,641.8924447081446,1,1,59.9,17.67,1500.0,2017-11-22 14:42:31,2017-12-11,2017-12-29 23:27:12,37,0,18
6ceec659ff4d6720d0296d133cb49745,1ffd4ed29264828d00542426f5285dac,SC,joacaba,-27.172563180968265,-51.50738060224988,SP,-23.56428872384441,-46.51904534753631,641.874616487543,1,1,45.9,20.84,7050.0,2017-11-24 22:11:55,2017-12-27,2017-12-20 20:32:53,25,0,32
56ce64b53ec3bb5b0525f21506619f8e,6d45947c18621227f1e82fda7a73f26c,RJ,rio de janeiro,-22.89798948182236,-43.59240185235806,SP,-20.806830481885147,-49.38960170992274,641.8183357216296,1,1,49.0,17.64,1550.0,2017-11-24 12:42:21,2017-12-15,2017-12-05 22:36:39,11,0,20
bc6d2ee01d1daa8441fc48b586bcd985,754cdd12a072b7cd037ad32aee11db02,CE,crato,-7.232051594721804,-39.41044007669045,BA,-12.89472449617752,-38.33875838605659,640.4895862599365,1,1,246.62,28.27,900.0,2017-11-24 10:09:50,2017-12-20,2017-12-04 21:37:42,10,0,25
c3a6968588b9919abfdbe63026307d70,102e73eeb4aab43d6ae6507cfea50063,MG,amparo da serra,-20.508139025382675,-42.80227343526833,SP,-21.757690120914923,-48.82976816265947,640.3520787055274,1,1,49.95,16.11,450.0,2017-11-24 23:57:28,2017-12-22,2017-12-06 20:32:36,11,0,27
f1ebfc223dc0c69af08b4810a6a200ca,b5ad4261b16573c8ae1bf274cdc14ff3,ES,cachoeiro de itapemirim,-20.847851165724595,-41.14111359491154,SP,-23.537493461278807,-46.63974517262972,640.1718849904631,1,1,13.65,15.1,200.0,2017-11-27 15:02:31,2017-12-18,2017-12-08 16:46:36,11,0,20
13a6b84d8ffc29e4607ddcb4170cd8a4,bce0adf484fdef747ca68871cd487d44,SP,lins,-21.6736142894858,-49.75706520613485,MG,-19.870106184913464,-43.91871377032721,639.2016677598101,1,1,159.9,27.44,5400.0,2017-11-24 22:49:30,2017-12-15,2017-12-29 15:34:03,34,0,20
251c2e36f5f9d2c37b63c23c4226039a,a7a63610c00d78a97ddc2fd9a6781149,SC,forquilhinha,-28.750357842942407,-49.47356288960601,SP,-23.625852663887155,-46.61139748251486,637.30496337821,1,1,24.99,15.1,167.0,2017-11-24 12:47:33,2017-12-21,2017-12-27 15:49:14,33,0,26
7262ed3f8bffae5e3c8b15638ae38f58,8f25e3d0881a4a8ec6d6f05380230741,PR,ponta grossa,-25.06709855092621,-50.141792770521256,MG,-20.94004902170557,-45.82696971616617,636.7826815986016,1,1,89.99,50.5,6050.0,2017-11-23 12:53:47,2017-12-20,2017-12-08 20:17:01,15,0,26
a42c28ee1f328251e9e8ae60f7963571,6539aa9c6e57c945c4c2c0773b68e939,SC,timbo,-26.825784077702185,-49.26999071426511,SP,-21.486471927360125,-51.53351950792364,636.5242492786026,1,1,24.5,15.1,150.0,2017-11-26 21:41:38,2017-12-22,2017-12-21 20:28:39,24,0,25
f4f4b61bf60372c3ecb43d647e163aa6,a3a21bf032df1c3f4b3c3304f25e7843,MG,juiz de fora,-21.73694740576496,-43.33512349624909,SP,-20.806830481885147,-49.38960170992274,635.7799370295123,1,1,59.9,17.67,1500.0,2017-11-21 12:11:30,2017-12-12,2017-12-09 00:33:47,17,0,20
6ea2f835b4556291ffdc53fa0b3b95e8,c7340080e394356141681bd4c9b8fe31,SP,presidente venceslau,-21.876176339641987,-51.84472775967921,SC,-27.2316076882972,-49.6522588104316,635.3961392875187,1,1,339.0,17.12,14300.0,2017-11-24 21:27:48,2017-12-21,2017-12-28 18:59:23,33,0,26
3a6d41a4fe7a8e841b7c8e4b77d4e301,e0eea8f69a457b3f1fa246e44c9ebefd,ES,cachoeiro de itapemirim,-20.846944608601028,-41.14686432119416,SP,-23.65869024839867,-46.52249513292757,635.3609821275417,1,1,53.99,15.13,200.0,2017-11-24 11:29:52,2017-12-18,2017-12-06 22:37:09,12,0,23
4d8662c2c25b6afb4e8fd8f9ee247d84,dc9a1a3430048c7a2cb6431cfe9bded5,RJ,bom jesus do itabapoana,-21.13614719159558,-41.67798263952821,SP,-22.997187,-47.5061538506838,635.1703279387237,1,1,162.38,15.89,3300.0,2017-11-21 15:13:52,2017-12-12,2017-12-05 12:06:29,13,0,20
17279938859725061b927842cc521d9d,43688fad66340b74b9c7426fe3a4aba9,RJ,rio de janeiro,-22.974699877315537,-43.70176894594324,SP,-20.806830481885147,-49.38960170992274,634.3557289790557,1,2,98.0,35.34,3250.0,2017-11-26 02:06:21,2017-12-18,2017-12-16 00:59:04,19,0,21
f697830f52a6a751ee9469385da12bf4,52e83c4772a5af30c49df5b4e74fe1f7,MG,ponte nova,-20.4100278727316,-42.89642624318659,SP,-21.757690120914923,-48.82976816265947,633.512346890918,1,1,125.0,21.36,2450.0,2017-11-24 15:59:07,2017-12-19,2017-12-21 21:12:50,27,0,24
4bb3eed0b423bcae4c063a401e17308e,251a9c289f548b851f2764ea57f0ea59,MG,unai,-16.36196685190559,-46.89810621010098,SP,-21.757690120914923,-48.82976816265947,633.3609273329105,1,3,650.0,185.55,55450.0,2017-11-24 23:44:45,2017-12-19,2017-12-07 12:44:41,12,0,24
695a0091620b9e01ecc38829ad3e71f8,3e8dcff7fc6b8d9c51af4551fd4af25c,DF,brasilia,-15.851129092495547,-47.951489385097474,SP,-21.46659046556102,-47.00531582543479,632.3086656535121,1,1,47.9,15.1,200.0,2017-11-24 14:22:03,2017-12-20,2017-12-12 22:14:26,18,0,25
70786de34f40ec53c3e3d31460dfb880,c84d204933f28e79f84d0f00c8b5f7f9,MG,entre folhas,-19.626635594024965,-42.23061357458867,SP,-23.65869024839867,-46.52249513292757,630.5977649032227,1,1,84.99,21.08,900.0,2017-11-24 14:18:04,2017-12-20,2017-12-05 12:28:33,10,0,25
dc61ac41c305778ea271d378bc4c4b85,09523cabad805a66c476b2ccf314cb0f,MG,belo horizonte,-19.88878706466045,-43.89654887752518,DF,-15.838541298222948,-48.05311331669846,629.4713009340821,1,1,14.89,14.1,100.0,2017-11-24 05:49:16,2017-12-19,2017-12-04 16:36:54,10,0,24
798f872475163b012f68c583819f0a39,c593a1dca86a74c12b9929d08e6c4330,SP,santa fe do sul,-20.205702659377945,-50.92695089986831,SP,-23.933241296527093,-46.32942742274111,629.3752005699469,1,1,12.88,11.85,180.0,2017-11-24 08:57:10,2017-12-14,2017-12-01 23:42:25,7,1,19
4033aa2bed487107c0ab9ee14ce180e6,ce71073196f0b2c05aa6c4dd0495a04a,SP,osasco,-23.530234227964232,-46.78498015696224,ES,-20.953274997597106,-41.34182622919502,629.1566759303728,1,1,72.0,16.75,950.0,2017-11-20 21:06:59,2017-12-07,2017-11-23 19:22:08,2,0,16
34479af2d143031f3a316ed407892b51,8f96972b98cb7bfa22013af482439ba2,MG,guidoval,-21.15257336237705,-42.79783237852995,MG,-18.917864434084464,-48.33131223723239,629.1330489894667,1,1,219.9,18.02,2200.0,2017-11-23 23:06:02,2017-12-13,2017-12-06 20:27:02,12,1,19
21740bea241f06ee46a7febe29061c31,faaad19c113774874c944e2e1e1024d5,ES,atilio vivacqua,-20.916153831026733,-41.19573318262353,SP,-23.537163400080807,-46.61070457146976,628.8827227886654,1,1,89.9,17.88,1500.0,2017-11-26 18:36:18,2017-12-20,2017-12-21 11:58:58,24,0,23
55c22802abda3dda5ccb0d14c0123915,8c6b7e64f89548cf3c36b786f3b1ceba,GO,catalao,-18.16972792951116,-47.94635901554309,SP,-23.65869024839867,-46.52249513292757,627.9884763230913,1,1,84.99,16.35,600.0,2017-11-26 07:48:43,2017-12-20,2018-01-02 12:19:24,37,0,23
c9befd31f56327da820200286183ceac,6d865ba8432f331cbaf5d8b4220badeb,GO,goiania,-16.6116723465136,-49.198779,MG,-19.989037300364373,-44.43044527644809,627.9589674629514,1,1,140.91,18.56,894.0,2017-11-26 17:14:02,2017-12-21,2017-12-12 16:03:58,15,0,24
605eab4c9d7b2b8aa7e4b8f8362146b5,c24770f0dd49a1205bf78ffa2c32adb0,SC,sao joaquim,-28.291132840240245,-49.93378018274397,SP,-23.552032416180964,-46.53746144532288,626.8494723988028,1,1,239.99,22.17,2400.0,2017-11-24 13:43:19,2017-12-21,2017-12-11 20:41:30,17,0,26
17f2262c8b3797eadd32de22437bffa4,0857e520aa7eb2f1e414ae0907e994a8,GO,goiania,-16.612400999999945,-49.34300749999996,SP,-22.213919097740828,-49.957488146734775,626.1815694695243,1,1,130.9,15.67,1500.0,2017-11-24 20:28:27,2017-12-18,2017-12-17 16:29:03,22,0,23
df3338a3bb3c6763d1228fe9305c68fc,2628d3b76a1d72d0c6df552b17c73ae0,ES,linhares,-19.398653829969344,-40.0579167622179,MG,-20.94004902170557,-45.82696971616617,626.0158990202947,1,1,249.99,88.18,17300.0,2017-11-21 00:34:16,2017-12-14,2017-11-29 16:47:36,8,0,22
128c967306503570d40def0212a27fb2,495440fd2023c2b6415452a9463c6b4b,SP,jundiai,-23.189527263550712,-46.91727596301613,ES,-20.953274997597106,-41.34182622919502,625.9516863834066,1,1,25.0,14.1,900.0,2017-11-24 11:18:45,2017-12-15,2017-12-18 16:12:32,24,0,20
ef00af19f3e4667ac596baf6656e0ee4,3cd1d0a2bebd858eff1d3a84b68eea22,RJ,sao goncalo,-22.82315308035935,-43.00198608019335,SP,-20.57777144532288,-48.55691667231683,625.7850400438078,1,1,209.99,18.72,1200.0,2017-11-26 11:31:29,2017-12-19,2017-12-26 16:19:02,30,0,22
fbf0dfaa84a26a3cbddf314c3362316c,cab4cad0f7657576558c907ad8e307fd,SP,sao paulo,-23.571139321816027,-46.724956724464775,ES,-20.953274997597106,-41.34182622919502,625.693953743129,1,1,19.0,14.1,450.0,2017-11-25 01:03:50,2017-12-15,2017-12-18 18:46:39,23,0,19
5d103f49c32225c353410679f8e90880,cc483e04990291b36653b10bf8b7b660,MG,belo horizonte,-19.97551649235395,-43.97193635891461,DF,-15.768150750000002,-47.891037375,625.1292246614092,1,1,64.9,16.7,1450.0,2017-11-24 08:54:06,2017-12-19,2017-11-30 21:39:09,6,0,24
f75e6a734202bffa09de11b88087fc9c,e9aea06ea89f977a316cdc731e0ab7db,PR,indianopolis,-23.48046086321389,-52.69852516237143,SP,-23.72650754342439,-46.57996607380704,623.9851085913511,1,1,16.0,16.11,350.0,2017-11-24 14:47:29,2017-12-20,2017-12-14 18:51:54,20,0,25
0606297cba03ae6663495514f5bdae0d,1dfdfd9d483bb80b1694e927fe6a8fa1,SP,nhandeara,-20.6938860622386,-50.04237071280033,MG,-19.94125120677761,-44.11217987308247,623.9786363822961,1,1,39.97,15.1,400.0,2017-11-25 14:19:32,2017-12-20,2017-12-15 18:07:08,20,0,24
94f15892b1b836f7ffd99db3f29be99b,7faa56b79825d8ac2a793c613854e981,MG,paracatu,-17.223373086135236,-46.87518788782276,SP,-22.82219330991709,-47.27062894035096,623.9281552621694,1,1,149.5,15.8,300.0,2017-11-25 10:24:02,2017-12-20,2017-12-11 16:41:56,16,0,24
99ee8e68cacd5e1b674946811a8e0fec,4aace62d0cff2c5f4cde5f590f16c26d,MG,caratinga,-19.78940073534656,-42.14071589155253,SP,-23.539439503750906,-46.63284391414975,623.8963710847188,1,1,14.9,15.1,150.0,2017-11-24 23:43:39,2017-12-19,2017-12-12 10:49:59,17,0,24
c9fddd8d2730610e00bbcda3e79fdcca,e3a89345d860faa5a9431ec4fb1e307c,PR,terra rica,-22.72607134373617,-52.62039236260419,SP,-23.50596583126541,-46.57852189203073,623.890557515959,1,1,149.99,16.81,100.0,2017-11-27 00:58:20,2017-12-21,2017-12-11 17:33:10,14,0,23
c3d42c4d02c4f04fd1787dda7d49ea99,7e0e5c4037a75a6a72a3c9033ccb005d,MG,ipatinga,-19.46970149792253,-42.562507159587966,SP,-23.625852663887155,-46.61139748251486,623.5430278005305,1,1,43.99,15.1,250.0,2017-11-24 08:51:46,2017-12-18,2017-12-07 19:05:10,13,0,23
c3355e93ebea38e75b9fed5a64a35592,165f1aa190273a0ddfb905d8bfa84823,MG,belo horizonte,-19.94064859533156,-43.99270642884566,DF,-15.801308999999993,-47.96795249999999,623.4837637711107,1,1,69.0,16.73,1850.0,2017-11-24 20:19:47,2017-12-19,2017-12-02 14:49:45,7,0,24
5411157481132a0783dbf080096a4c96,965d1f24bce3dd938f7e63fbf7e0a0b6,DF,brasilia,-15.738239920278122,-47.89428419056928,MG,-19.870106184913464,-43.91871377032721,623.0007970322541,1,1,159.9,23.44,5400.0,2017-11-26 23:20:43,2017-12-19,2017-12-27 19:16:56,30,0,22
32e76b791f3833aebe9064d2c09dc1c5,02b9bbbd5bec26b61cfd9bd3944c2ffb,DF,brasilia,-15.822621142505437,-47.98709867888091,MG,-19.870106184913464,-43.91871377032721,622.7964181136384,1,1,159.9,21.96,3800.0,2017-11-24 15:16:05,2017-12-18,2017-12-26 16:38:57,32,0,23
9bb64540c8b861abd76559cbf18a9230,df6080c9c9123b2b968aa62b0cc5bbdb,SP,santa fe do sul,-20.205702659377945,-50.92695089986831,PR,-25.55874002069342,-49.19617365714436,621.0494205959116,1,1,99.9,17.95,1900.0,2017-11-21 08:25:55,2017-12-14,2017-11-28 23:37:53,7,0,22
eb366fe32c33e3b4037e9c3290b3ecec,998dd72620169c5d4946a893f4f8152b,DF,brasilia,-15.827599282494388,-47.92446674999999,MG,-19.92595295864736,-43.94511432722604,620.4139410899706,1,1,129.99,15.67,375.0,2017-11-20 16:35:55,2017-12-11,2017-12-02 21:08:47,12,0,20
df6378bbbc39d69ba74b22e63d3bbeae,c17e22ada66b6a0582a07370338adcec,SP,sao vicente,-23.967893909958995,-46.38596286668334,MG,-18.65158486656263,-48.19241119054979,620.0295205491486,1,1,180.0,17.02,836.0,2017-11-27 22:25:36,2017-12-18,2017-12-12 19:41:58,14,0,20
cd0b902d14f0c8d23aa34f4d50bf7843,2b64781218424cfa0804acacae74a20d,RJ,sao pedro da aldeia,-22.84513186426493,-42.06389794330086,SP,-21.165370022730333,-47.79714447071386,619.8120049312117,1,1,42.11,15.1,114.0,2017-11-22 18:17:15,2017-12-13,2018-01-11 21:59:32,50,0,20
9f358b9edd5ae6ebf530277dfefa73a0,666d0c042d5be46b54fd2ed19d7e8402,SP,americana,-22.7263133542557,-47.33702039244908,PR,-23.75871798789573,-53.296661513474426,619.5729694455673,1,1,259.9,14.84,463.0,2017-11-21 17:36:50,2017-12-15,2017-12-10 14:19:18,18,0,23
2263541189c89c889a7532e7f5766b77,696ac35ae072343c061fe625f63ff5d3,RJ,rio das ostras,-22.51314691911017,-41.94812428834692,SP,-21.177173112308903,-47.767232134697736,618.6370306930119,1,2,98.0,32.22,1666.0,2017-11-22 01:52:28,2017-12-15,2017-12-11 21:23:42,19,0,22
ef5025f48c69b9d957744cd6d6f9b662,1cd53452b9fbe5e67eb6d89448ed09f9,PR,mangueirinha,-25.941166826552763,-52.17484476835637,SP,-23.625852663887155,-46.61139748251486,617.7526408486922,1,1,21.99,15.1,300.0,2017-11-24 14:41:23,2017-12-22,2017-12-19 12:03:22,24,0,27
c6472cb27f5aea27c6f874ae8928939a,32e186b1bde73732f1cca0247967cbcb,PR,paraiso do norte,-23.282758705676745,-52.60368489798803,SP,-20.554950968499107,-47.38769088301032,617.5827045298378,1,1,99.0,15.44,200.0,2017-11-23 13:18:06,2017-12-20,2017-12-04 21:26:51,11,0,26
45dcb58c5c287e7fdf32ba72e75bc177,896dadd858fde9124a92d3a71f046d07,SC,joinville,-26.33275520900948,-48.80555003067112,SP,-20.806830481885147,-49.38960170992274,617.3278447486344,1,1,49.0,17.64,1800.0,2017-11-23 17:06:28,2017-12-19,2017-12-14 15:52:50,20,0,25
d84bc4e5bba5977de1eeadd544c9c770,9c0012520fca0a89fe04dccc4188df60,MS,campo grande,-20.48832012799575,-54.62143724978365,SP,-21.757690120914923,-48.82976816265947,617.042374615349,1,1,89.9,21.12,1383.0,2017-11-26 23:06:41,2017-12-20,2017-12-12 19:33:09,15,0,23
b3f55c2eb15cabe65b19af738e82b37d,641739b5e7243b3ea4c5cbf62bef17ff,DF,brasilia,-15.822621142505437,-47.98709867888091,SP,-21.36006189551128,-48.072412538636975,615.8008962108255,1,1,348.79,17.19,363.0,2017-11-20 11:46:04,2017-12-13,2017-11-30 22:15:27,10,0,22
be59e03672bb8d48da16e07a0fb660a8,3c17af24cda9bc98674f6d7196cd5af9,RJ,barra mansa,-22.53793737918852,-44.16842191326677,SP,-25.491008797391657,-49.28829274854292,614.9199562549379,1,1,40.0,19.59,1100.0,2017-11-23 21:15:06,2017-12-22,2017-12-11 17:09:00,17,0,28
e86b1b2dd48839d7351406434afb578d,935993f47af1ed7d0715c26b686341c5,SP,sao jose dos campos,-23.25086014126612,-45.89858423424608,PR,-23.42843316855792,-51.91774739994137,614.8055726879766,1,1,19.9,12.48,150.0,2017-11-25 00:31:20,2017-12-20,2017-12-04 21:13:10,9,0,24
26da686e870dc017cfbf9c3ce9f39d55,1cc8871af24a272de32a0d2e23d49068,SC,sao martinho,-28.166286809287776,-48.97853845650907,SP,-22.986269342347207,-46.85229042519152,614.1606265285541,1,1,52.0,17.61,6600.0,2017-11-24 14:38:50,2017-12-21,2017-12-07 23:14:32,13,0,26
81d7555ffbde7261c34dca2bc0c03a06,14ad561f083cd19492c62dbc08a85c35,SP,sao jose dos campos,-23.218175126565264,-45.90819425395292,PR,-23.41381714101661,-51.907055066426544,612.9112978086036,1,1,169.99,13.32,420.0,2017-11-20 11:46:27,2017-12-12,2017-11-27 17:43:24,7,0,21
404ae63d165e7de5dd0bade9787b50c0,f716918648ce7de63976aa640b0c885f,SP,botucatu,-22.88227354722589,-48.44976202553522,RJ,-22.312405010626904,-42.522234052750136,611.7565299198997,1,1,1400.0,25.56,550.0,2017-11-24 06:29:43,2017-12-18,2017-12-04 13:38:58,10,0,23
f42de7e48a0daaa613b8aa877942800f,4f9cf399a95d0c449f3f799e1798f303,SC,joinville,-26.28714472217096,-48.90598063780367,SP,-20.806830481885147,-49.38960170992274,611.3715996118782,1,1,49.0,17.64,1550.0,2017-11-26 23:03:58,2017-12-21,2017-12-20 18:28:21,23,0,24
59c0ed646a3b30d4054298988188486f,8ba643878d111b600a1a781ae8ec0983,RJ,niteroi,-22.936923942837232,-43.02393151551399,SP,-21.757690120914923,-48.82976816265947,611.2707229612232,1,2,59.98,31.21,950.0,2017-11-20 20:41:26,2017-12-11,2017-11-30 19:53:08,9,0,20
fb37932de0ff192d4c2a5054de38bca1,d8328c8f7eed994c605f576e590d014c,MG,betim,-20.029093470439737,-44.2271447817549,DF,-15.845798834786912,-47.97383682690134,611.0494424312651,1,1,155.44,14.84,488.0,2017-11-24 22:23:58,2017-12-19,2017-12-07 18:58:42,12,0,24
afb1e1ccaac288ec1ab9754e2e36cdaf,101a5d44d7659f8b2ec49d385d80a1ed,MG,coronel fabriciano,-19.51753103934325,-42.6116577517932,SP,-23.484018352761268,-46.69810605682614,610.859731295394,1,1,59.9,15.17,100.0,2017-11-26 12:03:05,2017-12-18,2017-12-04 21:34:31,8,0,21
1032cdde705c24776a43441b77855fe6,d03e957168b70cdef000379fa0aab72b,RJ,niteroi,-22.881352521227555,-43.0277695260864,SP,-21.757690120914923,-48.82976816265947,609.7066826598647,2,3,99.99,46.31999999999999,1650.0,2017-11-24 18:40:50,2017-12-18,2017-12-04 15:49:00,9,0,23
84f88fa9fbaf79a8c41e080b00832ff8,f3d88296f0ff23854c0ca706bdfaaad3,RJ,macae,-22.338693000000003,-41.75556508869113,SP,-22.70928658782974,-47.66520568122805,608.3524155982756,1,1,169.9,21.68,2500.0,2017-11-24 16:00:22,2017-12-19,2017-12-06 16:28:40,12,0,24
430da9e882483760910bef24ad74494b,9095f8235295adec01f72924097763b3,RJ,niteroi,-22.954498317216,-43.06291718175602,SP,-21.757690120914923,-48.82976816265947,607.7439704572645,1,2,113.98,32.32,1700.0,2017-11-22 15:25:44,2017-12-12,2017-12-06 14:18:53,13,0,19
f926f5a21b7bab3b81bffa528bcb1ea3,02d6d55e8f7b1d7bb212ea9363d51569,RJ,niteroi,-22.906870719638384,-43.05408348725251,SP,-21.757690120914923,-48.82976816265947,607.5947316021125,1,3,97.98,45.29,1500.0,2017-11-24 17:58:50,2017-12-18,2017-12-04 19:56:53,10,0,23
c13ac59826a76ae21dbe5b33ae83b857,4437df47d5e6a5a2715ada6b258c0fcb,MG,mateus leme,-19.989037300364373,-44.43044527644809,SP,-21.426847789373337,-50.0643276561055,607.3556107691707,1,1,74.9,16.28,900.0,2017-11-20 22:12:36,2017-12-12,2017-11-27 14:42:49,6,0,21
101d45ec36017120849bced34020c170,0066d0530824a5e8044c71af62dea8d5,DF,brasilia,-15.911489336006678,-48.04721977600547,MG,-19.95254268289243,-44.196132792948255,606.4691265746512,1,1,19.99,14.1,150.0,2017-11-22 09:51:35,2017-12-12,2017-12-06 14:16:35,14,0,19
8be05ca81704fb409d92021f7e7837c7,5d2e8807a328cda04fac87c577496439,MG,uba,-21.11819394490749,-42.943705743717146,MG,-18.9239008462404,-48.25008947100231,605.6380394576961,1,2,24.98,24.96,300.0,2017-11-22 23:13:13,2017-12-12,2017-11-28 20:26:52,5,1,19
ad7bbf9e258c09c913e56dcba3433286,3bf822526ed19260365ce453f2271fef,GO,brazabrantes,-16.432802794862173,-49.38608963924567,SP,-21.486471927360125,-51.53351950792364,605.5843803004267,1,1,24.5,15.1,150.0,2017-11-24 10:32:33,2017-12-20,2017-12-13 19:32:39,19,0,25
54f334d6a9d60b69dae5409327f73645,95b9cacc4bc81c3a0a33967bcde6fcd8,MG,ituiutaba,-18.95211041971708,-49.45749467634344,SP,-23.66256651259204,-46.52741092389908,605.3117139737459,1,2,236.0,31.16,1123.0,2017-11-24 13:01:09,2017-12-15,2017-11-30 17:15:03,6,0,20
968cb4fb4acbc42bc8ad87fc3caba34d,39ffed8392965349ae13109de7848397,SC,penha,-26.79071419840324,-48.63372228909931,SP,-21.364019805249217,-48.22883109179936,604.8176108686351,1,1,210.9,17.24,480.0,2017-11-22 10:12:10,2017-12-21,2017-12-20 23:49:09,28,0,28
69a3d3d4af1b74db85965b00394b5d21,d701d4f8da8a0d17c1fbf6e134d07c4f,MG,espera feliz,-20.650456036647185,-41.90891446643319,SP,-22.82219330991709,-47.27062894035096,604.0946113805386,1,1,499.9,18.25,500.0,2017-11-26 20:11:16,2017-12-20,2017-12-05 15:33:39,8,0,23
0dc0f6c0d3aae130bad1ba526469f2e2,37ee751f742df9220a0f7a73b618f7a6,SC,icara,-28.71452758648514,-49.30006950142965,SP,-23.542559946996303,-47.45678295253622,603.7869530570728,1,2,174.0,42.2,4800.0,2017-11-20 15:58:59,2017-12-14,2017-11-29 16:18:32,9,0,23
9fa3ac86373c11b7d4604b966602a778,fdf542a9656a9ce9cb0bb1a30a56f1e3,SP,sao paulo,-23.49041217679899,-46.57794383819032,SC,-27.00518824428508,-51.15087636295904,603.4337623512927,1,1,28.9,15.1,250.0,2017-11-24 15:44:49,2017-12-27,2017-12-09 15:39:01,14,0,32
c43931df9ddd31404539f4382479fae4,8ce176ffdf9acce55dd2f84721589692,MG,virginopolis,-18.818342707583245,-42.704529208670486,SP,-23.302661247830148,-45.97283979175633,602.9634161668503,1,1,140.0,15.73,175.0,2017-11-27 09:27:39,2017-12-26,2017-12-15 23:12:04,18,0,28
1aeb7327979c2a19b8f80b9df367d99f,14dc25a6ed75c0301955b530e15e1b91,RJ,niteroi,-22.90600354640406,-43.10553826082004,SP,-21.757690120914923,-48.82976816265947,602.4041903770133,1,2,59.98,30.2,1050.0,2017-11-24 20:22:09,2017-12-18,2017-12-21 21:23:36,27,0,23
4b8a9df9ba274aad716c78563815150f,98b6a69c914d183f551a75957794034f,RJ,sao fidelis,-21.64714183576035,-41.74860286365206,SP,-20.537686764158725,-47.432176672899125,602.3657990303747,1,1,199.7,18.65,3000.0,2017-11-24 13:51:40,2017-12-19,2017-12-12 21:21:57,18,0,24
439afa2b3126bff920c9e34798c5d148,afcccdc6ee50bf89131f9efb8ab99ece,RJ,rio de janeiro,-22.906132323071105,-43.21885879808414,MG,-19.759203807039285,-47.93968152295908,601.1882235243278,1,1,1199.9,34.72,2600.0,2017-11-21 17:15:10,2017-12-08,2017-11-28 20:26:42,7,0,16
efd869b2d51d2fdbbe6cedadb9772d87,45b49329c43ef921bfd31d3adda0bfe7,MG,raul soares,-20.10242056472146,-42.45350252809693,SP,-21.36006189551128,-48.072412538636975,600.7952872583276,1,1,129.0,15.57,444.0,2017-11-27 09:31:57,2017-12-22,2017-12-11 17:12:56,14,0,24
78be9d9900545877cde2773eb0cb05d7,da874d805c9bee954668d8a5da986933,SC,garopaba,-28.03090968284157,-48.62452477827803,SP,-22.75742680561254,-47.36911154235017,599.7758287333885,1,1,28.9,14.1,400.0,2017-11-24 13:46:10,2017-12-21,2017-12-15 10:28:57,20,0,26
4a91a1ba7768e400ff40aad6730251ed,252eca59746ea50c35bbd4cee0fbd333,MG,manhuacu,-20.25624491956578,-42.03398861864435,SP,-23.544184662502165,-46.63214268206478,598.8372884947852,1,1,231.7,17.38,900.0,2017-11-26 19:35:21,2017-12-21,2017-12-13 00:53:07,16,0,24
c73f0fc8ad02cddf8637371612f5bac3,a3b5fd61a4f17f0246244a3b6f336e02,PR,laranjeiras do sul,-25.406665878440407,-52.4116721980017,SP,-20.806830481885147,-49.38960170992274,597.5432717410763,1,2,98.0,35.34,3300.0,2017-11-24 15:42:39,2017-12-21,2017-12-11 21:36:19,17,0,26
76507bbf7372c5261e9cecab5d23c252,ad4a181dcbfd84ad41fbba776d1ea5f1,SP,santo andre,-23.667585309163982,-46.49216015487045,SC,-27.00518824428508,-51.15087636295904,597.3409522035972,1,1,179.0,17.01,450.0,2017-11-20 15:45:23,2017-12-18,2017-11-25 13:42:00,4,0,27
7ef1629063a04bbeadf9410dcf689ef2,49c92d0c9c958885201558d0d00f452d,GO,anapolis,-16.38819477131556,-48.98070560877604,SP,-21.757690120914923,-48.82976816265947,597.2710994686877,1,1,12.9,15.1,700.0,2017-11-20 19:57:03,2017-12-12,2017-11-30 22:49:06,10,0,21
0c1426109d8295a688ee4182016bba59,d5114ea20c2a52447a40aa1e87bfd5cd,PR,cianorte,-23.658345,-52.59026035898898,SP,-23.211061972115367,-46.76376569389638,596.4701018834049,1,1,45.0,16.11,600.0,2017-11-24 21:24:29,2017-12-21,2017-12-14 19:48:30,19,0,26
94160aa9f25212c7db037d670c50f7c0,8b038505df5bde7b6eb148d0d3bd7f57,MG,belo horizonte,-19.92593059565416,-43.92704679072655,SP,-22.35957556793258,-49.05091136579618,596.2581841175754,1,1,209.9,34.83,6400.0,2017-11-26 12:01:29,2017-12-18,2017-12-12 19:35:36,16,0,21
3b7373170271acc24a203e59f70e5a54,22399760ef434eb8f4251f5485304a6f,SP,bauru,-22.33095011881535,-49.05300270519702,MG,-19.867906407416527,-43.94863882589885,596.0886509034325,1,1,31.9,15.1,200.0,2017-11-25 19:37:32,2017-12-29,2017-12-23 13:19:21,27,0,33
faa3c806c150cf6f037882a8c4db259d,8b4505f19ee61f3d79dee672d6adfbca,DF,brasilia,-16.00796256311053,-47.99417583104501,SP,-21.364019805249217,-48.22883109179936,596.0785727443869,1,1,170.0,21.68,4338.0,2017-11-24 20:05:51,2017-12-20,2018-01-19 01:08:41,55,0,25
5e4c365dd3cf7769a88981f408d069d3,15f7712bb12fe27068e5353d14503653,RJ,rio de janeiro,-22.932084510675818,-43.17545342200936,SP,-21.757690120914923,-48.82976816265947,595.9547570360936,1,1,89.99,17.88,1850.0,2017-11-21 21:31:09,2017-12-12,2017-12-23 16:13:34,31,0,20
3a70ea20517224ef5bcb72742f0cc439,3cd98128568062ef64935e7e64b642bc,RJ,rio de janeiro,-22.932084510675818,-43.17545342200936,SP,-21.757690120914923,-48.82976816265947,595.9547570360936,1,1,105.9,17.99,1225.0,2017-11-21 21:31:08,2017-12-08,2017-12-19 20:47:02,27,0,16
9b623f617ee8289775f3fa94ee0e41ee,4f422869868682aaeb796bfdc8b7e68c,SP,praia grande,-24.014540409660096,-46.43840702622771,SC,-28.71452758648514,-49.30006950142965,595.2550271535803,1,1,99.9,17.95,1400.0,2017-11-24 21:48:32,2017-12-21,2017-12-12 18:48:44,17,0,26
650f8b4597bac2e03e644e6e6d2a1122,ce23650d552b23150a2738a9d325e336,RJ,rio de janeiro,-22.90507423727126,-43.1771726677823,SP,-21.757690120914923,-48.82976816265947,595.1869067730642,1,1,69.9,17.74,950.0,2017-11-22 14:27:47,2017-12-11,2018-01-03 20:58:48,42,0,18
18c2124c3874f480651069f1f8c9b903,3a5f82b200e600b7fc671e3a395dfe2e,RJ,rio de janeiro,-22.93534069637593,-43.186718398333056,SP,-21.757690120914923,-48.82976816265947,594.8975358544835,1,2,91.8,32.22,1300.0,2017-11-22 19:18:21,2017-12-19,2017-12-14 21:06:24,22,0,26
c5b1ef77615cee7daa652c2184250171,a67fb0e2ca6fa0b8da696c27c9ae3392,RJ,rio de janeiro,-22.96659649236828,-43.20281028934156,SP,-21.757690120914923,-48.82976816265947,593.9963051569043,1,1,160.99,21.62,2250.0,2017-11-25 21:49:30,2017-12-18,2017-12-06 00:12:47,10,0,22
a0e07b356a3bbcc4c780060d24bf5a10,f47753854c975a0f97892fe1ede2e688,MG,uberaba,-19.7610085582372,-47.92261700652086,RJ,-22.433722840932912,-42.97293424912493,593.2136515836448,1,1,395.65,17.52,300.0,2017-11-24 21:03:03,2017-12-19,2017-12-05 16:39:02,10,0,24
1c8166cad99e5856dfb7d622902c623c,39bebc8f7773085fe2d0e190058b444b,SP,sao paulo,-23.54785986816893,-46.658684483755614,SC,-27.00518824428508,-51.15087636295904,593.0335589452433,1,1,339.0,17.12,500.0,2017-11-24 10:25:26,2017-12-28,2017-12-07 21:33:17,13,0,33
0e74f4c5e40226e7f0aa460ce139ee37,734f7b3685cc131dd8f6843e53321d91,PR,campo mourao,-24.03377804676809,-52.37626746763636,SP,-23.476446556203285,-46.582155127535685,592.8932279125568,1,1,109.9,15.52,450.0,2017-11-25 09:20:17,2017-12-19,2017-12-04 22:18:52,9,0,23
d183fc49f91a7ab7a5450ffc7057a6ff,0a9ac0c78e9dece6fa0e9ea38c17eeb8,SP,sao paulo,-23.56471213211952,-46.65274077352985,PR,-23.622154732271355,-52.46925317823966,592.6961165194167,1,1,99.9,13.72,1000.0,2017-11-27 19:30:58,2018-01-03,2017-12-12 21:13:00,15,0,36
48d02bf6678d19dcb9ef11720a946dfc,ab3eead5a0680dfdd820127d25fea666,RJ,rio de janeiro,-22.984312987232386,-43.21999298167813,SP,-21.757690120914923,-48.82976816265947,592.6896984792642,1,1,135.9,16.71,2100.0,2017-11-24 09:08:26,2017-12-15,2017-12-30 12:38:41,36,0,20
c58f1f94f5d3c37128710cee5f687598,516edd7c653a89039877ad28c3b34fa7,DF,brasilia,-15.78410999999994,-47.91691999999995,SP,-21.11263561449013,-47.79105569532287,592.6535931383335,1,1,181.0,21.76,2050.0,2017-11-24 00:32:41,2017-12-21,2017-12-05 18:15:48,11,0,26
6b51ade033ffeef603f6ee951ce831cd,6063d231ad10ccc79c81b5799fc90a99,GO,corumba de goias,-15.924743507102669,-48.80832684711064,SP,-21.165370022730333,-47.79714447071386,592.392110451959,1,1,27.0,15.1,500.0,2017-11-27 21:55:38,2017-12-21,2017-12-06 23:10:00,9,0,23
8cf5db9be7a8932fb7cb01964d811b7b,420a47b906d307d5973d55dce307955a,MG,caratinga,-19.78940073534656,-42.14071589155253,SP,-22.740512158523465,-46.8958585777586,591.933025875927,1,1,29.5,17.6,1100.0,2017-11-24 17:27:47,2017-12-19,2017-12-05 18:12:27,11,0,24
a8dca6a1942e9103b78f5aea8b50a884,5e1dbbe153c43c9a400ca2f548ac2db6,RJ,rio de janeiro,-22.807903515407663,-43.19893621357261,SP,-21.757690120914923,-48.82976816265947,590.9706680702999,1,1,116.9,16.58,1750.0,2017-11-24 13:08:44,2017-12-15,2018-01-05 16:49:25,42,0,20
2d759f2f4fc0dc05845a71118b1870e1,952f3c5b88acea4882984111a06c8dfa,SC,rancho queimado,-27.672929064948168,-49.01255880594737,SP,-22.55682570149749,-47.42307221908908,590.9415986861802,1,1,134.9,16.7,650.0,2017-11-20 11:45:04,2017-12-14,2017-12-06 20:51:38,16,0,23
a84f2bf7fd1e2c2f29199f76c46d5238,361b489a269ec4bfcd217ab600c15a48,SC,rio negrinho,-26.254807660291267,-49.52063478336091,SP,-21.172213467107177,-47.82413717277396,590.9343320440744,1,1,79.0,16.31,700.0,2017-11-24 21:03:58,2017-12-21,2017-12-22 19:38:50,27,0,26
4d6a47078b73c647206be4398bbe29b1,97b50939d4b8da29f262e503097841d5,GO,novo gama,-16.054012235645153,-48.03368201916949,SP,-21.364019805249217,-48.22883109179936,590.8031666411251,1,1,198.0,16.14,263.0,2017-11-24 00:41:06,2017-12-22,2017-12-20 20:27:36,26,0,27
99cba2721b39974a1f5045162748e2fd,9172ec108487aaff702c42028fa71473,MG,santana de pirapama,-19.00503195638483,-44.04324367143304,SP,-23.71037572883606,-46.69372522654224,590.7832719342624,1,1,49.9,20.84,2050.0,2017-11-24 13:53:24,2017-12-19,2017-12-07 17:43:24,13,0,24
e481ee461ff8fe2c3bd50f798e13b2f8,1b45f60d696cad69dd5ef9ee6d3d0e80,MG,patos de minas,-18.59508110934971,-46.51777561124804,RJ,-22.916833051618703,-43.21798092630852,590.4008405799469,1,1,19.9,15.1,100.0,2017-11-27 21:53:53,2017-12-20,2017-12-09 17:32:41,11,0,22
5ec560222cf73999224c88e44327937c,fb7edc27ffa937fbe3721f0ecfb7c464,MG,santa luzia,-19.75458516472024,-43.84395144554589,SP,-20.806830481885147,-49.38960170992274,590.0970014053529,1,2,98.0,35.34,3000.0,2017-11-26 20:20:35,2017-12-19,2017-12-11 20:34:52,15,0,22
3d3aa235444c30c308514e51681d8546,fa2e394850ab9f289207b4e7ddc321ba,RJ,rio de janeiro,-22.8997991312828,-43.22889885317963,SP,-21.757690120914923,-48.82976816265947,589.8766035700796,1,1,128.99,21.29,1750.0,2017-11-24 17:41:54,2017-12-15,2017-12-06 23:06:16,12,0,20
6182a6a2883cf658f3a1988d3b962361,4529b4ef395aedf9efb99f2e529742b4,SP,sao paulo,-23.621855280599,-46.63756199125743,SC,-27.00518824428508,-51.15087636295904,589.262847290673,1,1,310.0,16.92,400.0,2017-11-24 00:23:23,2017-12-27,2017-12-05 17:59:13,11,0,32
bc76f0b0323c7a867739b72cfc9277bb,807d44b7eb8d4d8c38ae5fd4859bd1a5,MG,santa luzia,-19.7769061433594,-43.84781302267231,SP,-20.806830481885147,-49.38960170992274,589.1744845529237,1,1,49.0,17.67,1650.0,2017-11-26 20:15:10,2017-12-19,2017-12-16 13:42:27,19,0,22
73bd0bcebfe29c19c0c2422a811597af,c6f1bf6be1b8ab642cc2dd066aca9b1e,SP,sao paulo,-23.76908468803739,-46.72153755467713,MG,-18.65158486656263,-48.19241119054979,589.0945151428151,1,1,17.99,15.1,500.0,2017-11-26 19:15:22,2017-12-18,2017-12-06 13:04:27,9,0,21
44de8fb2731c1634d7b069bb93dbf5d9,1187acd131fe97cfc7cde033a4f036dd,RJ,petropolis,-22.515738410154107,-43.1703318961291,SP,-21.757690120914923,-48.82976816265947,588.9364200159738,1,1,30.0,16.11,500.0,2017-11-24 14:12:29,2017-12-19,2018-01-08 16:13:59,45,0,24
1486d33f863a8330379a999cb8c1ec36,f34aa7e650b544b7ae00cc31aa12349a,SP,sao paulo,-23.67462611518263,-46.69012919969416,PR,-23.622154732271355,-52.46925317823966,588.634392182797,2,2,169.89,23.06,1500.0,2017-11-23 20:10:54,2017-12-29,2017-11-25 16:38:55,1,0,35
93f0b28291bddb8a70034aa5138ddf24,0bb40a0d7f0a7d3380f5543254ee0dbc,MG,belo horizonte,-19.86825428772806,-44.00244098216861,SP,-22.29394874475806,-49.04553452871522,588.595763977139,1,1,155.6,21.58,3550.0,2017-11-23 19:55:23,2017-12-18,2017-12-15 20:39:04,22,0,24
abad735a6f47ebdedacae8d78d765347,5fb3d3b8cbbef8c43dde17da5e8ad2bf,SP,taubate,-23.03212227020024,-45.56942252654782,SC,-27.543786658615705,-48.631972642506845,588.5556150483153,1,1,59.9,16.18,650.0,2017-11-25 14:44:36,2017-12-20,2017-12-07 02:09:29,11,0,24
972d6687f988a5383e3593ec28911400,764c697264e9c98080259f8640b5c49e,RJ,rio de janeiro,-22.91860653830284,-43.256743384472216,SP,-21.757690120914923,-48.82976816265947,587.4983624753895,1,1,116.9,16.58,1800.0,2017-11-24 23:56:33,2017-12-15,2018-01-09 16:48:54,45,0,20
82b2bf2d9e9ffb8c7689adacce888528,8a26de3460b4a7b524412245d37b5f15,RJ,rio de janeiro,-22.868219587021688,-43.2510850217843,SP,-21.757690120914923,-48.82976816265947,586.9641775695442,1,1,59.89,17.67,950.0,2017-11-24 15:42:02,2017-12-15,2017-12-11 23:45:03,17,0,20
6a7509b21939697564bb0b5aac2c8187,e6b780bb93376355d570c29b58b07f3f,RJ,rio de janeiro,-22.923126168734587,-43.26334318887413,SP,-21.757690120914923,-48.82976816265947,586.937892394875,1,1,89.9,21.12,1383.0,2017-11-24 20:30:47,2017-12-15,2017-12-07 01:42:07,12,0,20
0705d1148d3c3d342f1a8c8ad33e5d3f,0805dba577d40a903cd65769580953ad,RJ,rio de janeiro,-22.923126168734587,-43.26334318887413,SP,-21.757690120914923,-48.82976816265947,586.937892394875,1,1,99.9,17.95,1225.0,2017-11-26 22:34:08,2017-12-18,2018-01-22 18:18:49,56,0,21
196f87a93cff28dd637756dbeeacd754,8f8eff2e14b61fdcc95c54b6a2074fe4,SP,sao paulo,-23.74398649570083,-46.71031943672453,PR,-23.622154732271355,-52.46925317823966,586.5500123641754,1,1,89.8,13.65,1000.0,2017-11-22 22:42:21,2017-12-26,2017-12-16 15:34:59,23,0,33
e8295bee3fcc58cbd94f165f36c11f4b,d8c39b2be9b9bc058f016855e8718e54,RJ,petropolis,-22.53988593060518,-43.197575382221615,SP,-21.757690120914923,-48.82976816265947,586.5024275948325,1,1,99.9,17.95,1225.0,2017-11-24 02:09:24,2017-12-19,2017-12-18 17:43:42,24,0,24
4e1d97aa676ca543b36d9961958831cf,e04fd5d40b1f6994876783e748389097,SP,andradina,-20.904888960312192,-51.382706228143576,SP,-23.65869024839867,-46.52249513292757,586.2992508926127,1,1,84.99,12.93,550.0,2017-11-20 12:47:40,2017-12-11,2017-11-24 19:07:47,4,1,20
0659ee4a8b8b8da8337c94d35e423c74,f5dcbb401660482ff93b39d3aa1edb7a,RS,santo angelo,-28.315908438355,-54.258939737391984,PR,-25.469632068671924,-49.29126078988983,585.4440084535757,1,3,315.0,53.94,3408.0,2017-11-24 14:30:49,2017-12-20,2017-12-01 22:44:43,7,0,25
05580ea6005bac590a3f143473c9b296,b22929060c67ae572e2e82d531af2fc4,SC,braco do norte,-28.27375901012341,-49.16619644738513,SP,-23.49166859722086,-46.7297613836344,584.8949070474424,1,1,189.9,21.82,2700.0,2017-11-25 21:45:35,2017-12-22,2017-12-19 22:24:04,24,0,26
02671152ed141efc95384bdd230bc544,08ebd000e60012404de32cacee764799,MG,patos de minas,-18.577870491711234,-46.52349269915605,RJ,-22.888428025246764,-43.30414609838999,584.591056969771,1,1,46.4,16.11,180.0,2017-11-26 21:33:25,2017-12-20,2017-12-12 19:33:36,15,0,23
192a0f41d4f1af20d8ef537a12a2076e,96d88088646eaffdd90541093435f9c1,RJ,volta redonda,-22.51925510713255,-44.09820118887412,MG,-20.27948860417464,-49.20331991007704,584.2020271823153,1,1,49.99,15.1,250.0,2017-11-21 13:59:23,2017-12-12,2017-12-13 19:51:59,22,0,20
3022b6c855879429f3e89d2927384d91,eb9ecb224ea727eff79b0c19b063da3b,RJ,rio de janeiro,-22.892221151826355,-43.28617561296093,SP,-21.757690120914923,-48.82976816265947,583.958615449177,1,1,99.0,17.94,1550.0,2017-11-27 11:49:59,2017-12-18,2017-12-28 19:27:10,31,0,20
77840c00dc79e7841ea2e4b1de1f21e8,af879b6570973a4039cc44f044ad9f11,MG,conselheiro lafaiete,-20.66098873218928,-43.78603931055854,SP,-20.806830481885147,-49.38960170992274,582.9294874755724,1,1,49.0,17.67,1650.0,2017-11-24 23:28:14,2017-12-19,2017-12-19 02:27:41,24,0,24
d877555d54e7b6c523dce69ff6eed257,8b88ddca05f92c92ebd089a65a2a7904,RJ,rio de janeiro,-22.90115858174156,-43.29857214876792,SP,-21.757690120914923,-48.82976816265947,582.9118662366748,1,1,99.9,16.46,1600.0,2017-11-26 00:26:37,2017-12-18,2017-12-19 17:25:27,23,0,21
2f44c5c933e193467d596a00b18fbca7,a69cbe2a4ff0356a87a6de672b2f7b58,MG,divino,-20.61195680379771,-42.145070234264026,SP,-23.652442526788203,-46.75549168747648,582.8537583272653,1,1,69.0,15.23,250.0,2017-11-24 10:40:17,2017-12-19,2017-12-08 20:22:21,14,0,24
3df3e2f4fbd2392902fe60e7a5819a2a,7d76cd344587475194155e6f1479b00a,MG,mirai,-21.196942023774103,-42.61458274339288,SP,-21.364019805249217,-48.22883109179936,581.9752601052929,1,1,170.0,21.68,4338.0,2017-11-20 17:11:50,2017-12-14,2017-11-28 18:19:00,8,0,23
6125b8598105f92aeac157727ff3bfc4,24e437d5b5e5b3315295ffe2fe9ac376,MG,pompeu,-19.22451979434427,-45.00063407953552,SP,-21.426847789373337,-50.0643276561055,581.962892663878,1,1,84.9,17.84,1400.0,2017-11-23 21:57:53,2017-12-28,2017-12-05 15:17:43,11,0,34
80767ee5712d9f1d53be5e87db2e11af,bf6bd42cc2a31fc6a31fbc2e53058686,SP,taboao da serra,-23.60632857285476,-46.75692337538232,PR,-23.622154732271355,-52.46925317823966,581.9579191321897,1,1,99.9,13.72,730.0,2017-11-24 21:18:13,2018-01-02,2017-12-04 13:12:16,9,0,38
d9773132aa1151c56c6f940c8d29cc0a,343506512287287cf0c18d485fe44c9f,MG,belo horizonte,-19.85416653595123,-43.90542755508116,SP,-20.806830481885147,-49.38960170992274,581.517703095164,1,1,49.0,17.67,1650.0,2017-11-24 16:26:15,2017-12-15,2017-12-10 16:03:08,15,0,20
abed4a9942ddbdf89cb7813557d89c62,ae41e41f5721cab53560a02f6d1ca93d,RJ,rio de janeiro,-22.971588385030664,-43.33006828639565,SP,-21.757690120914923,-48.82976816265947,581.3782139926642,1,1,99.9,17.95,1225.0,2017-11-24 17:46:34,2017-12-15,2018-01-09 01:54:22,45,0,20
6a0a8bfbbe700284feb0845d95e0867f,68451b39b1314302c08c65a29f1140fc,RJ,rio de janeiro,-22.89597548375561,-43.31286794685209,SP,-21.757690120914923,-48.82976816265947,581.3618857627571,1,1,83.9,17.84,1500.0,2017-11-22 11:32:22,2017-12-11,2017-12-28 19:43:00,36,0,18
372eae5bd782b2b5d308bb2d2f5e49af,241cc8ee1a6183e010f2ae29bf8a8dc0,MG,uberaba,-19.75768482345129,-47.93090132751451,RJ,-22.53988593060518,-43.197575382221615,580.1524581563142,1,1,339.9,18.14,510.0,2017-11-24 15:04:31,2017-12-19,2017-12-12 17:38:29,18,0,24
08ea06da9974b971f8fad4929380e24b,cef90a63b305fc7abea62dd395a056f7,RJ,duque de caxias,-22.765958186946445,-43.30091284083267,SP,-21.757690120914923,-48.82976816265947,579.8554225071302,1,2,233.8,33.16,3450.0,2017-11-24 18:30:10,2017-12-18,2017-12-13 17:48:47,18,0,23
df473c5f4e43c7d63af78684cc44c521,f31f6b6f82104984ce2ee05d9f9c755c,MG,santa luzia,-19.78963611407457,-43.93983120169945,SP,-20.806830481885147,-49.38960170992274,579.4644675474768,1,2,119.8,35.34,3000.0,2017-11-22 16:06:05,2017-12-13,2017-12-04 18:37:13,12,0,20
f7181fc3cf71354c25827adff7dfc284,484ebdbc08f54b64e4e7a39ad6be42b5,ES,linhares,-19.363717608764453,-40.05300916133554,MG,-20.024210235883093,-45.53953430395729,579.0353692908999,1,1,104.9,23.6,1800.0,2017-11-21 17:25:33,2017-12-14,2017-12-01 21:37:57,10,0,22
6026ab778a91a44d6099fd3734dfb44a,419416765315af7eec3cc52b6590c2cf,SP,osasco,-23.56601913891452,-46.78701591891262,PR,-23.622154732271355,-52.46925317823966,579.0125883506579,1,1,89.9,12.76,400.0,2017-11-21 20:05:55,2017-12-19,2017-11-28 20:52:57,7,0,27
3a55ac3af25e4b295c861a2382e0afcf,e2b5d914e5123bd2320ba9f04704d942,MG,belo horizonte,-19.88665694532287,-43.92389634081604,SP,-20.806830481885147,-49.38960170992274,578.9168720182186,1,1,49.0,17.67,1500.0,2017-11-24 09:56:53,2017-12-15,2017-12-14 22:11:40,20,0,20
4bc45b40b7495543f90c2cfb8c409035,86911781ab615c91b809029803289020,SP,itapecerica da serra,-23.70653144827205,-46.85857730169082,MG,-18.65158486656263,-48.19241119054979,578.8324777391056,1,1,38.0,15.1,300.0,2017-11-25 01:00:22,2017-12-18,2017-12-07 18:19:01,12,0,22
9c9a1d9b53c328e1bbb1f0c2c5410257,4ed3708020c892c07d400b298a09bbd6,RJ,comendador levy gasparian,-22.03405304058416,-43.20542272862228,SP,-22.59298628140224,-48.79959560964876,578.7753258998132,2,2,168.9,34.18,9150.0,2017-11-24 17:25:35,2017-12-21,2017-12-02 01:24:58,7,0,26
5d8955bd4f20188cffeee997c68e0244,b29cd4b6b9a32a9071f8ef282588b18b,RJ,rio de janeiro,-22.930412639848665,-43.34703978193807,SP,-21.757690120914923,-48.82976816265947,578.714458725963,1,1,156.9,18.35,2600.0,2017-11-25 06:48:16,2017-12-18,2017-12-19 17:22:25,24,0,22
623c190b25a7394ccec057f6a0d31aa7,4d4beb06959716163a97e5b3e713cea9,SC,videira,-27.00518824428508,-51.15087636295904,SP,-23.652442526788203,-46.75549168747648,577.951120829754,1,1,49.0,15.1,250.0,2017-11-24 18:54:52,2017-12-21,2017-12-13 00:57:00,18,0,26
3675f490195ac2070f7f45581da241c9,64e3c3576b1c76841c56d4fec94c5264,MG,belo horizonte,-19.92593059565416,-43.92704679072655,SP,-20.806830481885147,-49.38960170992274,577.766654084295,1,3,179.7,53.0,4800.0,2017-11-22 16:45:16,2017-12-12,2017-12-05 15:33:45,12,0,19
927b3accc4f1676b309f920342376b30,ead851e04860fa301d5414fc0e661fde,SP,sao paulo,-23.657841209821704,-46.64956651333021,SC,-28.328199955080542,-49.17755227307007,577.469174686598,1,1,59.0,15.16,133.0,2017-11-24 19:38:35,2017-12-21,2017-12-07 02:46:54,12,0,26
a30b74313d68098f40df2741bf239601,518af708e03d6d2aabb44bcb48133025,RJ,rio de janeiro,-22.92167385596392,-43.36033117000399,SP,-21.757690120914923,-48.82976816265947,577.1817074811532,1,1,109.9,25.61,1975.0,2017-11-25 13:12:27,2017-12-18,2017-12-05 17:52:06,10,0,22
010e7dda85fff564e8b7076ae3928efb,76c6370ab8b030109448c39db2b9e08c,MG,belo horizonte,-19.8318776997842,-43.95335343627039,SP,-20.806830481885147,-49.38960170992274,577.1058283575071,1,2,98.0,35.34,3000.0,2017-11-27 14:26:40,2017-12-18,2017-12-12 21:49:55,15,0,20
4f22cd3d78d124f7ac060a3171493ef4,dc1ed3d6dd03f5dddaf941da3a51e88b,SP,sao paulo,-23.590132931444405,-46.39907699999999,SP,-21.486471927360125,-51.53351950792364,576.807813438237,1,1,24.5,11.85,150.0,2017-11-21 14:55:17,2017-12-07,2017-12-06 15:58:50,15,1,15
c1e3705ddd242ae29dca5c5d3367cdda,39d1b3f6e70944054f15906756f6f6c9,SC,indaial,-26.893226130061613,-49.23977010015948,SP,-22.09961715066345,-51.40819739735439,576.3781293557751,1,2,75.8,62.2,1950.0,2017-11-26 21:47:48,2017-12-22,2017-12-14 18:36:02,17,0,25
cdcdd974adb1606df89687f10cf130eb,f2279bf6a0160ef6fbb64df126f5e42e,RJ,rio de janeiro,-22.88237640941444,-43.363361678169646,SP,-21.757690120914923,-48.82976816265947,575.9916830728058,1,3,74.69999999999999,48.33,2850.0,2017-11-26 15:32:11,2017-12-18,2017-12-20 20:08:17,24,0,21
0a511bcdd22a725ca670b0102ac0be73,b68f0151da6430c27ff22bbc6752916e,RJ,rio de janeiro,-22.933631577298154,-43.37647022788376,SP,-21.757690120914923,-48.82976816265947,575.8412387342389,1,1,116.9,16.58,1800.0,2017-11-25 00:37:49,2017-12-18,2018-01-04 22:22:44,40,0,22
31ce7a72b9fa6f054483ebecaf0aae60,60f7f8502847f8d1d87c90a5d8ef336c,SP,sao paulo,-23.59115829225576,-46.41167194463039,SP,-21.486471927360125,-51.53351950792364,575.6704549615689,1,1,24.5,11.85,150.0,2017-11-22 23:04:06,2017-12-08,2017-11-28 17:47:55,5,1,15
e811880120e802367a37c73fdbc0a7a2,6441d665c5a1058502eb8ad0a2e2282b,SP,jandira,-23.53392425045651,-46.91477434009402,SC,-27.00518824428508,-51.15087636295904,574.7346039796616,1,1,559.0,37.27,17600.0,2017-11-26 15:47:51,2018-01-02,2017-12-14 00:37:09,17,0,36
b9d5fdd84b13a6539a7a5e8851aef828,479fd4d4bc4307595d06249bfc2f70b7,SP,sao paulo,-23.67625329225576,-46.77941899029079,SC,-27.00518824428508,-51.15087636295904,574.3745664647819,1,1,179.0,17.01,450.0,2017-11-20 14:49:01,2017-12-18,2017-12-05 20:47:07,15,0,27
eced501ea6ea98469acff0ccbf3ca09b,d688baf4200a4372b4d5e54b175506c8,RJ,rio de janeiro,-22.91769260113128,-43.38826034580772,SP,-21.757690120914923,-48.82976816265947,574.2915495123939,1,2,179.8,39.0,3208.0,2017-11-27 11:13:06,2017-12-18,2017-12-11 21:19:09,14,0,20
af19069eeb42e10ffc3f2eadee886c49,b635957da0091ef9421c4405050ca614,SP,sao paulo,-23.606598525535222,-46.63963348459232,MG,-18.65158486656263,-48.19241119054979,574.0078804286735,1,1,40.0,15.1,150.0,2017-11-26 22:11:05,2017-12-18,2017-12-04 20:27:04,7,0,21
61ef5e0982e79d6bdb7d3734b7ed8df7,9c9c632749d4d1e99eb3daa9debb01a0,MG,itabira,-19.629852923974376,-43.22384359497725,SP,-22.70928658782974,-47.66520568122805,573.8022888662259,1,1,114.9,18.05,1400.0,2017-11-21 16:16:45,2017-12-12,2017-11-28 21:24:39,7,0,20
0adb50a218c2b7e86f14120be935b949,3518f2be2f99c06e220f5dcc2dc04ecd,SC,florianopolis,-27.589321906197647,-48.52212360618027,PR,-24.95227026422471,-53.46660168653684,573.5329317827634,1,1,280.0,98.02,28100.0,2017-11-20 16:52:14,2017-12-20,2017-12-01 13:57:04,10,0,29
31dc5103a73f31b15f42c3a5367efcf0,7abd77b51deeabe8ad9fb72b41459570,RJ,sao goncalo,-22.812430771982832,-42.98860405382278,SP,-22.277216273975142,-48.5432584317704,573.5087313205756,1,1,113.9,16.56,800.0,2017-11-24 23:22:30,2017-12-18,2017-12-26 16:52:09,31,0,23
44e74826cbf09295cbbfc17b6c4284e4,bd2da29472ad8831cebae2adcddc9b1e,MG,araguari,-18.65158486656263,-48.19241119054979,SP,-23.63260424617697,-46.76020040743839,573.4176250186582,1,1,55.91,15.14,317.0,2017-11-24 19:58:33,2017-12-15,2017-12-04 21:38:32,10,0,20
9c8f9997340786b7880a6a158c1b2833,ef1ceb05e7a48024426d5b72079380d4,MG,sao sebastiao do paraiso,-20.91530329073143,-46.98467076257852,DF,-15.845798834786912,-47.97383682690134,573.277185447611,1,1,179.0,16.0,500.0,2017-11-23 11:13:49,2017-12-15,2017-12-06 20:03:25,13,0,21
43744ad15fef908c8dfcbd7fec0d786e,e5f3f0577df1f93ff3a2a1544a1c759a,GO,goiania,-16.622779069777074,-49.308471077149264,SP,-21.757690120914923,-48.82976816265947,573.18284568628,1,1,99.0,17.94,1550.0,2017-11-26 00:01:32,2017-12-20,2018-01-19 21:54:03,54,0,23
0204196a1fd266bdc00356eb791b4516,b7cbef9a346d7be216c7e57369eea78a,MG,belo horizonte,-19.90111236511052,-43.97842199207982,SP,-20.806830481885147,-49.38960170992274,573.012994879352,1,2,98.0,35.28,3100.0,2017-11-26 18:43:10,2017-12-18,2017-12-12 11:03:12,15,0,21
2d1f07a3af3df1ddc97efd57a74be3a9,c2f8f353739798ad5faa45e74f1fd23b,RJ,rio de janeiro,-22.91553294448616,-43.40164068762021,SP,-21.757690120914923,-48.82976816265947,572.9011191819477,1,1,95.03,17.92,1900.0,2017-11-26 22:11:09,2017-12-18,2017-12-28 22:07:17,31,0,21
5ea87cd245f8b1b4948bda755b188b98,712d389aa813610d1abef424f660118f,RJ,sao joao de meriti,-22.796202576934213,-43.38308624952391,SP,-21.757690120914923,-48.82976816265947,572.171814569965,1,1,39.99,15.1,350.0,2017-11-27 16:27:06,2017-12-22,2017-12-18 13:22:46,20,0,24
f4acc0596b8a9fa4199a609584e1bcf7,d1fc9970a51c0e723f333dbc34f546ad,SP,sao paulo,-23.50473936849464,-46.40971787093889,SP,-21.486471927360125,-51.53351950792364,572.1706640129154,1,1,24.5,11.85,100.0,2017-11-24 19:05:02,2017-12-14,2017-12-12 15:58:26,17,1,19
b369c8e0d0592b02a46074552afab72a,088a9d73974751a3dfb76f5f7a579290,MG,belo horizonte,-19.97551649235395,-43.97193635891461,SP,-20.806830481885147,-49.38960170992274,572.1508930031256,1,1,49.0,17.64,1550.0,2017-11-25 21:42:13,2017-12-18,2017-12-11 16:43:11,15,0,22
d748ba7c92c165252bd17cae1b93fd81,b7e3ffea53e6de802b324b609f2dd5d0,RJ,rio de janeiro,-22.914400672773947,-43.24563020413756,SP,-22.07313272845746,-48.73940408922972,572.0654940718741,1,1,219.9,22.03,4250.0,2017-11-25 17:24:25,2017-12-20,2017-12-29 22:05:03,34,0,24
f33b50da379ff892a3ad9d9fc6fdf23c,6258c05f1b3a07b7d33da59efd87ac75,DF,brasilia,-15.83224802491746,-48.01033388194513,SP,-20.806830481885147,-49.38960170992274,571.9729720726968,1,1,49.0,17.64,1800.0,2017-11-24 08:16:16,2017-12-18,2017-12-11 18:33:32,17,0,23
21515908d570049ddc9f08416524b09b,464a509b96c6a731375959826acf53da,DF,brasilia,-15.83224802491746,-48.01033388194513,SP,-20.806830481885147,-49.38960170992274,571.9729720726968,1,1,49.0,17.6,1800.0,2017-11-24 02:14:10,2017-12-18,2017-12-11 17:58:45,17,0,23
864a3b34b4e9cf8921cb17c78cf790ee,9dfda6f4234eb2949a188f44d489990d,MG,belo horizonte,-19.87772765208616,-43.99511070483005,SP,-20.806830481885147,-49.38960170992274,571.8061622883185,1,1,49.0,17.67,1650.0,2017-11-26 20:40:05,2017-12-18,2017-12-14 13:53:59,17,0,21
628208ac37365620cce723ba58775d8d,1bf918ef7f7109ab40fce559804b274e,SP,sao paulo,-23.593806586733223,-46.67685095129546,MG,-18.65158486656263,-48.19241119054979,571.572006264662,1,1,79.99,15.31,300.0,2017-11-24 01:15:09,2017-12-15,2017-11-30 17:46:41,6,0,20
b7bb679ead188147ea4d028b583720f9,087877f19f6e3dd2fe0724376a2e7f8c,SC,santa terezinha,-26.7792460890388,-50.00667995233087,SP,-21.757690120914923,-48.82976816265947,570.9614429806401,1,1,49.9,16.11,700.0,2017-11-24 11:04:28,2017-12-21,2018-01-09 15:38:59,46,0,26
4be2788762205570f593f00139891a87,fd845a6b26fb28a1ed6c59f9a58d0cc6,MG,curvelo,-18.75756011835844,-44.43159029668814,SP,-23.5397205,-46.43633556480467,570.9177450549284,1,1,34.99,15.1,150.0,2017-11-24 23:48:52,2017-12-19,2017-12-18 20:29:46,23,0,24
33b5d784209aa1c1950cec3c9cf0568d,71bf38418d2f752d4d021a5aab546587,GO,goiania,-16.64256734644514,-49.27462928986844,SP,-21.757690120914923,-48.82976816265947,570.6891360216855,1,1,56.99,16.16,875.0,2017-11-23 19:47:10,2017-12-18,2017-12-30 14:48:50,36,0,24
f6d9a259f1d0e93273707909a8e59fc6,30fcc8d14dbfeb74241a95b353c42cb1,SP,sao bernardo do campo,-23.727267000000005,-46.53310780249619,SP,-21.486471927360125,-51.53351950792364,570.5106242728201,1,1,24.5,11.85,150.0,2017-11-20 18:09:45,2017-12-07,2017-12-04 16:23:40,13,1,16
8fc207e94fa91a7649c5a5dab690272a,c69f8b33e62ecb30ff78ae46d7fb9241,RJ,sao joao de meriti,-22.783912380347,-43.39740129925383,SP,-21.757690120914923,-48.82976816265947,570.4789117275445,1,1,109.9,25.61,1975.0,2017-11-26 17:49:46,2017-12-19,2018-01-20 13:42:22,54,0,22
9c6a41b40091cf444dcd80fa62446a98,6bece72376d04aaec6d30e1ae5bf84e7,RJ,belford roxo,-22.765987535694773,-43.404434940864256,SP,-21.757690120914923,-48.82976816265947,569.4095534786331,1,1,81.4,17.82,1050.0,2017-11-24 12:25:35,2017-12-20,2018-01-22 12:59:00,59,0,25
d5d6d0cd7873ba2a68436791eb3816e3,0daa90e9bc07b18c5335c227fc6a8b26,RJ,belford roxo,-22.765987535694773,-43.404434940864256,SP,-21.757690120914923,-48.82976816265947,569.4095534786331,1,1,45.9,16.11,600.0,2017-11-24 15:48:17,2017-12-29,2017-12-21 19:57:48,27,0,34
ece1fa4a929c6a0e8b6678e10b2ac642,a4c800a16c71d3bb4b77665ba11d8525,MG,luisburgo,-20.439748924648413,-42.103564214398126,SP,-23.53092873105776,-46.50688497169482,569.3788889785397,2,2,142.99,46.37,7300.0,2017-11-26 17:44:33,2017-12-20,2017-12-07 15:07:05,10,0,23
ef4e75686c79d2eb0f53648928f9add9,61243a439b7024dbc182245abdc37c2b,MG,belo horizonte,-19.86825428772806,-44.00244098216861,SP,-20.81614118340567,-49.368636648001306,569.2882697311275,1,1,180.0,16.01,100.0,2017-11-24 21:37:07,2017-12-22,2017-12-12 13:35:28,17,0,27
f3ef05764ab33b7cd322aa7edd599de7,0f230afc42b82295bd241b9adbc32575,RJ,rio de janeiro,-23.02187989307062,-43.46365439966753,SP,-21.757690120914923,-48.82976816265947,569.2851030285221,1,1,99.9,21.19,1825.0,2017-11-27 08:37:56,2017-12-18,2017-12-15 21:34:06,18,0,20
d671370d11048a2dab56335d3d91823e,f434242d1d0dc1d70997f01f7d02e065,RJ,nilopolis,-22.81631846264643,-43.41628252879276,SP,-21.757690120914923,-48.82976816265947,569.2460162938735,1,1,37.0,15.1,650.0,2017-11-25 07:57:14,2017-12-19,2017-12-29 20:18:52,34,0,23
8ff20d37027a8cfec2d000bef37ec50e,460dcc55d5e844747e459af4e09d747a,RJ,nilopolis,-22.81631846264643,-43.41628252879276,SP,-21.757690120914923,-48.82976816265947,569.2460162938735,1,2,90.98,31.21,1100.0,2017-11-26 17:37:18,2017-12-19,2017-12-29 13:17:06,32,0,22
9080ebdad2fcd9c48834d12a13059598,750a271fdcccf222476369e4340d7274,RJ,barra mansa,-22.509871835853065,-44.194764770262864,SP,-20.806830481885147,-49.38960170992274,569.2275647131712,1,1,49.0,17.64,1550.0,2017-11-27 15:56:53,2017-12-20,2017-12-11 17:37:09,14,0,22
8a5752db160f5853a435772f9c862b14,1c313644539885b31f092e52cb156d88,RJ,rio de janeiro,-23.014294742166268,-43.46413167283893,SP,-21.757690120914923,-48.82976816265947,569.0446536326069,1,1,116.9,16.58,1750.0,2017-11-26 18:18:11,2017-12-18,2018-01-11 20:37:31,46,0,21
e76aec3ee261c5d2badb4c971b4e44cb,9fab54cff7695e7f8340ff563644566b,SP,jacarei,-23.32601218849092,-45.99523953262444,MG,-18.64584624455141,-48.20539720623941,568.713172841038,1,1,33.6,26.67,1600.0,2017-11-25 10:25:28,2017-12-18,2017-12-18 21:35:32,23,0,22
b3bdefda94bff94d51ca243ace24aa45,73e7457b5cf5402e5049b33846da545b,SP,sao paulo,-23.57130234332621,-46.47930265361119,SP,-21.486471927360125,-51.53351950792364,568.4638419347609,1,1,24.5,11.85,150.0,2017-11-24 22:47:54,2017-12-14,2017-12-11 16:38:53,16,1,19
1a8479315924a0909a29ab6a0cc3cc20,bda7157621c15ca3dcbcac7924915099,RJ,belford roxo,-22.75007767644189,-43.41202419713919,SP,-21.757690120914923,-48.82976816265947,568.3292866701994,1,1,99.99,49.23,6083.0,2017-11-27 16:23:47,2017-12-21,2017-12-14 18:07:59,17,0,23
57c8b21903ac8ad8de52488bbb4ada7b,dff7d214d0b7746cf254bddfb43add02,MG,curvelo,-18.75756011835844,-44.43159029668814,SP,-21.757690120914923,-48.82976816265947,567.1948816339038,1,1,99.9,17.95,1225.0,2017-11-25 08:13:21,2017-12-20,2018-01-17 23:07:14,53,0,24
e91a90c1253592e046513873529f6431,38f922165655e82d3738da81a442a33c,MG,curvelo,-18.75756011835844,-44.43159029668814,SP,-21.757690120914923,-48.82976816265947,567.1948816339038,1,2,160.0,32.64,3200.0,2017-11-22 10:49:45,2017-12-13,2017-12-04 19:36:56,12,0,20
9cf6d08e57855a633b5c0c79258ee121,85074ebbf507a1d5e46df973cc4c05a2,MG,curvelo,-18.75756011835844,-44.43159029668814,SP,-20.806830481885147,-49.38960170992274,566.5582578173006,1,2,98.0,35.28,3100.0,2017-11-24 11:47:45,2017-12-19,2017-12-12 16:16:46,18,0,24
459753b1d2402ab3f8eab4f908129043,8fab651496bcc30fd97ec67048600c27,MG,belo horizonte,-20.005392719401,-44.02255619914588,SP,-20.806830481885147,-49.38960170992274,566.3603841594617,1,1,49.0,17.67,1500.0,2017-11-24 13:41:16,2017-12-15,2017-12-12 23:34:11,18,0,20
35e1000125ea64ee7fcffec9d5e110b8,45cc4fe542c5247bad9b6b91f91a7a43,PR,bituruna,-26.15834171752289,-51.55349145096909,SP,-23.6140872536788,-46.68886585673923,566.3280341200035,1,1,79.0,17.8,700.0,2017-11-24 16:55:30,2017-12-20,2017-12-18 22:17:51,24,0,25
79d51aa9809de1c33dc6cfdf113de4bd,46c3e824512d5824205d3414227f81b3,SP,pereira barreto,-20.64209093618861,-51.107688277732,PR,-25.44913988952431,-49.28810433527613,565.9882707705907,1,1,98.9,17.94,1475.0,2017-11-26 22:35:49,2017-12-22,2017-12-06 23:22:12,10,0,25
8e5f329bbfeedab5a25b115446d23d4c,688c5a754325b8c84629b9b436f9f51e,MG,belo horizonte,-20.021586234520218,-44.0273091684748,SP,-20.806830481885147,-49.38960170992274,565.5617182608847,1,1,49.0,17.67,1750.0,2017-11-26 21:12:01,2017-12-18,2017-12-17 15:32:34,20,0,21
eeae119fa8c06aa988a02dd0a40de8a3,d3b0f728a8bc1cba4b7e149484653ff2,SP,sao paulo,-23.50502938135492,-46.48021037039062,SP,-21.486471927360125,-51.53351950792364,565.5299040246485,1,1,24.5,11.85,150.0,2017-11-24 09:32:51,2017-12-14,2017-12-05 15:12:57,11,1,19
3a1b7d917cc04f710c5afdd8fbbabe85,de1bf47c6fadd8c028c7834a6ac27a1d,RJ,rio de janeiro,-22.86435188530345,-43.46666380320038,SP,-21.757690120914923,-48.82976816265947,565.2211843311181,1,1,82.99,17.83,1450.0,2017-11-26 01:18:42,2017-12-20,2017-12-18 18:35:24,22,0,23
79616b0bd8740197588c3825106037d0,96f7a9ae1b47e794058d0591ce2477bd,SP,santos,-23.95691508031017,-46.34623532292687,PR,-23.43192619791517,-51.86456324999999,564.8701172073621,1,1,57.52,12.53,150.0,2017-11-26 23:09:28,2017-12-26,2017-12-18 19:14:44,21,0,29
b9a422aebaeb3396ee0b761b10c0cc08,b24e1d90e8595b3864e7e462ed85e0ab,SP,taquaritinga,-21.40575900554004,-48.5036568684573,SC,-26.180479008177024,-50.39189059723588,564.5843811356218,1,1,59.9,17.67,1700.0,2017-11-26 14:43:00,2017-12-27,2017-12-18 09:46:40,21,0,30
1d9620d3304b1a785d94220904c4a33b,02dd94e5176a4d6b274f8cfc6666d184,MG,juiz de fora,-21.78573329336661,-43.36316606279932,SP,-21.757690120914923,-48.82976816265947,564.478436864927,1,1,56.99,16.16,875.0,2017-11-20 11:45:52,2017-12-13,2017-12-01 00:29:05,10,0,22
c228fb80043a1ebf0ab361c676972a34,753bcbb77173dfa6ebba16f4dedc2eb2,SP,sao paulo,-23.56836984105245,-46.52214825721335,SP,-21.486471927360125,-51.53351950792364,564.3207648426122,1,1,24.5,11.85,100.0,2017-11-23 21:55:07,2017-12-13,2017-12-05 15:38:59,11,1,19
63bb3cc42964994be6481295c706c8f4,9a3d1f2c161063cdfa6944e31352c45c,MG,raul soares,-20.10242056472146,-42.45350252809693,SP,-23.51253401672528,-46.501049539944844,564.1831223262933,1,1,19.99,15.1,100.0,2017-11-25 11:46:34,2018-01-03,2017-12-21 16:23:03,26,0,38
84e4486c820db46414cbfb1dbbe80889,93a76cec9665317ca677f7800987b681,MG,belo horizonte,-19.98993393588781,-44.05250196150949,SP,-20.806830481885147,-49.38960170992274,563.5808880768112,1,2,98.0,35.34,3500.0,2017-11-23 22:56:37,2017-12-14,2017-12-02 17:28:52,8,0,20
8365af41fac1717b66572b10b9c060c3,147a1a4a05130bcd2cc5bfccf54c753c,MG,araguari,-18.642959043912487,-48.17788493304101,SP,-23.46873685567546,-46.51806246391887,563.5449777759958,1,1,117.3,25.66,4105.0,2017-11-26 18:01:18,2017-12-19,2017-12-02 12:53:07,5,0,22
43acf8b2268f1586cf4eea1d99aba08e,02d5496b9b45a41b93e234d3a92eea0e,SP,monte alto,-21.263914108288613,-48.495645,RJ,-22.84258446627047,-43.303678777468456,563.090728069927,1,1,49.9,17.6,1775.0,2017-11-26 07:54:11,2017-12-27,2017-12-06 19:37:11,10,0,30
c7e5dcc08eec0d2beca3642ca762a0b7,8779b7dd61306e3fb566468b116c1289,RJ,macae,-22.40635446284284,-41.80315404721232,SP,-22.82219330991709,-47.27062894035096,563.0808471676213,1,1,599.8,18.95,240.0,2017-11-24 00:31:58,2017-12-18,2017-12-19 20:19:15,25,0,23
650a7c15686558f3805202b20b140fab,0d002ec84d39123abdfe7ebffc04bb3e,SP,sao paulo,-23.48799769415712,-46.630488719401,MG,-18.64584624455141,-48.20539720623941,562.6551944014839,1,1,33.6,26.67,1600.0,2017-11-25 11:42:17,2017-12-18,2017-12-12 20:03:29,17,0,22
e68e7bb5338aa7632d6a49d321c1a0c9,c89ecfb6b2504fface49990713e0ec28,GO,goiania,-16.71556601173247,-49.26021568014096,SP,-21.757690120914923,-48.82976816265947,562.4753584403722,1,1,89.9,21.12,1383.0,2017-11-27 19:51:35,2017-12-20,2017-12-11 18:39:01,13,0,22
1d2985e523eaab9f73fa2a2e820a6b12,4d3f111a7518b43408f6cf2d1e3979fd,GO,palmeiras de goias,-16.805476175755572,-49.921788205606745,SP,-21.757690120914923,-48.82976816265947,562.4528303321027,1,1,109.9,15.52,1900.0,2017-11-23 22:53:23,2017-12-19,2017-12-29 14:51:15,35,0,25
9365c8c75027cd5e429a9355f1e088b8,0491083e2ce781339e49382f4ccee438,SP,guarulhos,-23.40452297668648,-46.46985943297361,SP,-21.486471927360125,-51.53351950792364,562.3500677780596,1,1,24.5,11.85,100.0,2017-11-22 21:41:58,2017-12-08,2017-11-29 19:40:02,6,1,15
0a8758ec6f399b52f2ecb7b1a0c4c16c,8e98bf676f11db9fd078edd4d3dad51c,DF,brasilia,-15.909253981577615,-48.07927526623968,SP,-20.806830481885147,-49.38960170992274,561.85505654612,1,1,49.0,17.67,1750.0,2017-11-25 17:33:04,2017-12-19,2017-12-09 21:12:27,14,0,23
b5585a71d72133e35079e240c76065d8,28e1fb62850ddf7aebac7ec6602dc756,RJ,nova iguacu,-22.74250881662691,-43.4750936819846,SP,-21.757690120914923,-48.82976816265947,561.8148233600532,1,1,99.0,17.94,1550.0,2017-11-22 21:29:06,2017-12-12,2017-12-18 13:51:24,25,0,19
de7eb461dcb1d9e5bdfa4a25fe8a51d4,efc29c72319ab5d5610f0421abc16554,GO,neropolis,-16.40623184585344,-49.22242531709503,SP,-21.258651614764283,-47.81394639862495,559.5395976887856,1,1,121.9,18.1,1350.0,2017-11-20 13:27:28,2017-12-13,2017-12-08 14:09:51,18,0,22
8b79235214c377ff89c61ab4667f404f,b2ce968dfdaf1da5b510bc7f310f8dd9,RJ,teresopolis,-22.38241876280867,-42.91870375959357,SP,-21.364019805249217,-48.22883109179936,559.4941255577322,1,1,170.0,21.68,4338.0,2017-11-20 12:53:36,2017-12-12,2017-12-19 18:53:11,29,0,21
f5a511e584053180df75a3a2138e9ae3,752655de6382f697166ab67dfaa9b8fc,RJ,teresopolis,-22.38241876280867,-42.91870375959357,SP,-21.364019805249217,-48.22883109179936,559.4941255577322,1,1,170.0,21.68,4338.0,2017-11-22 20:48:57,2017-12-13,2017-12-19 19:57:04,26,0,20
6bb9879bb3cae417e534baf8c84cf26e,c6ce0c0c6894adce607013e6f0543308,MG,sete lagoas,-19.4640919269876,-44.23060408513105,SP,-20.806830481885147,-49.38960170992274,558.8677564883076,1,1,49.0,17.64,1550.0,2017-11-25 09:21:32,2017-12-19,2017-12-16 11:38:46,21,0,23
ce567b5a7b6da61e51d45dfb2e1553c6,5a90689b0145c093e3a5ff5deae67eba,MG,monte siao,-22.43068953453729,-46.57343370165055,PR,-23.42843316855792,-51.91774739994137,558.3963474980443,1,1,18.9,16.79,150.0,2017-11-25 19:50:11,2017-12-22,2017-12-26 20:24:51,31,0,26
6cd4b1d2491c44f2fb48d9e55687321b,565eda93808d23d3f35e5adef155148b,SP,sao paulo,-23.59573427739748,-46.59895749040498,SP,-21.486471927360125,-51.53351950792364,558.3615531483861,1,1,24.5,11.85,100.0,2017-11-27 23:03:23,2017-12-15,2017-12-12 20:33:18,14,1,17
38d7ca365470a06bd907802a6a62d83a,d3558802f902aaa861259024d95372f8,SP,guaratingueta,-22.787155745705327,-45.18313466080066,MG,-18.65158486656263,-48.19241119054979,556.197601428714,1,1,38.0,15.1,300.0,2017-11-21 18:35:19,2017-12-11,2017-12-06 01:48:04,14,0,19
3f9b32db01f2cbd4be222670d0ce11bf,09718b930e5b6950bff2d1e632ad3bbf,MG,uberlandia,-18.9239008462404,-48.25008947100231,SP,-23.65869024839867,-46.52249513292757,556.0538755317506,1,1,56.99,15.15,250.0,2017-11-24 23:44:41,2017-12-20,2017-12-21 00:18:26,26,0,25
17d82f62662a0c13d876815569fa10a2,9e33910c9241f43c1025acf365a377e0,PR,colorado,-22.838208540393257,-51.97193341340326,SP,-23.58077681085173,-46.59210244184609,555.925565447845,1,1,37.0,15.1,200.0,2017-11-27 16:11:20,2017-12-21,2017-12-05 21:49:45,8,0,23
8a51c10a8154eec6b0f5bcdf52de2556,35082f1c97a2d1c0d85ff7ca8c5cfe3f,MG,uberlandia,-18.914980232586977,-48.27813616348312,SP,-23.69066643075192,-46.70391215514457,555.4901209961093,1,1,85.0,25.43,3100.0,2017-11-21 11:26:09,2017-12-12,2017-12-05 19:08:46,14,0,20
071deb193a4682621c819936d21ae127,1a8888071e09b829402055ca2a4197cf,SP,guarulhos,-23.435127670552248,-46.51725900950719,PR,-23.428044100216525,-51.95907151638488,555.1700774526371,2,2,112.98,20.39,463.0,2017-11-21 13:22:00,2017-12-11,2017-11-27 13:43:32,6,0,19
6275954c6646fe2a6fcc3b1f7771de04,724dd97cb4813b4be4c1599f6baf15ca,MG,betim,-19.996714686652417,-44.13491787261235,SP,-20.806830481885147,-49.38960170992274,554.971886031325,1,1,49.0,17.67,1650.0,2017-11-24 15:10:38,2017-12-15,2017-12-18 19:34:14,24,0,20
2fb20060c4293790e86d35ac3943e141,3045bdcbe6cdbe95cb0a1094c494f2d7,MG,belo horizonte,-19.8520464865399,-43.89574475963708,SP,-21.757690120914923,-48.82976816265947,554.8654128476013,1,1,45.95,15.1,300.0,2017-11-26 11:51:36,2017-12-22,2017-12-10 19:04:08,14,0,25
c0825f7ad51d670d765525e6761dbc0d,e9bd7cf911978428935a7532db3fa5f7,RJ,rio de janeiro,-22.879118416924303,-43.57625920989382,SP,-21.757690120914923,-48.82976816265947,554.563553342992,1,1,112.9,21.28,2200.0,2017-11-25 14:04:10,2017-12-19,2017-12-15 00:49:01,19,0,23
c8f63be082f4089d15558376d18c77e7,dda2b235f786aea49bed5e3618840666,SP,andradina,-20.89444583107576,-51.37480937158949,SP,-23.509647981958324,-46.78850494829349,554.4598285655331,1,1,44.0,12.69,583.0,2017-11-21 15:17:02,2017-12-07,2017-11-28 23:18:23,7,1,15
93fba8d92f02aebd0882af7cb81bfcb8,cec875d9d4406529df6ccf5e1930b990,RJ,nova friburgo,-22.27253137206716,-42.53044578660735,SP,-21.177173112308903,-47.767232134697736,554.449641154107,1,1,30.21,17.6,1583.0,2017-11-26 23:26:58,2017-12-22,2017-12-19 22:27:32,22,0,25
a826cc67324e880829ebd6954f6ed5e3,927d6e7701e11654a585a2dc56cb4c23,SP,guarulhos,-23.4541328104334,-46.5255982507646,PR,-23.428044100216525,-51.95907151638488,554.2865645685437,1,2,117.1,25.08,400.0,2017-11-21 17:02:45,2017-12-15,2017-12-01 18:13:42,10,0,23
4183d7a336883150da3c52cfae5688f7,937e64116b8e024eea0b4c0153692fd6,SP,jacarei,-23.281343936724525,-45.94149993282939,PR,-23.312292978422285,-51.36473900914616,553.8484094067236,1,1,140.99,14.72,6700.0,2017-11-25 00:33:24,2017-12-20,2017-12-02 19:58:06,7,0,24
f3c7adf3b94a38f6822478ff79db46e7,d9709eaebf11e70a175f179d55b42bae,SP,sao paulo,-23.59216018483474,-46.65399840550516,SP,-21.486471927360125,-51.53351950792364,553.0755830119798,2,3,80.5,40.04,300.0,2017-11-24 02:14:00,2017-12-15,2017-12-04 21:17:10,10,1,20
4017df0a0c73564d88bd596e06e42c2d,de29a2c594d88f6e10fc329bf72d5774,SP,sao paulo,-23.56373026311385,-46.64228881932018,SP,-21.486471927360125,-51.53351950792364,552.8848996725129,1,1,24.5,11.85,150.0,2017-11-20 20:37:34,2017-12-07,2017-11-28 16:32:36,7,1,16
148540b1480015f3bc53f7f534d42652,a103e83f0190404e10491c929ba9dc74,PR,maringa,-23.39395199999999,-51.934415656470456,SP,-23.46873685567546,-46.51806246391887,552.6360032446987,1,1,143.8,31.76,5950.0,2017-11-25 16:35:48,2017-12-19,2017-12-02 12:17:39,6,0,23
ac3a8f865ec67b649d66ed5149a41593,a39ead24e02b8839d883933860db7c8d,RJ,itaperuna,-21.20309099954143,-41.89141172373199,SP,-23.544184662502165,-46.63214268206478,552.5535227255291,1,1,231.7,17.38,900.0,2017-11-24 16:20:38,2017-12-19,2018-01-19 20:39:35,56,0,24
cdcc002fa2228704c9da0dcbebd8d56b,42510cf6f88a1b5a38b09f09867c1f8d,MG,belo horizonte,-19.9129652761556,-43.89515059008009,SP,-21.757690120914923,-48.82976816265947,552.2769981783026,1,1,24.9,16.11,950.0,2017-11-22 20:34:11,2017-12-12,2017-12-11 17:00:00,18,0,19
e21e08b6eee6cda8f5cc69981707fa71,308d20f143f513753219bce6d5493022,RJ,macuco,-21.98342615449177,-42.25191374512157,SP,-22.997187,-47.5061538506838,551.4163631425511,1,1,69.9,20.98,1185.0,2017-11-22 19:04:36,2017-12-13,2017-12-05 20:22:13,13,0,20
92ee9f5b7c6f6a37199a8efa52e98c21,eb89a8809ec0b2b9e8df416d7248951f,GO,aparecida de goiania,-16.828614353715302,-49.24696000924539,SP,-21.757690120914923,-48.82976816265947,549.8328383668535,1,1,99.9,16.46,1550.0,2017-11-25 20:07:04,2017-12-20,2018-01-05 17:32:41,40,0,24
c209842083e6d90a0ae00af4749c6f4b,4010090d6f8f0a88baf140d0da4f2f88,RJ,rio de janeiro,-22.892221151826355,-43.28617561296093,SP,-21.256797694428947,-48.32085073900775,549.6940802078171,1,1,49.13,15.1,400.0,2017-11-24 11:44:12,2017-12-15,2017-12-07 23:53:14,13,0,20
8829629b95d42763072cd54b7d7abf87,eec9bb4c6bf4c4d80492360075189f39,MS,campo grande,-20.42929001052365,-54.653584488631694,SP,-20.806830481885147,-49.38960170992274,549.4179586907372,1,1,59.9,17.67,1750.0,2017-11-21 15:01:00,2017-12-12,2017-12-09 00:23:21,17,0,20
08288e829c6b9a810a4392bbc30545dc,585c8e523b8ea5ae438d63fccdb6fe4e,SP,sao paulo,-23.52482586150384,-46.53203257562471,PR,-23.42843316855792,-51.91774739994137,549.3641252291964,1,1,18.9,12.48,150.0,2017-11-26 16:31:13,2017-12-19,2017-12-08 20:42:09,12,0,22
328b0c9d60ee7e960061a7860b964ffe,72c925898f3e64e0f05014dfc6dd3072,GO,jatai,-17.884664706480535,-51.71734102088634,SP,-22.67542885928214,-50.43778446156725,549.1588394783465,1,1,45.6,15.1,150.0,2017-11-25 17:00:20,2017-12-21,2017-12-11 18:03:29,16,0,25
5016bbd9915b475906c3e5db8f45bfe6,761c1b5ba804fd172684d5c85ef49c07,RJ,rio de janeiro,-22.96614846156727,-43.18768645879732,SP,-21.364019805249217,-48.22883109179936,548.7960363907754,1,1,129.0,15.57,444.0,2017-11-26 00:27:46,2017-12-20,2017-12-19 21:13:40,23,0,23
bb5ab09b0b5c111c6355e7c17d7bd186,e3a1437334d7ba029ac0cacf6f51e3a2,MG,belo horizonte,-19.8070133982918,-43.98096602054356,SP,-21.757690120914923,-48.82976816265947,548.7184609565118,1,1,54.9,17.63,1200.0,2017-11-21 10:43:02,2017-12-11,2017-11-30 23:26:42,9,0,19
e259b06c4b796ae03f30c37990b5e126,adad10f09b5e2a812583654c1b3d6ab4,MG,belo horizonte,-19.92593059565416,-43.92704679072655,SP,-21.757690120914923,-48.82976816265947,548.6444698153981,1,1,163.99,21.64,1800.0,2017-11-24 17:31:42,2017-12-18,2017-12-18 19:14:49,24,0,23
538e2ceda8430c002071a7f8f4bdae31,3f5b7fa73e86b9429183fcf404460935,MG,uberlandia,-18.9239008462404,-48.25008947100231,SP,-23.595227193173283,-46.56076636913555,548.1118070433224,1,1,250.0,62.49,12000.0,2017-11-24 11:33:08,2017-12-19,2017-12-07 15:48:29,13,0,24
54c4c0c7e9a1d272defcf15ea985bef7,8775e739d61b9dfb7a1076e45839b1da,RJ,rio de janeiro,-22.914400672773947,-43.24563020413756,SP,-20.43034840679484,-47.82574642607055,547.9275051664189,1,2,130.0,30.4,400.0,2017-11-20 11:00:54,2017-12-13,2017-12-11 20:03:09,21,0,22
4e71869ac934be7c5510f1d24c0c8672,60afb58891e76ebf543ce66cf692e8f7,SP,sao paulo,-23.568992412166267,-46.6995636067863,SP,-21.486471927360125,-51.53351950792364,547.7850514266057,1,1,24.5,11.85,100.0,2017-11-24 10:15:06,2017-12-14,2017-12-06 20:53:53,12,1,19
c68238de61060d57747e4a429c573902,946c117a09139194a84e03319d70d999,MG,belo horizonte,-19.931520729672776,-43.93375589840736,SP,-21.757690120914923,-48.82976816265947,547.7579275499035,1,1,89.9,17.88,1600.0,2017-11-27 15:53:04,2017-12-19,2017-12-19 20:17:02,22,0,21
d59990b8113b909332b7eb63d417c86a,1a22a929e1167b7a71cc69544814526e,SP,sao paulo,-23.67555010851753,-46.75349431779098,SP,-21.486471927360125,-51.53351950792364,547.7572633257574,1,1,24.5,11.85,150.0,2017-11-26 15:39:40,2017-12-15,2017-12-11 22:44:45,15,1,18
61665389f0cccf5ec8135e3b05efc714,ffd14a431366fce43a5e77826b9f2ffa,MG,belo horizonte,-19.923338955306185,-43.9480192209302,SP,-21.757690120914923,-48.82976816265947,546.7331660121363,1,1,64.9,15.2,250.0,2017-11-25 18:11:13,2017-12-19,2017-12-11 22:16:51,16,0,23
4e16a9ec5cf02e97e8f7fb665cc89391,723c16aab4a4c8201b4bc4d9b74a48ca,SC,palhoca,-27.678950440852773,-48.6501515088604,PR,-23.317650533181272,-51.15768994561134,546.3185279263025,1,1,51.63,15.11,288.0,2017-11-24 15:13:24,2017-12-18,2017-12-01 20:33:41,7,0,23
67228f8fd24ee1eaa3f42b406c2339e7,e5cf79e41c1963a080d04d23a5ee851d,RJ,rio de janeiro,-22.935940716233457,-43.67440340347871,SP,-21.757690120914923,-48.82976816265947,546.1076836837186,1,1,43.99,16.11,500.0,2017-11-24 14:08:46,2017-12-18,2017-12-28 17:36:59,34,0,23
6813f213a0d422a84a0e231bffc5fda8,7d8fc5d1f066bc73c68e6c207878c1b4,MG,ribeirao das neves,-19.77806727768481,-44.02327170537831,SP,-21.757690120914923,-48.82976816265947,546.0147110994527,1,1,36.0,15.1,300.0,2017-11-25 02:14:10,2017-12-19,2017-12-04 16:58:57,9,0,23
38f95affd04d115a3cf2c655d000581f,294f90edf9d7f04ae89f4af0f2b64ed6,RJ,quissama,-22.108713619497166,-41.46946533607488,SP,-23.65869024839867,-46.52249513292757,545.540384450581,1,1,84.99,21.08,900.0,2017-11-25 10:11:24,2017-12-21,2017-12-20 16:32:23,25,0,25
5bec661a2baad6bf4d879a4be9759675,9e4072d0ce7938bb2414801f9b12f511,MG,ribeirao das neves,-19.81138429808414,-44.01334541296184,SP,-21.757690120914923,-48.82976816265947,545.4290961184054,1,1,105.9,16.5,1600.0,2017-11-22 15:33:00,2017-12-13,2017-12-06 21:35:04,14,0,20
682704b4a31edba0cbbec9c7f39a7d21,c988611195c88cbb128db1c35013c66a,RS,porto alegre,-30.11718041548848,-51.1028311484986,SP,-25.491008797391657,-49.28829274854292,544.4581050742551,1,1,40.0,16.6,1000.0,2017-11-24 18:13:02,2017-12-21,2017-12-09 14:48:56,14,0,26
92d210ae0a4555c611b5ffdf82bba88c,d581eb6d9fd28fab7f1e4b19989f490d,MG,belo horizonte,-19.87772765208616,-43.99511070483005,SP,-21.757690120914923,-48.82976816265947,544.1937211157772,1,1,59.99,17.67,1500.0,2017-11-27 10:21:41,2017-12-21,2017-12-17 11:29:08,20,0,23
605cb018bbe790a8132db79998de4eab,9bf220b8bd3b9fe60ef57c537a1476a3,MG,belo horizonte,-19.95746958396326,-43.96008535163609,SP,-21.757690120914923,-48.82976816265947,544.1103425205355,1,4,159.96,64.44,3400.0,2017-11-27 16:31:25,2017-12-19,2017-12-19 21:29:07,22,0,21
6dc67cb39f917644a71c8f9410d6505a,498e133a13395236012aed36ccde9a42,MG,belo horizonte,-19.923338955306185,-43.9480192209302,SP,-22.277216273975142,-48.5432584317704,543.7791292896248,1,1,119.9,27.16,4350.0,2017-11-24 22:43:20,2017-12-18,2017-12-07 20:32:09,12,0,23
ab408a8fc0534c213e9de5b875be325d,128df5509d1a786ff02367d087e7971b,SP,sao paulo,-23.491463521784304,-46.6288605,PR,-23.428044100216525,-51.95907151638488,543.7150265817647,1,1,58.55,12.54,200.0,2017-11-25 18:14:42,2017-12-26,2017-12-08 17:15:25,12,0,30
ac9394e6566c5245be91e3dd87c8d5e9,1b373354ee8504335880567cbc6447f4,MG,belo horizonte,-19.93697065093891,-43.97550849990613,SP,-21.757690120914923,-48.82976816265947,543.4970135930546,1,2,199.8,34.4,2775.0,2017-11-24 14:33:35,2017-12-18,2017-12-20 21:58:54,26,0,23
07d731b81475104eea3237055f7c0c39,49af477f51eb0910db1d2c9cf8301ea5,RJ,resende,-22.46398669105198,-44.44887316741971,SP,-20.806830481885147,-49.38960170992274,542.8618176220988,1,1,49.0,17.64,1550.0,2017-11-26 12:03:44,2017-12-19,2018-01-03 21:56:50,38,0,22
3e4e46d0c15b204178fc5dea7c9644de,96b6dcf9901ef5464f3d6bc5aa701528,GO,goiania,-16.607770738484998,-49.25051814257287,SP,-21.36006189551128,-48.072412538636975,542.7447202741141,1,1,190.83,16.09,416.0,2017-11-24 22:40:22,2017-12-20,2017-12-12 12:58:34,17,0,25
55f72a4c8e4ca95e4ffdd60cbbec8c68,8bd7ecb3d48667fd8781870e2333dd3b,PR,uniao da vitoria,-26.229883105621173,-51.08886365150068,SP,-23.60162631917597,-46.55363287330484,542.6848445738955,1,3,270.0,49.17,10500.0,2017-11-27 12:57:35,2017-12-19,2017-12-08 21:12:02,11,0,21
a66effce0cbf466a7c07b4e2c3a5b1fd,e970249414365364b1b7fb253ad41ffa,MG,belo horizonte,-19.88174280762465,-44.00906911296093,SP,-21.757690120914923,-48.82976816265947,542.6769652974148,1,1,73.01,17.76,1900.0,2017-11-21 01:16:32,2017-12-11,2017-12-01 00:09:01,9,0,19
04ebaf1d65a804a49b4b1011467aaf47,0a71f8c6192e87a6cd6615bb9313d888,SP,embu das artes,-23.659432129479463,-46.80205033902703,SP,-21.486471927360125,-51.53351950792364,542.5222060156943,1,1,24.5,11.85,100.0,2017-11-24 09:37:11,2017-12-14,2017-12-07 17:31:59,13,1,19
ed3d229ff5daade6f2f99efc36a7fd05,125ee1e307ef264c24976717cc30edd2,MG,araxa,-19.60437246547611,-46.9261106671303,SP,-22.09961715066345,-51.40819739735439,542.0665644722708,1,1,37.5,17.6,1250.0,2017-11-25 16:07:34,2017-12-20,2017-12-11 23:49:04,16,0,24
9200d381e7e305ff1079ef9b1d9d975c,9f58c564d66cb668a955aadb89ef6580,PR,curitiba,-25.42929222045821,-49.29950980821168,RS,-30.0046847216227,-51.19766065849146,541.9539593567608,1,1,97.47,16.93,1450.0,2017-11-21 14:24:08,2017-12-14,2017-12-07 13:17:47,15,0,22
8fb7236f391b9205b932db6f239478c0,40e6102abbae17bcfd69cd6feaedf315,MG,uberlandia,-18.92992184359797,-48.31503964475142,SP,-23.51633441909516,-46.54744111705809,541.8743838757147,1,1,199.9,18.65,1500.0,2017-11-27 23:25:48,2017-12-19,2017-12-07 17:33:45,9,0,21
a5de8a72ffd64d3a73ae50d6fdac540a,74502fbbbd38239f24de0a6f23fb80bf,MG,uberlandia,-18.9239008462404,-48.25008947100231,SP,-23.50848147377229,-46.485872413266776,541.5672398809257,1,1,17.85,15.1,200.0,2017-11-26 21:54:41,2017-12-21,2017-12-04 19:52:11,7,0,24
727e04adb6e6b609138af7ad254da0ad,cba8b8645de00cff0b502040bc71c0c9,PR,colonia vitoria,-25.89939234057671,-51.29081229693273,SP,-23.504398054538573,-46.624627022882166,541.3357497280017,1,1,52.11,20.85,2350.0,2017-11-25 19:54:16,2017-12-20,2017-12-22 18:09:07,26,0,24
133757e6140cdaff98c4f396772497e3,dfdacdf1ff55d5ec1684269778af5528,SP,sao paulo,-23.539113681372296,-46.65672261893353,SP,-20.277985488757647,-50.55171984064756,541.1877458094243,1,1,49.9,12.69,600.0,2017-11-24 07:21:33,2017-12-14,2017-12-04 18:06:04,10,1,19
7a2794a2a0fe321c8b3735dac52ca64d,36208b84575a59b68fde6b6241c10e26,PR,marialva,-23.484229918795755,-51.79720835040352,SP,-23.60605079085408,-46.48964576276761,541.1779726859003,1,1,49.8,16.11,383.0,2017-11-25 15:47:40,2017-12-21,2017-12-20 19:53:42,25,0,25
538e58df1e2da6715870a4cbb42a1b4e,333b7d62978a1cdcc338e2545aeea45f,SP,sao paulo,-23.539113681372296,-46.65672261893353,PR,-23.428044100216525,-51.95907151638488,540.8709758493188,1,3,44.97,37.44,450.0,2017-11-21 11:54:47,2017-12-15,2017-11-24 23:09:13,3,0,23
edc89efa4164df7e21f701a9fb88bc98,941dd76598eae1249d47b6036a19b3c6,SP,sao paulo,-23.74398649570083,-46.71031943672453,MG,-19.45930795389748,-44.24801919373313,540.1367315249412,1,4,229.6,56.7,700.0,2017-11-24 23:27:21,2017-12-15,2017-12-12 14:38:42,17,0,20
ee0d500361ede7d039d9ce2eac9b8f99,c1884edad7ac84fd6d66a350977f6c27,PR,maringa,-23.438763695225333,-51.93507277308207,SP,-23.545662511930896,-46.641384647440745,539.9423244511776,1,1,33.9,15.1,300.0,2017-11-25 10:53:06,2017-12-21,2017-12-06 23:05:41,11,0,25
1d8f8ed077e12bbaeb0ee6675167d40f,339716994af08750e974eacac4131398,SC,alfredo wagner,-27.700324303067703,-49.33459564617227,SP,-23.56428872384441,-46.51904534753631,539.5605643927745,1,1,34.9,17.6,6100.0,2017-11-23 11:45:01,2017-12-18,2017-12-07 19:41:27,14,0,24
eb648c502f9756a959be78b19b069bc3,dcf29d92b5428a9fbcdff7b35442e1c2,PR,paicandu,-23.45755697213253,-52.03958779913393,SP,-23.211061972115367,-46.76376569389638,539.3290050774747,1,1,79.0,17.8,7000.0,2017-11-26 23:03:38,2017-12-27,2017-12-12 16:22:50,15,0,30
51ec41884835ac1d486fd3f6b4b4bf0a,5e6217cb6898af1f8671a3d8c170cf75,SP,amparo,-22.71091915903972,-46.80384073243236,SC,-27.143863729700307,-48.95995049999999,538.7022383657667,1,1,69.2,20.97,1575.0,2017-11-25 00:17:22,2017-12-21,2017-12-12 17:24:15,17,0,25
50ef86138cef1c3745888df8e7ac74dd,0e7130b31eb9304b496e9f4bb8223ee3,RS,porto alegre,-30.03751350691113,-51.12425125089785,PR,-25.469979548156257,-49.306212701915854,538.4444147569011,1,1,29.9,15.11,950.0,2017-11-27 09:00:55,2017-12-18,2017-12-06 21:43:22,9,0,20
9400f275e481cffa6ae413327d5ae05d,e48f50d453ada5bceb41e239a2dc2065,GO,bom jesus,-18.21511222317475,-49.73669640300342,SP,-23.055647423188177,-49.626774794621625,538.3643835334418,1,1,109.0,16.52,450.0,2017-11-25 17:18:05,2017-12-26,2017-12-19 16:14:01,23,0,30
f5c6d2e1e505748547e4ae426b377168,5f04a7c4f329379b5cc02038ce8380c8,SP,sao paulo,-23.75078457239132,-46.67886788439901,MG,-20.4100278727316,-42.89642624318659,538.3492739905264,1,1,69.9,16.25,925.0,2017-11-25 09:55:46,2017-12-18,2017-12-12 17:24:13,17,0,22
c62b78b3cfa029c72cee31aa8280c9cf,6e0874cf7b20ed54534e66a37417aa52,MG,belo horizonte,-19.977292608128177,-44.01939357517345,SP,-21.757690120914923,-48.82976816265947,537.5399887368258,1,2,216.8,33.04,3300.0,2017-11-24 22:37:34,2017-12-18,2017-12-18 18:27:00,23,0,23
dbd12212946ea52dc83895cb27918987,38947aa6a3fdff55d5df2e688f445380,RJ,vassouras,-22.408910952761868,-43.66414917568397,SP,-21.757690120914923,-48.82976816265947,537.1260555637087,1,1,56.99,16.16,875.0,2017-11-25 11:34:07,2017-12-20,2017-12-29 14:24:54,34,0,24
b17cb553a97861363c34ba9e88fe3d5d,49a93b986c3e59664da488f75b3dd038,SP,carapicuiba,-23.57241932843741,-46.81889442976561,SP,-21.486471927360125,-51.53351950792364,536.863872171019,1,1,24.5,11.85,100.0,2017-11-26 10:15:36,2017-12-15,2017-12-11 16:06:43,15,1,18
d382b95db47e1184844771720a5f947a,6cb06ad3fbccf074466f347ff0bf125d,MG,conselheiro lafaiete,-20.66098873218928,-43.78603931055854,SP,-21.757690120914923,-48.82976816265947,536.8488803339551,1,1,49.7,17.6,1700.0,2017-11-24 08:32:20,2017-12-18,2017-12-13 16:05:16,19,0,23
b8b6924f004e191923963e8ab1655ed9,53c00128b4cdd554611efd233859dd88,RJ,rio de janeiro,-23.01048058728148,-43.334463714813374,SP,-21.364019805249217,-48.22883109179936,536.111936496874,1,1,170.0,21.68,4338.0,2017-11-23 13:35:20,2017-12-18,2017-12-20 20:38:46,27,0,24
bf9c50664a2f68936562e38446c321d9,d290f5eb059c764a7a93338e360a310c,MG,resende costa,-20.921201416062555,-44.236186489978,SP,-20.806830481885147,-49.38960170992274,535.5868297933661,1,1,49.0,17.67,1750.0,2017-11-24 20:24:54,2017-12-19,2017-12-20 13:34:57,25,0,24
3fddb37d99af3ae9c36dc26f4edb3afe,e44da066db72fa43e6bc6322590784db,RJ,itaguai,-22.870437366799383,-43.76812694520693,SP,-21.757690120914923,-48.82976816265947,535.146075127112,1,1,69.9,17.74,950.0,2017-11-20 18:55:48,2017-12-12,2017-12-01 14:09:16,10,0,21
71b3bbe3087a538b8019ec4e1b8abf56,639765abfee30033871ec7049f354048,SP,sao paulo,-23.6249389646328,-46.62496037760399,PR,-23.43192619791517,-51.86456324999999,534.5805900986857,1,1,127.42,13.02,500.0,2017-11-26 20:48:20,2017-12-26,2017-12-09 14:17:36,12,0,29
203acfb176ad05fd52bc951bd747ad91,77ad3a93d1cfb9881f54f9747d1d040e,SC,gaspar,-26.927977982529217,-48.96496726827105,SP,-22.213919097740828,-49.957488146734775,533.6935764630035,1,1,76.9,15.29,1150.0,2017-11-20 21:36:25,2017-12-13,2018-01-15 22:21:42,56,0,22
57cb57d559e32eab26b8eeaec5514b3b,2edac855eba5bea5a8c13af1630a078a,PR,rio azul,-25.725535786921675,-50.7909919094796,SP,-23.516913648399584,-46.10417245526518,533.5754826873331,1,1,89.0,73.57,10600.0,2017-11-24 22:03:26,2017-12-21,2017-12-11 18:59:47,16,0,26
28acba5aee809821856801c1a77257da,c877254bc5ca542a2098663f3844ffa6,ES,marilandia,-19.412168952136533,-40.5436216264985,MG,-21.959964627428853,-44.8905421483232,533.5528583978017,1,1,83.3,23.45,10750.0,2017-11-27 09:37:22,2017-12-27,2017-12-14 17:15:01,17,0,29
e269b2472c0546324acf4d09dd7acfab,27780d964b286faa7931ef6bccb5f123,RJ,rio de janeiro,-22.912121384482425,-43.17276000612761,SP,-21.36006189551128,-48.072412538636975,533.3099191370497,1,1,190.83,16.09,416.0,2017-11-24 19:52:48,2017-12-19,2017-12-21 15:55:27,26,0,24
e223f6ac4712ef4fd137edd9cc2bbdd7,5a76cdc27fc4b7007275407cc5374470,SC,brusque,-27.15581464523846,-48.93182355107043,SP,-22.56117141825844,-47.447471268798,532.3795267120869,1,1,41.3,15.1,200.0,2017-11-23 06:38:18,2017-12-15,2017-12-08 20:09:19,15,0,21
c6318a262b5020f830c5355ef73f09be,7f7894ea9b9c70e9970539ed86a56367,SP,sao paulo,-23.663480521784315,-46.68616212239599,MG,-20.4100278727316,-42.89642624318659,532.3396363731814,1,1,69.9,16.25,925.0,2017-11-24 22:10:32,2017-12-15,2017-12-11 21:43:22,16,0,20
9e73c8381ca5e26d2859ff9f6479028d,5a95d8f2ca0a97bc79d89871c02456ac,RJ,niteroi,-22.936923942837232,-43.02393151551399,SP,-21.172213467107177,-47.82413717277396,532.1518570235318,1,1,239.0,17.43,467.0,2017-11-26 23:13:27,2017-12-19,2017-12-20 22:58:11,23,0,22
920556e97c74a0f169a8e9b85a82e17a,246dade4c119fdc0bdca13e37fe88da8,SP,embu-guacu,-23.83394350350837,-46.81523885752993,MG,-19.867906407416527,-43.94863882589885,530.9964004099741,1,1,55.9,15.15,500.0,2017-11-25 10:30:50,2017-12-20,2017-12-04 15:12:03,9,0,24
783853100b128eb725caacc60409e475,ed8dfaef8250037ed52b478b91870815,SP,auriflama,-20.68604093423175,-50.55323120558638,SP,-23.65869024839867,-46.52249513292757,530.5291323080903,1,1,23.99,11.85,100.0,2017-11-21 20:25:27,2017-12-12,2017-12-04 20:34:50,13,1,20
d1036b47b42a66f67a5c1b350697ee26,50b580aebd8bfa047c6201c176dba6cf,SP,guaruja,-24.00854267253503,-46.27294241879315,PR,-23.553891310373,-51.46333120412408,530.523298992463,1,1,30.9,12.48,1075.0,2017-11-21 14:34:31,2018-01-03,2017-11-28 22:21:28,7,0,42
90f864fe19d11549fa01eb81c4dd87e3,a1d3be9164de0c24121b9188a1e4e1ca,SP,guaruja,-24.00854267253503,-46.27294241879315,SC,-26.963228360144896,-50.419024427484224,530.1457607968972,1,2,537.76,100.82,24200.0,2017-11-27 12:12:28,2017-12-22,2017-12-05 11:58:51,7,0,24
f49cb3a850901782817e96752ac7a6d9,3fe4aead2d8dd97cb9d07372418e9bfd,MG,contagem,-19.91787999999997,-44.12519391626976,SP,-21.757690120914923,-48.82976816265947,529.9400025195401,1,1,89.9,21.12,1383.0,2017-11-26 10:44:15,2017-12-19,2017-12-11 21:24:38,15,0,22
77ad790bc77b40f61485833a46bb6968,f5011243aef5abc8d53d6956ad074c66,RJ,rio de janeiro,-22.933631577298154,-43.37647022788376,SP,-21.364019805249217,-48.22883109179936,529.3012900436474,1,1,190.9,16.09,6663.0,2017-11-27 09:14:56,2017-12-20,2017-12-18 20:55:02,21,0,22
6bda68469cce9437d05014ddb8d915fd,e9c1065e7af52438cc76757a979a8932,SP,santos,-23.968041517066787,-46.305236791707486,MG,-20.4100278727316,-42.89642624318659,528.8119532063561,1,1,69.9,16.25,925.0,2017-11-23 17:53:16,2017-12-15,2017-12-06 17:09:18,12,0,21
0582e17dbb2d3c6052b964ab8e62dff5,87a86ccfba74e1253a8866e5c7b1de2c,GO,goiania,-16.714523999999948,-49.281270093906926,SP,-21.364019805249217,-48.22883109179936,528.6944983837833,1,1,129.0,15.65,444.0,2017-11-23 18:52:49,2017-12-19,2017-12-12 23:44:30,19,0,25
1d3b8d78074e0b50f10346941e67e9de,b4839bd89fae37da872be9416381e165,SC,ascurra,-26.95757406245308,-49.37812156549717,SP,-22.211035197694,-49.6557903984333,528.5366016079818,1,1,129.9,21.4,2500.0,2017-11-27 21:27:42,2017-12-22,2018-01-09 21:58:51,43,0,24
fdd0f5240ca014963e5ae66b99423908,6fda5c34bf092616b341cde52d2884f8,SP,santo andre,-23.637416290596647,-46.52831919983838,SP,-22.09961715066345,-51.40819739735439,528.356932839567,1,1,37.5,13.37,1250.0,2017-11-24 22:33:21,2017-12-14,2017-12-05 20:09:59,10,1,19
115a21a6b20efa52b4f92b81bfe0ef62,267894d0c4c7fa22ff3b7eefca26a46b,MG,goiabeira,-18.98283076196541,-41.225141549063245,MG,-20.94004902170557,-45.82696971616617,527.8626993142567,1,1,179.99,26.88,7650.0,2017-11-25 21:44:49,2017-12-18,2017-12-13 19:47:21,17,1,22
9c96fac210f67f329b80d898001fee09,95fe7fd63a5a404b2ab7e4cbb14de9d4,MG,ponte nova,-20.4100278727316,-42.89642624318659,SP,-23.933241296527093,-46.32942742274111,527.618066394645,1,1,49.9,15.1,350.0,2017-11-21 11:37:06,2017-12-11,2017-11-30 18:33:04,9,0,19
7f2810de522b451a990407ada69ff9d0,05a4b790359862d814b2f6d69e4e9f9f,PR,sao jose dos pinhais,-25.53349165751052,-49.09014238911653,RS,-29.9154979313812,-51.14278755030342,527.4487096563463,1,1,129.8,39.84,7000.0,2017-11-23 15:00:28,2017-12-15,2017-11-30 17:56:42,7,0,21
edf6c049941a16f88f1cf709b74f9222,1bb92246ebdb20ab7b98889247d0cd90,PR,curitiba,-25.544584966418416,-49.30352677390403,SP,-20.806830481885147,-49.38960170992274,526.8876695339438,1,1,49.0,17.64,1550.0,2017-11-25 14:32:04,2017-12-20,2017-12-18 22:17:53,23,0,24
bbc23131aab4b505c48b17061d069db2,d3c09791fc7ede919353f0488a3375a6,SP,franca,-20.502070116372256,-47.3968215,DF,-15.801308999999993,-47.96795249999999,526.1702223361708,1,1,69.0,19.72,1850.0,2017-11-25 20:35:09,2017-12-19,2017-12-11 18:33:32,15,0,23
7cba130d7fd9cbf1fa889eaaf7c89d29,6721a9af688cfa69d376ccb13bbe9ae7,SP,sao paulo,-23.633218292780747,-46.63878061554644,SP,-20.29595508362805,-50.25352307457335,525.9230966056884,1,4,236.0,51.0,2800.0,2017-11-23 14:49:21,2017-12-13,2017-12-01 11:51:09,7,1,19
bb44d0c37f5fcc456bbaefd9aef6adb8,2baf69aa9f7c51867a17a6bb88fb194e,SP,botucatu,-22.88227354722589,-48.44976202553522,MG,-19.989037300364373,-44.43044527644809,525.8354551986284,3,3,643.91,45.61,2585.0,2017-11-20 18:53:16,2017-12-13,2017-11-28 20:44:51,8,0,22
b0af79ece367cf77bcdd30d4f824047f,6587753525bbc2a29ea190c160d0edc9,PR,curitiba,-25.532205862888823,-49.26634400963994,SP,-20.806830481885147,-49.38960170992274,525.5886932818961,1,1,49.0,17.67,1500.0,2017-11-27 18:01:20,2017-12-20,2017-12-11 17:23:37,13,0,22
c700e9f1475f6382715808e85be57b59,52fbf1dbb0b436722374fff4d86eadfd,SP,sao paulo,-23.526969103497045,-46.51959848851452,SP,-22.09961715066345,-51.40819739735439,525.5595824608189,1,1,99.0,17.4,3450.0,2017-11-20 22:07:41,2017-12-07,2017-11-27 17:27:15,6,1,16
c1808aaca844e2210da16bb46767586c,2d88e5d523368eaa7df260c1fba930b0,RS,gravatai,-29.94119453176208,-50.99294438954569,PR,-25.45795217485142,-49.30899607966408,525.3336639966834,1,1,589.0,17.87,500.0,2017-11-24 10:23:27,2017-12-20,2017-12-06 21:12:37,12,0,25
dc3006aa87f57332aaff74c57a5e094d,50900ea3519ead20da341b41081736e9,MG,patrocinio,-18.936702702693847,-47.00246204845439,SP,-23.652442526788203,-46.75549168747648,524.9897277348588,1,1,49.0,15.1,250.0,2017-11-24 07:25:27,2017-12-15,2017-12-07 21:38:48,13,0,20
d43872a5beeeefe86421f622da91fb38,53ae95eef79b650cf1ac795329f617e4,PR,curitiba,-25.58860776242136,-49.331401071153294,RS,-30.00839962559865,-51.20149509977495,524.7250184029524,1,1,105.0,21.57,2800.0,2017-11-25 00:59:07,2017-12-19,2017-12-04 18:04:09,9,0,23
40e79cd4423c5d7e9a34fcd1f8b9a76a,a7c4132a484a334588a688bc25a1fe3b,SP,sao bernardo do campo,-23.6562615,-46.57403699999999,SP,-22.09961715066345,-51.40819739735439,524.582665941447,1,1,37.5,13.37,1250.0,2017-11-24 18:19:49,2017-12-14,2017-12-01 22:55:06,7,1,19
a79cb797abc143a743a29342947938f1,57382974be066f139ebe0f3a177b4004,PR,curitiba,-25.5173900237727,-49.26499598258857,SP,-20.806830481885147,-49.38960170992274,523.9450689138049,1,1,49.0,17.67,1650.0,2017-11-24 09:59:16,2017-12-19,2017-12-12 19:38:42,18,0,24
eafa7bec49243b47c23e9bdf98096f62,e52f81b8d0a4cfd33af7ea579e68316d,PR,curitiba,-25.517433436580305,-49.28176190230249,SP,-20.806830481885147,-49.38960170992274,523.911058194589,1,1,59.9,17.67,1550.0,2017-11-21 18:25:45,2017-12-12,2017-12-15 01:41:55,23,0,20
14a695b756de73b46dafb2151dc5ae98,485467dcaa4890765980aed75761bece,SC,rio do campo,-26.94851982825781,-50.14106534867963,SP,-23.552032416180964,-46.53746144532288,523.3641404616494,1,2,139.98,35.48,1467.0,2017-11-26 10:52:41,2017-12-22,2017-12-06 17:49:17,10,0,25
b87229ec7078f06000a680a6ab38ee2a,905a3805a7e2e8df1ed199d837f0f48b,SC,santo amaro da imperatriz,-27.68563833904726,-48.77517880689086,SP,-23.521808629753583,-46.34100219473756,523.3543582468014,1,1,54.9,19.87,2150.0,2017-11-24 23:45:24,2017-12-21,2017-12-21 18:43:01,26,0,26
0ab778cad17847f8538aa63accb88b27,b5012b5d4b4174455c8f108d1be55316,RJ,rio de janeiro,-22.936854813491813,-43.35996102505908,SP,-22.86719988426909,-48.45990252178431,522.416266777786,1,3,179.39999999999998,53.010000000000005,1800.0,2017-11-26 22:56:15,2017-12-18,2017-12-11 20:40:02,14,0,21
fbd4422ecc2ad73dceb31e63c4b9a6e7,2d80f8e08f20e6969a874dc97b85df6a,RS,sao leopoldo,-29.79581228053221,-51.132231430118,PR,-25.437089594076483,-49.19547835610814,520.8484137112916,1,1,139.9,30.82,5950.0,2017-11-24 15:20:28,2017-12-18,2017-12-05 20:42:34,11,0,23
41dc44532d1b2b25698cd55dadb1b99b,acca6ecacf8197a805351a48b3f7646d,PR,sao pedro do ivai,-23.865473426877923,-51.85723313030413,SP,-23.0047822119904,-46.84075801381677,520.6322215916508,1,1,209.9,21.96,2150.0,2017-11-21 15:43:12,2017-12-14,2017-12-07 15:34:59,15,0,22
8d09a7e7d220830b7dee508ed8ae1e01,a867c68a9fd7aecc4b1be83aa18f36a7,MG,betim,-19.97036276047379,-44.20000656804911,SP,-21.757690120914923,-48.82976816265947,520.4457315949284,1,1,56.99,16.16,875.0,2017-11-27 15:38:28,2017-12-19,2017-12-20 15:14:11,22,0,21
5c80991e5e2ad44946bea8bc2526c81a,d78108092c543e31e04e039e710fbb87,PR,curitiba,-25.56855317457729,-49.33644075,SP,-21.11263561449013,-47.79105569532287,519.9707536087204,1,1,50.0,15.1,200.0,2017-11-26 23:04:08,2017-12-26,2017-12-07 20:03:50,10,0,29
22fd6b3ad5e66520608b3eb76b19becf,e471f9bb185600f7662de69708e31862,PR,maringa,-23.457357426072672,-51.919526825427496,SP,-22.740512158523465,-46.8958585777586,519.938040293869,1,1,32.99,20.84,2500.0,2017-11-23 19:55:38,2017-12-19,2017-12-04 18:08:53,10,0,25
2a6ec88bef2eb4c5e4716b26406ead0b,89128b58a471ab0487f3198a463e80fd,SC,chapadao do lageado,-27.58966827946609,-49.54953716620344,SP,-23.933241296527093,-46.32942742274111,518.8715750401423,1,3,272.70000000000005,49.2,1800.0,2017-11-24 08:51:55,2017-12-21,2017-12-12 08:47:32,17,0,26
dd1848be19cde4db26876697683f8373,b259a18f491514438ba620caf0bc2c38,PR,curitiba,-25.469979548156257,-49.306212701915854,SP,-20.806830481885147,-49.38960170992274,518.5885591704154,1,2,98.0,35.28,3100.0,2017-11-24 19:50:21,2017-12-19,2017-12-06 23:47:09,12,0,24
03f4f8149c605fb477250ac94f70c0cc,966912f20c8442f872cefe072d749ce6,PR,palmeira,-25.42340442454359,-50.00108186252767,SP,-20.806830481885147,-49.38960170992274,517.1313880827906,1,1,49.0,17.67,1500.0,2017-11-24 16:33:34,2017-12-21,2017-12-19 16:48:34,25,0,26
92f6e6b43cb7eda2495d9395d2fcf848,11ba86af0ea78e6db913284c2e9902a8,SP,ribeirao preto,-21.172213467107177,-47.82413717277396,RJ,-22.93534069637593,-43.186718398333056,516.5330056568149,1,1,159.99,16.88,800.0,2017-11-26 23:20:57,2017-12-20,2017-12-16 01:03:54,19,0,23
009ac365164f8e06f59d18a08045f6c4,7887f43daaa91055f85b6dd23cccdfcb,MG,cataguases,-21.38884764089952,-42.692138714255805,SP,-23.20712579877664,-47.30927660866177,516.2054582796774,1,1,16.9,15.1,300.0,2017-11-23 00:03:52,2017-12-13,2017-11-29 16:33:25,6,0,19
219b8a2c642a7c314644b58fa1036c7f,630f092bb4d1938a8134f50c4bf784da,MG,muriae,-21.12997273422792,-42.37916517346645,SP,-23.66148702746846,-46.56416174311855,514.0973213987262,1,1,325.0,17.02,400.0,2017-11-24 20:16:44,2017-12-15,2017-12-03 16:05:09,8,0,20
0e5423b2f5a2083884f519fbd18dd11a,0ce02066b6e51b9fc335c98572058d4c,MG,lagoa santa,-19.63863100472473,-43.90171846264042,SP,-23.504398054538573,-46.624627022882166,513.8171413170434,1,3,86.85,50.07,4650.0,2017-11-24 20:23:20,2017-12-15,2017-12-11 23:06:11,17,0,20
b084d12a7e70bcabb8998f113f04e601,89a762414f228621ebf73186df0aabed,RJ,rio de janeiro,-22.88237640941444,-43.363361678169646,SP,-21.36006189551128,-48.072412538636975,513.7266131764717,1,2,381.66,32.18,832.0,2017-11-23 00:09:51,2017-12-14,2017-12-16 18:15:56,23,0,20
926282951ac5113c0a44287b4a30d5bf,145f93b9592c03d9d7dfbbae7e80c6f7,RS,tres passos,-27.45547455910112,-53.93274123262061,PR,-25.528526586040734,-49.24067174999999,513.7050575211823,1,1,139.0,18.22,5400.0,2017-11-27 15:06:28,2017-12-21,2017-12-18 17:14:28,21,0,23
af87d49b5a2696414bd17915b853c941,4cad2f3d895f2f6ad2de7e0054dd2e24,SP,dumont,-21.2389749988545,-47.97702528147031,RJ,-22.84258446627047,-43.303678777468456,513.5809287394176,1,1,49.9,17.6,1775.0,2017-11-24 10:26:28,2017-12-26,2017-12-05 00:35:01,10,0,31
031494323fa558eee8dd1bd06fc34713,13cf269afee757997898d939075f59ce,PR,mandaguari,-23.522169194460325,-51.67660312131849,SP,-23.537493461278807,-46.63974517262972,513.4807405204001,1,1,13.65,15.1,200.0,2017-11-26 15:44:00,2017-12-21,2017-12-22 20:49:04,26,0,24
2d687102eef8e4949a9d2af49e8fa946,4abe7a7bad7763ee9e811d76260afcb0,RJ,duque de caxias,-22.735380102705744,-43.31883093088162,SP,-21.36006189551128,-48.072412538636975,513.1982317756263,1,1,190.83,16.09,416.0,2017-11-22 18:55:27,2017-12-14,2017-12-18 22:53:16,26,0,21
6dd6f76aa47e5d35ad4d19541715dd9d,92cad8e5fda2b485e79051b39333b461,MG,brumadinho,-20.143995002659533,-44.20205595801386,SP,-21.757690120914923,-48.82976816265947,512.9277316427938,1,1,89.9,17.88,1825.0,2017-11-24 12:17:21,2017-12-19,2017-12-05 23:18:55,11,0,24
bf95f59b6a122e97a05c7dcacb98d71f,d4c85a033e496942839f448797611939,SP,sao paulo,-23.62609284359048,-46.7441113627446,MG,-19.836541382739888,-43.92185549333488,512.3421379381078,1,1,110.0,20.26,2400.0,2017-11-22 14:49:13,2017-12-08,2017-12-05 21:14:31,13,0,15
3cd9ad25e3764f6769112c081a0f08e4,35e3bd54fd302a4b250df23871fdcabc,MG,belo horizonte,-19.85981396863639,-43.94087908771503,SP,-23.652442526788203,-46.75549168747648,512.1467022089826,1,1,125.0,14.62,300.0,2017-11-27 08:23:51,2017-12-18,2017-12-06 19:22:58,9,0,20
675796182079d67e4aa305e1e98e9eda,4d6fbcefdd7b6cdb4e2b7d45176fa670,MG,belo horizonte,-19.88878706466045,-43.89654887752518,SP,-23.652442526788203,-46.75549168747648,512.1048268553672,1,1,79.0,14.3,200.0,2017-11-22 13:20:44,2017-12-11,2017-12-01 00:42:10,8,0,18
547226eca04b5695f6b0b62295e16df2,36da3a8627190be6c28bff40b19acfae,MG,itajuba,-22.41950093197918,-45.46573786030973,PR,-25.447582257285475,-49.25463280746252,511.4636202365527,1,1,349.9,93.45,19600.0,2017-11-23 14:51:18,2017-12-20,2017-12-01 21:18:30,8,0,26
b95698cb2b294e6656ad89f313fab791,824378e2e7b939ceb7f83eae6ecd0911,GO,catalao,-18.16302112684003,-47.95310631443272,SP,-22.72047306908892,-47.3069096297536,511.2153245143186,1,1,114.9,18.05,2050.0,2017-11-20 21:17:39,2017-12-21,2017-12-13 19:13:40,22,0,30
3ae4da572301245622989f97c1da93d9,56e49231a1e313e37d5ee61be9baf955,SP,sao paulo,-23.56705512685216,-46.54226295045876,SC,-27.214762141686712,-49.640232592201016,511.179812994254,1,1,115.0,15.56,450.0,2017-11-21 12:08:25,2017-12-12,2017-11-27 12:26:36,6,0,20
a4b3642789b54e8f4e9effab48c70c7c,c5496720a0757e26b8f89cf82c07a072,RJ,itaocara,-21.671814840250825,-42.07760014708587,SP,-23.211061972115367,-46.76376569389638,511.08633775758153,1,1,120.0,18.09,7650.0,2017-11-20 14:24:50,2017-12-14,2017-12-22 18:43:01,32,0,23
cb6788e2b64ab1ddde45555de93c809f,f2b499ee9f960ec191bd4377944def3d,MG,barao de cocais,-19.93917230548705,-43.48155081485123,SP,-23.552032416180964,-46.53746144532288,510.8354291963264,1,1,229.99,18.86,2100.0,2017-11-26 16:32:37,2017-12-20,2017-12-14 09:43:24,17,0,23
fc4b86d2c7c84e7b54c253f91b29b404,93d53c5c83afb68e1063d463efcd99e0,SP,sao paulo,-23.57272211157595,-46.68832731862769,SP,-22.09961715066345,-51.40819739735439,510.6332336613392,1,1,79.0,16.18,2500.0,2017-11-24 01:22:42,2017-12-14,2017-12-01 21:12:09,7,1,19
ed3e41849b59a2b13b8ab478ea321fdb,dfeeebf7ee78986ee554bb022fa4676d,GO,aparecida de goiania,-16.742115766723096,-49.270848391153166,SP,-21.11263561449013,-47.79105569532287,510.28094119726455,1,1,107.0,25.59,3100.0,2017-11-20 16:45:31,2017-12-13,2017-12-01 19:54:11,11,0,22
778d6f8f92b218606a82dc5d2f5221e2,2cfe76e75e9de1fbc8182515c5453fd2,RJ,conservatoria,-22.28682849321536,-43.91990205018972,SP,-21.757690120914923,-48.82976816265947,509.50279270809386,1,4,399.6,68.8,5550.0,2017-11-25 12:02:42,2017-12-20,2018-01-09 14:09:40,45,0,24
afc5c2d338fbbfa4e162a76236fe8ead,95073522f03c913b18f3007419e2b644,SC,leoberto leal,-27.508016935879684,-49.28753948115703,SP,-23.625852663887155,-46.61139748251486,508.2850563325639,1,1,24.99,15.1,200.0,2017-11-24 23:09:24,2017-12-21,2017-12-28 18:29:43,33,0,26
8904df7b2c7b44d20e741ca675815130,bc1e50e78d6937306d60f6cf33acf0e1,MG,belo horizonte,-19.88665694532287,-43.92389634081604,SP,-23.553426672969827,-46.84972934356494,507.48479492796406,1,1,39.9,15.11,425.0,2017-11-24 02:07:37,2017-12-15,2017-12-11 16:13:43,17,0,20
178b47270e98b91b6d34278d77b27bb3,4942083df2e79bb7ecb6728281a16b35,SP,sao paulo,-23.529416081597336,-46.67360777185641,SC,-27.214762141686712,-49.640232592201016,506.6669202700923,1,1,99.99,15.45,450.0,2017-11-24 10:17:29,2017-12-19,2017-12-04 17:37:59,10,0,24
15261e1a4e2be405c49fb08d7e07773c,944ad7299db6b270609f52b1114ec87b,MG,pirapetinga,-21.6575527794846,-42.34524133575233,SP,-22.884255334727865,-47.06813275200536,504.7327417744939,1,1,21.6,15.1,500.0,2017-11-24 19:51:55,2017-12-19,2017-12-05 17:52:09,10,0,24
9c8f72e1a86636d94b7adc52f856f5d9,3e8a00a5b4e6ef85bbe42e0c5482070c,SC,brusque,-27.10877948932419,-48.92761668916258,PR,-23.43192619791517,-51.86456324999999,504.2991726605675,1,1,169.9,15.94,125.0,2017-11-20 14:20:15,2017-12-15,2017-12-06 00:39:03,15,0,24
dd9fecc31cf97e9554b2d027d01470f0,55380b74ede45d9a38c44ae7bfeb2347,SP,barueri,-23.495491646811058,-46.84718581311382,MG,-19.870106184913464,-43.91871377032721,504.0066606105088,1,1,110.9,14.53,800.0,2017-11-23 18:12:57,2017-12-21,2017-12-01 20:25:05,8,0,27
542549172a2d91c8b67d45d819e32955,4107c63786c93fe20a10b7072de5c14e,SP,presidente prudente,-22.12265201794673,-51.3861369740195,SP,-23.652442526788203,-46.75549168747648,503.9043310443846,1,1,29.0,11.85,250.0,2017-11-24 17:09:30,2017-12-14,2017-12-04 17:10:49,10,1,19
8a3c2c90a94d0d385e338f5765a86292,868abd036b449e8e53761765bf59bbbf,SC,florianopolis,-27.589321906197647,-48.52212360618027,SP,-23.437197,-46.51136742270183,503.8334060671806,1,1,122.99,14.61,400.0,2017-11-26 21:09:26,2017-12-19,2017-12-18 15:39:47,21,0,22
f2d40f6ced9546a04fec87530394e1ce,4d0712b81ba4e6502d8651dabc722612,RJ,rio de janeiro,-22.856885588983584,-43.2631632202377,SP,-21.165370022730333,-47.79714447071386,503.7935763153336,1,1,10.6,15.1,125.0,2017-11-24 15:48:17,2018-01-08,2017-12-18 16:12:35,24,0,44
4a1a527ff317ce92a076fa6aed06508d,4d32a98e390433a11d785b4078826807,SP,adamantina,-21.686599240757907,-51.07578474707093,SP,-23.49925304746376,-46.57848962170351,503.73476485826393,1,1,43.8,11.85,75.0,2017-11-24 10:16:20,2017-12-14,2017-11-29 22:57:09,5,1,19
ecfb623451269ac76a1469faf66dad27,ff03e2ac07d6dd7580a7cc349e3b37a6,SP,sao paulo,-23.585063593220163,-46.76573031099623,SP,-22.09961715066345,-51.40819739735439,503.5556505208009,1,1,37.9,19.23,975.0,2017-11-21 21:35:39,2017-12-07,2017-11-30 00:34:09,8,1,15
148ffca6d6b46bd5f71a7b22154baae6,afe2dbbbff26049c1e7ad8538cdf3390,SP,pindamonhangaba,-22.922008744565748,-45.44819411716655,SP,-21.426847789373337,-50.0643276561055,503.5273754551061,1,2,169.8,27.22,2800.0,2017-11-26 00:19:03,2017-12-27,2017-12-10 14:17:53,14,1,30
1c3a799cb7d9d4ea2c60a373c8f46342,780b4d93c39f090c2124fc0a716c881f,RJ,rio das ostras,-22.485322871806414,-41.91390172581077,SP,-23.211061972115367,-46.76376569389638,503.4489032528879,1,1,79.0,17.8,7000.0,2017-11-20 18:06:18,2017-12-14,2017-12-07 01:09:34,16,0,23
73e1aa6df2a82994c73c52e4f46f1043,ae4ea94a9194fc1983a936c91597756b,MG,ribeirao das neves,-19.81138429808414,-44.01334541296184,SP,-23.576826793496515,-46.71598858744651,503.2262500990672,1,3,179.97,45.54,1400.0,2017-11-27 15:57:23,2017-12-20,2017-12-06 18:51:57,9,0,22
7584bd8da96214989dcf9fbdb2268b65,c30ec940f81a313d41c75e8f2a076fbe,SP,santo andre,-23.66256651259204,-46.52741092389908,PR,-23.553891310373,-51.46333120412408,503.03356383444446,1,1,31.9,12.48,550.0,2017-11-22 16:43:46,2018-01-04,2017-12-26 15:53:19,33,0,42
056bfadd41b8600ad5ecfef2ac132188,91faeb032f47277f654a8202eaa9fed6,SP,sao bernardo do campo,-23.70540496744501,-46.5699240313636,MG,-19.87317844463038,-43.98240258909915,502.9084682514037,1,1,19.9,15.11,550.0,2017-11-25 11:06:38,2017-12-15,2017-12-04 14:44:45,9,0,19
d81e1aea4814c6e5744458bcd1f94693,70d1caf284f34ea4ee405e25edba63f5,MG,belo horizonte,-19.8520464865399,-43.89574475963708,SP,-23.59032952255033,-46.63175129640077,502.616355830074,1,2,78.0,28.2,300.0,2017-11-24 20:59:45,2017-12-15,2017-12-05 19:07:39,10,0,20
4add09b525bbbd66f6571658ca867401,2d78b0188c99bc38d9944aa2fdb67258,SC,florianopolis,-27.58417792033591,-48.50033003956396,SP,-23.437197,-46.51136742270183,502.4389496148561,1,1,148.0,14.79,400.0,2017-11-25 20:28:22,2017-12-19,2017-12-19 14:47:05,23,0,23
f4828ff963f97cbba213b56e3154ef2f,9c58d0e1a56386c34bf6fbfb2a2b9128,SC,palhoca,-27.64250123760788,-48.68054933753507,SP,-23.54682895530619,-46.56705535720467,502.2893940833211,1,1,139.99,15.74,700.0,2017-11-26 10:04:26,2017-12-21,2017-12-08 20:22:39,12,0,24
4fa185eee645de376971cf20b7387a35,361d24f75b1d71033b7020fd90824cbe,RJ,rio de janeiro,-23.01113485206877,-43.31036525832422,SP,-21.20058447432055,-47.7758794015108,502.1237512839284,1,1,450.0,29.47,4700.0,2017-11-20 15:08:25,2017-12-08,2017-12-02 12:12:56,11,0,17
cd382a708b09cb1bf4a61d9d4fc0c1e6,3a1adea21ea40d4f30807a9b3e4f7043,MG,ribeirao das neves,-19.76833407712183,-44.085725471810086,SP,-23.625852663887155,-46.61139748251486,502.0350277759856,1,1,42.99,14.1,350.0,2017-11-24 15:17:35,2017-12-19,2017-12-08 21:27:11,14,0,24
6be743a80035d24c59907106942ee7f5,aecedf23e6fcbb6daf4dfd741ab51f2e,RJ,rio de janeiro,-22.9198782270184,-43.21553184638462,SP,-20.916468353698388,-47.574216767527176,501.7469483279678,1,1,115.0,21.3,2150.0,2017-11-25 17:52:30,2017-12-18,2018-01-11 19:45:54,47,0,22
f1e2b7376f89e974ba81956b133ef935,4d6dcc03e46614005963c9e0eb029a80,MG,belo horizonte,-19.863121316406,-43.90741456855559,SP,-22.70928658782974,-47.66520568122805,501.6902254564294,1,4,99.6,60.400000000000006,750.0,2017-11-24 16:13:34,2017-12-15,2017-12-09 16:43:41,15,0,20
74ad3397d84521ee94f326aad1a35d14,ba9872439094744184c4a480082458c8,RJ,macae,-22.40738542798968,-41.83962087054915,SP,-23.595227193173283,-46.56076636913555,500.92333270457885,1,1,140.0,49.51,8500.0,2017-11-24 10:00:18,2017-12-18,2018-01-17 17:46:03,54,0,23
df0bb4e3a5f6d5151441f441a58aa806,6dced73164631978b70241f6a7017f3a,RJ,santa maria madalena,-21.9594702481839,-42.00888509919894,SP,-23.595227193173283,-46.56076636913555,500.8282212097072,1,1,120.0,49.37,9400.0,2017-11-24 22:49:57,2017-12-19,2017-12-27 19:49:02,32,0,24
32569fba210ee051f2c62dff9d4344ed,115eb2fbfc2d8446a2a6d38a0d800c6a,SC,palhoca,-27.62723756226977,-48.66452605586645,SP,-23.552032416180964,-46.53746144532288,500.80869805817065,1,1,239.99,21.17,2400.0,2017-11-23 16:21:25,2017-12-19,2017-12-01 19:27:06,8,0,25
b9230771a7ecccb578891ecdf1879527,43de4c514a47351d1496f50f85c44f29,MG,belo horizonte,-19.970868116609125,-43.93993252477061,SP,-23.20712579877664,-47.30927660866177,500.8054220100208,1,1,35.9,16.11,600.0,2017-11-24 06:17:37,2017-12-15,2017-12-19 17:09:27,25,0,20
8ac618028633e98678ec484cb98a073a,e7f624afbdeb3915d810f2d8c483c345,MG,belo horizonte,-19.90111236511052,-43.97842199207982,SP,-23.717189479369523,-46.55358758458623,500.6903465047775,1,1,59.0,14.16,600.0,2017-11-27 01:26:52,2017-12-15,2018-01-08 22:39:20,42,0,17
0bf51fdc3af690e954d2ee0c4346b47d,742885a3980aa8cfc45909779e60831d,GO,simolandia,-14.468057450900382,-46.48258114553839,MG,-18.65158486656263,-48.19241119054979,499.59082559185134,1,1,40.0,16.79,150.0,2017-11-25 23:44:16,2017-12-21,2017-12-04 19:38:26,8,0,25
be8e82214fcaada34c6b645f54e20737,a85209e61b86457b6c628e4da9f2e488,SC,sao jose,-27.57873107354152,-48.607637973718745,SP,-23.51253401672528,-46.501049539944844,499.06344469830617,1,1,29.99,14.1,150.0,2017-11-24 22:28:27,2017-12-18,2018-01-08 17:35:24,44,0,23
08920300c97e9c4ef7728df49f6317b3,782b6c1a1f51674763812f3c1aca9000,MG,belo horizonte,-19.858236224248422,-43.8858874381095,SP,-23.595227193173283,-46.56076636913555,498.9694639312921,1,1,115.0,14.56,3200.0,2017-11-24 15:51:42,2017-12-15,2017-12-09 18:33:51,15,0,20
49c5be16afaa3d998aca1f3b5ecbc980,8bc8b6fcd770d363dedc5d3725f83c3f,GO,caldas novas,-17.742063044681643,-48.62114540273837,MG,-19.45930795389748,-44.24801919373313,498.82851992735647,1,1,34.9,16.79,200.0,2017-11-20 11:47:15,2017-12-13,2017-12-04 20:18:31,14,0,22
e601f404ef484e156f2242dc5ebd5554,e10cea5ba6297bd8736856b0ab6bde8b,MG,ribeirao das neves,-19.792951391209566,-43.99799160061167,SP,-23.595227193173283,-46.56076636913555,498.82394743117385,1,3,98.97,45.33,2850.0,2017-11-25 19:06:49,2017-12-21,2017-12-14 19:07:59,19,0,25
0ffcc7c4e90436e138f698340e3d0e25,24541b677bb53f2a9ce4c5f8adb74284,SP,taubate,-23.045277711760125,-45.56728822924508,SP,-22.664873503750915,-50.41587124854291,498.58399726966985,1,1,59.0,11.91,500.0,2017-11-25 10:02:21,2017-12-15,2017-12-29 21:29:33,34,1,19
779cba6c6efdf8af5d1ac4c94fdddba8,031c797ef7f555f09fdd23dc122cda8f,SP,ribeirao preto,-21.21282934554791,-47.79516701664842,PR,-25.4859531178227,-49.27302353351318,498.5108163811289,1,1,79.89,25.4,4800.0,2017-11-24 09:11:25,2017-12-19,2017-11-29 19:42:57,5,0,24
8a6e531dd83a94dfe1d87985dd6c4d95,77a852fc4ae186d53411121f3035a64b,MG,nova lima,-19.979423575086685,-43.94002821445109,SP,-23.676289828452155,-46.6699021447429,498.33812479391446,1,1,20.59,15.11,250.0,2017-11-25 17:35:13,2017-12-18,2017-12-15 00:17:56,19,0,22
6c28a6a98f83b0405d2bfc4ba655e15b,54217d7c6e35d7afb033114da06fc924,SP,sao paulo,-23.568143647786982,-46.66117892867444,MG,-19.867906407416527,-43.94863882589885,497.7597534677856,1,1,31.9,14.1,250.0,2017-11-24 00:25:57,2017-12-27,2017-12-16 15:49:10,22,0,32
6afcda277482fc479e9abc6f6bbdd355,3f1e96120f5415b83f1e64df55d20608,SC,palhoca,-27.64250123760788,-48.68054933753507,SP,-23.595227193173283,-46.56076636913555,497.666356755436,1,2,115.98,28.42,2300.0,2017-11-24 21:08:14,2017-12-21,2017-12-22 21:40:03,28,0,26
6ac28bc08c8053bb1c00241b19daea2b,6ec0f068eeb7a1906252032ef310d39f,RJ,trajano de moraes,-22.064943011172293,-42.0616031620151,SP,-23.51370739463197,-46.65240436372554,497.3958519644861,1,1,152.9,16.83,575.0,2017-11-25 15:03:17,2017-12-20,2018-01-03 20:46:38,39,0,24
7c3e71109e904d8e0c8d034456f87eca,b0c22a057e308ffdd32ce03e1734aa62,SP,campinas,-22.93904555398464,-47.0948806120887,PR,-23.382421483292536,-51.92932485314671,496.6689811883487,1,2,376.2,28.68,1234.0,2017-11-22 14:59:43,2017-12-21,2017-12-14 11:19:06,21,0,28
a2941bd059891a9336409a22149acf24,4ac22b1186fc5ac2711abbb5ab167f0f,SP,valinhos,-22.94877911749928,-46.97797265047076,SP,-21.486471927360125,-51.53351950792364,496.2996790835252,1,1,24.5,11.85,150.0,2017-11-21 15:26:29,2017-12-07,2017-12-05 22:15:16,14,1,15
b64c467f4c3c4270ca94367a26503be2,57cb02ea9844cd71e3d9a53c30f88a6a,SP,osasco,-23.542230926930625,-46.81346159318365,PR,-23.522169194460325,-51.67660312131849,495.7663648571656,1,2,858.0,184.68,60000.0,2017-11-20 18:11:00,2017-12-20,2017-12-10 12:09:12,19,0,29
a94ac257ec55877ef187acca90a312d5,d4b49904ad9b69fcdff1dd8dff926eed,SP,sao paulo,-23.48178860560335,-46.75293890536093,MG,-19.867906407416527,-43.94863882589885,495.3854205968341,1,1,66.5,16.72,1300.0,2017-11-23 12:58:25,2017-12-13,2017-12-05 23:56:49,12,0,19
dd12d75147243738f174edd9249b4d31,6b3bb3efa85c5b14ee91bc7227bdf0c4,PR,rolandia,-23.312292978422285,-51.36473900914616,SP,-23.65869024839867,-46.52249513292757,495.30512231009016,1,1,84.99,16.35,550.0,2017-11-23 20:39:22,2017-12-19,2017-12-01 17:39:05,7,0,25
aebfa371228ec3f9956a9552aabc8bba,044c16324fc8ab615bfc53b25e8c5a79,RJ,rio de janeiro,-22.940468488458805,-43.57703776735761,SP,-21.36006189551128,-48.072412538636975,495.1659616689666,1,1,190.83,16.09,416.0,2017-11-24 13:06:31,2017-12-19,2017-12-26 17:37:23,32,0,24
92b025d6e3f58997660214d172a8aacd,cbe980af58b127997844f9bd37f48598,MG,belo horizonte,-19.931520729672776,-43.93375589840736,SP,-23.625852663887155,-46.61139748251486,495.1303768385017,1,1,29.99,14.1,300.0,2017-11-23 12:14:22,2017-12-14,2017-11-29 17:38:48,6,0,20
d15198b65840c4ec11f3f0d074f92cc4,544ebc76a83285fd3a20c05b9d0b5b5a,MG,belo horizonte,-19.9129652761556,-43.89515059008009,SP,-23.62299459910628,-46.53766812565611,494.5813300022452,1,1,29.9,16.6,650.0,2017-11-24 17:25:08,2017-12-14,2017-12-06 21:29:26,12,0,19
551cf988ddc636bfcd08d383c5c371fd,b2d8b9180d9d78f3325bac5912398a67,SP,sao paulo,-23.4982544454671,-46.58310665875125,SC,-27.543786658615705,-48.631972642506845,494.5674433620565,1,1,59.9,15.18,700.0,2017-11-26 12:04:31,2017-12-19,2017-12-12 14:41:35,16,0,22
41dd305b35d3cac22fc8229f3179277d,a389075dd87304a5a17ced4d888d91ba,SP,sao paulo,-23.53775281626178,-46.64828925797796,MG,-19.867906407416527,-43.94863882589885,494.235214291884,1,1,31.9,14.1,200.0,2017-11-25 15:24:37,2017-12-28,2017-12-21 18:58:44,26,0,32
40c6a2db0ce06b7ed796a48b20206c92,46c56c11259668f72547b0c457cf5ede,SC,lages,-27.80654183097696,-50.30469519799566,PR,-25.54168647758336,-54.585197713463536,494.2244810456859,1,3,229.7,53.35,3600.0,2017-11-24 13:37:20,2017-12-18,2018-01-11 19:10:14,48,0,23
4cd02e8d4d592a91c4c7c1eac9fb7660,3b6a37d37f885df51402d44154c76bd0,SP,sao paulo,-23.5615966758022,-46.56312274864303,MG,-19.8399409186066,-43.959657698309165,493.5210376797491,1,1,41.5,15.11,550.0,2017-11-27 18:30:36,2017-12-15,2017-12-10 16:42:39,12,0,17
166e882a7a129380bfaeb22f00f7fa5d,476bca4f2695455d0132d376b6fa9c5a,SP,sao paulo,-23.545167024698507,-46.589957083126535,MG,-19.8399409186066,-43.959657698309165,493.5193130679224,1,1,23.8,14.1,283.0,2017-11-24 10:45:13,2017-12-14,2017-12-04 20:27:33,10,0,19
a948c6ec1000c00b7ee37c611b9b49e0,e8a06ca27f98293eebc07c477d59558d,MG,mariana,-20.373626262192097,-43.41744554260202,SP,-23.6140872536788,-46.68886585673923,493.5067294196456,1,1,79.0,17.8,700.0,2017-11-24 18:33:51,2017-12-19,2017-12-13 15:27:10,18,0,24
0c4c58fca6e92bb1b43c04a406e73a86,226a63a502f031aafeb924719d58a805,MG,belo horizonte,-19.926823955594653,-43.93948161991448,SP,-23.659182,-46.52514198029314,493.4287105740993,1,1,49.9,14.1,444.0,2017-11-26 18:41:52,2017-12-19,2017-11-29 14:38:48,2,0,22
5012f0f1b371c6d1dffb743758d3c522,104ea0cee356c642a75bb6feb295fe77,MG,azurita,-20.008420285001176,-44.47163294541143,SP,-21.757690120914923,-48.82976816265947,492.7457701865623,1,1,89.9,16.39,1200.0,2017-11-26 19:08:30,2017-12-20,2018-01-08 15:57:10,42,0,23
c5fd2c7e23ffd8d1ca4c839b7c5596a3,4b0a27a60bf0f5c8e8c61e6bbea8aa84,MG,betim,-19.93751250846844,-44.17352748286109,SP,-23.69066643075192,-46.70391215514457,492.3039814161061,1,1,75.0,20.02,2600.0,2017-11-24 11:17:38,2017-12-18,2017-12-07 01:45:51,12,0,23
59c134c32edc0046c31ad8bd6f521b61,4a5eab03ad0ee1503ed736150a484cda,MG,belo horizonte,-19.87317691534425,-43.93586893581568,SP,-23.60605079085408,-46.48964576276761,491.7575408069238,1,1,41.5,14.1,800.0,2017-11-21 14:45:07,2017-12-08,2017-11-25 15:21:09,4,0,16
3b3d9117cf5f394da380582b1c3a46f9,7c84df634f2eb14bf9149dcc122a0ca9,MG,lagoa santa,-19.63863100472473,-43.90171846264042,SP,-22.92492963558197,-47.0742943724681,491.46721347200906,1,1,152.0,14.81,460.0,2017-11-24 00:47:25,2017-12-15,2017-12-04 18:19:03,10,0,20
8293af079b19a6349d758b3c16ecd6dc,591ff4992a8a79c6dd2e72a202c728ff,MG,santa luzia,-19.785948905899065,-43.90445149999994,SP,-23.49901135775293,-46.48301004717532,491.3795303082435,1,1,13.99,14.1,50.0,2017-11-24 09:43:22,2017-12-19,2017-12-20 18:57:59,26,0,24
f8329ba7a0842d0bbed2f8a882fe442e,b510469f47970f798db71766ace5a0d9,SP,osasco,-23.53022743297361,-46.79889202553522,MG,-19.97551649235395,-43.97193635891461,491.3576891016479,1,1,69.9,14.24,5350.0,2017-11-26 22:38:33,2017-12-15,2017-12-13 18:56:54,16,0,18
9cffda8a5be9e20be381cc47ef5e8e00,080f252f36da3da6eb5b04407af199f7,MG,belo horizonte,-19.93772138894958,-43.936025301690826,SP,-23.581373061053768,-46.617988397931214,490.7385077352417,1,1,128.65,14.65,400.0,2017-11-27 14:19:38,2017-12-18,2017-12-05 16:39:01,8,0,20
62dc853d2c511ebfb7d441c6c74d811e,c216dab34a55ac810d2d7c92be816c2d,ES,cachoeiro de itapemirim,-20.85069221432112,-41.10727725000001,MG,-20.94004902170557,-45.82696971616617,490.37406313195146,1,1,149.99,45.13,6550.0,2017-11-24 15:23:31,2017-12-21,2017-12-07 21:23:11,13,0,26
b7063c39fd3396dd0ad64052b0825513,6cd5d0756a78f12906fca5cbfb51d64e,SP,cubatao,-23.9284341639139,-46.410112111257504,PR,-23.331043778111702,-51.17744445122848,490.15260953153694,1,1,439.0,33.41,12000.0,2017-11-23 19:06:53,2017-12-15,2017-12-05 20:22:17,12,0,21
82684397b8f36fa2cb233b1c0bbf2298,1524370ed333f67a5def7e451aee0a60,SC,balneario camboriu,-26.993432999999943,-48.634162435885465,SP,-23.302661247830148,-45.97283979175633,490.03868847026143,1,1,140.0,15.73,175.0,2017-11-27 13:36:53,2017-12-26,2017-12-19 15:26:00,22,0,28
0c38244c47b653d8aa8052e9282c23f8,ec6fcecd3e931a460eb12b2c00a586f7,SP,sao paulo,-23.483009074932227,-46.66091295198796,MG,-19.867906407416527,-43.94863882589885,489.99727424855183,1,1,15.9,14.1,75.0,2017-11-24 19:33:10,2017-12-27,2017-12-14 23:14:49,20,0,32
e9a0ea38c9ccce5af1c178330ebdf3b3,b29bd54e3f696b788f8473826a68be4e,SP,ferraz de vasconcelos,-23.552820848626663,-46.36652089301167,SP,-21.212247514715177,-50.40380276970684,489.89815266314974,1,1,60.0,11.92,100.0,2017-11-21 19:54:27,2017-12-07,2017-11-30 19:33:03,8,1,15
b5ded8632f7c8aaa2943a68ee15a2a8f,a76e9186014b79746ed3de0b25fdba72,SC,itapiranga,-27.17002361507353,-53.71420600757519,PR,-25.437089594076483,-49.19547835610814,489.8718603839538,1,1,49.9,15.1,700.0,2017-11-25 21:00:41,2017-12-20,2017-12-06 19:47:22,10,0,24
b349d1700d6cf51fade7bc7bdd17ebbf,22e9f05a11603d0448858e987dcd7327,MG,belo horizonte,-19.9129652761556,-43.89515059008009,SP,-23.58849181986845,-46.510455536218885,489.8503081801016,1,2,119.98,30.36,14600.0,2017-11-22 20:47:55,2017-12-11,2017-11-30 16:55:03,7,0,18
2b104b4033a0f544dd3ec21ceedf5849,9dad09c213d73f615489a75962aeb1ba,SP,sao paulo,-23.488544231201985,-46.59715265612552,MG,-19.811156958250365,-43.98987161296759,489.6707887272353,1,1,39.0,16.6,1100.0,2017-11-22 21:22:11,2017-12-08,2017-11-27 17:09:42,4,0,15
11c5dd2ae28c08beae350a88aa490d94,e608d750256e65c6b4f434ceab5dc7f7,MG,belo horizonte,-19.92623391618096,-43.96560766250218,SP,-23.62299459910628,-46.53766812565611,489.36034589488327,1,1,49.9,16.6,1200.0,2017-11-25 13:56:37,2018-01-24,2017-12-07 20:37:10,12,0,59
c04e014dcd8cd03c0965032a263f2a8e,7047310f94a69fcacee337a4a8e5ef66,RJ,rio das ostras,-22.50991544681899,-41.923602344744666,SP,-23.57327718926195,-46.56298016985977,489.193516941899,1,1,39.99,15.1,150.0,2017-11-20 18:05:05,2017-12-12,2017-12-01 16:22:50,10,0,21
37106a52065add00bf3e59408c290323,11cdfd80e0dc15257ad8671e2736bedc,PR,arapongas,-23.421459816219063,-51.42339861868795,SP,-23.59032952255033,-46.63175129640077,488.93181725440667,1,3,104.97,45.3,750.0,2017-11-23 14:41:57,2017-12-15,2017-12-05 20:04:34,12,0,21
1cd27ea64a7708735cd38f4eae93a8d9,e948444f124792c053b8e3d009a3bd8a,MG,belo horizonte,-19.97551649235395,-43.97193635891461,SP,-23.625852663887155,-46.61139748251486,488.8491759616412,1,1,29.99,14.1,300.0,2017-11-21 11:14:22,2017-12-08,2017-11-30 14:23:31,9,0,16
0bf1392e4d1b5bb968191f48c30e5628,b8ec04c8a20aa6136b207e84ec12593f,SP,alvares florence,-20.320713031188305,-49.90823605857653,SP,-23.48535959449485,-46.624283978908174,488.4325984691949,1,1,115.96,13.83,2500.0,2017-11-26 15:50:34,2017-12-15,2017-12-15 16:32:05,19,1,18
c31e69041b0da7765a4d79c7dd6242ff,ba870e27d887b676ea8ef87bb63e5c3e,MG,belo horizonte,-19.936877427145244,-43.96747446113456,SP,-23.54716236816894,-46.65543934860632,488.0519331611896,1,1,32.9,15.11,900.0,2017-11-24 22:32:37,2017-12-15,2017-12-15 18:45:05,20,0,20
c5b2cdb26dc414bb98b395e8d13afa55,27ae4f0622679f39299ec3dc310957b9,MG,vicosa,-20.75533341719481,-42.88055185516512,SP,-23.56428872384441,-46.51904534753631,487.7569156096735,1,1,39.99,17.6,9150.0,2017-11-25 15:34:27,2017-12-18,2017-12-12 02:09:42,16,0,22
b0ff3393cff8b64e9150a65b49220259,1207f6cb80c8f74018e7fb3cff8f82f5,MG,belo horizonte,-19.92623391618096,-43.96560766250218,SP,-23.537493461278807,-46.63974517262972,487.34173218416703,1,1,12.9,14.1,190.0,2017-11-25 21:52:45,2017-12-18,2017-12-16 16:14:58,20,0,22
977af9e0fe9053598b4066559b247302,3fd069708a23aa89f1c5a75649cd99e7,SP,sao paulo,-23.61146597002137,-46.68509399333488,PR,-23.553891310373,-51.46333120412408,486.9616760759778,1,1,184.99,58.9,521.0,2017-11-25 10:16:08,2017-12-11,2017-12-03 15:21:50,8,0,15
01e0386aae6c6385feedb58bd4aae5c7,f2ad615b9e352f08c5382d34ed55ce8b,MG,belo horizonte,-19.83901541909516,-43.97403905857227,SP,-23.52551477827242,-46.513893895826776,486.6939684512988,1,1,184.99,16.05,538.0,2017-11-24 21:35:46,2017-12-15,2017-12-11 20:45:03,16,0,20
5c8f5c5b673cdee6d10b29d06ddf0c13,73266b890f2a488defa51ddfe4ec9be3,SC,florianopolis,-27.58417792033591,-48.50033003956396,SP,-23.60605079085408,-46.48964576276761,486.107910180598,1,1,29.89,15.11,350.0,2017-11-25 01:17:19,2017-12-19,2017-12-04 18:12:25,9,0,23
6390d8596b48fe36ecbd508af3770dec,5f302af18bb0da175bc7b0eff5307451,SP,ribeirao preto,-21.20303590598236,-47.80187851542229,PR,-23.43192619791517,-51.86456324999999,485.8305040910688,1,1,679.12,16.88,1850.0,2017-11-24 12:58:54,2017-12-28,2017-12-05 00:32:49,10,0,33
b5645b72f0e1b78b622c8a6a4cc06371,d849f901a7b414b1c55da5052501f168,RJ,barra mansa,-22.523736780962032,-44.18587635574729,SP,-21.757690120914923,-48.82976816265947,485.8022270187632,1,1,110.0,15.52,2150.0,2017-11-26 21:22:10,2017-12-19,2017-12-20 22:28:13,24,0,22
c603e35e0405eadd985e681f1a8c95d5,67e0295b4f1071609e7641c83ccc3967,RJ,tres rios,-22.114751419531,-43.21511330034679,SP,-23.052705625933136,-47.83614945236365,485.7366105119047,1,1,25.27,16.11,442.0,2017-11-25 19:09:33,2017-12-22,2017-12-13 19:46:07,18,0,26
5668f469a5a3e3d85c62791fddbb701f,29ec702fbfd66ef08607980f48a51da7,SP,santa barbara d'oeste,-22.74552191270686,-47.41983597042277,MG,-19.836541382739888,-43.92185549333488,485.7199262948305,1,1,56.0,16.64,850.0,2017-11-24 10:43:47,2017-12-15,2017-12-05 18:41:13,11,0,20
5bbf075632367fb4969495a3669cb637,3c69def4ab71e86973e492336cbe3407,SC,florianopolis,-27.60742386873268,-48.5936448106241,SP,-23.65869024839867,-46.52249513292757,485.6679730614648,1,1,84.99,15.35,600.0,2017-11-24 22:51:48,2017-12-19,2017-12-08 18:46:54,13,0,24
a4c94baa526c2e39251e807cda61c524,0c624662dad9870159b81a817fd1f147,SP,sao paulo,-23.473052978908186,-46.60034358604072,MG,-19.867906407416527,-43.94863882589885,485.5375394300675,1,1,27.9,14.1,200.0,2017-11-24 17:31:37,2017-12-22,2017-12-13 17:43:56,19,0,27
2b72e9015af390303d5d89ae0fd64673,adad7c2f00e8d79a37b5e7b7fc17da0c,SP,aparecida,-22.846279819966668,-45.230993955522536,SP,-20.806830481885147,-49.38960170992274,485.4459949925495,1,1,49.0,13.44,1500.0,2017-11-23 19:28:37,2017-12-13,2017-11-30 23:59:03,7,1,19
cb6a022cd5d0c3242f698327ac4bcd97,899b712f06e7b29eecd343b85cfe9136,SC,florianopolis,-27.57707899362336,-48.5366366740147,SP,-23.527214475445724,-46.7315398082117,485.34594320388817,1,1,79.0,14.3,350.0,2017-11-25 18:33:58,2017-12-19,2017-12-14 15:16:42,18,0,23
fc104774e9921bae682e646267066b82,460f9766e57a23aeefa6502d1f8f0e67,SC,florianopolis,-27.591660325552606,-48.58303463390853,SP,-23.65869024839867,-46.52249513292757,483.6349704131463,1,1,84.99,15.35,600.0,2017-11-20 11:00:48,2017-12-12,2017-12-05 23:05:49,15,0,21
696e3f4fca4491245f7b9425055cda4d,32a079c19bb9adf352e0e93c4fb9bd40,SP,sao paulo,-23.54875465139367,-46.4392114417162,MG,-19.867906407416527,-43.94863882589885,483.4118180361997,1,1,27.9,14.1,300.0,2017-11-25 01:40:30,2017-12-26,2017-12-18 11:43:15,23,0,30
4a9abb72c66423766ec1a903dc6c70fb,3026909b7b21888a53f87fbc65ae6e5f,MG,belo horizonte,-19.93624791006412,-43.95773026201734,SP,-23.56836984105245,-46.52214825721335,482.9295276787822,1,1,54.9,15.14,1100.0,2017-11-23 22:02:16,2017-12-14,2017-12-26 22:34:36,33,0,20
e68e94b6a14ff7711112ed20ae74ea3e,3a723250139d38a4d2eb9f12d73a9774,MG,belo horizonte,-19.97551649235395,-43.97193635891461,SP,-20.927842595619605,-48.49233569396832,482.6983743677675,1,1,57.5,15.15,100.0,2017-11-24 17:03:45,2017-12-18,2017-12-01 20:11:56,7,0,23
3153bab115709bfda1319a48a1690344,f6f0fc549a0af9b20798a1b8869f81de,MG,belo horizonte,-19.87874816625308,-43.9310537134284,SP,-22.75756675966071,-47.416027840450326,482.43502661809816,1,1,379.9,22.15,10750.0,2017-11-23 23:54:53,2017-12-14,2017-12-04 17:53:13,10,0,20
8db35cfa7522e6f03c9c0965ab39517a,fb0d310584a5dc17ae09f817d26fae9d,RJ,rio de janeiro,-23.010010522621027,-43.31960105704306,SP,-22.015108296094645,-47.89069890764564,482.3792756792496,1,2,299.8,33.62,2184.0,2017-11-24 13:24:54,2017-12-21,2017-12-28 20:33:02,34,0,26
469d6a541e0585ab746ca1d786223ac9,aaef891a011f9c3533e29fa09e7b2f2c,MG,belo horizonte,-20.005392719401,-44.02255619914588,SP,-22.70928658782974,-47.66520568122805,482.34070840901256,1,1,74.9,16.28,850.0,2017-11-25 10:40:37,2017-12-18,2017-12-05 00:52:53,9,0,22
f3da2b9ffe90fbc13a8edac78c5ed5a1,59324caceae2cc1a5b246483864d7a95,RJ,barra mansa,-22.540072452709943,-44.227682093672456,SP,-21.757690120914923,-48.82976816265947,481.86158911376873,1,1,90.0,15.38,14050.0,2017-11-25 15:31:09,2017-12-19,2017-12-19 16:22:11,24,0,23
39f9dafc7ffdcf2b3c9b9ae5f1541a41,eb64a744cdfb85bda26e1b9926c14f49,SC,sao jose,-27.55704718219067,-48.63068939307693,SP,-23.625852663887155,-46.61139748251486,481.7291516351462,1,1,42.99,14.1,350.0,2017-11-24 10:02:27,2017-12-18,2017-12-27 18:12:52,33,0,23
20b7f7b396dbb6dab793709e4cd89aa3,749f8ac2121143cb343bc5b5767ee6e0,SP,piracicaba,-22.748253358878102,-47.65864971386108,SC,-26.825784077702185,-49.26999071426511,481.6781981583944,1,1,32.9,15.1,200.0,2017-11-24 17:09:59,2018-01-04,2017-12-06 18:58:58,12,0,40
a7cc3c29f697ab59a78584b9b793b686,22766d08b5c5b8f81c71719f725999d7,MG,belo horizonte,-19.88174280762465,-44.00906911296093,SP,-23.503853294477462,-46.55491073216861,481.0077356198883,1,1,145.0,15.77,1025.0,2017-11-24 23:25:01,2017-12-15,2017-12-05 00:09:37,10,0,20
d18c62967c0e60ea439822111331f6ec,8dea975d24eb60b0de4af2e1c8488944,MG,belo horizonte,-19.79940662323272,-43.9858716954892,SP,-23.539820103990145,-46.31780434759043,480.6477763037336,1,1,56.0,15.15,1450.0,2017-11-25 11:40:24,2018-01-09,2017-12-20 19:05:05,25,0,44
b637257e6e8de7e07b45462b712407a2,0f839c22264d2e9fb3d4b6a650daf524,RJ,itaperuna,-21.20309099954143,-41.89141172373199,SP,-23.302661247830148,-45.97283979175633,480.5120506908439,1,1,67.0,16.23,410.0,2017-11-25 00:55:25,2017-12-20,2017-12-19 18:38:45,24,0,24
4576179bf61955429e5ddf487e7dbad7,fb1442fddb3de56fa6ff095c77b296e7,MG,vicosa,-20.75533341719481,-42.88055185516512,SP,-23.49901135775293,-46.48301004717532,480.3382815079298,1,1,99.9,15.45,100.0,2017-11-20 22:13:33,2017-12-08,2017-11-24 19:47:47,3,0,17
28a32ec11abbac5c27adfa4d8cbc351a,57227045173898a44efa3707ce0d7399,SP,registro,-24.49815873105776,-47.844494347330354,PR,-23.622154732271355,-52.46925317823966,479.5393238067045,1,1,199.9,16.15,600.0,2017-11-26 18:33:35,2018-01-02,2017-12-12 13:38:32,15,0,36
68d7420c86be23f313c81a554320f986,0b79f0da6032b5f6e932f3c603b16820,MG,belo horizonte,-19.91562859505743,-43.88186502282304,SP,-23.490514739107848,-46.47725188181562,479.4522968650595,1,1,104.9,16.98,1750.0,2017-11-26 18:17:55,2017-12-18,2017-12-09 18:16:30,12,0,21
18fbfa7be165a2404fcf5ab2d071d80e,50bcce86319ecdf2df1edeae7272a38e,SP,sao paulo,-23.580136739556888,-46.705851370902906,MG,-19.95254268289243,-44.196132792948255,479.41903697426886,1,1,49.99,14.1,600.0,2017-11-24 11:41:52,2017-12-18,2017-12-05 17:32:51,11,0,23
143f5ce5a045cb6c2708b1b3dcce985e,bc6671fcbe7c7468ed66a34dd3af1b31,MG,uba,-21.11819394490749,-42.943705743717146,SP,-23.69050632209016,-46.67948403830283,478.8077659279419,1,1,24.9,15.1,375.0,2017-11-25 13:21:31,2017-12-19,2017-12-06 21:14:57,11,0,23
119875f10276db041c92209d8e71826c,c39ecfa4a990491a861ff5cbe6b80ec2,SP,campinas,-22.881152314602136,-47.05060719525074,MG,-19.45930795389748,-44.24801919373313,478.7325228705128,1,1,34.9,21.19,150.0,2017-11-21 14:26:37,2017-12-11,2017-11-28 21:49:47,7,0,19
5690636f35f3831fe4cf8d5c8e060d99,c0fcce97e056aff1a7848e43fc975359,RS,eldorado do sul,-30.000788742708984,-51.31036817625689,SC,-26.28722555453289,-48.850959075076446,478.1413544634192,1,1,114.9,18.05,967.0,2017-11-25 09:06:15,2017-12-19,2017-12-12 23:49:27,17,0,23
ee4777f7cd28163d7b1b9f1763996e08,11f1758efabe90a88171ddb8191add91,MG,caxambu,-21.98013864287549,-44.93186888145688,SP,-20.81962516141472,-49.3767712620607,477.9003021254762,1,1,109.97,61.51,9750.0,2017-11-24 11:19:57,2017-12-19,2017-12-15 16:55:10,21,0,24
7cf83f7bc784d9fe6e59f25a3a303011,b41037cbbe6921b1888cecdda2002a25,MG,belo horizonte,-19.98993393588781,-44.05250196150949,SP,-23.58077681085173,-46.59210244184609,477.65378382289305,1,1,21.9,14.1,325.0,2017-11-21 08:09:01,2017-12-08,2017-12-09 16:19:01,18,0,16
3d84db1101b6861375741b69ec77cf13,3b9ca2ad54f2b1a0aab721f52ab7c08c,SP,sao paulo,-23.49585216902305,-46.50247661157595,MG,-19.92595295864736,-43.94511432722604,476.7979408870356,1,1,129.99,15.67,375.0,2017-11-24 22:00:36,2017-12-14,2017-11-29 17:49:19,4,0,19
6b08ff5328e55bd0396c0ffb9df586ca,2d1f279054680b8bf048f693f51841c7,MG,contagem,-19.918472951395643,-44.0724332656297,SP,-23.560313217871787,-46.50914934518004,476.7576556994145,1,1,15.99,14.1,150.0,2017-11-24 23:54:38,2017-12-15,2017-12-19 22:44:46,24,0,20
f0e74c12ef7d4fd25bec19ecddee5438,d038105cb35ab8f8b3c0575e00873058,SP,sorocaba,-23.52189665389564,-47.4748678425117,RJ,-22.433722840932912,-42.97293424912493,476.46459933249565,1,1,199.65,16.15,450.0,2017-11-22 14:45:54,2017-12-12,2017-11-28 19:48:56,6,0,19
a929a185ac6f55381e43e1d18e01256a,a42160958f684d2466feaf05286e2817,SC,sao jose,-27.57873107354152,-48.607637973718745,SP,-23.67008162864273,-46.66049702840489,476.4248293092592,1,1,27.99,19.84,200.0,2017-11-24 13:18:27,2017-12-18,2017-12-27 17:16:33,33,0,23
e6a2ef21b1eb7e236c221d7944fad5da,35aa31e7aedbf179ca3d56781549c810,MG,ouro preto,-20.386870311646724,-43.506711008289,SP,-23.595227193173283,-46.56076636913555,475.79915446098926,1,2,139.98,32.62,2700.0,2017-11-24 15:42:42,2017-12-20,2017-12-08 14:57:38,13,0,25
11549ca0becdf3c4f97ccdcf5407fc10,6b67557543ed930f8339ecb7edb34233,GO,anapolis,-16.27908340209105,-48.952819667933326,SP,-20.277985488757647,-50.55171984064756,475.609789821207,1,2,99.8,32.22,1200.0,2017-11-25 19:25:35,2017-12-21,2017-12-19 17:52:26,23,0,25
4b1267d8500339f462cf46b50a8a9636,8af67380cc7a746bf33c38edc3d9f25b,SP,santos,-23.95688438718329,-46.32677018694087,SP,-21.426847789373337,-50.0643276561055,475.5178870227096,1,1,59.9,17.13,6750.0,2017-11-26 09:24:19,2017-12-15,2017-12-05 21:51:42,9,1,18
cc86a65e920aceb9fe3bbe49bab2bd52,23fa7a1513fdc2b37c2b1ebd9e1db2da,SP,birigui,-21.303652458988616,-50.35442002862485,PR,-25.469979548156257,-49.306212701915854,475.4576380745261,1,1,29.9,16.11,900.0,2017-11-24 11:34:37,2017-12-19,2017-12-02 18:56:40,8,0,24
ef43d5664bd1ab24fd6b38b5a8ca3cf6,8d61ec6452053b7b174af0627f83d6ca,MG,belo horizonte,-19.9583550740955,-43.98066211088345,SP,-23.473052978908186,-46.60034358604072,475.3298201662132,1,2,139.89,28.46,450.0,2017-11-21 23:07:23,2017-12-08,2017-12-11 20:58:52,19,0,16
854135793f7e0c5c07d4f72b32125b92,627fbc501cb70151429b8c8c5d8aeabe,PR,porecatu,-22.7537877671447,-51.37934251386626,SP,-23.211061972115367,-46.76376569389638,475.197750260007,1,1,179.0,57.92,9850.0,2017-11-24 18:14:27,2017-12-26,2017-12-18 17:57:57,23,0,31
5e34d391098747231b726e35a9ef3e5f,fe8ab673369a385622558606f2c0e4d2,MG,belo horizonte,-19.97551649235395,-43.97193635891461,SP,-23.51633441909516,-46.54744111705809,475.119811129902,1,2,355.94,35.0,500.0,2017-11-20 20:52:34,2017-12-08,2017-11-27 17:28:37,6,0,17
76a08caeac523a0cc04a06f35b8e9c5c,b13e1cfb791357c9519b5bdf6077e922,PR,campo mourao,-24.04857408805428,-52.39928869196908,SP,-20.806830481885147,-49.38960170992274,474.9633051618564,1,1,49.0,17.6,1550.0,2017-11-24 18:16:53,2017-12-20,2017-12-12 22:28:53,18,0,25
b77fbccc98c4158a1c4e36c61597f015,a231b125960f091f4d3e96046f0b8bdf,PR,londrina,-23.331043778111702,-51.17744445122848,SP,-23.548805456038203,-46.52860928018063,474.8655814353848,1,1,110.0,15.52,300.0,2017-11-20 11:47:02,2017-12-12,2017-12-22 00:19:08,31,0,21
c921d0b03ebcae62b75e66a01a5bb120,6f73dc82e89ddde64e4090c29ebb358a,MG,divinopolis,-20.14068469699654,-44.88753081910666,SP,-20.806830481885147,-49.38960170992274,474.7805044670146,1,1,49.0,17.67,1650.0,2017-11-24 08:59:13,2017-12-19,2017-12-06 13:09:18,12,0,24
d61bffbc774423716f28903a5df2c4f8,5e9470d01097fbbc867ba33e2951da37,RJ,nova iguacu,-22.73476684604374,-43.463815803301664,SP,-20.53828580245557,-47.40131667800094,474.6019832902601,1,1,279.9,16.71,300.0,2017-11-27 14:05:17,2017-12-19,2017-12-26 15:59:38,29,0,21
6c7378154382f7378b82fa860f68c758,72edfa680cf8f4b104e145cbb2b0ec12,MG,belo horizonte,-19.965074323330903,-43.94845903260437,SP,-23.51253401672528,-46.501049539944844,474.420586396411,1,1,39.99,14.1,200.0,2017-11-27 20:50:39,2017-12-18,2017-12-27 21:26:45,30,0,20
83e32d204b3e92d83909d99925731162,59e1cee5d1efd103459268e1855ee787,SP,franco da rocha,-23.33139680594704,-46.73252832276876,MG,-19.953983389390658,-43.93287034041202,474.0576439675948,1,1,99.0,14.44,283.0,2017-11-27 17:14:09,2017-12-21,2017-12-05 22:53:15,8,0,23
b32380b35702c76f59411aff8963a676,22ccf32feae4b8a4c59c3889328f3a56,MG,belo horizonte,-19.870106184913464,-43.91871377032721,SP,-23.211061972115367,-46.76376569389638,473.8787011311589,1,1,79.0,17.8,5850.0,2017-11-20 11:46:31,2017-12-13,2017-12-04 20:25:33,14,0,22
53ba9277abd171947b33bd9073297827,98fc6aa4673a967ec6e4390c5f8b24de,PR,londrina,-23.25288579990181,-51.14614427712626,SP,-23.65869024839867,-46.52249513292757,473.7746743656648,1,1,23.99,15.1,100.0,2017-11-25 17:13:10,2017-12-22,2017-12-12 22:34:06,17,0,26
dd14b7426d230b6c50002b13efdcbc9f,1133179ed0c10dfa70681cef16b90b52,MG,belo horizonte,-19.92623391618096,-43.96560766250218,SP,-23.490514739107848,-46.47725188181562,473.6783510301088,1,1,79.9,15.32,950.0,2017-11-24 16:22:22,2017-12-15,2017-12-14 15:19:06,19,0,20
905bd749100612f28936959483361129,95fa98658683be343be03b8135d89ce2,MG,sao gotardo,-19.31467881193368,-46.05001823735698,SP,-23.539439503750906,-46.63284391414975,473.627218391489,1,1,15.9,15.1,200.0,2017-11-26 12:40:46,2017-12-20,2017-12-12 22:47:35,16,0,23
3f41fd6ddaad5817115c0d99360ad3e6,decec7e48f3d663f795b78721893f388,SC,celso ramos,-27.633305812944272,-51.33731015034528,PR,-23.41381714101661,-51.907055066426544,472.6533318129915,1,1,177.99,16.0,225.0,2017-11-23 11:12:16,2017-12-14,2017-12-11 20:35:56,18,0,20
30ffc5a11b83f6042cdd649d4ec89e7b,e79d64181abacd9be985cc46a106705a,MG,visconde do rio branco,-21.010243162724727,-42.83848394836745,SP,-23.211061972115367,-46.76376569389638,472.6161172033815,1,1,54.9,16.14,600.0,2017-11-20 20:33:16,2017-12-14,2017-12-06 20:38:21,16,0,23
aa7499316c24f7c2126ba470534e1ca7,5ddbfe234c5712f2da02f171c1788783,MG,belo horizonte,-19.9129652761556,-43.89515059008009,MG,-18.65158486656263,-48.19241119054979,472.3111198619089,1,1,99.99,12.83,250.0,2017-11-24 13:19:07,2017-12-14,2017-12-11 16:33:31,17,1,19
8201710c8abafe9ee0d51cd25fdaedde,c6b5c23bb384412d4f9c7b21acbcc2aa,SP,sao paulo,-23.561327933666107,-46.60224405314791,MG,-19.95254268289243,-44.196132792948255,471.9530288609415,1,1,129.9,14.66,300.0,2017-11-24 18:04:25,2017-12-15,2017-12-05 01:18:38,10,0,20
47d2d6e69a59ff6305ecb0b540e702c0,c8d8a6d906f9007f70b24c16e2e9d378,MG,sao lourenco,-22.11780668247216,-45.05460113360568,SP,-20.806830481885147,-49.38960170992274,471.6683859541553,1,2,98.0,35.28,3100.0,2017-11-25 10:53:05,2017-12-20,2017-12-11 19:32:46,16,0,24
42053bb062d0d5bb79db26888b6f50aa,adcc75f12c0db891b2ee6e71907b4f07,SC,florianopolis,-27.57707899362336,-48.5366366740147,SP,-23.652442526788203,-46.75549168747648,471.5054707072626,1,1,55.0,14.14,250.0,2017-11-24 14:12:00,2017-12-18,2017-12-05 19:22:44,11,0,23
06a7cc29c9ea73fb0e7d4dc3d9284a76,790b71dafc9a25097d6a911c65f351f6,SP,santo andre,-23.643885489583987,-46.54704949205743,PR,-23.303771025535223,-51.15444244463038,471.4185712132451,1,1,39.9,13.37,1000.0,2017-11-24 22:46:29,2017-12-18,2017-12-02 19:17:30,7,0,23
c14323552816050d396da49c9f23ae1e,7cb980ea48f7332f0c397cce1a900e59,SC,jaragua do sul,-26.513068402077497,-49.13319506542504,SP,-22.56117141825844,-47.447471268798,471.3345193950895,1,1,16.8,15.1,200.0,2017-11-26 10:24:33,2017-12-21,2018-01-03 17:24:01,38,0,24
84e3112c2a4f1708a00c880218f52886,b58f4730e9310e940e9f674b4cdc936a,SP,palestina,-20.39033246553589,-49.43330678037226,SP,-23.65869024839867,-46.52249513292757,471.2397326887547,1,1,56.99,11.9,350.0,2017-11-27 21:55:05,2017-12-20,2017-12-11 20:53:34,13,1,22
4725eb9672221e03c250c9a5ff5736e7,c46151503cf77d0f69c750452f534870,MG,betim,-19.94125120677761,-44.11217987308247,SP,-23.50596583126541,-46.57852189203073,471.1582088688831,1,1,1050.0,21.1,100.0,2017-11-23 11:47:25,2017-12-12,2017-12-18 19:58:00,25,0,18
5a4622fea27ea392ef817c16c9aa3da7,08cf49b41940b8f8ac1e677b262851de,SP,penapolis,-21.419488144874,-50.07620982068566,SP,-23.302661247830148,-45.97283979175633,471.0273107446245,1,1,15.0,11.85,100.0,2017-11-20 20:12:17,2017-12-07,2017-11-29 22:12:39,9,1,16
49f3ca1235b168529decb2072cc26da8,19bc67715c87fe5294efd3b5ce3f9bb5,PR,londrina,-23.29349525618896,-51.1977917890531,SC,-26.835516281044985,-48.63400504258813,470.9240418553064,1,1,37.9,15.1,240.0,2017-11-26 18:19:35,2017-12-20,2017-12-05 17:28:22,8,0,23
3d55d21468e5f69fdaa6a1c4c829acff,6c23c2a15ab0cbdee56f601555c43969,SP,birigui,-21.284953188062783,-50.31845585766597,SP,-23.65869024839867,-46.52249513292757,470.9132944266948,1,1,58.99,13.43,200.0,2017-11-26 22:27:41,2017-12-18,2017-12-11 14:36:56,14,1,21
e5af575637557e5be53b2df8b32a5452,f1bdf27d218c669055685957b5910511,MG,sao geraldo,-20.921972004746983,-42.83358255122555,SP,-23.52592844580904,-46.42331801276761,469.3949746021187,1,1,99.9,15.45,200.0,2017-11-22 19:20:46,2017-12-13,2017-11-30 21:09:34,8,0,20
e801a93b3904ca9e8350f176a037047b,ae8269d850cd3a3d06a56877c450b3f8,MG,ouro branco,-20.519076442778164,-43.70624063811853,SP,-23.652442526788203,-46.75549168747648,469.1083633004831,1,1,29.0,15.1,200.0,2017-11-22 10:56:57,2017-12-13,2017-12-01 23:06:46,9,0,20
ccecb43e46d11aa9ed8c92440657995a,26a390b7847ae9ad5b6542aa76736b3e,MG,belo horizonte,-19.83944587357896,-43.98541615106176,SP,-22.92492963558197,-47.0742943724681,468.9993681672923,1,1,247.4,16.49,463.0,2017-11-25 22:18:24,2017-12-19,2017-12-07 20:08:50,11,0,23
733a9dcebb673d6b1730af81ab1fa6a2,2e0e272b3d7f51e55ee393175b81b26a,MS,nova andradina,-22.24860701570904,-53.34627576982474,SP,-21.757690120914923,-48.82976816265947,468.8030745813399,1,2,233.8,33.16,3500.0,2017-11-24 12:17:30,2017-12-20,2017-12-26 18:05:21,32,0,25
3cabe471faa982a15a1e8a9e4b71559e,57af4c2463496f3aeb26502d9532c4e1,RJ,rio de janeiro,-23.02187989307062,-43.46365439966753,SP,-22.015108296094645,-47.89069890764564,468.28509502342297,1,1,119.9,15.59,270.0,2017-11-24 04:09:33,2017-12-15,2017-12-15 21:46:32,21,0,20
7c3568d42d0c0610c6a6c0f864d03b03,25191ba92200ad3022d457b2e5b8e64c,PR,sao mateus do sul,-25.86728583631325,-50.38536447183937,SP,-23.560313217871787,-46.50914934518004,468.0406332999384,1,1,45.99,15.1,236.0,2017-11-24 23:31:10,2017-12-20,2017-12-20 13:07:03,25,0,25
72220792349288e30e62a9c37fe8af6b,496782146406bab80a5e892f3e27eb70,SC,tijucas,-27.23883432684724,-48.63755565612226,SP,-23.20712579877664,-47.30927660866177,467.7805247536509,1,1,368.9,27.42,3500.0,2017-11-24 19:27:30,2017-12-21,2017-12-06 12:07:06,11,0,26
cdc6f3d564f23d5a74718b6506312d73,b0589a40c88f375b99931580b7f26610,RJ,niteroi,-22.90316625284208,-43.10713068500763,SP,-22.70928658782974,-47.66520568122805,467.6892707128041,1,1,134.9,18.19,1250.0,2017-11-23 00:10:31,2017-12-15,2017-12-19 00:51:32,26,0,21
899a5ec4b50c53b46fc876182c9cecab,fd97c6b3bee292fe6f661fb73964f786,SP,cajamar,-23.39132752759831,-46.86396374567468,SC,-27.143863729700307,-48.95995049999999,467.4427301915518,1,1,79.99,21.05,2630.0,2017-11-25 12:31:59,2017-12-20,2017-12-12 18:34:58,17,0,24
5447160f15621601fa9ba2b94f4906b3,9c338ea8093192e203bc16add78c123c,PR,curitiba,-25.41673572265192,-49.26880058283808,SP,-21.36006189551128,-48.072412538636975,467.3045845550279,1,1,146.0,15.77,444.0,2017-11-21 12:08:32,2017-12-14,2017-11-28 20:33:38,7,0,22
abfb6dbd8b0370761e851060356359b9,f167c1f38bc84624f4c1783709ac08f7,SP,praia grande,-24.02061457146977,-46.45986587975573,SP,-20.806830481885147,-49.38960170992274,467.2932270004045,1,1,49.0,13.44,1750.0,2017-11-25 15:34:28,2017-12-15,2017-12-11 23:32:44,16,1,19
c4dfe85811ecda8bbc7002dfbffc468c,485760799b2cd07783a674fb73c5cc96,SP,suzano,-23.55913237304534,-46.313992564585504,SC,-26.913134249178224,-49.113291279762265,467.253233474934,1,1,238.9,18.92,1150.0,2017-11-25 12:00:25,2017-12-22,2017-12-12 12:38:34,17,0,26
ee0a787b51e8c8d6b512e6b11f0bd926,91a019dbc86c0561969f0534338f3f07,SP,aracatuba,-21.202463469109176,-50.4574561941399,SP,-23.62609284359048,-46.7441113627446,467.215606705308,1,2,300.0,28.14,3000.0,2017-11-27 16:01:30,2017-12-15,2017-12-02 16:57:04,5,1,17
ba67c6b69ba40e05d03595b0b0730437,4194848ead37f7778bef2a42bcaa4f8e,SP,taubate,-23.00318716432015,-45.55886552732611,PR,-25.528526586040734,-49.24067174999999,467.0176899493006,1,1,139.0,18.22,5400.0,2017-11-24 11:05:48,2017-12-19,2017-12-26 18:59:06,32,0,24
53be71ad136b4e964acc33d8902666cc,1bc99ddb5029b70e5299afb9f22bd2ff,SP,taubate,-23.045277711760125,-45.56728822924508,SP,-20.806830481885147,-49.38960170992274,466.23100288836736,1,1,49.0,13.37,1550.0,2017-11-23 21:38:59,2017-12-13,2017-11-29 20:26:45,5,1,19
0d06a5815afe53875fb7bf4b7437fe8b,1dcc60dd188374880a488973252e96f7,MG,belo horizonte,-19.92772413405276,-43.94438902498696,SP,-22.40992251985108,-47.56321483192925,465.7773927002484,1,1,129.9,18.16,1200.0,2017-11-24 14:16:11,2017-12-15,2017-12-07 16:29:39,13,0,20
781deb650ad035019d532569f8ab3072,a85ccbd509c181ea209a92956e8f181a,SP,sao vicente,-23.95763034642794,-46.40733197562734,SP,-20.806830481885147,-49.38960170992274,465.54363305113645,1,1,49.0,13.41,1550.0,2017-11-27 14:13:02,2017-12-15,2017-12-20 09:48:56,22,1,17
e63f9dfbe6583ed5ea1dab97a5743793,9a5151e9b2e0447ac741b37a97bffb55,MG,uberlandia,-18.9239008462404,-48.25008947100231,MG,-19.836541382739888,-43.92185549333488,465.1925526135182,1,1,20.0,12.48,400.0,2017-11-24 23:53:43,2017-12-14,2017-11-28 21:06:33,3,1,19
d35d04877fd2f044b404b6e80567532b,01bb4e5dc779fa3f09a2c2cdf9561f7a,RJ,rio de janeiro,-22.979479425356224,-43.694505256592976,SP,-21.177173112308903,-47.767232134697736,465.020403081596,1,5,99.5,80.55,2165.0,2017-11-27 15:11:04,2017-12-20,2017-12-18 17:43:23,21,0,22
ef2cace7e3c2895b51eae5d230ea336b,bc89f041be2dc15c73aa301e97b0f7e7,SP,sorocaba,-23.500503266864765,-47.458412293297805,SC,-27.543786658615705,-48.631972642506845,464.7485220805146,1,1,59.9,16.18,700.0,2017-11-26 16:34:12,2017-12-20,2017-12-05 20:18:33,9,0,23
077700dcf4e3bb4128459fc825a4056c,aa7885fdaef957a25806339d446c2a71,MG,belo horizonte,-19.940673920133687,-44.01920608312653,SP,-22.82219330991709,-47.27062894035096,464.717808686016,1,1,199.9,15.15,416.0,2017-11-20 11:46:39,2017-12-11,2017-11-29 13:51:39,9,0,20
f1b3809a1da6d290236e12617e8be778,7c0db6cf652a60942237dd7237b56710,SP,suzano,-23.502526126646,-46.30510116845953,MG,-19.89852966212726,-44.03415449217125,464.3457640838319,1,1,115.0,17.06,1775.0,2017-11-24 22:36:53,2017-12-14,2017-12-26 11:40:29,31,0,19
cb26769d014df1d16ffd4de9098e95d7,d44fac4c94cd149d441c40511abd27bd,PR,londrina,-23.32117697808789,-51.112690863698,SP,-23.55643047625651,-46.56853012614689,464.3117687724007,1,1,70.0,17.74,6038.0,2017-11-26 18:20:48,2017-12-19,2017-12-04 20:43:16,8,0,22
c0030bfe8607128802ab2b0c500a016a,272e842bdbecbe72dd20a8bf474be8e7,SP,praia grande,-24.035959805903264,-46.530191768321856,SP,-20.806830481885147,-49.38960170992274,463.9778879563484,1,1,59.9,13.44,1500.0,2017-11-20 12:53:14,2017-12-07,2017-12-08 19:55:28,18,1,16
5a29fd07d4a1b1523a932159e4648b28,d0da29bb6c19ff57126bbbd9ed63dead,SP,sao paulo,-23.5606005,-46.75106786441802,MG,-19.989037300364373,-44.43044527644809,463.80369804837926,1,2,391.82,34.26,2045.0,2017-11-25 13:59:42,2017-12-20,2017-12-03 15:17:40,8,0,24
353a971e298d36b113bdded48003102d,efcedc1fbcd8066047fc017291654449,SP,buritama,-21.067136778115767,-50.1446528182702,SP,-23.595227193173283,-46.56076636913555,463.53703174766895,1,4,131.96,50.76,3400.0,2017-11-25 10:07:27,2017-12-18,2017-12-19 19:38:46,24,1,22
940d6ffb9723c1e13bd69d602c34dce3,5fab3587c62eb407975fa62dc9f9559d,MG,juiz de fora,-21.76280635059824,-43.36788430162771,SP,-21.165370022730333,-47.79714447071386,463.1251922559419,1,1,288.92,16.77,125.0,2017-11-23 18:41:57,2017-12-18,2017-12-07 19:19:08,14,0,24
6646811f070a6e46f85c938eb20b1842,2081ff2df7dc6982ff26036f2b7d113a,MG,belo horizonte,-19.98993393588781,-44.05250196150949,SP,-23.490514739107848,-46.47725188181562,462.8222828846913,1,1,34.99,15.11,450.0,2017-11-26 11:01:04,2017-12-18,2017-12-14 23:12:03,18,0,21
97a475450ceb764b03982eeb9bfc10a8,3aacb368d6b1db2b137d99daf9b3a05a,GO,cumari,-18.26476419536713,-48.14927679873251,SP,-22.41266271777723,-48.45158291779485,462.3003308449998,1,1,20.9,15.1,260.0,2017-11-26 23:26:23,2017-12-27,2017-12-07 16:06:01,10,0,30
b93b079468bdf6a20fd54cf45d1e03b6,e570debfd69192cdd2e846ae00869a33,RJ,casimiro de abreu,-22.48492526069301,-42.20044488978138,SP,-23.65869024839867,-46.52249513292757,460.9839990508908,1,1,56.99,15.15,400.0,2017-11-24 22:29:08,2017-12-20,2017-12-11 21:11:35,16,0,25
b213718ea651bba092dfdf03b7e07af1,1bc38870144132d17fd5b33044b52c59,SC,blumenau,-26.903564987330235,-49.13662770299058,SP,-23.51253401672528,-46.501049539944844,460.921276214588,1,1,129.99,15.66,700.0,2017-11-24 14:37:59,2017-12-19,2017-12-08 13:47:13,13,0,24
d813035bf048e38cbc188dec25b228c9,7c60c84731b8e58a42689eaab73eda48,RJ,rio de janeiro,-22.93528073550116,-43.18165906085174,SP,-22.70928658782974,-47.66520568122805,460.18605307811566,1,1,29.9,15.1,250.0,2017-11-25 00:04:49,2017-12-18,2017-12-20 17:18:23,25,0,22
de03eabe883303fb8aca896699692790,96c12dcc361459c7fc9201615e8a9939,RJ,rio de janeiro,-22.901833414103496,-43.18080246058632,SP,-22.70928658782974,-47.66520568122805,460.142157920741,1,1,269.9,28.21,4050.0,2017-11-21 11:50:11,2017-12-08,2017-11-29 17:16:52,8,0,16
c645c38b97d82c6a042adcf18df3daf3,f04a4d84ba2597da24b254fa733ebd80,SP,piracicaba,-22.74808139969014,-47.671907867880485,MG,-18.64584624455141,-48.20539720623941,459.5087978193288,1,1,23.7,16.11,400.0,2017-11-24 11:39:24,2017-12-18,2017-12-06 00:16:42,11,0,23
efd6e545a0e34fcc1b5a8fe60d9026ec,c6b4edcfa5b404de41a84649ae810ab3,SP,sao paulo,-23.624914227725213,-46.6501955540418,SP,-21.29407401379749,-50.34295220346251,459.4927579236617,1,1,83.9,12.09,275.0,2017-11-26 14:11:15,2017-12-15,2017-12-05 21:55:53,9,1,18
960dbad4c14e64cd6b327fdccdb2d231,8fc9381fb48de46be39e00f9cac972fd,GO,ipameri,-17.7190976018024,-48.15907238891024,MG,-20.076917145110954,-44.57734014848548,459.00450872276144,1,1,137.9,43.34,922.0,2017-11-23 16:06:57,2017-12-20,2017-12-07 20:22:24,14,0,26
eb61a98487395d9b7a135acd3d6905a5,369fa14214ae1c13595a90a2233b1484,MG,uberaba,-19.73504428615325,-47.890232004536784,SP,-23.659182,-46.52514198029314,458.5586817238939,1,1,49.9,15.1,444.0,2017-11-26 11:15:33,2017-12-20,2017-12-20 18:47:27,24,0,23
312384a598132f165ae6f58bc210f8fb,69deddc9a3d17bcc5d20eee6ab2d43b1,RJ,rio de janeiro,-22.912121384482425,-43.17276000612761,SP,-22.716465673062416,-47.64021883945973,458.3943390825068,1,1,29.9,15.1,400.0,2017-11-27 15:39:09,2017-12-18,2017-12-11 17:47:26,14,0,20
d688d29e40c2038d1ed9dff624fc9490,a4f89f092addda8288f8fb9fe2b5ae05,SC,blumenau,-26.876394,-49.12611043936692,SP,-23.51253401672528,-46.501049539944844,457.8597426468504,1,1,119.99,16.6,700.0,2017-11-24 10:32:47,2017-12-19,2017-12-08 14:13:41,14,0,24
15575c6a363e9f5da19a7b7f364976a1,779b194af1ede0fd0747dcadd6de76d8,PR,curitiba,-25.380894132667777,-49.330617876947215,MG,-22.280517751677763,-46.37007419909239,457.70238828424175,1,1,120.0,17.28,150.0,2017-11-20 22:20:55,2017-12-19,2017-11-30 22:41:39,10,0,28
f9899b702b4c536b09ae0efdb5023a71,45805ddfeeafcfacf248b9da2c25dfec,SC,sao francisco do sul,-26.243788027900305,-48.62662909980754,PR,-23.42843316855792,-51.91774739994137,456.3520532622503,1,1,18.9,15.1,125.0,2017-11-21 20:28:44,2017-12-12,2017-12-01 22:51:15,10,0,20
a0b44209913b27635b5d9813244b7f87,a1c66b94797658e934a9fdc38ccd2106,MG,araxa,-19.59431840486175,-46.937175010327024,SP,-23.69050632209016,-46.67948403830283,456.2528727464778,2,3,71.69999999999999,45.28,920.0,2017-11-25 10:49:51,2017-12-19,2017-12-15 20:19:22,20,0,23
9b969dc1831f8b2f90581c70b2a98820,a1f538df7a149071cca015c5b61b2c5c,SP,santana de parnaiba,-23.474839274770616,-46.89821131571351,PR,-23.312292978422285,-51.36473900914616,456.16953826571535,1,1,129.99,14.64,1650.0,2017-11-27 13:29:08,2017-12-19,2017-12-06 20:51:56,9,0,21
d1e51d46442dbad6b79b800dc7293869,312d3027d9c519119c09bbfe52d6a912,MG,contagem,-19.9767240057643,-44.036467980529686,SP,-22.56117141825844,-47.447471268798,455.4982426656026,1,1,20.3,15.1,200.0,2017-11-21 16:06:04,2017-12-11,2017-12-11 19:43:30,20,0,19
86309254ed4a0698cf9b97e5d28637df,808bede9c1df0d6a2963e6bb3f4e0470,SP,taquaritinga,-21.40575900554004,-48.5036568684573,PR,-25.440740004991664,-49.267218435340624,455.37884113885656,1,1,259.9,16.57,2600.0,2017-11-25 10:19:24,2017-12-26,2017-12-18 17:12:19,23,0,30
ee7943a284764f967e17a0767a876ed8,d6391ee55ace4a0e2306195d51d5a56e,SP,sao paulo,-23.60988230474924,-46.68778828795657,SP,-21.29407401379749,-50.34295220346251,455.37857503590703,1,1,123.9,12.37,3400.0,2017-11-24 23:26:44,2017-12-20,2017-12-18 10:33:37,23,1,25
3175edf02fcecf739fa306e493b283bb,95428d5dfe353e4188da40fd3f81f918,SP,sao paulo,-23.580546480019024,-46.63456825506376,MG,-19.487972011292747,-46.547513224428,455.1625370287126,1,1,109.95,16.53,500.0,2017-11-27 14:02:16,2017-12-20,2017-12-01 20:13:59,4,0,22
0b0448ca144af06370f09b67224e0eec,94f0aeb55a332b7a3480aae50c02c975,SC,itaiopolis,-26.33963554380196,-49.90758634852748,SP,-23.595227193173283,-46.56076636913555,454.8658164828248,1,1,38.4,16.11,1400.0,2017-11-21 16:14:06,2017-12-15,2017-12-21 18:43:41,30,0,23
ad4c9fc51e6080fe19b1e0a62752d55d,23498073f7aa58164d73d99dc9a51e50,MG,araguari,-18.65158486656263,-48.19241119054979,MG,-22.27164789897835,-46.16555647382263,454.5303955180729,1,1,82.9,14.31,1400.0,2017-11-24 20:40:42,2017-12-14,2017-12-04 19:04:55,9,1,19
3591b137120676965cee41e9cdb29cd0,b20d566928943834c831f5db761cae5e,RJ,barra do pirai,-22.474790507647008,-43.83472594741029,SP,-21.36006189551128,-48.072412538636975,454.3616587532151,1,1,146.0,15.77,444.0,2017-11-20 10:59:31,2017-12-14,2017-11-30 21:34:38,10,0,23
02d33b6a9d9e61e68ef9190bd30aefce,93c437a123d1d0df54db7df19b321939,PR,palmas,-26.48527602677208,-51.98993370830179,SP,-22.664873503750915,-50.41587124854291,453.6337433612804,1,1,39.0,16.11,1000.0,2017-11-23 15:01:36,2017-12-20,2017-12-16 18:19:01,23,0,26
6b4fe75bdf8d4a467678bc8f2132c06a,cc6acd0ad91aaeff9d3a67fd55b57196,SP,francisco morato,-23.27237014765088,-46.740036091162935,MG,-19.95254268289243,-44.196132792948255,453.2107427081552,1,1,168.8,14.93,513.0,2017-11-24 09:21:47,2017-12-19,2017-12-12 19:23:26,18,0,24
77670d903936f910039e218bb3ea400d,1efc9d3e28764888317beabc11686b06,MG,belo horizonte,-19.98763559908247,-44.04363928932604,SP,-23.46681894869581,-46.32457947955707,452.9376743463547,1,1,118.99,15.59,850.0,2017-11-26 14:00:32,2017-12-18,2017-12-05 15:03:20,9,0,21
e86d50789574a28a92e27efcdc90bd8e,f3fa4e33353f1e3a7f0012cedfaf5cb6,PR,matinhos,-25.819017540003703,-48.53977422405385,SP,-21.757690120914923,-48.82976816265947,452.5612722620904,1,1,169.9,26.03,3400.0,2017-11-25 12:03:26,2017-12-22,2017-12-14 22:21:56,19,0,26
9c290246355e5c4ece97651b258c9d06,22a86440ff9e8f2847a8bfc95c9f90be,MG,contagem,-19.91787999999997,-44.12519391626976,SP,-22.599254430886607,-47.40879928660274,452.3812874676191,1,1,29.99,15.1,350.0,2017-11-26 22:38:12,2017-12-29,2017-12-04 22:15:01,7,0,32
da6037ffff7c802ec858ebefb02ce949,53c9929d935e123dedc107a5be8edd9f,SP,sao paulo,-23.48715375738435,-46.7040389984708,SC,-26.825784077702185,-49.26999071426511,452.1970118486565,1,1,150.9,16.82,800.0,2017-11-27 21:27:28,2017-12-22,2017-12-06 20:09:57,8,0,24
781f0600f5db24d6986577216c1dda05,b314f61ce490f69d09a150a40b0872e4,SP,tupa,-21.92666589273832,-50.513100546811245,SP,-23.65869024839867,-46.52249513292757,452.1201986423999,1,1,84.99,12.93,600.0,2017-11-26 20:52:35,2017-12-18,2017-12-13 18:52:37,16,1,21
3cc50a462016d06a3cebf8f5731d3ee6,275232a5e605bb6d1f97eb77679bfd0f,SC,jaragua do sul,-26.491203754919542,-49.05336001987973,SP,-22.854677050233725,-47.05197199708997,452.08666489886986,1,1,98.8,17.94,1663.0,2017-11-23 20:26:23,2017-12-18,2017-12-06 22:37:16,13,0,24
1cbc4deb78977f04e2e3c262a613abc0,091644e5b77192246134faa0a042a356,SP,sao jose dos campos,-23.21087131779099,-45.85379743144441,SP,-20.806830481885147,-49.38960170992274,451.9873278232972,1,1,49.0,13.44,1500.0,2017-11-25 13:31:25,2017-12-15,2017-12-07 17:48:53,12,1,19
ed1691ef26bd8279bd5946561af1ff0d,99ce553a3ac79b26416f2adca143760e,SP,sao paulo,-23.568992412166267,-46.6995636067863,SC,-27.09769968202812,-48.91635073293087,451.1829380273063,1,1,522.5,24.15,6025.0,2017-11-21 15:09:22,2017-12-12,2017-12-15 01:12:28,23,0,20
f907eb5eddb04b68f52bbba38b075e8d,79f25ca3e3ffdecc5ff884d8c2e61dc8,SP,sorocaba,-23.52189665389564,-47.4748678425117,RJ,-22.53988593060518,-43.197575382221615,451.0957925161509,1,1,369.9,18.35,475.0,2017-11-22 07:54:51,2017-12-12,2017-12-09 15:34:39,17,0,19
21a724726546c32790ded320f982a506,520a639ebde74dba27ff8cd45874d67a,MG,brumadinho,-20.143995002659533,-44.20205595801386,SP,-23.543666339719525,-46.57580075340465,450.44442648554536,2,5,151.98000000000002,64.0,7400.0,2017-11-24 23:17:34,2017-12-19,2017-11-29 21:51:21,4,0,24
364b5f3b94152788007c68501e6c79b9,e766b2237b6c87f74f34d932ca8aa2ec,SP,icem,-20.34038102123517,-49.19756749398083,SP,-23.552032416180964,-46.53746144532288,450.3045422504504,1,1,229.99,17.24,2150.0,2017-11-24 14:03:15,2017-12-14,2017-11-30 15:27:13,6,1,19
26a61c64f323051101667738921220fd,abdaafe64479e307e9ee94472e1a77ee,SP,mogi das cruzes,-23.454556983128096,-46.08289846798539,SP,-20.806830481885147,-49.38960170992274,450.1691626364174,1,1,49.0,13.44,1750.0,2017-11-23 23:20:32,2017-12-13,2017-12-01 20:14:50,7,1,19
39b9820979b360fd55967934e0bc3f80,1d446ada44950f2608dc0c04c9b74bef,RJ,nova iguacu,-22.750088488141653,-43.456827297928704,SP,-23.052705625933136,-47.83614945236365,449.8173863415202,1,1,88.0,17.87,2100.0,2017-11-26 19:09:22,2017-12-21,2018-01-10 18:04:20,44,0,24
e85a5feeff7fbda800ceecfd2fb221e1,b9fcfcfa2b5dcda46ffb3bfe7f6a583f,MG,nova serrana,-19.87482809063998,-44.98560567343412,SP,-23.65869024839867,-46.52249513292757,449.6692841537941,1,2,113.98,30.3,650.0,2017-11-24 22:28:43,2017-12-21,2017-12-05 11:25:03,10,0,26
700546945c05f91ea52fad741062bce9,b94f060aabc0001e614ca7aca2761039,RS,porto alegre,-30.064347911737563,-51.226660974060735,SC,-26.488493474897464,-49.08236411518263,449.6266960104592,1,1,299.9,33.19,6613.0,2017-11-24 17:56:56,2017-12-15,2017-12-04 16:23:27,9,0,20
860a775a4c01146f0dac9eebe2ac8461,753f6e40ce5c9753d617ef1405cf67a8,RJ,araruama,-22.869815753171125,-42.329823876168525,SP,-22.611004585010026,-46.70334132489496,449.4152540901324,1,1,249.0,17.5,1000.0,2017-11-24 11:56:51,2017-12-21,2017-12-28 12:45:03,34,0,26
330e33e1ba4ecfc10b0f1225fd9276ad,e6188aba82d3470095f9366e1a0b1ec7,MG,bom despacho,-19.74088541741059,-45.2564896750905,SP,-23.595227193173283,-46.56076636913555,449.265307981722,1,1,250.0,62.49,12250.0,2017-11-25 19:51:13,2017-12-26,2017-12-18 23:43:27,23,0,30
990b06bbc34b4cc33f5bfa108dcbe239,dca2c10a2302950e89f87db1afd7adeb,SP,jacarei,-23.30395324646543,-45.96258897068984,SP,-20.806830481885147,-49.38960170992274,449.2225536393527,1,1,49.0,13.44,1500.0,2017-11-23 23:00:08,2017-12-13,2017-11-30 21:32:34,6,1,19
41e296c991263f9ade5507299e38fe72,26414d88442f62fcbd8a39607b9211e4,SP,suzano,-23.54774980834696,-46.293749082625176,SP,-20.815284251516896,-49.50746551808157,449.1967510408216,1,1,129.99,20.88,7600.0,2017-11-25 01:30:14,2017-12-15,2017-12-05 01:24:41,9,1,19
04626f2c41e6a49d4c2102a7d410797a,615ae88261f09750647dcdb0cd6858d2,SC,brusque,-27.08058947821569,-48.893330116048766,SP,-23.65869024839867,-46.52249513292757,448.8750581810676,1,1,53.99,15.13,200.0,2017-11-27 10:47:32,2017-12-21,2018-01-08 21:43:48,42,0,23
f5e8dd6f3cfc89bc152991875437aaa2,b86d636190726d03f8ffa1a6d3afe448,SC,gaspar,-26.93560432756928,-48.93871513383137,SP,-23.4728523597005,-46.64749129087078,448.7382653263068,1,2,25.98,35.2,2400.0,2017-11-23 23:22:14,2017-12-21,2017-12-01 14:46:51,7,0,27
b0dd70806e7372c35f599726cb3170cb,58dcb42af4f9db51ba00c28ddf479b3f,MG,contagem,-19.969855614833065,-44.058136801775525,SP,-22.881152314602136,-47.05060719525074,448.0056267747214,1,1,49.9,14.1,575.0,2017-11-26 16:45:47,2017-12-15,2017-12-15 20:49:53,19,0,18
3dd56a86707d14e6cac73040b282b6f7,df530c707fba94774a50985f6c29ba49,SC,blumenau,-26.95352206919853,-49.0768345160616,SP,-23.65869024839867,-46.52249513292757,447.3545387719404,1,3,21.0,45.3,450.0,2017-11-24 15:20:14,2017-12-21,2017-12-08 19:34:54,14,0,26
55128b961e747e4f1cab023552fddfa0,52994c30c7cb9d776463cacaef4c028b,SP,mogi das cruzes,-23.536294213793404,-46.20095422081212,SP,-20.806830481885147,-49.38960170992274,447.0898553645995,1,3,147.0,40.25,4600.0,2017-11-24 10:57:09,2017-12-14,2017-12-05 22:41:48,11,1,19
0d694d4d413750922e42f63577896916,9b87b9bb4f1b6cd001096294c21970c8,GO,caldas novas,-17.742063044681643,-48.62114540273837,SP,-21.757690120914923,-48.82976816265947,447.0505229560242,1,1,56.99,16.16,875.0,2017-11-24 23:20:02,2017-12-20,2017-12-30 00:06:59,35,0,25
4989f24aefab3dbce57d00db89e58bf8,94a826c29ecad5e1fb272db860084dc9,MG,juiz de fora,-21.757746913540903,-43.35368617603624,SP,-20.916468353698388,-47.574216767527176,447.0125689707675,1,1,115.0,21.3,1900.0,2017-11-24 18:16:27,2017-12-19,2017-12-15 19:46:58,21,0,24
6a5664e1fb811235e24050acd7c68688,5804bbbaa7d649033a0587b33b6d76a1,SP,sao paulo,-23.607164503750912,-46.63086556134222,MG,-20.076917145110954,-44.57734014848548,446.0862875280765,1,2,275.8,77.62,1844.0,2017-11-25 08:38:03,2017-12-18,2017-12-06 17:12:07,11,0,22
ab0440479873dd65da01b76ae53ec3c0,266ef8e8154fa4da8479fcfc85ccad8f,SP,mogi das cruzes,-23.50058422170504,-46.1484275495466,SC,-26.47130037496394,-49.11429303639132,445.4619095722006,1,6,135.0,90.6,2400.0,2017-11-25 11:59:13,2017-12-20,2017-12-07 17:33:47,12,0,24
a588785e8399e5c1a0416e1101ef85b3,01389f4d25fdacc049ce7dfe96c259e3,RJ,macae,-22.338693000000003,-41.75556508869113,SP,-23.302661247830148,-45.97283979175633,445.3030728127142,1,1,75.0,15.28,350.0,2017-11-25 22:27:12,2017-12-20,2017-12-16 16:52:22,20,0,24
cb4e5fca9b25bcc00d9d7d7ba9f4eac3,c8f0cf5704e76a3b2cab1e1cc12cbdf2,SC,joinville,-26.326983965448072,-48.88001811303306,PR,-23.42843316855792,-51.91774739994137,444.6870517581427,1,1,18.9,15.1,100.0,2017-11-24 20:59:56,2017-12-18,2017-12-05 19:43:34,10,0,23
2e4b8f3c830953a48af0475828ce834e,9ead440af699d23efa370268809949f3,SP,porto feliz,-23.21124348136533,-47.52249609927289,RJ,-22.93534069637593,-43.186718398333056,444.5920663130863,1,1,99.99,17.95,675.0,2017-11-25 20:18:51,2017-12-20,2017-12-05 19:54:48,9,0,24
de4c5454fb8e64f76ec9689a472b23c7,66b1555c5aaf32eda9799f8c6af3a884,SP,rafard,-23.02001580060169,-47.52851815859589,RJ,-22.93534069637593,-43.186718398333056,444.5638511957973,1,2,199.98,35.9,1350.0,2017-11-24 14:45:59,2017-12-19,2017-12-13 15:25:20,19,0,24
c3664571c21d82f7d8ada5770af419f9,3c6de6b65568723360510737edb81465,SP,limeira,-22.56667829871647,-47.38666335498297,SP,-21.486471927360125,-51.53351950792364,443.98650224608446,1,1,24.5,11.85,150.0,2017-11-27 19:41:55,2017-12-15,2017-12-11 15:28:55,13,1,17
3bd4ee403abd790f3250984b0eddb23a,34ebe2efa87835e9850707112d1a6a33,RJ,rio de janeiro,-22.87647066395896,-43.58311900238119,ES,-20.276177392711983,-40.326803538447066,443.78498890992097,1,1,12.49,15.11,1300.0,2017-11-27 14:31:05,2017-12-19,2017-12-20 23:37:03,23,0,21
508ecdaf77144e9b64870ae67db856fe,30f0e4aaa8fa99752adacfb62eaf6a27,SP,suzano,-23.59297157208284,-46.30570458129854,SP,-20.806830481885147,-49.38960170992274,443.5629880583127,1,1,49.0,13.44,1500.0,2017-11-25 02:39:35,2017-12-15,2017-12-05 19:17:28,10,1,19
509e9d1f29c6fe103a4738b15478ac45,c3f9d2766e289410c0cc3a4256667bde,MG,itajuba,-22.41950093197918,-45.46573786030973,SP,-20.806830481885147,-49.38960170992274,443.4781732683986,1,1,49.0,17.64,1550.0,2017-11-24 23:07:12,2017-12-19,2017-12-12 19:45:03,17,0,24
8a80054573ee01a321c77752da93566b,8f7a8c9d811d4acc07eaaf3cae69ac34,SP,sao paulo,-23.53314528726409,-46.71661485858965,MG,-20.076917145110954,-44.57734014848548,443.2304904094945,1,1,133.9,18.19,1033.0,2017-11-24 07:46:21,2017-12-15,2017-12-04 22:56:39,10,0,20
973d0da651ae6607b18859b36ed1d6ad,8e22a5ea91de638ad65f58b8473f1e1b,SC,brusque,-27.11638950764605,-48.91237719690787,SP,-23.68122370760001,-46.712072181862766,441.2768223969856,1,1,399.0,18.55,700.0,2017-11-25 19:44:56,2017-12-26,2017-12-22 20:13:42,27,0,30
18b7eabb777a9afcf244fac3c27f3391,da67a008e8bbd5c0c6e6f9ae44121d84,SC,blumenau,-26.907299926452744,-49.099065061746266,SP,-23.6052583580414,-46.668910957863645,441.03430524477767,1,1,15.0,15.1,450.0,2017-11-27 20:04:29,2017-12-20,2017-12-13 16:29:08,15,0,22
b1791785e507945110408ae91ef3fa18,178049c612998e8e479d038c4cc6424b,RJ,macae,-22.38914767178753,-41.78608335605058,SP,-23.302661247830148,-45.97283979175633,440.8654106361264,1,1,79.0,16.31,675.0,2017-11-24 13:37:18,2017-12-18,2018-01-04 21:53:14,41,0,23
a2ca5377628d6a20bacb91260767bb69,69ad2710e68c0c7cbd5ed2e76ccf0ada,MG,bom despacho,-19.74088541741059,-45.2564896750905,SP,-23.51633441909516,-46.54744111705809,440.497282534011,1,1,139.54,18.23,250.0,2017-11-26 17:10:03,2017-12-20,2017-12-13 17:42:37,17,0,23
01c2c8708930c4fb8ed278dfe7ec93c7,bd5367862812e14c7400da5cd1e1b135,SC,balneario camboriu,-26.993432999999943,-48.634162435885465,SP,-23.53526522231519,-46.497580438802,440.4555336319436,1,1,239.99,17.44,525.0,2017-11-26 20:19:15,2017-12-19,2017-11-30 23:29:01,4,0,22
bb4fb8e6263745e0b5dfb72b42a9b7e5,4e8206cfd9d078fe620c0da3fc2ddd7c,SP,sao paulo,-23.74981810254469,-46.70140755620633,SC,-27.143863729700307,-48.95995049999999,440.2627387906328,2,2,138.2,34.47,2625.0,2017-11-24 21:42:42,2017-12-19,2017-12-13 14:22:56,18,0,24
c616da5cc141068461ed014eb4c21d9d,116f2485586eef5359edb16d364f7136,RJ,rio de janeiro,-22.912000889260764,-43.37752140605343,SP,-22.70928658782974,-47.66520568122805,440.04312636658494,1,1,89.9,17.88,1200.0,2017-11-24 10:40:01,2017-12-15,2017-12-05 19:48:47,11,0,20
cfb88f9053ce059b4de5d506ca4a2c5f,04acb20e159d994a8fffcea71f751785,RJ,rio de janeiro,-22.912000889260764,-43.37752140605343,SP,-22.70928658782974,-47.66520568122805,440.04312636658494,1,3,269.70000000000005,53.64,4050.0,2017-11-24 10:38:00,2017-12-20,2017-12-19 16:48:39,25,0,25
a74a0d8cb14bbd44e581b80beb6f1a37,1f41374ef769597a92f3f12fa61c4274,RJ,rio de janeiro,-22.922355824860112,-43.24398668180498,SP,-23.49832034060828,-47.501808045516185,439.7989633322171,1,1,47.33,17.6,1400.0,2017-11-27 10:02:13,2017-12-15,2017-12-05 19:14:01,8,0,17
3b9119591008704806aad33e4ebd3201,6e441d93f95beaaf3a87e6982439120d,MG,tres coracoes,-21.69506411550893,-45.257499190163706,SP,-20.806830481885147,-49.38960170992274,439.4502251894712,1,1,49.0,17.67,1750.0,2017-11-25 12:47:41,2017-12-20,2017-12-14 00:17:50,18,0,24
89d881134bb068f04011771181b2cb86,b5c4e636b21367a011c2af4f758c8096,RJ,rio de janeiro,-22.970894018595992,-43.38784233625709,SP,-22.70928658782974,-47.66520568122805,439.2767974374231,1,1,339.9,28.7,4900.0,2017-11-21 15:40:39,2017-12-08,2017-11-30 22:58:28,9,0,16
626769ebfbed1c226afe8deb0a5381fc,bc1001ca98d679d8bf6e2a9e1b519fe9,SP,arandu,-23.135513896252853,-49.054808553069606,PR,-23.75137194393789,-53.3047123117028,438.914916829368,1,1,59.9,16.18,700.0,2017-11-21 18:33:24,2017-12-18,2017-11-29 17:39:03,7,0,26
40873b37163716fad21393ee93374543,b2c2817603b236e42729436c3e652774,SC,massaranduba,-26.6106124562893,-49.00620417524838,SP,-23.54503306703846,-46.26184741683954,438.812984380017,1,1,69.9,16.25,950.0,2017-11-24 08:17:08,2017-12-21,2017-12-11 16:37:15,17,0,26
7c1afefc4a95869d89d57c14e8fb7cc5,63b7bb666c5bedee1ba510c017862eda,SP,sao paulo,-23.57585532722604,-46.537505926452745,MG,-20.076917145110954,-44.57734014848548,438.5103860483837,1,1,233.0,18.88,1150.0,2017-11-27 22:31:40,2017-12-18,2017-12-06 21:32:20,8,0,20
685eaef260332ff45909f2f0a44b60f0,dbc9a93b4f30c4cfc6d4e5f88359c2db,MG,ribeirao das neves,-19.766219250265458,-44.12734755209054,SP,-22.740512158523465,-46.8958585777586,437.79723549306095,1,2,235.6,131.82,44900.0,2017-11-26 12:16:03,2017-12-19,2017-12-04 19:52:18,8,0,22
d52d8b400bb758fb5b25ca1af464f814,129ae9b07360545f7752ed4251ea5041,SP,sao paulo,-23.594209574528204,-46.47951437968147,MG,-20.076917145110954,-44.57734014848548,437.5991905766045,1,1,277.0,19.19,800.0,2017-11-24 00:24:32,2017-12-15,2017-12-02 17:27:04,8,0,20
2477bfb97977363803e3cdd7c6805198,8eececd782170fd1c5b538b1fdfb0093,RJ,nova friburgo,-22.27253137206716,-42.53044578660735,SP,-23.65869024839867,-46.52249513292757,436.783699799583,1,1,58.99,17.66,200.0,2017-11-26 23:26:59,2017-12-20,2017-12-18 16:59:11,21,0,23
4d920656159629630f3cca4092065c72,9370fe4ed90a768d1529b5798df4c18e,SP,sao bernardo do campo,-23.708508755236668,-46.5428547991372,SP,-20.806830481885147,-49.38960170992274,435.7735474745615,1,1,49.0,13.44,1500.0,2017-11-27 18:18:16,2017-12-15,2017-12-08 14:54:51,10,1,17
9b8d8bda9cab2bc51a14d444adc6af8a,28c99f67a6c4f18ab59f86f83dd36b55,SP,penapolis,-21.42882443052843,-50.0717398199599,SP,-23.53526522231519,-46.497580438802,435.5288473973823,1,2,71.98,23.7,1150.0,2017-11-24 17:01:41,2017-12-14,2017-12-01 22:19:59,7,1,19
abfd1269870ad7d9a39d6bdfd5e77ad8,73678760a21b17d7d3aaa15b4041c6f4,SP,sorocaba,-23.49184373665444,-47.4095082072799,MG,-20.44159268613129,-44.76588783921957,435.120217076813,1,2,72.0,79.36,16200.0,2017-11-25 22:59:58,2017-12-20,2017-12-13 17:51:40,17,0,24
12a408b60b694ab095783ea92af18e1d,33b04ed3a65920372c212f95cb9fa5ca,MG,santo antonio do monte,-20.091056153669804,-45.29048566507433,SP,-20.806830481885147,-49.38960170992274,434.4162651177506,1,1,49.0,17.67,1750.0,2017-11-24 13:58:39,2017-12-19,2017-12-11 21:27:12,17,0,24
c9fbd3052dbd9c9ff427806225df3ad8,eebae414ff03e98fc5c4ecc1b449d6fb,SP,santo andre,-23.68317870979484,-46.53611412753189,SP,-20.806830481885147,-49.38960170992274,434.1794871667687,1,1,49.0,13.44,1750.0,2017-11-24 20:11:37,2017-12-14,2017-12-06 19:48:45,11,1,19
33cfab47136079a808c8d12d7f61730b,b2d8576243e226f1ca060a707091e72b,RJ,petropolis,-22.510125797378475,-43.22025644952138,SP,-22.56117141825844,-47.447471268798,434.17541798006766,1,1,27.3,15.1,200.0,2017-11-25 18:27:30,2017-12-19,2017-12-23 13:43:22,27,0,23
7e8a488126f108bf5841a1bc1dd2c762,a1d97f3fb92d14746f2f68ce15c689bb,MG,belo horizonte,-19.907458496393325,-43.904417917791775,SP,-23.302661247830148,-45.97283979175633,433.8608866571757,1,1,69.0,15.23,367.0,2017-11-24 17:19:25,2017-12-15,2017-12-14 21:57:52,20,0,20
f0f8ddca6e245aed05b58e2ad7986a0d,6e9fc33f111f0719202f45c24204acd0,SP,itapolis,-21.59505001979666,-48.8110644105608,PR,-25.469979548156257,-49.306212701915854,433.8176099780563,1,1,29.9,16.11,900.0,2017-11-24 02:48:07,2017-12-21,2017-12-04 15:34:04,10,0,26
39df1de47e267f7b0ab662c18a428319,767f8e8f093ad7f1f65561d69e39a3b5,SC,blumenau,-26.93784331253563,-49.06413093741701,SP,-23.941438868717192,-46.30279503554525,433.4297721630012,1,1,38.49,15.1,300.0,2017-11-21 19:58:08,2017-12-12,2017-12-08 14:57:31,16,0,20
a37bfcf3d20f35acbeb8802726c3fabd,d81da029b132ec65b31f0ad2b7d6f728,PR,sao tome,-23.53459405206865,-52.58881518014108,SP,-21.757690120914923,-48.82976816265947,433.386540130735,1,1,99.9,16.46,1550.0,2017-11-26 23:06:02,2017-12-22,2017-12-13 13:58:50,16,0,25
b7441c24c727cdf423f8339a62447193,83ec5df9d919623cea294ca76be73b0c,SP,mirassol,-20.815284251516896,-49.50746551808157,SP,-23.595227193173283,-46.56076636913555,433.06840486190686,1,1,250.0,35.02,12000.0,2017-11-22 21:12:44,2017-12-11,2017-12-18 15:19:08,25,1,18
a64ff6ad7d023ed734dca48c924c0ac9,531de017d4c5943227276ae3ba96be10,RJ,nova friburgo,-22.323580795222504,-42.5478444515302,SP,-23.65869024839867,-46.52249513292757,433.0682020075598,1,1,23.99,15.1,100.0,2017-11-23 12:04:50,2017-12-18,2017-12-07 19:21:50,14,0,24
a341bd212253532f9af16db8dd47df85,6b682c8ec4f6c61781f63530b2b3e480,SP,sao paulo,-23.620468002221696,-46.48161159977497,SP,-20.806830481885147,-49.38960170992274,432.9736443081919,1,1,49.0,13.44,1500.0,2017-11-24 21:27:22,2017-12-14,2017-12-04 14:53:43,9,1,19
12c9b99637fcd911992b818793dfe8cc,4aceaefa6ec7bde59742df9ae8dd479e,SP,ribeirao preto,-21.216126612526025,-47.82080551748513,MG,-19.870106184913464,-43.91871377032721,432.9700207665948,1,1,399.9,51.33,12000.0,2017-11-24 13:50:00,2017-12-15,2017-12-26 23:49:51,32,0,20
2d5ae830c6d01bd20fb19d16cef10ce3,1aa4931994ecbbd3ec57dacac0d7bc08,SP,populina,-19.94272166420496,-50.5382881803198,SP,-22.56117141825844,-47.447471268798,432.8315945591049,1,2,47.6,23.7,400.0,2017-11-24 19:21:39,2017-12-14,2017-12-05 18:10:16,10,1,19
36d41a5b60875876ac9f3dea8d233a1f,9525e9588f32cbc9dd5eecd6c63da24b,MG,conselheiro lafaiete,-20.66098873218928,-43.78603931055854,SP,-22.82219330991709,-47.27062894035096,432.7299700902406,1,1,99.99,15.59,250.0,2017-11-27 08:41:22,2017-12-19,2017-12-18 23:08:06,21,0,21
cacd075ead957703244655d22b0cb474,de6707c64119c18cc15bb87e70cafe58,MG,sacramento,-19.87068654737053,-47.443123441417015,SP,-23.65869024839867,-46.52249513292757,431.7973001041047,1,2,117.98,35.32,400.0,2017-11-23 22:14:49,2017-12-19,2017-12-01 23:26:59,8,0,25
67f62d8c0eb28a115a033ad02b2d4b3f,dc3c81bd4e0ace3f4b67883f85af1eb4,MG,sacramento,-19.87068654737053,-47.443123441417015,SP,-23.65869024839867,-46.52249513292757,431.7973001041047,1,3,71.97,45.3,300.0,2017-11-23 22:14:47,2017-12-21,2017-12-01 16:46:46,7,0,27
cf8e0bf248046a2be2b5ed74b01f98b2,5a5d8dc362bb1a87be5052f2dd82d4d8,MG,divinopolis,-20.133631952864427,-44.90227328320033,SP,-21.73651327492292,-48.68791766596293,431.6443480293381,1,1,164.9,16.91,900.0,2017-11-23 12:17:53,2017-12-29,2017-12-19 13:51:57,26,0,35
2cc9c93cc397ccf52de57fda56c36c03,f38c843311c015d30911b4bf8b2d0a98,MG,patos de minas,-18.577397469319024,-46.49585357139817,SP,-21.757690120914923,-48.82976816265947,429.39296764176055,1,2,179.8,39.0,3208.0,2017-11-24 19:21:47,2017-12-19,2017-12-12 14:34:56,17,0,24
9c6aefa5cff43aaa6ab742a0dfc5c1cd,c62da1081c1f87e25a54351bda880be9,PR,curitiba,-25.58860776242136,-49.331401071153294,SP,-21.757690120914923,-48.82976816265947,429.0290696151786,1,1,82.99,17.83,1450.0,2017-11-25 00:59:05,2017-12-22,2017-12-16 01:23:14,21,0,26
1b2db2aab76c9c5abd0f6538ca507016,db18213211c2b66e2a8371651ca0fc0b,SC,blumenau,-26.8727408406988,-49.10405740974241,SP,-23.652442526788203,-46.75549168747648,428.9213327359992,1,1,29.0,15.1,250.0,2017-11-24 01:32:22,2017-12-19,2017-12-07 19:27:09,13,0,24
889f4a91a6dd40de2cff5139cf2da1e6,6bf3d65c15bc4af3f6d4415216be6cac,MG,conselheiro lafaiete,-20.66098873218928,-43.78603931055854,SP,-23.56836984105245,-46.52214825721335,428.871488288102,1,1,176.9,17.0,1050.0,2017-11-20 11:45:29,2017-12-15,2017-12-20 00:43:25,29,0,24
5a0d3e375b4f44ea40854520a34cb7b4,ef13317ce9921eab2057cb68fe99a912,SP,sao paulo,-23.70120810309062,-46.63483367692889,SP,-20.806830481885147,-49.38960170992274,428.8652101606652,1,1,49.0,13.41,1550.0,2017-11-25 21:55:55,2017-12-15,2017-12-09 20:03:48,13,1,19
d4c324a61d74cbf91304f5c193b5d788,29faae90992b74d512970ce668410f81,SP,americana,-22.70395723387633,-47.29442582517983,SP,-22.09961715066345,-51.40819739735439,428.19983815726687,1,1,67.8,11.97,200.0,2017-11-26 14:31:13,2017-12-15,2017-12-01 11:53:56,4,1,18
49339749b24288f34c827ba8f470a1e2,1e25825127b762cf429607fb83d14e32,RJ,teresopolis,-22.41247154694622,-42.9834294315611,SP,-21.46659046556102,-47.00531582543479,427.9332030835688,1,1,47.9,15.1,200.0,2017-11-24 20:26:33,2017-12-19,2018-01-08 20:59:33,45,0,24
841db6722b61d17ec70ba20934e58528,e321feb702549b26f2ccd5518359229e,SP,sao paulo,-23.56022602553523,-46.48668054302036,SP,-20.806830481885147,-49.38960170992274,427.8399553205452,1,1,49.0,13.44,1750.0,2017-11-27 21:16:37,2017-12-15,2017-12-10 17:04:07,12,1,17
17c80e00cb0e561fc779745fae6dc4e9,4e46b98e954d79ebbf7744bc8f7e76ed,SP,americana,-22.73044114996501,-47.35488582695192,RJ,-22.93534069637593,-43.186718398333056,427.7537716880436,1,1,99.99,20.19,1550.0,2017-11-26 13:04:06,2017-12-18,2017-12-05 00:08:46,8,0,21
87ef789179736a942af20c37ae5f53a8,1197cb588d4f4fe1169b633a1d525ee6,AL,tanque d'arca,-9.534635202523974,-36.43345656612996,BA,-12.89472449617752,-38.33875838605659,427.5142491677401,1,1,289.0,16.77,450.0,2017-11-24 23:18:14,2017-12-26,2017-12-11 15:15:24,16,0,31
04730e3327a051a939ae815e14e482e1,1f73a986d985bf8c6ace5bd5a3e0b1e8,RJ,marica,-22.918123077163223,-42.81760650604593,SP,-23.489821337123363,-46.95315217080441,427.3905451174968,1,1,599.0,17.94,550.0,2017-11-24 21:44:07,2017-12-20,2017-12-13 19:12:23,18,0,25
74ce4e856952d6ed0fe4f328def2b809,7ea22fc8425fa4430b94860142a7ee0a,RJ,sapucaia,-21.99528935629655,-42.91617431054797,SP,-23.576826793496515,-46.71598858744651,427.3745320888245,1,2,193.98,32.88,1800.0,2017-11-26 00:50:18,2017-12-20,2017-12-06 23:43:05,10,0,23
b06148c7becf3bd438661b35330e4eaa,760f259329e5def2ecf277a223dd1e76,SP,rancharia,-22.22993501262289,-50.89381440529928,SP,-23.489821337123363,-46.95315217080441,427.3559609156472,1,1,1029.99,18.71,500.0,2017-11-20 21:55:53,2017-12-07,2017-11-28 22:11:27,8,1,16
d1bae3aba9294d4d0cb1141637b50f07,e1beff196f6fd3f593afac2bc3131e4b,SP,pilar do sul,-23.81286528566852,-47.71895832790252,SC,-27.2316076882972,-49.6522588104316,426.7627777502536,1,1,149.99,16.81,1000.0,2017-11-20 17:58:06,2017-12-14,2017-11-25 19:26:37,5,0,23
6501b8706ad91690114d2f5cb00a02a5,43a7dec98e9ec118d59b430191944a29,RJ,rio de janeiro,-22.93003541243005,-43.38943773232147,ES,-20.27110455009337,-40.41523240211024,426.5415019811486,1,1,99.0,33.08,9000.0,2017-11-24 15:51:04,2017-12-18,2017-12-09 18:42:01,15,0,23
05981a7bf1a18eb991af55a8a8dbdf83,888c9e6c1b81d921be22d597e458b16b,SP,sao jose do rio preto,-20.78725796541124,-49.398626799340434,SP,-23.625852663887155,-46.61139748251486,426.5355899058226,1,1,17.99,11.85,117.0,2017-11-24 16:03:41,2017-12-14,2017-12-19 19:16:59,25,1,19
7920529b8621a433718e66c72a763bdc,5ef5b5c4390be15d51dc7637f3e0bcd9,MG,divinopolis,-20.133631952864427,-44.90227328320033,SP,-23.65869024839867,-46.52249513292757,426.1100846471542,1,1,58.99,17.66,200.0,2017-11-20 22:35:58,2017-12-11,2017-11-28 16:54:34,7,0,20
4dd7f2a626802cc8cd2460e18c8da8b8,bfc5d0939f558b9c4b5afa10be9558f1,SP,sao paulo,-23.53909404662705,-46.48892073619365,SP,-20.806830481885147,-49.38960170992274,426.01613692155576,1,1,49.0,13.41,1550.0,2017-11-24 12:10:51,2017-12-14,2017-12-14 10:51:35,19,1,19
b1f7fb71499474d31b9352b2e91a5220,9a0093dfa08ee67348a6ac005135a2b6,SP,sao paulo,-23.55306126089216,-46.627660240421854,SP,-26.91181862157633,-48.65558858521831,425.5256214549671,1,1,54.16,20.87,1550.0,2017-11-24 07:29:12,2017-12-18,2017-12-03 13:59:51,9,1,23
6f4016e726a9987c48a94f9c2e26898a,2b829a337fad82db503dba0855ddb3ef,SC,jaragua do sul,-26.491203754919542,-49.05336001987973,SP,-23.437197,-46.51136742270183,425.3905764452657,1,1,159.77,16.88,450.0,2017-11-21 23:58:55,2017-12-12,2017-12-08 17:42:56,16,0,20
142721e620ef263e3d3ffa99e7c0e096,3a79d210106a6f0153ba75c77d71392d,MG,uberlandia,-18.9239008462404,-48.25008947100231,SP,-22.70928658782974,-47.66520568122805,425.28061308978334,1,1,119.9,18.09,1800.0,2017-11-24 13:35:51,2017-12-19,2017-12-05 16:14:56,11,0,24
d1c433d85b26e0171d6f80a9356ae7bf,df6e96da5aba22aaf0e63f79c82b0e6f,SP,guarulhos,-23.44367364210284,-46.55222227553523,SP,-21.426847789373337,-50.0643276561055,424.9303203867445,1,1,84.9,13.61,1400.0,2017-11-24 10:33:49,2017-12-26,2017-12-05 16:22:53,11,1,31
69730255ec58c4cf06be03ba4718b994,3ba092709645951ce8c3607ab0ba6505,SP,sao paulo,-23.599338171244742,-46.57876904079865,SP,-20.806830481885147,-49.38960170992274,424.4156478843641,1,1,49.0,13.41,1550.0,2017-11-24 09:15:36,2017-12-14,2017-12-05 21:58:50,11,1,19
481261db37f84927929168d7b183b54b,e8217fb18c09c697dbf62a9ff30e812a,PR,cruzeiro do oeste,-23.78392136967995,-53.07150866210026,PR,-25.431155907508472,-49.28552783051147,424.2877432490555,1,1,150.0,13.18,150.0,2017-11-20 11:44:11,2017-12-12,2017-11-24 16:55:43,4,1,21
988f13625d65d9a81777bb4d93d01e1b,5e314ae29121bbbcd0e1480d21211017,SP,sao paulo,-23.680349015263435,-46.74245610071573,SP,-21.426847789373337,-50.0643276561055,423.2358429177876,1,1,84.9,13.61,850.0,2017-11-25 09:55:39,2017-12-27,2017-12-05 16:37:04,10,1,31
02dcfbe3274b16820a9fca74c156dc9a,568582be60824f5a39353bf7aafcffae,SP,sao jose do rio preto,-20.81086252147932,-49.411694562276,SP,-23.68122370760001,-46.712072181862766,423.1292098288045,1,1,454.0,15.52,600.0,2017-11-20 13:53:01,2017-12-12,2017-12-05 18:09:12,15,1,21
d272d218ea6116d8475fc36f7ea444e6,c0612b5beab45fd1d386f08da1ee642c,ES,itaguacu,-19.80240576537453,-40.85599824877698,RJ,-22.84258446627047,-43.303678777468456,422.5379683442248,1,1,65.0,15.2,650.0,2017-11-21 21:35:11,2017-12-20,2017-11-30 17:37:37,8,0,28
d13130a0433949ba242b2f0632fd49a2,df85b96ba2ce3e49bde101b1614f52ac,PR,sao jose dos pinhais,-25.54396702400601,-49.154679464395,SP,-21.757690120914923,-48.82976816265947,422.31271412754063,1,1,153.0,18.32,1850.0,2017-11-26 11:43:57,2017-12-20,2017-12-07 23:17:20,11,0,23
1dfb3295da489ecc5423ea20e152094c,4f003694fb139e982094125ff336be23,RJ,nova iguacu,-22.771943889865383,-43.525243215715406,SP,-22.72850761170585,-47.640815255900485,422.0408559461712,1,1,127.9,18.15,1500.0,2017-11-24 08:17:23,2017-12-18,2017-12-13 19:12:49,19,0,23
8c889ab361bbfe14ea5ebfb5ef7053b4,68bc16b896692f80d3b8aa23bbeeb848,SP,sao paulo,-23.534804735212703,-46.52737625624673,SP,-20.8166409912885,-49.386629697033534,421.90891200557,1,1,139.99,32.01,10700.0,2017-11-24 17:41:54,2017-12-14,2017-12-26 21:59:05,32,1,19
7246a62bbec918c6710beb408ab60ee2,7400ad237f6da2c5f3f7f770cf85aa2a,SC,itajai,-26.89301983235921,-48.73615363657572,SP,-23.625852663887155,-46.61139748251486,421.444490012016,1,1,29.99,15.1,300.0,2017-11-23 15:54:48,2017-12-15,2017-12-04 21:33:06,11,0,21
614aa8cf398f41bad8fdb0b0927c014a,ca6187373928f3f6a481bbfa1626b72a,ES,vitoria,-20.26416981761624,-40.296486089935854,RJ,-22.93534069637593,-43.186718398333056,421.28744647414686,1,1,499.99,22.99,1950.0,2017-11-23 13:21:52,2017-12-15,2017-12-02 13:16:54,8,0,21
9ddffc0194a79dd25662255b87eb9e09,6ff4191488e14530d6a698f7420a769d,SP,sao jose do rio preto,-20.829359182194747,-49.379270257390985,SP,-23.552032416180964,-46.53746144532288,420.9964804827643,1,1,229.99,17.24,2150.0,2017-11-24 00:27:59,2017-12-14,2017-12-04 19:07:26,10,1,19
5559edd02dabfec0a6ee808960297d1b,d1e3996b3411bf78293c7bd70380b2f1,SP,capao bonito,-24.00510429438202,-48.34995596374815,MG,-21.959964627428853,-44.8905421483232,420.8333671624956,1,1,83.3,21.07,10750.0,2017-11-24 17:11:43,2017-12-21,2017-12-18 20:32:30,24,0,26
520c724197ad994918261e680ad7b8b5,8b03ea3f9f3057112117ca08e7c3212b,MG,itaguara,-20.39109967128308,-44.487040126042,SP,-23.611654194010004,-46.63146857729816,420.8332700741506,1,1,12.99,15.1,250.0,2017-11-26 10:05:27,2017-12-20,2017-12-11 11:59:01,15,0,23
88fe4d922d314b99b95d77628dc7d0a0,0c307086df43cfe61d995c90c01a9607,SP,sao paulo,-23.584933341104502,-46.613573635928205,SP,-20.806830481885147,-49.38960170992274,420.81462888483605,1,1,49.0,13.44,1500.0,2017-11-24 18:16:55,2017-12-14,2017-12-01 20:32:56,7,1,19
d3371dea823352e8d3016da2f4d2f24c,3d55024d27002962661b6619b72acf95,RJ,nova iguacu,-22.75898261694405,-43.48259003081488,SP,-22.40992251985108,-47.56321483192925,420.72923897092346,1,1,129.9,18.16,1200.0,2017-11-27 14:30:21,2017-12-19,2017-12-05 17:58:38,8,0,21
ed530e8c3450732950ed6d49e2cf20eb,ff774d667d8f3f8fe0bdd578e8d0a85f,SP,sao paulo,-23.600935959201337,-46.6443131493162,SP,-20.806830481885147,-49.38960170992274,419.9758387625041,1,2,98.0,26.88,3250.0,2017-11-26 22:09:58,2017-12-15,2017-12-13 15:36:51,16,1,18
b9fbe4b4e0e872ccaa4e477d2a4751a3,24b175fe0f414529d36372ffbb5b2768,SP,itu,-23.26114266180968,-47.3153199420975,SP,-20.416380955307154,-49.98507612801325,419.4852739092824,1,1,154.9,14.1,1200.0,2017-11-25 00:25:30,2017-12-15,2017-12-02 19:15:14,7,1,19
8fb3206a2aad4fc77eca4a00d41aa1f0,1476fa2099fea1b4af65f6fa6390473b,SP,presidente prudente,-22.12788511217956,-51.40967086123742,SP,-22.76691769750597,-47.38858556770016,419.29509881612887,1,1,49.9,11.85,400.0,2017-11-24 16:13:30,2017-12-15,2017-12-13 18:04:09,19,1,20
47f1e49b0c53bfde09b97ee3c685fb2e,c80df613ec4c52c7fd1e780f4dc4fde5,SC,itajai,-26.91181862157633,-48.65558858521831,SP,-23.625852663887155,-46.61139748251486,419.2098440408058,1,1,27.99,15.1,350.0,2017-11-21 12:55:39,2017-12-11,2017-11-27 23:16:43,6,0,19
881ea3597cb9e45f7141bdace6d42e60,625e0f9079a19e4cc2810a46c5a21457,SP,bariri,-22.07313272845746,-48.73940408922972,PR,-23.622154732271355,-52.46925317823966,419.1935381804567,1,1,239.9,17.44,1400.0,2017-11-22 10:13:57,2017-12-27,2017-12-05 19:56:58,13,0,34
1f448aec779fffc0060134f9c1c19370,b7bf1e5068f7f1f96b79256cf09a6f56,SP,sao paulo,-23.5721196880374,-46.625417150989634,SP,-20.806830481885147,-49.38960170992274,418.9499336580548,1,1,49.0,13.44,1750.0,2017-11-24 15:56:20,2017-12-14,2017-12-06 02:08:57,11,1,19
af9ac1503ae0c4a7c6480a7f07d1b9ac,e786a4a1dd4a9815949ad7c7059954fc,SP,sao paulo,-23.50913554249601,-46.44622241035259,SP,-22.65568399624909,-50.42396514559194,417.7969347821591,1,1,49.39,12.69,975.0,2017-11-24 13:05:16,2017-12-14,2017-12-05 13:44:45,11,1,19
c298146eb4abd03afe4402ae168d7637,901a46cb14e58bee8dfa6e36c7df0184,ES,sao mateus,-18.71731746644557,-39.865947864385205,MG,-21.12448854224665,-42.92793184295009,417.2380090216328,1,1,29.9,19.59,1950.0,2017-11-25 18:19:03,2018-01-02,2017-12-05 22:09:40,10,0,37
367bbb94b4958aaa8dcfc0c9f920a948,a25a9f6b1abff8459a524c6ba88a92c0,SP,valinhos,-22.952966315183264,-47.000752404611255,RJ,-22.433722840932912,-42.97293424912493,417.19961043764425,1,1,599.65,18.95,667.0,2017-11-23 12:23:33,2017-12-15,2017-11-27 23:22:02,4,0,21
41533c74e757d62db485b5053f8a2314,596fd4048d82c29ab65e84fb7877f431,RJ,rio de janeiro,-22.814348940331204,-43.20267075284208,SP,-22.82219330991709,-47.27062894035096,416.9239954622377,1,1,94.9,14.41,350.0,2017-11-27 22:26:08,2017-12-18,2017-12-06 20:13:48,8,0,20
e12b22c34034589b6eb958933031f6df,c8b62abdf38861f109dc76c431ae2267,SP,jales,-20.25378322687924,-50.55027765999819,SP,-22.599254430886607,-47.40879928660274,416.8117676569954,1,1,359.9,69.39,30000.0,2017-11-24 00:14:38,2017-12-15,2017-12-02 15:48:26,8,1,20
592a580b2caa44161590aa7d07609c00,bbaa6c0f40859886b427b32cf4bb73d8,MG,carandai,-20.95263621007076,-43.80368730508225,SP,-22.56117141825844,-47.447471268798,416.6276544237758,1,1,55.3,15.14,300.0,2017-11-22 13:16:33,2017-12-13,2017-12-05 17:03:44,13,0,20
ce57e26ac36a4383eded595d2e878000,648d3b4bd99e24a4572a85c71c39f681,MG,lagoa santa,-19.63863100472473,-43.90171846264042,MG,-22.43068953453729,-46.57343370165055,416.2333088931898,1,1,119.9,18.46,4450.0,2017-11-24 12:10:06,2017-12-14,2017-12-02 00:22:41,7,1,19
500ec09d88a6867f4a2eb557319cfe46,cd69b09b4e88e12801fef674ab5258aa,PR,curitiba,-25.48489734748114,-49.20189710294322,SP,-21.757690120914923,-48.82976816265947,416.1759741152861,1,1,89.9,17.88,1825.0,2017-11-27 00:19:36,2017-12-20,2017-12-14 18:28:50,17,0,22
cefb2c1509c176244d633a5f3f38e24b,0bb7a259af35271edd61b190f9cb78be,ES,vila velha,-20.342467507877814,-40.28566821952616,RJ,-22.93534069637593,-43.186718398333056,415.9436121927767,1,1,99.99,20.19,1500.0,2017-11-24 21:21:02,2017-12-18,2017-12-02 16:52:01,7,0,23
ca98a7276eda33f339281b1eb1828d64,87eafdd6652dcec2a357beb6263c11bd,SP,sao paulo,-23.66615225087014,-46.78746324276619,SP,-20.806830481885147,-49.38960170992274,415.68472445581017,1,2,98.0,26.88,3500.0,2017-11-25 14:04:11,2017-12-15,2017-12-15 16:39:19,20,1,19
acb0e25642be93476364a66e20246c08,149b564002e30214f618713fde904ebb,SP,apiai,-24.511019211091888,-48.844629363685975,SP,-20.806830481885147,-49.38960170992274,415.6637777269362,1,1,49.0,18.0,1550.0,2017-11-23 10:39:18,2017-12-20,2017-11-30 22:19:27,7,1,26
41d1a34204ce66a59daa5590f05cc4fa,881554102719236e5c195d199d6d868a,RJ,japuiba,-22.561260404548616,-42.69006038060117,SP,-23.508732635581964,-46.61831878642738,415.532839171154,1,1,50.0,15.1,317.0,2017-11-22 13:45:31,2017-12-14,2017-12-07 16:22:45,15,0,21
ba06fd3e802dae04b1a5a02f10d47726,55cec9069676ae68832c46af940b9f07,RJ,sao goncalo,-22.845731962685527,-42.99686730440309,SP,-22.854677050233725,-47.05197199708997,415.5094513828836,1,1,16.17,14.1,200.0,2017-11-27 16:37:00,2017-12-18,2017-12-12 22:32:54,15,0,20
c9577dccdc314ce381822a54b1eaf22d,3484542c6ea610e48fd062a81b8d2220,SP,cabreuva,-23.268092135234056,-47.0615969462141,RJ,-22.115920892772785,-43.208899456798775,415.464192117892,1,1,64.9,17.7,1100.0,2017-11-25 00:23:00,2017-12-22,2017-12-06 18:04:42,11,0,26
7937987ff13bd22aa39304d525e1eafe,8a651f62fa340c6bb5309fac465d7ef6,RJ,tres rios,-22.11726300131772,-43.18759679270558,SP,-23.489821337123363,-46.95315217080441,415.0396745582739,1,1,899.0,22.05,900.0,2017-11-24 13:19:53,2017-12-19,2017-12-12 13:45:13,18,0,24
f001d39de25ce801a4b275f5ad3e1c2e,12b911aa1a2831e2ee7c2e5eaf03bedc,PR,curitiba,-25.469928492094144,-49.24312450609138,SP,-21.757690120914923,-48.82976816265947,414.92371630842086,1,1,159.0,15.86,2150.0,2017-11-24 20:57:27,2017-12-19,2018-01-04 00:18:36,40,0,24
d34d50b7ad7857d89ec201de844bc110,22ea9677582d0e8c4ceeaa2a306fd486,SP,sao paulo,-23.54785986816893,-46.658684483755614,SP,-20.806830481885147,-49.38960170992274,414.6615879060858,1,1,49.0,13.41,1800.0,2017-11-24 21:15:46,2017-12-14,2017-12-04 19:55:07,9,1,19
7bdefc5deecbdd28629a32451fef120d,23b672646bb77ec71ce0c7f3161bd131,MG,congonhas,-20.50506397453669,-43.85750364588822,SP,-22.986269342347207,-46.85229042519152,414.44606588333625,1,1,52.99,15.12,450.0,2017-11-24 11:11:58,2017-12-19,2017-12-11 15:14:21,17,0,24
8bdda17186f4f2430cb06827e916577e,74341e96d468715c14f287079b3deb81,SP,varzea paulista,-23.22754226513965,-46.84432210192777,SP,-21.55872070734508,-50.44623449869436,414.178915684629,1,1,38.9,11.85,100.0,2017-11-21 21:11:07,2017-12-08,2017-11-27 17:48:41,5,1,16
efdc65afe5c639ed37491591f707c47b,72ab52080f9c06be2905b77f1c3f0c3f,SP,sao paulo,-23.562133920898496,-46.6873404672514,SP,-20.806830481885147,-49.38960170992274,413.8308720599831,1,1,49.0,13.37,1800.0,2017-11-24 17:41:00,2017-12-14,2017-12-07 00:53:05,12,1,19
766c99ec475fbe5700815bd8d452d107,2fe96b87b0ee448a5fd3c7cc6ba3dfe9,RJ,nova friburgo,-22.3026208662078,-42.53750424874144,SP,-23.438943810836285,-46.38146923642413,413.5793593220765,1,1,112.99,34.27,9200.0,2017-11-24 16:28:54,2017-12-26,2017-12-21 23:09:11,27,0,31
359619f12869deeaa50fa7762f5064bc,810ded38dee280ec50c047e8d1570106,SC,balneario picarras,-26.764562856256525,-48.67973449062277,SP,-23.544184662502165,-46.63214268206478,413.13660461258365,1,1,231.7,17.38,900.0,2017-11-24 23:03:37,2017-12-22,2018-01-08 17:18:18,44,0,27
915a913fc05ab382dafb7776ea8c9580,42a99ab9bfd1b17172c9d6a31e4958c8,SP,taquaritinga,-21.40575900554004,-48.5036568684573,PR,-23.43192619791517,-51.86456324999999,412.4148418328544,1,1,57.52,15.15,150.0,2017-11-26 18:28:51,2017-12-29,2017-12-05 15:18:03,8,0,32
d81e6712eb9cf9f1fcc36ef44e2a19a2,329014c3035be8b78c9cee2f4e6c6746,RJ,casimiro de abreu,-22.48492526069301,-42.20044488978138,MG,-20.94004902170557,-45.82696971616617,412.1241564560145,1,1,179.99,45.72,7650.0,2017-11-26 10:28:22,2017-12-22,2017-12-11 22:47:05,15,0,25
f01ca5a374b654889d516741b4a39dcf,bab736fca197c16d48f8720536c8024d,MG,machado,-21.680280267709847,-45.92160843709808,MG,-18.65158486656263,-48.19241119054979,411.79897484794617,1,1,659.99,16.75,575.0,2017-11-24 01:38:28,2017-12-14,2017-12-05 22:12:47,11,1,19
406c8182de18b2d9a20676f34b35ca6b,588fe1b8e94c0e3d692b360864bdbf75,MG,santo antonio do monte,-20.091056153669804,-45.29048566507433,SP,-21.757690120914923,-48.82976816265947,411.6455680342778,1,1,83.9,17.84,1350.0,2017-11-26 10:27:13,2017-12-20,2017-12-11 15:10:26,15,0,23
87f2841a7bac3a1bb41c39d5aa114308,fafe72e7b299113b1847715ba98dd337,SP,sao paulo,-23.60231829766577,-46.54116110150616,SP,-22.65568399624909,-50.42396514559194,410.7432948569116,1,1,49.39,12.69,606.0,2017-11-26 22:18:59,2017-12-15,2017-12-12 21:49:08,15,1,18
0dd40e8c8c363027df66efe4fea48bdf,890795b5b323f86184a643e8e3480584,MG,divinopolis,-20.133631952864427,-44.90227328320033,SP,-23.473052978908186,-46.60034358604072,410.613904877732,1,1,45.99,15.1,200.0,2017-11-26 23:57:25,2017-12-19,2017-12-12 22:38:43,15,0,22
e74f16cd18d4e5b3dfbcc81e880430d9,614e410701e4458d2fb475053d7a9b05,SP,nova odessa,-22.77637696880055,-47.28177633866452,MG,-20.076917145110954,-44.57734014848548,410.415160032478,1,1,137.9,38.81,922.0,2017-11-24 00:43:01,2017-12-19,2018-01-18 00:28:54,54,0,24
f4ca52bb4cdf0d58abc5784ded7c43b9,3dfdb9a708864dee33563ccd9ae7a4fc,MS,campo grande,-20.515217293883424,-54.61104649805242,PR,-23.622154732271355,-52.46925317823966,409.9350595569758,1,1,39.9,17.92,300.0,2017-11-24 00:22:00,2017-12-28,2017-12-06 18:43:05,12,0,33
a885450c26922878599a0e8ab1bb0569,e43db3527104ef53e7cfdbc0b99b4fc5,PR,curitiba,-25.41536880599,-49.2908988090484,SP,-21.757690120914923,-48.82976816265947,409.4195683390103,1,1,19.9,15.1,200.0,2017-11-27 08:53:15,2017-12-20,2017-12-13 23:12:11,16,0,22
bcd37480e5f21eaf2b524c8e9724d099,fbc839b74c648a39b750799b58a13e0f,SC,penha,-26.79071419840324,-48.63372228909931,SP,-23.65869024839867,-46.52249513292757,407.885865794769,1,1,23.99,15.1,100.0,2017-11-24 22:55:10,2017-12-27,2017-12-07 00:24:29,12,0,32
a9672550d5c4ea55c2d7979c314ecb08,27e5cdb720c2a01a7a595dc0e29f6b4d,MG,juiz de fora,-21.758839324167624,-43.34878685758293,SP,-23.5534512513272,-46.80868874516693,407.2466476014839,1,1,369.9,47.05,10550.0,2017-11-25 14:58:29,2017-12-20,2017-12-18 19:07:09,23,0,24
34ae1a80ab2f660940fbf9a2110f86e4,dd5fe772009b97031b9e497278667f5c,PR,faxinal,-24.000678229080947,-51.32276511719421,SP,-20.806830481885147,-49.38960170992274,406.9435654485418,1,1,49.0,17.67,1650.0,2017-11-24 00:21:12,2017-12-21,2017-12-22 20:08:07,28,0,26
bd3a4f4d1e523b01043f634836a0b4c5,d9a4e05b8c763933f3a6c9640d64a75d,RJ,nova friburgo,-22.288946116642418,-42.53129847072045,SP,-23.54503306703846,-46.26184741683954,406.7843470770025,1,1,59.9,15.17,500.0,2017-11-24 23:59:48,2017-12-18,2017-12-28 15:05:22,33,0,23
8832a55faa17956aab37de69db1f357e,dc4439b8ebadab2076752021c165476b,RJ,rio de janeiro,-22.938116465015383,-43.34624991498367,SP,-22.72047306908892,-47.3069096297536,406.6143614962717,1,1,69.9,16.74,1350.0,2017-11-25 22:37:32,2017-12-18,2017-12-19 16:51:54,23,0,22
8a5df58ab18abdaa52f8f595c1af1197,0ac0031856fb81fc012fbd6abc872085,RJ,niteroi,-22.90600354640406,-43.10553826082004,SP,-22.92492963558197,-47.0742943724681,406.4709770424232,1,1,229.0,16.19,555.0,2017-11-24 23:17:51,2017-12-15,2017-12-04 22:13:18,9,0,20
d59a804dba63b4bae7ee24c0befec958,2b2615fdbdbd7f81776f95163acbd096,SP,igarapava,-20.04172328143195,-47.74970675953888,SP,-23.302661247830148,-45.97283979175633,406.4212347996655,1,1,140.0,12.48,175.0,2017-11-24 23:12:50,2017-12-19,2017-12-11 22:19:06,16,1,24
bbd1b9ebbc5a09d51caaa2d10e0f93b5,3068255d75f415c21b115399dc51f7ea,PR,araucaria,-25.613231359050044,-49.37106182294905,SP,-22.740512158523465,-46.8958585777586,406.2747960749224,1,1,72.0,14.25,6050.0,2017-11-22 19:01:04,2017-12-13,2017-12-27 17:58:53,34,0,20
567818fc7d9f84b0f5eac47aef90658e,f2a3aa652e2951d22062c8a5e200ec05,RJ,porto real,-22.423482000000003,-44.30673502146157,SP,-21.36006189551128,-48.072412538636975,406.10819535798606,1,1,679.0,19.5,417.0,2017-11-25 14:29:06,2017-12-22,2017-12-26 18:42:20,31,0,26
6df63dddfc5b87dd7294f148d6956c27,5467e28a6f75b063b51105ed95a8e111,PR,curitiba,-25.38745985141605,-49.2428856313153,SP,-21.757690120914923,-48.82976816265947,405.8009231277474,1,1,49.95,15.1,350.0,2017-11-24 11:10:28,2017-12-22,2017-12-16 14:24:44,22,0,27
5ac35c7287e56c2444bcdc43f142c0e2,1338eb27e1ca6073259a6dbe2ec2dbcd,MG,juiz de fora,-21.743555749968085,-43.38970319010648,SP,-23.652442526788203,-46.75549168747648,405.2716473887535,1,1,29.0,15.1,200.0,2017-11-25 00:24:40,2017-12-18,2017-12-04 22:42:35,9,0,22
0c9b9834c09d4fbf6bbadf2b3fba9828,2a7650b65bcb266e812c0408d2bc2414,SP,osasco,-23.54750932944775,-46.79792231702219,SP,-20.806830481885147,-49.38960170992274,405.0502176772205,1,1,49.0,13.44,1500.0,2017-11-25 18:24:33,2017-12-15,2017-12-10 18:03:29,14,1,19
9f9b0cf9d794e40cdf1c4cf909d65ca4,0f7e602a322f750f5d36451395bf2273,PR,senges,-24.114341914516,-49.46279890533873,SP,-20.916468353698388,-47.574216767527176,405.0439721692976,1,1,115.0,21.3,2150.0,2017-11-27 10:05:44,2017-12-22,2018-01-09 21:22:48,43,0,24
ee0b98b10df9fb4544239f8053418118,b46ec2f0ca57df3f1300fd71d9b3ac50,SC,sao francisco do sul,-26.243788027900305,-48.62662909980754,SP,-22.70928658782974,-47.66520568122805,404.8772912796364,1,1,89.9,17.88,1650.0,2017-11-24 14:17:12,2017-12-27,2017-12-20 21:54:49,26,0,32
c15f5ea47fd3c921cc356e8b581da5ab,a5edc7e1297118ad96ea3ec4ed031d57,SP,americana,-22.74306533191493,-47.240476525463095,MG,-20.076917145110954,-44.57734014848548,404.81366808687096,1,1,137.9,38.81,922.0,2017-11-22 11:38:48,2017-12-12,2017-11-28 21:36:58,6,0,19
66ae643a6c0830c098026b35febfa2e4,f9d62536e8a5f6a1ea83f6d7e39e4d0e,SP,sao paulo,-23.47475819095159,-46.56922155467713,SP,-22.65568399624909,-50.42396514559194,404.7273526051876,1,1,49.39,12.69,638.0,2017-11-24 20:06:59,2017-12-14,2017-12-12 13:18:50,17,1,19
5522a12955cedd37b099162e09a818c0,67e57c9d937116b88c0f2f35d31eb918,PR,londrina,-23.312708528449416,-51.1673625,PR,-25.442762067969603,-54.40078556444748,404.1288803777543,1,1,39.9,15.1,300.0,2017-11-24 23:58:15,2017-12-18,2017-12-05 23:09:17,10,1,23
850f385057143a59fdc6840f5fb58c63,fceaae36ccd575ed9807e3b17cb4e95d,SC,jaragua do sul,-26.44680635123206,-49.05939866478165,SP,-23.68591165811716,-46.45659004005863,403.6727283671619,1,1,39.99,17.6,250.0,2017-11-24 16:07:06,2017-12-19,2017-12-08 23:45:42,14,0,24
e787fdb675e6270d22aa2a7e77d8cc10,0e9fdadd06631371626468bc8eafcecf,SP,osasco,-23.49931402937304,-46.76754974911981,SP,-20.806830481885147,-49.38960170992274,403.1527917470802,1,1,49.0,13.41,1550.0,2017-11-25 09:37:12,2017-12-15,2017-12-09 19:52:15,14,1,19
394643cd54739aad60aabc03272e28bb,a86b2bcf75c0d9ef2fa4750bba90391a,SP,franco da rocha,-23.33139680594704,-46.73252832276876,SP,-21.43890147950148,-50.076963958313655,403.1159281558936,1,2,129.8,34.32,16666.0,2017-11-27 10:14:03,2017-12-19,2017-12-06 16:49:43,9,1,21
21cab9105bc6c133b002932a53bcfe85,7532d2eec50bc367e71a40131b56fdb3,SP,sao paulo,-23.538331283513187,-46.49858143019135,MG,-20.024210235883093,-45.53953430395729,403.0997165999421,1,1,104.9,21.22,1800.0,2017-11-21 11:39:16,2017-12-12,2017-11-29 17:27:52,8,0,20
3a50c763032329859ffb4b2812960c7d,d987c011721e64a3a6ee8101b30ac2d4,MG,caxambu,-21.98013864287549,-44.93186888145688,SP,-21.757690120914923,-48.82976816265947,402.98528019701,1,1,39.99,15.1,800.0,2017-11-23 17:00:18,2017-12-18,2017-12-13 18:06:54,20,0,24
d2724b0b7b8d7bbfa7d11f7415f5c551,d96e32c8a22d9ec0fe5f43b316a2a197,MG,coromandel,-18.4760791367949,-47.19905203561228,SP,-21.757690120914923,-48.82976816265947,402.6534118592757,1,2,82.28,35.2,3000.0,2017-11-25 20:53:51,2017-12-20,2017-12-28 13:41:53,32,0,24
40fd7796808d1a802284c3f91ed4feb0,fb4e1b45f0d34bdd20602e9bb7cc5dc7,MG,coromandel,-18.4760791367949,-47.19905203561228,SP,-21.757690120914923,-48.82976816265947,402.6534118592757,1,1,24.9,17.6,1050.0,2017-11-24 12:56:21,2017-12-19,2017-12-13 16:12:42,19,0,24
b2a7488d3bfedd8a8abd53fff6127807,4596b32d78313ebf60d4b14a6a95ff87,SP,mairinque,-23.54237168575625,-47.19010685592537,SP,-26.91181862157633,-48.65558858521831,402.6089356202629,1,2,76.5,32.22,1166.0,2017-11-24 07:04:41,2017-12-21,2017-11-30 23:23:48,6,1,26
44ed504dda677f0c2509cf533ceffba9,9c33dfce6c598c5937553e844591e0ca,SP,ribeirao preto,-21.216126612526025,-47.82080551748513,MG,-19.95254268289243,-44.196132792948255,402.6071074775667,1,1,49.99,15.1,600.0,2017-11-24 13:03:08,2017-12-18,2017-12-01 21:51:53,7,0,23
b51231f33893d9819e080213165c1c6d,6cd416977b902da3ef9ac6c4e0ece5a8,PR,curitiba,-25.38745985141605,-49.2428856313153,SP,-22.611004585010026,-46.70334132489496,402.2935359177256,1,2,69.8,32.22,1000.0,2017-11-24 17:38:56,2017-12-21,2017-12-08 18:14:03,14,0,26
6d46f8b7f485ad93146f9880682d4eb2,ed91cd9ea6e333288382a4adbefaffcf,SP,sao paulo,-23.48836053830283,-46.60200264286745,SP,-22.65568399624909,-50.42396514559194,401.7871302236123,1,1,49.39,12.69,638.0,2017-11-26 11:38:04,2017-12-15,2017-12-05 19:23:37,9,1,18
0f1fc45267bd2edfbaa6af5e47dbd0d8,966f573b2758a1ba47501a93b010285f,SP,cotia,-23.609187050439854,-46.933769687344906,SP,-20.806830481885147,-49.38960170992274,401.2433258650892,1,1,49.0,13.41,1550.0,2017-11-25 14:33:53,2017-12-15,2017-12-05 21:33:04,10,1,19
f29281e3ed285c8ebfb33037ccb43fb4,b2f5cec8ca4aeb7366d2865f5befd1d4,MG,uberlandia,-18.893222999999992,-48.28989571204341,MG,-19.858114249230724,-44.60968385645244,400.6631234828444,1,1,65.41,30.8,3657.0,2017-11-20 17:41:46,2017-12-08,2017-11-27 22:47:35,7,1,17
d6a90d67310c500286671d1aab32079f,2fba0d3535e03b92c457788233f615b6,MG,lavras,-21.24481728187358,-44.99836509644241,SP,-21.757690120914923,-48.82976816265947,400.4544678072588,1,1,99.9,17.95,1225.0,2017-11-27 19:25:23,2017-12-19,2017-12-18 13:52:08,20,0,21
d3cef289324500ecc29f7f0697299919,369476ab6e09d8c6c1a3d59a662f607a,SP,santo antonio de posse,-22.605298322148823,-46.91887161356906,PR,-25.45795217485142,-49.30899607966408,399.3929244820175,1,1,299.0,18.34,900.0,2017-11-24 19:11:53,2017-12-27,2017-12-05 19:29:03,11,0,32
4dbb5ab859405ac1cb171f7cd93e7f3a,d8a6298a435be79c1978e87053075869,RJ,arraial do cabo,-22.96760967934045,-42.0274215,MG,-19.867906407416527,-43.94863882589885,397.91422172760326,1,1,31.9,15.1,200.0,2017-11-25 15:38:11,2018-01-03,2017-12-15 18:46:40,20,0,38
fe0054f00109b15deef50f097a792678,fb5050c5a9ca2923caaf504fce94ba0c,SP,campinas,-22.79086839133823,-47.08257180544174,MG,-20.076917145110954,-44.57734014848548,397.8542933707645,1,2,299.74,36.6,2800.0,2017-11-21 11:04:31,2017-12-11,2017-12-04 22:19:24,13,0,19
92adde32a6e8a93d08501e1ac7f2e51b,9f648ba69a1b07f98c93a84f99a0c9e7,SP,santana de parnaiba,-23.45368695730606,-46.8821892773317,RJ,-22.95316063657791,-43.02849945201626,397.7489693949156,1,1,49.0,15.11,450.0,2017-11-24 11:34:27,2017-12-14,2017-12-04 15:18:37,10,0,19
468f886b3420ea7cdeba5a0fe4860886,978c86d7ea827356221eb64757a39f93,SP,sao paulo,-23.57224645520286,-46.65187074424375,SP,-22.65736249624909,-50.41030270038664,397.5863433319207,1,1,234.83,13.14,175.0,2017-11-20 12:47:55,2017-12-11,2017-11-27 20:02:58,7,1,20
fc965b1e986dea6cd20ac94c50878a75,b04f3618968faccdf40501b5798e66bc,PR,ponta grossa,-25.12788338718329,-50.1570387238444,SP,-23.5869802640594,-46.61564731057762,397.5276910158386,1,1,59.99,15.17,300.0,2017-11-24 19:40:07,2017-12-19,2017-12-22 18:48:01,27,0,24
fd9cb73cfbd600a6b2651af4599bb9ad,0ef8636d2544a7772290a686668b4b4e,SP,barueri,-23.495491646811058,-46.84718581311382,SP,-20.806830481885147,-49.38960170992274,397.3903380642448,1,1,59.9,13.44,1550.0,2017-11-20 23:02:06,2017-12-07,2017-11-24 16:42:30,3,1,16
4bca7dd89e0714cc90c42803a348f085,2f7db0531d196c0cbe234cf0c97a313a,SP,sao lourenco da serra,-23.85403551708688,-46.94690334426688,RJ,-22.93534069637593,-43.186718398333056,397.08860462754063,1,1,99.99,14.45,500.0,2017-11-20 12:48:09,2017-12-12,2017-12-04 19:23:16,14,0,21
dfaa4ce943a8dba10b754befb76fdb49,dcb6e7bc4e65d815025d0aa14349a4ca,SP,sao paulo,-23.53661063849616,-46.65758461809682,RJ,-22.433722840932912,-42.97293424912493,396.6032895387232,1,1,395.65,17.52,300.0,2017-11-26 15:11:19,2017-12-18,2017-12-02 16:39:45,6,0,21
f2669763f397bcf6bfda2c9cac792b09,a0aabd1c3d8364e0afba65036c53c749,SP,campinas,-22.918822238624934,-47.0573636618776,RJ,-22.93534069637593,-43.186718398333056,396.3882267166552,1,1,229.99,16.37,1200.0,2017-11-26 15:26:36,2017-12-18,2017-12-11 23:10:37,15,0,21
dd5419332273c31581ae758c74874997,314d29c9d4535a7b44172612e9300610,RJ,barra do pirai,-22.45758920311521,-43.82269097214918,SP,-22.70928658782974,-47.66520568122805,395.4859130428847,1,1,74.9,16.28,850.0,2017-11-26 01:25:30,2017-12-20,2018-01-06 14:08:09,41,0,23
9d43eaf1f72a6d200577517c4e4265e0,855f0b8c477c57d9c5d0210c260459a5,MG,nova serrana,-19.87482809063998,-44.98560567343412,SP,-23.302661247830148,-45.97283979175633,394.58303159133845,1,1,140.0,15.73,175.0,2017-11-27 14:18:56,2017-12-21,2017-12-14 17:58:44,17,0,23
2227760b50f899205ac9d202e3d9d981,4936b1538bed9bf82676f3cc2816d73c,RJ,sao goncalo,-22.871238117888137,-42.99391553889953,SP,-23.652442526788203,-46.75549168747648,393.9479587278128,1,1,29.0,14.1,200.0,2017-11-24 20:37:06,2017-12-15,2018-01-17 20:28:18,53,0,20
96130f6fd199488da9de47d29027d10c,0557113584448ab15ad38c6dd52a6102,MG,araguari,-18.65158486656263,-48.19241119054979,MG,-21.84566586507617,-46.56275581632215,393.7453924622806,1,1,799.0,19.32,2800.0,2017-11-22 08:41:27,2017-12-15,2017-11-29 18:40:59,7,1,22
baa95b09efafaa994da8b394b11f8814,ac379fd1645b77e80dd6d97e66a8a005,MG,nova serrana,-19.87482809063998,-44.98560567343412,SP,-22.599254430886607,-47.40879928660274,393.48599781643225,1,1,389.9,148.94,30000.0,2017-11-20 19:28:29,2017-12-12,2017-12-01 15:24:40,10,0,21
bc53a2a089447a4242222abfe51bd96a,9a92b114cb0f8eba5223f165e6381a52,SP,campinas,-22.81683345406545,-47.02522624073509,RJ,-22.93534069637593,-43.186718398333056,393.46153019461207,1,1,99.99,16.95,675.0,2017-11-23 22:33:46,2017-12-14,2017-12-04 23:03:36,11,0,20
01c4f4e08d9e8b7c5bd47e612285993f,51e4740dd528fe393562380ba49e41ec,SP,cajamar,-23.41736951726676,-46.82475861372152,SP,-20.806830481885147,-49.38960170992274,392.4980974349598,1,1,49.0,13.41,1550.0,2017-11-24 00:31:33,2017-12-14,2017-12-04 22:36:32,10,1,19
7a3db786a9251bc1603dea2c4970e448,d022bd4e48a3db0ddca17f5204dff2a1,SP,salto,-23.1920337665812,-47.29076085317961,RJ,-23.014294742166268,-43.46413167283893,391.8636999152493,1,1,199.99,36.72,486.0,2017-11-24 10:26:54,2017-12-22,2017-12-26 22:22:26,32,0,27
2b7f34e9b0b9eba10050d725278d8609,500f485b1c9df9ee78f89864dd75d63a,RS,santa maria,-29.706404537705414,-53.71720315182636,SC,-27.00518824428508,-51.15087636295904,391.478909852068,1,2,39.8,30.2,200.0,2017-11-27 10:22:56,2017-12-26,2017-12-12 15:56:51,15,0,28
2036e60f61d651518a111dfb2ae5a411,381796669bc4c8ddde91648213e646df,SC,sao bento do sul,-26.21669761700756,-49.41484762845982,SP,-23.652442526788203,-46.75549168747648,391.3814859828421,1,1,59.0,15.16,250.0,2017-11-24 14:39:17,2017-12-19,2017-12-04 21:35:44,10,0,24
5590b14b260d2f61b2db5efb8d4a4601,e54f8011cb29eb0d2c0d98a3e402fb5c,RJ,rio de janeiro,-22.91860653830284,-43.256743384472216,SP,-22.92492963558197,-47.0742943724681,390.9629868068564,1,1,233.0,16.39,540.0,2017-11-24 10:53:10,2017-12-14,2017-12-07 21:57:06,13,0,19
2c049735a0947b4e13924963336e5b3c,fd6f61091eaa73b3f00aadc3e396c306,SP,indaiatuba,-23.09232014212125,-47.201175324456095,RJ,-22.970894018595992,-43.38784233625709,390.4464167342828,1,1,120.0,14.59,150.0,2017-11-25 13:55:57,2017-12-18,2017-12-06 17:13:05,11,0,22
ab94edba03e70a9b50a33580289792fc,50d2c11cca560b2e450922000cd44d51,SC,joinville,-26.30142445268046,-48.84867079141905,SP,-23.51253401672528,-46.501049539944844,390.13634393848525,1,1,15.99,15.1,100.0,2017-11-25 17:10:44,2017-12-20,2017-12-27 19:04:39,32,0,24
b88def55d8e39ea8afc287fe308871ac,a68b8b4011c3d0f373a80920fef871c3,RJ,itaborai,-22.74994800686078,-42.87060511505709,SP,-23.595227193173283,-46.56076636913555,388.7418648275629,1,1,250.0,47.22,13300.0,2017-11-24 12:59:09,2017-12-21,2017-12-19 17:09:59,25,0,26
2cec29f99109ce2923276bf06e615401,5ffda919f6e027b6d74388452ec99a18,MG,medeiros,-19.99646648421225,-46.219988805824784,SP,-23.47079222925442,-46.63750338634656,388.7258821377008,1,1,49.5,16.11,367.0,2017-11-23 13:48:08,2017-12-20,2017-12-12 20:27:03,19,0,26
f3f48b527972908a9a5c7f5593eea307,01a1579cd07b292799675eeef1e9561c,MG,dom silverio,-20.162898726313177,-42.96938412642928,MG,-22.15187055995605,-46.04154236265463,387.8008800755175,1,1,139.9,19.84,2725.0,2017-11-24 23:01:29,2018-01-02,2017-12-11 18:14:54,16,1,38
12404c66f4ea97b16664395ecbf61889,d91269dd81b9bce4f785fb94e5189872,SP,francisco morato,-23.27237014765088,-46.740036091162935,SP,-20.806830481885147,-49.38960170992274,386.9363908097046,1,1,49.0,13.44,1500.0,2017-11-24 07:24:37,2017-12-14,2017-12-04 18:35:18,10,1,19
af95781f6255cd40abd71198c2ed8ccf,d498c7b6c3a02dd3be0236f38769af04,MG,divinopolis,-20.14068469699654,-44.88753081910666,SP,-22.82219330991709,-47.27062894035096,386.8983858019536,1,1,759.9,21.08,600.0,2017-11-23 12:10:42,2017-12-14,2017-12-06 14:48:48,13,0,20
b07d994d95462ff6a6f0d93b00c5dbbb,1c8086967bc889b42c2e51c644cd9958,MG,pedro leopoldo,-19.619071315709977,-44.03957234517303,RJ,-22.40251417902456,-41.81479351477589,386.1460092851349,1,1,599.9,21.45,1100.0,2017-11-22 15:31:38,2017-12-13,2017-11-29 20:12:14,7,0,20
af284d0accec49fdf679f1bc8e3c7ac8,3f92b2c5139eb8f71bff7216ed8dc149,RJ,rio de janeiro,-22.91768636469216,-43.23124192027812,SP,-22.975945515326355,-47.00158571500767,386.11093013052334,1,1,25.9,14.1,125.0,2017-11-24 18:05:52,2017-12-14,2017-12-04 19:36:48,10,0,19
f72289715f4416fb6e9a289031977b6d,7f2357cfd99c900565e6ffd6d2708d9d,RJ,rio de janeiro,-22.944469945322865,-43.184902217179285,SP,-23.086036875382305,-46.954171930582575,386.072024051848,1,1,699.0,57.49,4920.0,2017-11-24 22:57:06,2017-12-19,2017-12-08 21:29:11,13,0,24
f54b76164346da8a6015b7e92a645f58,607e0ec914dd874eb698c705093fa73f,SP,tabapua,-20.96353271281558,-49.03290557938275,SP,-23.552032416180964,-46.53746144532288,385.71443887645535,1,1,129.99,13.93,1400.0,2017-11-27 16:02:39,2017-12-15,2017-12-11 19:38:44,14,1,17
c169aacf98c6f6cc7854bde4bdbc9a06,80dbbc7e11a3d402859782dc6a7ce626,RJ,rio de janeiro,-22.969262870938906,-43.5898177770373,SP,-23.1777630785525,-47.3432490929943,384.663104083278,1,1,326.16,33.03,5300.0,2017-11-24 11:21:22,2017-12-15,2017-12-19 17:09:05,25,0,20
1e9848c0cef533284eeb143f5032a34c,7fb8817553c00e571f674768c10a7bb8,SP,marilia,-22.180398575592847,-49.95672899994832,SP,-23.56836984105245,-46.52214825721335,384.21365402343,1,1,64.9,12.79,900.0,2017-11-26 17:23:00,2017-12-18,2017-12-27 21:06:11,31,1,21
3c153f5d35e78b843022376a66dac30d,6d4c670ec12bca4a383d5841d79f5952,SP,sao paulo,-23.5542285,-46.613907,RJ,-22.115920892772785,-43.208899456798775,383.8309559576995,1,1,24.99,15.1,500.0,2017-11-24 11:35:33,2017-12-19,2017-12-12 14:23:52,18,0,24
05c491d6be497dcfa89fdb1f9eb41004,0e3b2ecc8d50d0c212672aa10520e74c,MG,juiz de fora,-21.77305317401471,-43.38114378425809,SP,-23.62299459910628,-46.53766812565611,383.59687614744814,1,1,139.9,16.74,500.0,2017-11-21 15:12:42,2017-12-08,2017-11-28 16:58:46,7,0,16
a5c1ff96e29c6fe4541f39859600716c,e7fe9e86cf2a555a204a81b274dade9b,RJ,sao goncalo,-22.82809216835585,-43.06877229137192,SP,-23.69066643075192,-46.70391215514457,383.5292875953732,1,1,32.0,14.1,250.0,2017-11-27 13:55:29,2017-12-18,2017-12-18 11:13:01,20,0,20
37394e732421fbc2891f359531eae716,d8dbceb5a74070a393d6e0ca0dabdc8f,SP,sao paulo,-23.735142305690715,-46.71375343505108,RJ,-22.53988593060518,-43.197575382221615,383.2937798992394,1,1,109.9,15.52,400.0,2017-11-22 00:24:38,2017-12-11,2017-12-16 16:39:07,24,0,18
1c3cc69b45823b560a77c0d36740714b,8bea0b231b8b08343ee31038e855d620,SP,sao paulo,-23.56557313627445,-46.50971186802472,RJ,-22.433722840932912,-42.97293424912493,383.2462354198704,1,1,1149.65,22.8,500.0,2017-11-24 14:44:13,2017-12-15,2017-12-01 19:08:56,7,0,20
fd3dec101097b7fd62ae62c0e627f70a,8c2f13c6e90063bd06a0f8279a3cc39e,SP,santos,-23.97039046543373,-46.32234564570951,RJ,-22.433722840932912,-42.97293424912493,382.57037077194354,1,1,599.65,18.95,667.0,2017-11-25 14:25:29,2017-12-18,2017-12-14 22:52:00,19,0,22
1a949e19da7e100bd8220d2b47db7eec,89cad968aa5731c56bb79061d08385a6,RJ,teresopolis,-22.41247154694622,-42.9834294315611,SP,-23.97221168082404,-46.314586513330205,382.0816582674661,1,1,143.99,15.76,3600.0,2017-11-21 16:34:39,2017-12-08,2017-12-04 21:26:52,13,0,16
0bb3a41b7a70c65fda2461d34b495c5e,dadc59c73a39f1141414b61bd8f1b223,ES,vila velha,-20.35275295482454,-40.353846654404,RJ,-22.53988593060518,-43.197575382221615,381.7700169315033,1,1,159.9,18.37,792.0,2017-11-25 01:47:20,2017-12-21,2017-12-12 20:40:16,17,0,25
f3b96845efd71daecf6b331fb3a9f537,6f92779347724b67e44e3224f3b4cffd,SP,sao roque,-23.531196801775152,-47.134767198511184,SP,-20.806830481885147,-49.38960170992274,381.6629115282802,1,1,49.0,13.44,1750.0,2017-11-26 20:59:24,2017-12-18,2017-12-09 11:56:34,12,1,21
6ec4642f9993cc34f826cfb9068e5a2f,f00bb12620b7b232233cace1b229db18,MG,juiz de fora,-21.77908820260835,-43.348806010820034,SP,-23.56836984105245,-46.52214825721335,381.5437082094418,1,1,299.9,19.35,1900.0,2017-11-21 20:18:03,2017-12-08,2017-12-02 16:48:46,10,0,16
7124ccc1150a93e9f1d52032ebb1135c,b94419ee3dc0e32a94c0678d5da785d0,MG,dores de campos,-21.11027567776549,-44.022847207524414,SP,-23.58077681085173,-46.59210244184609,381.1381687517407,1,1,21.99,15.1,225.0,2017-11-25 09:16:44,2017-12-20,2017-12-11 21:38:48,16,0,24
f17c68f902fd50e36d9c37ccf4c85870,7f6a3aaafc26964ec75650f5b487de99,SP,sao paulo,-23.543513068267124,-46.658854865658775,RJ,-22.82827005636834,-43.01210347482567,381.1258870092371,1,1,25.26,14.1,200.0,2017-11-27 20:47:54,2017-12-18,2017-12-03 13:18:35,5,0,20
d7343b3b63fe9f2256b9508ea75c5cc5,15d24ce77080f76f2fd8a982dc9a2a70,SP,cubatao,-23.92006895947182,-46.42740345559254,SP,-22.211035197694,-49.6557903984333,381.0290800765718,1,1,108.9,16.39,2200.0,2017-11-24 00:10:13,2017-12-14,2017-12-06 18:51:54,12,1,19
34be9444467af1f6d854ea4054a47e85,7f16d43cea70ede77ed426833543f3d6,RJ,niteroi,-22.88751675166894,-43.12059679174127,SP,-23.652442526788203,-46.75549168747648,380.9069216924297,1,2,98.0,28.2,600.0,2017-11-21 20:14:00,2017-12-08,2017-12-12 20:38:58,21,0,16
f07ac180675b94d4fe8f697eb2f87d12,dfa72a0a96072c02965f24972c7efbcb,PR,colombo,-25.29007056836729,-49.22478843062761,SC,-28.71452758648514,-49.30006950142965,380.855244279618,1,1,109.9,16.53,6700.0,2017-11-24 11:10:54,2017-12-20,2017-12-13 22:10:04,19,0,25
5cb5eea8db35f4d622fd1122e2841e39,ec0c759e9e38693281684942aa6bc86a,PR,curitiba,-25.415320799324896,-49.23061200000001,SP,-22.740512158523465,-46.8958585777586,380.29539655618674,1,1,225.0,43.77,12300.0,2017-11-26 11:57:34,2017-12-20,2017-12-08 15:42:32,12,0,23
940d9b6c9ee80f7a059b05f7106d96a3,21accdcb409467a90d77c0a6d711496e,RJ,mage,-22.65655265720332,-43.04169557066254,SP,-23.456904580068123,-46.64976420483004,379.712576398317,1,4,131.6,56.4,800.0,2017-11-27 12:39:48,2017-12-22,2017-12-07 19:52:27,10,0,24
21b1cde01224deaa8db59b838cfd9c16,c5878c6ef1faa887b7331d0ab1331188,SP,morro agudo,-20.72943917276647,-48.05139839044597,SP,-22.09961715066345,-51.40819739735439,379.40636952256494,1,2,75.8,38.46,1950.0,2017-11-24 12:38:31,2017-12-14,2017-12-01 21:58:41,7,1,19
4cfd0406d7db1d6877a1f7cbbaa722bc,6298ba3029dfa6658693e1b36ce1842a,PR,abatia,-23.30422317621049,-50.31106842970416,SP,-23.625852663887155,-46.61139748251486,379.044234502194,1,1,27.99,15.1,300.0,2017-11-26 14:55:20,2017-12-21,2017-12-20 23:22:12,24,0,24
23c95653bc574efa346f4eee3b29e882,7b78acd8d2e5233b6ea898fd997942af,RJ,niteroi,-22.906870719638384,-43.05408348725251,SP,-23.65158034194123,-46.66804610713254,378.30000359418864,1,1,599.0,23.68,2000.0,2017-11-20 12:47:48,2017-12-08,2017-12-08 00:21:26,17,0,17
93dfb14657b871cc1708647ef95f40f9,02a0567ef769f63b6e340fcb6eb6b618,RJ,petropolis,-22.510125797378475,-43.22025644952138,SP,-22.740512158523465,-46.8958585777586,378.1131016720724,1,1,72.0,17.75,1750.0,2017-11-21 18:18:40,2017-12-11,2017-12-07 20:03:11,16,0,19
f981ff892e7c8fb06f45c2b98e2c4a73,92169b75de57d2e984f28cd62183ae49,RJ,niteroi,-22.904265865398976,-43.09282222738474,SP,-23.211061972115367,-46.76376569389638,377.1160498262429,1,1,79.0,17.8,10600.0,2017-11-24 20:35:18,2017-12-20,2017-12-07 21:35:08,13,0,25
b516aaa690f572fbb0bcd7159d394115,a40455e8783b666b28e506a7ccd93389,RJ,rio de janeiro,-22.91408114285877,-43.22386956688216,SP,-22.740512158523465,-46.8958585777586,376.8120100890904,1,1,15.55,15.11,250.0,2017-11-26 10:56:08,2017-12-18,2017-12-27 19:19:00,31,0,21
df88a8395fa16611947484e283503cb3,5754c53ce78338afd3ea539fee8052ef,RJ,rio de janeiro,-22.949477453257384,-43.18835583888282,SP,-23.21666721397665,-46.86029699388317,376.7743552873328,1,1,22.49,14.1,175.0,2017-11-24 16:24:26,2017-12-14,2017-12-06 19:23:00,12,0,19
290673dd0e92d677725fdb80ce26d46f,7a5aaaaec11d575445323b17c38189f3,RJ,rio de janeiro,-22.91768636469216,-43.23124192027812,SP,-23.553426672969827,-46.84972934356494,376.4076423887631,1,1,39.9,15.11,500.0,2017-11-25 20:43:50,2017-12-15,2017-12-13 00:36:49,17,0,19
acb56e6695d371a1c50a34c38938277e,29457f76418b2b673b5c36b6aefbb6b5,SP,sao paulo,-23.66680329236412,-46.78338322207837,RJ,-22.93534069637593,-43.186718398333056,376.1964523505108,1,1,99.99,20.19,1550.0,2017-11-27 18:04:28,2017-12-15,2017-12-12 22:37:03,15,0,17
413d21c694c928b464c2cc8d3904b2b1,a30fa1104a5ff6f5d9d1d907ffb4c609,SP,zacarias,-21.051734610509527,-50.05291658482018,SP,-22.740512158523465,-46.8958585777586,375.95754840476417,1,1,55.0,13.41,1250.0,2017-11-24 15:06:59,2017-12-14,2017-12-14 21:07:27,20,1,19
e8a874f0c34734d1f21dc074967f0a07,0a430289a266ecb57ad180f7076431aa,RJ,sao goncalo,-22.819145152582344,-43.036113091680086,SP,-23.608557917740683,-46.613331924231765,375.9428666106345,1,1,54.9,16.63,1750.0,2017-11-24 15:40:10,2017-12-15,2018-01-03 22:06:19,40,0,20
26d067c5d629ef23cc86ba8caa626fcf,38ea3fe4613789cb79db2ff69b258725,BA,caraibas,-14.726161438908235,-41.260725184258895,BA,-12.89472449617752,-38.33875838605659,375.51351621688246,1,1,235.9,13.9,450.0,2017-11-27 22:17:21,2017-12-15,2017-12-11 21:32:39,13,1,17
311155a0f4009bd8e4936e0ce45324ae,421d65b7d24e669c0d728b6ad9c0742c,SP,sao paulo,-23.621358467708685,-46.62571282851363,SP,-22.213919097740828,-49.957488146734775,375.39097377233287,1,3,791.7,40.02,2200.0,2017-11-20 18:11:05,2017-12-07,2017-11-29 15:19:07,8,1,16
39cfa7b8a9a7828476d1074dbd1838a5,5f34948f5d071e36441bb09513db16b1,SP,marilia,-22.187854718564274,-49.92825826593332,SP,-23.543666339719525,-46.57580075340465,375.0936059024767,1,1,90.0,12.97,450.0,2017-11-24 23:49:53,2017-12-14,2017-12-05 15:25:03,10,1,19
f5fea26ab547eec920e6f8ecdc5c37e4,9d1f4537b5bf271b2acdfb484507104c,SP,cajamar,-23.406901724083777,-46.84254171963375,RJ,-22.92356707409551,-43.21262803260434,374.9456706629477,1,1,169.9,17.44,1300.0,2017-11-20 19:38:16,2017-12-07,2017-11-24 19:56:40,4,0,16
d7f4e2f755cf2f40aa7c39804cfe01c4,18ad705482141f60ad05945506ef2b9e,MG,uberlandia,-18.914980232586977,-48.27813616348312,SP,-22.277216273975142,-48.5432584317704,374.8802615571165,1,1,69.9,20.98,2500.0,2017-11-26 12:50:56,2017-12-20,2017-12-08 17:02:43,12,0,23
34c2c4f024cb4f1fa2209be39f42ccbe,ea7cef87ea0f402e1eccc03f201a01b5,MG,santo antonio do monte,-20.091056153669804,-45.29048566507433,SP,-23.086036875382305,-46.954171930582575,374.814810486419,1,1,9.9,15.1,250.0,2017-11-25 09:51:36,2017-12-22,2017-12-05 19:09:10,10,0,26
f8fe883e2728cda6bce4c9552d521f71,8531319b5937edd1b7518b1a5727361b,SP,ubatuba,-23.441645336112845,-45.077753319947206,SP,-21.20303590598236,-47.80187851542229,374.7830191476762,1,3,149.97,35.55,900.0,2017-11-24 15:22:22,2017-12-14,2017-12-06 22:22:06,12,1,19
640037457ab0f3f6fbfa8cd6908e74ef,04a8f68b5b040ff3e1d961c2d280d4e5,SP,colina,-20.71513549886369,-48.5349450886245,SP,-23.652442526788203,-46.75549168747648,374.4789674305277,1,1,49.0,11.85,250.0,2017-11-24 01:20:00,2017-12-14,2017-12-05 23:16:39,11,1,19
6da8ea3c17482ba0eee27ffd63c2d591,4359f277297d4121b9077aa1e8142c8a,MG,ipatinga,-19.46970149792253,-42.562507159587966,MG,-21.69506411550893,-45.257499190163706,374.0565657852856,1,1,99.0,14.42,1050.0,2017-11-25 22:12:25,2017-12-29,2017-12-02 20:04:47,6,1,33
785e8c8436f4631d009d208dd380b200,48e0af4eb65ad95cd0f6235295d56b74,PR,curitiba,-25.45864601817763,-49.28623690529256,SP,-22.568376530773754,-47.40402037330482,373.9298663065816,1,1,290.0,16.78,350.0,2017-11-26 23:00:00,2017-12-20,2017-12-04 22:52:15,7,0,23
d288a830bb769fc15a7a29edf445e1e5,ba03ba4dc3409210dc18b3dbbcec2912,SP,santo andre,-23.675315595636327,-46.51511591603398,SC,-26.28722555453289,-48.850959075076446,373.8482808863871,1,1,119.9,15.59,600.0,2017-11-24 13:44:38,2017-12-19,2017-12-05 13:42:45,10,0,24
d860631771a39cab8dbd1fd3c9d9b46b,239914266a7bdd738ce6b85a413e9e48,RJ,rio de janeiro,-23.004214031623405,-43.335593643632045,SP,-23.489821337123363,-46.95315217080441,373.50827435691934,1,1,649.0,19.3,757.0,2017-11-24 01:09:07,2017-12-14,2017-12-19 20:58:23,25,0,19
b8b4b6ea58c7d2465c0f66f7a5e9ee3e,7673be11b2ee7f61ebff0cbd16fd6b21,SP,suzano,-23.54028403510096,-46.28705928868504,PR,-25.469979548156257,-49.306212701915854,373.2801727761483,1,2,59.8,30.22,1800.0,2017-11-23 23:09:48,2017-12-14,2017-12-04 22:17:16,10,0,20
6cd651f3a661956fad760116b2745b3a,819478282706b05fe0491ca57f315e3d,SP,sao paulo,-23.63272085885393,-46.64053662698363,RJ,-22.53988593060518,-43.197575382221615,372.53978406855055,1,1,82.9,16.34,304.0,2017-11-25 23:03:39,2017-12-18,2017-12-04 22:42:20,8,0,22
79f3f1e756924f3c4f2e8de5b726ccff,f3258f0909cb8d6bed43289901375714,SP,barueri,-23.505967344026324,-46.86762212637944,RJ,-22.84258446627047,-43.303678777468456,371.6971550837207,1,1,79.9,15.32,900.0,2017-11-24 16:36:22,2017-12-20,2017-12-03 18:53:09,9,0,25
47bcc66b360244699053868c95917bd7,6107b1307038a1ce0780b1ac1653fceb,MG,juiz de fora,-21.76927978597883,-43.352157868789305,SP,-23.51503460560334,-46.44060207799066,371.65137432415975,1,1,19.99,15.1,200.0,2017-11-23 15:01:48,2017-12-15,2017-11-30 21:44:46,7,0,21
fcf77320278b491829c6e5d767a3f20d,7537ac8265339393d7a9fc8f4cfaf361,RS,passo fundo,-28.258177123243765,-52.405941096684245,PR,-25.54168647758336,-54.585197713463536,371.3810458056797,1,1,279.9,32.71,6600.0,2017-11-24 23:15:52,2017-12-19,2018-01-23 23:13:01,59,0,24
7643e9a97cec10c406e7966b2f884993,d2cfb77c9d67fb803bc897ae5f0a4c97,RJ,rio de janeiro,-22.92541928296553,-43.232072863400354,SP,-22.986269342347207,-46.85229042519152,370.7225175953613,1,1,50.0,15.11,500.0,2017-11-21 10:19:09,2017-12-07,2017-12-06 15:12:28,15,0,15
0e6998991870142c2ed25d6173ea587d,ed9da2d95422298564f9b69b0ca6224c,SP,sao paulo,-23.60949202553521,-46.74054679600666,RJ,-22.93534069637593,-43.186718398333056,370.662452905456,1,1,349.99,17.21,1700.0,2017-11-23 20:26:59,2017-12-13,2017-12-16 17:41:43,22,0,19
08090fccbb124a320054723db6201076,a272379c2986937171771cd55ebd00ff,MG,itauna,-20.076917145110954,-44.57734014848548,SP,-23.184481107132555,-45.87242012963361,370.5602886934272,1,1,19.9,15.1,300.0,2017-11-26 19:13:20,2017-12-20,2017-12-14 23:08:38,18,0,23
9be87d9a7a1fbeef85d11ae236ce4609,56b6948031be6d0a574b0d342f3601f1,SP,sao paulo,-23.643559858635008,-46.73208462230973,RJ,-22.93534069637593,-43.186718398333056,370.5568609041766,1,1,219.99,16.3,700.0,2017-11-27 11:18:43,2017-12-15,2017-12-12 16:44:37,15,0,17
bffbc9914c0ed565820a4cf5b205b0d5,b80a097ea46d3cef0ea29a2b2ce06375,RJ,niteroi,-22.90600354640406,-43.10553826082004,SP,-22.611004585010026,-46.70334132489496,370.3562160311348,1,1,159.9,25.96,3550.0,2017-11-27 21:19:18,2017-12-19,2017-12-18 22:58:41,21,0,21
cd1a20782013109d1ec8320dff14d666,7196e7b72271a04057e5ec119b45947e,SC,sao jose,-27.55704718219067,-48.63068939307693,RS,-30.00839962559865,-51.20149509977495,370.20245877482654,1,1,149.0,14.79,200.0,2017-11-24 15:48:12,2017-12-18,2017-12-04 16:49:52,10,0,23
a7cb67859df47f610cabbe09d29bbb99,f95706a51f108602bd328a0b9f8a37bd,SP,sao paulo,-23.528437244936224,-46.47859222807146,RJ,-22.115920892772785,-43.208899456798775,370.07413570839685,1,1,18.74,15.1,300.0,2017-11-23 23:02:40,2017-12-18,2017-12-14 19:51:58,20,0,24
bc5fcaf4a4f6d91e1b1037bb261e1ee5,5df9e029af93b207ec9c068fbc413d38,RJ,rio de janeiro,-22.91769260113128,-43.38826034580772,SP,-23.489821337123363,-46.95315217080441,369.8343508286868,1,1,199.99,15.15,490.0,2017-11-24 14:36:36,2017-12-14,2017-12-15 19:12:34,21,0,19
e1c810cb179481ffaa80d2cb9585933d,4df4e1475d8002888804dbefbf86a891,SP,poa,-23.52807399194992,-46.33998564570951,PR,-25.469979548156257,-49.306212701915854,369.7146569856097,1,1,39.9,15.11,900.0,2017-11-21 22:40:24,2017-12-08,2017-11-24 19:22:04,2,0,16
36cdcd48e9697951eef9c32ef39dc9f3,e277b8e4745cacd511e18bd6d7686227,RJ,nova iguacu,-22.74916798275381,-43.4288344775117,SP,-23.489821337123363,-46.95315217080441,369.690570488044,1,1,599.0,17.94,550.0,2017-11-24 14:35:10,2017-12-15,2017-12-19 20:44:52,25,0,20
81808049a8014d165b0ea6e1d2fd2c27,7ada717d4b7b270ffa1f2c9dfe585e18,SP,pindamonhangaba,-22.92200868163236,-45.46447568814595,SP,-21.757690120914923,-48.82976816265947,369.5238678900072,1,1,49.95,12.69,450.0,2017-11-24 21:43:56,2017-12-19,2017-12-11 17:48:26,16,1,24
2a757a7ab0204f779c01da4557d982ad,aefd6355ebd6b31a28fe1613ce45ddb0,MG,divinopolis,-20.133631952864427,-44.90227328320033,SP,-23.30395324646543,-45.96258897068984,369.1417332123203,1,2,67.8,30.2,400.0,2017-11-20 15:06:30,2017-12-11,2017-11-29 12:09:20,8,0,20
f849f319243bc7755c4fa9ccdb35eea7,e3f12c713d9d75a7c1fd80b19425880e,RJ,rio de janeiro,-22.91768636469216,-43.23124192027812,SP,-23.652442526788203,-46.75549168747648,369.103109588028,1,2,68.0,28.19,450.0,2017-11-21 11:36:24,2017-12-07,2017-12-14 17:25:57,23,0,15
4a9535cd904e916ca0286823298d30ed,1e4750abc882c2b10806fbbf46a5ad6b,SP,sao paulo,-23.56773126575577,-46.626243530931966,RJ,-22.53988593060518,-43.197575382221615,368.9368666717638,1,1,339.9,18.14,510.0,2017-11-24 21:33:29,2017-12-15,2017-12-06 20:22:25,11,0,20
85d8650f82d9c340bd53a17c2adcdced,5626650d4ff662ebbb6bcd7e126fd6d7,SC,joinville,-26.34259704286522,-48.832460306527246,SP,-23.941438868717192,-46.30279503554525,368.92969434029305,1,1,16.49,17.6,140.0,2017-11-27 15:51:23,2017-12-20,2017-12-15 20:48:42,18,0,22
70bc63a4b15c36daba5d68676c6eb65d,919279990314ce9290fe3fd3bca96ee8,SP,jarinu,-23.09784541994768,-46.71726009296573,PR,-25.49260110629584,-49.23659835472503,368.89406397067415,1,1,99.0,27.01,3850.0,2017-11-24 19:29:35,2017-12-21,2017-12-13 13:42:53,18,0,26
5c6a84ff68eff6e372bf9529b864e4aa,32f650989ca6a9f8b3e62ae45d03a208,SP,sao paulo,-23.674044803220028,-46.68195708451151,SC,-26.326983965448072,-48.88001811303306,368.88128383932144,1,2,119.8,30.72,1500.0,2017-11-27 20:25:14,2017-12-19,2017-12-11 15:46:59,13,0,21
33053ee45764f34778295ba8a0a4131d,bb897f462207bcc6d9517184aa0c43c8,SP,santo andre,-23.678743908783414,-46.50281468519531,SC,-26.24993381848348,-48.80571126263594,368.2610388222803,1,1,177.99,17.01,950.0,2017-11-21 11:31:31,2017-12-12,2017-12-03 14:42:50,12,0,20
b050c4789515afbf9494031e52fcb0ac,f1c644808cff23dee2ab83dcc9368ff2,SP,sao paulo,-23.491977681855435,-46.64169701200301,RJ,-22.53988593060518,-43.197575382221615,368.024684246533,1,1,59.9,17.67,431.0,2017-11-27 23:49:08,2017-12-18,2017-12-26 15:36:49,28,0,20
4c5d80480b7c923ec02b8dee8c00a846,d8e4093b1a0d9885110b24a74feb6ab7,RJ,mage,-22.549038961218727,-43.04569149939989,SP,-23.50848147377229,-46.485872413266776,367.84252620671487,1,1,17.5,14.1,100.0,2017-11-21 20:37:30,2017-12-15,2017-12-11 22:03:44,20,0,23
1710114c1a278545964b28b49d85a2a4,fa1b9531a23ed747b30acc5ff7bf4f54,SP,salto de pirapora,-23.650244312827898,-47.5761217787836,SP,-20.806830481885147,-49.38960170992274,367.1479832747315,1,1,49.0,13.41,1550.0,2017-11-24 14:18:31,2017-12-14,2017-12-08 18:51:16,14,1,19
9fa3141e41678109d614cc3ee569cb98,6c7f22d419350aa50d3ed422fe852df1,RJ,sao goncalo,-22.82930136101589,-42.98790772097482,SP,-23.51253401672528,-46.501049539944844,367.06834164443984,1,1,129.99,14.66,700.0,2017-11-26 14:16:15,2017-12-18,2017-12-28 13:46:09,31,0,21
c3453c071c1493aba13725136681500c,b09c81ab868cd4697d3a8b3440ca8f58,SC,sao bento do sul,-26.21669761700756,-49.41484762845982,PR,-23.331043778111702,-51.17744445122848,366.8977653313334,1,1,118.9,18.08,1350.0,2017-11-23 19:25:20,2017-12-15,2017-11-30 16:41:18,6,0,21
8e86bb7701f5738e9b750b76bae492bc,39321fee4780214055b7f625d3254dc8,RJ,rio de janeiro,-22.807903515407663,-43.19893621357261,SP,-23.67008162864273,-46.66049702840489,366.4293385318085,1,1,37.99,17.0,217.0,2017-11-23 10:28:05,2017-12-26,2017-12-18 18:51:56,25,0,32
67c5cf1273ec191d0a3876bef14fb5b8,8751c8062e9b939640e28854c6757834,MG,timoteo,-19.544253958337173,-42.645186545999934,MG,-20.94004902170557,-45.82696971616617,366.4239691761128,1,1,89.99,26.25,5950.0,2017-11-27 06:42:23,2017-12-18,2017-12-08 19:32:29,11,1,20
04a59fe46fc5aa341da5378c195ed53c,2d8748fb35d51c2fd273ee67fff78b7a,PR,curitiba,-25.43366888971728,-49.26893094975684,SP,-22.986269342347207,-46.85229042519152,366.2094321302516,1,1,60.0,15.18,600.0,2017-11-26 09:32:06,2017-12-19,2017-12-11 19:03:18,15,0,22
d79983d40a8d093d5e2a1b7cdc2d1741,97c8388c8979c4a2c4916a0f840a512f,SP,pontal,-21.025501448536,-48.03704675279472,SP,-21.486471927360125,-51.53351950792364,365.9394685465672,1,1,24.5,11.85,150.0,2017-11-24 22:17:39,2017-12-14,2017-12-08 15:21:56,13,1,19
ddca7a5427d96087ea1402cb4375ed3d,cda317dbbdd9887d0ef766b397d36fdb,RJ,rio de janeiro,-22.97891413015762,-43.19380009478331,SP,-23.680178204541587,-46.69191023495291,365.5715728670749,1,1,127.0,14.64,500.0,2017-11-23 23:19:06,2017-12-13,2017-12-01 20:09:57,7,0,19
52cafd5349b83c44cef90c267012a0d2,b695437f3c8fa38c0ba037c7e13786c1,SP,sao paulo,-23.62087271994926,-46.68512455646613,RJ,-22.93534069637593,-43.186718398333056,365.3673037830652,1,2,199.98,30.92,1100.0,2017-11-23 10:57:38,2017-12-11,2017-12-05 16:52:24,12,0,17
e3a456432c2847da83a3cfb4fa72d9db,fd79d84ccc418c200ac0633a12166a71,RJ,niteroi,-22.90600354640406,-43.10553826082004,SP,-23.48535959449485,-46.624283978908174,365.3519652374844,1,1,24.62,14.1,490.0,2017-11-21 21:40:05,2017-12-08,2018-01-05 21:18:48,44,0,16
36bcbda035e6775be01e15081157c4aa,d0f925724e01c44080ff511fc5021bba,RJ,rio de janeiro,-22.930412639848665,-43.34703978193807,SP,-22.740512158523465,-46.8958585777586,364.285796754618,1,1,225.0,43.77,12300.0,2017-11-25 20:37:46,2017-12-18,2017-12-28 17:28:15,32,0,22
294a163a5e62f051254e16cf0c98db6c,ea5fb295581508719fc3b766e451d5da,SP,sao paulo,-23.64575746821804,-46.66867044338965,RJ,-22.93534069637593,-43.186718398333056,364.2811762071284,1,1,159.99,15.88,800.0,2017-11-27 16:59:53,2017-12-18,2017-12-14 21:28:58,17,0,20
9b4d44f88d31a9b5149bba90b6fb7b7d,36ab33aeafca98cf78d91fecb98faf0d,RJ,sao goncalo,-22.85213169630646,-43.09176174278653,SP,-23.47872386955392,-46.58823999999999,364.15964155330073,1,1,49.9,14.1,100.0,2017-11-27 11:07:56,2017-12-29,2017-12-05 20:40:03,8,0,31
9a9e42d30fd1e23865968c5aafc1898e,efa4f524eb658db8211c15b35a225b9a,SP,osasco,-23.55163961047944,-46.764859155000345,SC,-26.24993381848348,-48.80571126263594,363.8363605832212,1,1,177.99,17.01,950.0,2017-11-25 07:22:45,2017-12-20,2017-12-07 00:44:56,11,0,24
ecfef517213c787b773d09056b717560,9388ff9b58a5d55ff3027858f519d1fb,SP,sao paulo,-23.561779395363267,-46.47581652435226,RJ,-22.82827005636834,-43.01210347482567,363.2780917627428,1,1,109.9,14.52,550.0,2017-11-27 11:33:43,2017-12-18,2017-12-12 23:17:43,15,0,20
d3b019b69082303782e91f315a23491c,1bc2adaa2667350db67c3a87d7a3b9be,RS,caxias do sul,-29.17727842458813,-51.17350999501387,SC,-26.488493474897464,-49.08236411518263,362.8427372166132,1,1,599.9,101.57,10000.0,2017-11-24 18:41:54,2017-12-18,2017-12-05 00:49:36,10,0,23
89e84cfb3387746e060d4a9146511c9e,dfff11eb1f2637f31e8182cc82586b85,SP,sao paulo,-23.57483498473655,-46.762274344839255,RJ,-22.84258446627047,-43.303678777468456,362.7017557120621,1,1,79.9,16.81,3967.0,2017-11-25 21:40:37,2017-12-21,2017-12-03 16:34:35,7,0,25
340a0613ed37b5748a4b7b676676ca26,ac333d5a0b86f078e3e9e1bc82c7a292,PR,curiuva,-24.038314294041577,-50.45594974870785,SP,-23.41889183250616,-46.9591508819105,362.5466574949431,1,1,35.0,15.1,100.0,2017-11-26 22:33:57,2017-12-21,2017-12-11 22:17:10,14,0,24
3bd276decc90bce797094f7b6524e462,5d6358a6b644be8db26189ce2c3f2031,PR,curitiba,-25.47926400312573,-49.30147398127409,SP,-23.42439868040567,-46.5276677164868,361.97132191763177,1,1,40.9,14.1,200.0,2017-11-20 11:45:12,2017-12-08,2017-11-23 18:28:51,3,0,17
76f27a60facc0c9b7ee8344eeb60c7a1,f12d12275ee0e3b03bad2fa39ca732e3,SP,campinas,-22.91167675739909,-47.047650129061104,PR,-25.456295548173603,-49.26527728440769,361.4507939808642,1,1,935.0,22.8,1200.0,2017-11-24 23:59:24,2017-12-18,2017-12-05 23:46:54,10,0,23
1d95cfa17a6ea1b7908c0d284f9ee2c8,62137f4b036702e112ce4e6a82933943,RJ,rio de janeiro,-22.93035788314392,-43.24161788510583,SP,-23.569882978500623,-46.71049857687159,361.4506375744471,1,1,36.75,15.11,900.0,2017-11-22 18:03:36,2017-12-08,2017-12-19 17:09:51,26,0,15
333fd556e66dcdb07b2081f258f42ece,5b14f89cd607c6251805e5506fa36fb8,MG,belo horizonte,-19.892370394396657,-43.94229006688214,SP,-21.60083934075281,-46.893667929142325,360.9203612229193,1,1,204.9,18.68,1904.0,2017-11-26 12:05:36,2017-12-20,2017-12-05 23:51:13,9,0,23
7e2680945c22bf90f075339750b45ce2,7b33f0adecab294ca2fa60029f662a5a,SP,bertioga,-23.82696887870072,-46.11866655620633,SP,-21.757690120914923,-48.82976816265947,360.7881737383029,1,1,39.99,11.85,350.0,2017-11-25 12:01:33,2017-12-20,2017-12-20 17:58:47,25,1,24
9b643bf8a8614206d936530d416aef57,e1b64e8d881811f9914cc891ab48ee89,PR,araucaria,-25.58196,-49.40396541865042,SP,-23.539439503750906,-46.63284391414975,360.7066336001601,1,1,19.9,14.1,167.0,2017-11-22 11:42:43,2017-12-11,2017-12-19 16:04:42,27,0,18
b6ee1c3dc0d943c0e1e18a4fb936a693,107c1643b1a92f4749b18a5583ec924f,SP,sao paulo,-23.48567220483005,-46.41874072189959,PR,-25.447582257285475,-49.25463280746252,360.4942984099983,1,1,140.0,20.47,3000.0,2017-11-25 16:29:47,2017-12-18,2017-12-05 00:58:59,9,0,22
9938a967279700714d16f4c8437390da,ca474de0f63d3e88b4b28185fe6ff714,PR,curitiba,-25.38745985141605,-49.2428856313153,SC,-28.62278894415899,-49.02509319244567,360.39835432887634,1,2,57.8,30.2,1000.0,2017-11-25 00:16:56,2017-12-20,2017-12-01 18:48:51,6,0,24
5ad3a75d349361186b25fceeffb7a6fd,bfaed4a456a1cd28e5ce16ba9ed3baf1,MG,muriae,-21.136154616423383,-42.3607985209476,MG,-20.94004902170557,-45.82696971616617,360.3822403055792,1,1,179.99,26.88,7650.0,2017-11-26 08:10:49,2017-12-15,2017-12-10 11:23:00,14,1,18
00275bce676303c3bfd7292aefdfa223,a12427487c970a4a75dbeb5884f126a8,SP,sao paulo,-23.700391716675306,-46.642831758122206,SP,-20.53828580245557,-47.40131667800094,360.1833285820521,1,1,279.9,13.46,300.0,2017-11-24 23:10:30,2017-12-14,2017-12-04 19:42:16,9,1,19
462240cb1ec4e5db517e73fff57ebfc0,143fdaaf1a8b9e8905183ee2714d3647,PR,curitiba,-25.380894132667777,-49.330617876947215,SP,-22.72047306908892,-47.3069096297536,360.17513148107844,1,1,37.79,14.1,450.0,2017-11-27 18:39:56,2017-12-20,2017-12-14 18:56:14,17,0,22
4519e07ee266cdb76e23c0fb163b6b32,e4a99835448411bc518166299f50f2d8,RJ,rio de janeiro,-22.90247241249798,-43.17539997876279,SP,-23.5827745037509,-46.6204825896474,360.0117340111487,1,1,106.0,20.23,2800.0,2017-11-24 15:09:28,2017-12-14,2017-12-06 22:33:08,12,0,19
1184f47611befe5e28db021be60171c7,9486b85b8f2341d5f5cd6baa107798e4,PR,araucaria,-25.613231359050044,-49.37106182294905,SP,-23.537493461278807,-46.63974517262972,359.92045149096464,1,1,13.65,14.1,150.0,2017-11-25 14:04:40,2017-12-18,2017-12-20 17:27:22,25,0,22
1b4302389eccf1e9df072501f38b1e9a,8366faccbf86fbd3165242b52317a20e,RJ,rio de janeiro,-22.92478771996359,-43.199137587425696,SP,-23.54716236816894,-46.65543934860632,359.8560732689514,1,1,36.9,16.6,1200.0,2017-11-24 09:56:07,2017-12-14,2018-01-03 12:55:26,40,0,19
96ec69be415af025f08688f1fa8b2d02,4f59a5ae9f9bd9028e34ff7059119ddf,SP,itaquaquecetuba,-23.48807447760504,-46.35751602664146,PR,-25.437089594076483,-49.19547835610814,359.8032255768115,1,1,58.9,14.16,400.0,2017-11-21 21:20:20,2017-12-11,2017-12-05 20:09:57,13,0,19
1cc07f959bdafc731990c4852c9a33a7,9688035c1df252e0084bc89e7b576c7f,PR,sao jose dos pinhais,-25.55935703886542,-49.20785595669116,SP,-23.211061972115367,-46.76376569389638,359.7728128960842,1,1,79.0,17.8,7000.0,2017-11-25 20:31:35,2017-12-22,2017-12-11 17:38:12,15,0,26
9f8d175d959554b7edef8908797f42bc,64f0489f9721747547375903b0468371,MG,sete lagoas,-19.45930795389748,-44.24801919373313,RJ,-22.53988593060518,-43.197575382221615,359.4770382886533,1,2,119.8,35.34,862.0,2017-11-24 10:51:42,2017-12-19,2017-12-06 16:02:42,12,0,24
5636f3720054204170c8f617a9c7e012,5a5bf3ec00dae24ee06f833978e27eed,RJ,rio de janeiro,-23.004214031623405,-43.335593643632045,SP,-23.567144357256428,-46.80124193020628,359.4543073074554,1,1,129.0,52.91,5075.0,2017-11-22 22:04:22,2017-12-08,2017-12-04 20:39:01,11,0,15
418bb287b39de72ba4ec49a79fd47143,94fa4c3814c097aa78f9924520d65f3e,ES,venda nova do imigrante,-20.33247922535164,-41.13320003657836,RJ,-22.93534069637593,-43.186718398333056,358.8975254734022,1,1,299.99,22.59,1582.0,2017-11-20 14:47:46,2017-12-14,2017-11-27 22:48:43,7,0,23
dcedac1406b3713259927ba54a3ad206,a8695124db570d100b87f73fbdaef64a,RJ,rio de janeiro,-22.978469157654736,-43.23383336857298,SP,-23.65158034194123,-46.66804610713254,358.5719520645494,1,1,69.99,15.25,500.0,2017-11-22 16:56:05,2017-12-15,2017-12-02 18:18:28,10,0,22
b60e4bb897c3faf7417e11850072fab0,9c78a4b143253799ac3fc65d6dd8e2c4,RJ,rio de janeiro,-22.900391576043084,-43.20148756418431,SP,-23.537493461278807,-46.63974517262972,358.4110781731927,1,1,9.0,14.1,150.0,2017-11-25 18:41:10,2017-12-15,2017-12-16 18:09:21,20,0,19
c771032d318005136655d3e3bf60bf54,5ef7713ac922bc8f27692ff2705d67b1,RJ,rio de janeiro,-22.95459806717061,-43.17731169269164,SP,-23.608557917740683,-46.613331924231765,358.40078882079376,1,1,179.9,15.01,2425.0,2017-11-23 13:12:52,2017-12-13,2017-12-28 17:15:00,35,0,19
70b69f2b877236e31de92860081e2c72,c781d832751afcb1fdda8fb4eedda2c5,RJ,rio de janeiro,-22.982046506520863,-43.18990317640929,SP,-23.611654194010004,-46.63146857729816,358.3772767545184,1,1,64.99,14.2,1300.0,2017-11-21 20:02:37,2017-12-07,2017-11-30 23:28:34,9,0,15
c101cfbed640cb03705a030acd1153de,b768e81b4204142272b0a8a1d66bb322,RJ,niteroi,-22.938556678817257,-43.06189295407768,SP,-23.42439868040567,-46.5276677164868,358.3478360714417,1,1,57.9,14.16,200.0,2017-11-24 08:47:09,2017-12-15,2017-12-12 18:59:06,18,0,20
5127c53ca9cae89a0aafdcc580b27f95,ccdd3e6972b355d26dd72d00ad81560c,SP,santos,-23.966109471002326,-46.342983916995166,RJ,-22.53988593060518,-43.197575382221615,358.3288041118931,1,1,159.9,18.37,792.0,2017-11-25 20:42:15,2017-12-18,2017-12-27 15:38:59,31,0,22
53036d8a739a905871d7f0096fa3b339,fb4b4cb8bda9db9b27e86ac7865d4e7e,MG,belo horizonte,-19.79759991743605,-43.974118699766265,RJ,-22.93534069637593,-43.186718398333056,358.29831575858304,1,2,199.98,40.38,3100.0,2017-11-26 22:16:15,2017-12-18,2017-12-01 21:14:33,4,0,21
3200257acc9dd36d1fa819e72fca7e59,c8a84c4b2aea91e2cfd48a87ae2a8947,SP,ribeirao preto,-21.20303590598236,-47.80187851542229,MG,-20.076917145110954,-44.57734014848548,358.1295114274293,1,2,299.74,33.62,1034.0,2017-11-24 12:58:53,2017-12-27,2017-12-04 20:33:01,10,0,32
27b7b4c3fcbac778a89cb52d6e05255f,c1d3f90ae6566b0d6e0673d6a2de44d0,RJ,niteroi,-22.88751675166894,-43.12059679174127,SP,-23.65869024839867,-46.52249513292757,357.90665127322325,1,1,56.99,14.15,400.0,2017-11-25 23:32:45,2017-12-19,2017-12-13 13:22:25,17,0,23
5042f28675b7eedd6c772f3c0df075f1,5c8013fd8f99bc42840b27436e059b84,RJ,rio de janeiro,-22.982046506520863,-43.18990317640929,SP,-23.537493461278807,-46.63974517262972,357.7877660170802,1,1,12.25,14.1,125.0,2017-11-26 23:38:25,2017-12-15,2017-12-19 18:41:14,22,0,18
c1fbcfc3ec3d235395988c3cdd61a2a1,1da59b9758d8279b5c078c11b09c775f,PR,loanda,-22.93040826023513,-53.13643816611373,SP,-21.426847789373337,-50.0643276561055,357.77584078113205,1,1,139.9,18.23,2000.0,2017-11-21 11:52:02,2017-12-14,2017-12-07 15:42:31,16,0,22
9e0c2694cab5339938c2899355feef83,344182e4ddfad3df86e699ebec644ad6,SP,maua,-23.67764482466333,-46.41871572704704,PR,-25.49968935607949,-49.33471232806277,357.72013146739414,1,1,29.9,15.11,850.0,2017-11-26 17:35:11,2017-12-18,2017-12-06 12:51:48,9,0,21
81b1ecf11d38a0654a13192ce0fc2e5f,810741878a633d09a01e832247d4d31e,RJ,rio de janeiro,-22.984312987232386,-43.21999298167813,MG,-19.836541382739888,-43.92185549333488,357.4752548108947,1,1,95.0,16.92,450.0,2017-11-23 21:16:35,2017-12-13,2017-12-07 22:14:00,14,0,19
4639a7b40270fb97291d74d41ba89a6d,0f6d889ccba941185d1d814aac0bff24,RJ,rio de janeiro,-22.97891413015762,-43.19380009478331,SP,-23.537493461278807,-46.63974517262972,357.46008661714706,1,1,23.7,14.1,250.0,2017-11-22 14:58:31,2017-12-08,2017-12-05 19:06:11,13,0,15
65b93b14fb25e2776692abdbd64a44f7,c7e9d64ef2d3e98ad1b5068dbc859934,RJ,rio de janeiro,-22.93534069637593,-43.186718398333056,MG,-19.811156958250365,-43.98987161296759,357.2058172163386,1,1,39.0,16.6,1100.0,2017-11-24 13:49:15,2017-12-14,2017-12-08 23:38:34,14,0,19
b5027abe05e765cbc186526437ddd21f,e92c0de5b9a170f19572d6ec0cd67785,PR,maringa,-23.41464835527768,-51.94228360784475,PR,-25.54168647758336,-54.585197713463536,357.0175828714931,1,2,240.0,34.64,4750.0,2017-11-20 19:08:38,2017-12-07,2017-12-05 15:15:13,14,1,16
112e4bf33b48220e04bb8fac65cce36e,1a7998311dc094daaa4dcf05cc9955e7,RJ,macae,-22.31298125015008,-41.72221641038342,MG,-19.867906407416527,-43.94863882589885,356.73431699838886,1,1,55.9,16.15,500.0,2017-11-21 23:34:36,2017-12-11,2017-12-08 20:35:33,16,0,19
62b9390d7c1dc711de68f1ee929e9a55,bfce888b3ff4cdd00edbeff6866a5ea8,SP,bebedouro,-20.93996983939765,-48.50011403822046,SP,-23.595227193173283,-46.56076636913555,356.3532475921333,1,1,230.0,14.63,1200.0,2017-11-24 19:12:37,2017-12-14,2017-12-11 13:09:32,16,1,19
7aec0be67a2ae4e49ebf19b44bd43b51,f1b3152055c1dec4a3d1eb8c3a7ac929,PR,curitiba,-25.380894132667777,-49.330617876947215,SP,-22.92492963558197,-47.0742943724681,356.3320564428105,1,1,159.9,15.88,500.0,2017-11-26 10:42:17,2017-12-18,2018-01-05 20:37:11,40,0,21
1d59b360ab8917af7b326a6e8709f2a1,68da081cf4a4965faffec36a1bb47ae6,RJ,rio de janeiro,-22.967573222733552,-43.19036122807145,MG,-19.836541382739888,-43.92185549333488,356.2929640221151,1,1,120.0,20.33,1250.0,2017-11-22 19:48:39,2017-12-08,2017-11-27 18:33:13,4,0,15
6fa03e78d9524fd63e7b9ab5618eff3c,e272717894f4663f450f5a4d487adb2f,MG,divinopolis,-20.14068469699654,-44.88753081910666,SP,-22.740512158523465,-46.8958585777586,356.0431454345596,1,1,69.0,20.97,2850.0,2017-11-27 17:54:10,2017-12-20,2017-12-24 15:07:01,26,0,22
56adbed615cf6836302069e3a9784702,0b6a3d281b126b6fecdae5352da24cac,SP,sao paulo,-23.54452854760799,-46.60721815017951,RJ,-22.93534069637593,-43.186718398333056,355.97523827545626,1,2,199.98,28.9,600.0,2017-11-24 12:47:49,2017-12-14,2017-12-11 13:53:44,17,0,19
484216e35682c86df2d5548a94d08cbb,fb0cfde85c52eae49fd2f0cf9a023844,SP,sao paulo,-23.6357493322177,-46.73784151540766,RJ,-22.77473743841172,-43.3838521354828,355.8822929829855,1,1,99.35,14.45,300.0,2017-11-24 02:25:07,2017-12-15,2017-12-07 14:03:04,13,0,20
eada3ac7ed364835ff906f8b4c8b1f72,c83cfa71a2ded601be5ef7d16115dbd7,SP,campinas,-22.895307936266747,-47.03861701467736,PR,-25.394270950602987,-49.22948094668679,355.8324839853742,1,1,29.9,15.11,1400.0,2017-11-21 20:27:49,2017-12-11,2017-12-04 23:59:11,13,0,19
cae916a392d51a600dd6d7b5eb9b8106,1d266d86834dff1ab24930ccf69c2bcf,SP,sao jose dos campos,-23.22535998592825,-45.913975816261775,SP,-20.58539612477616,-47.86315577415144,355.8064434553457,1,2,99.8,26.74,2280.0,2017-11-25 12:46:12,2017-12-18,2017-12-02 19:18:45,7,1,22
66fd8efdb13221da1b5d53392e52e921,8d20d2912617c963476533288442aa2d,MG,divinopolis,-20.133631952864427,-44.90227328320033,SP,-22.740512158523465,-46.8958585777586,355.79619746005034,1,1,43.0,17.6,1300.0,2017-11-22 15:46:39,2017-12-13,2017-12-06 14:44:46,13,0,20
10758901b602fdec377ba3f189e531f5,015bf7d488097b3b632e5b19f1c7621a,SP,guaruja,-23.936323741149995,-46.287043774078114,SP,-21.757690120914923,-48.82976816265947,355.7550189042256,1,1,49.9,11.85,200.0,2017-11-21 16:40:43,2017-12-07,2017-12-12 01:08:47,20,1,15
0bcc7fc2fefd4ebca3cdcf34288f9026,8923186c52dddf7148df8811d43c0fed,RJ,rio de janeiro,-22.9198782270184,-43.21553184638462,SP,-23.50416851075128,-46.63768728561726,355.6972107790695,1,1,89.0,14.37,500.0,2017-11-26 00:47:01,2017-12-15,2017-12-28 19:28:00,32,0,18
4fee0b89c704a8bb6a4431a63025b6da,29a76ce04ca2385854757fd2c16facc7,SP,sao paulo,-23.66747225728547,-46.64086584638488,PR,-25.45040220122144,-49.56040541360136,355.6310577367511,1,1,219.9,23.86,10200.0,2017-11-21 07:34:00,2017-12-08,2017-12-06 18:18:54,15,0,16
c0248cae5b63c3be878360d970ee5ace,8cea9c305c73104556ab16a6004beedd,SP,itupeva,-23.156299066198635,-47.04923371339494,SP,-20.806830481885147,-49.38960170992274,355.629836944565,1,1,49.0,35.93,1850.0,2017-11-24 16:50:37,2017-12-14,2017-12-01 20:37:51,7,1,19
dc17c01a54fba254ad3989a9ff6d67d7,48f34dee22146ef70227a531ba14ad46,PR,curitiba,-25.442791128284213,-49.276760102140905,SP,-23.563814008050084,-46.43270917051042,355.5910997320285,1,1,178.99,15.0,400.0,2017-11-27 15:55:52,2017-12-18,2017-12-18 22:08:16,21,0,20
6c81f50d7f607e25fb51066b15c8285e,0d9c27a293b6a432d7a8f6581830b3fa,SP,santos,-23.952467126839394,-46.31984960199666,RJ,-22.53988593060518,-43.197575382221615,355.553251380517,1,1,59.9,17.67,431.0,2017-11-24 11:49:51,2017-12-15,2017-12-12 17:43:31,18,0,20
8c0a3c7a61e6e3720d7dd4d4f45122d7,8993926d713ff449ca3680f5cd6b0101,RJ,niteroi,-22.90316625284208,-43.10713068500763,MG,-20.94004902170557,-45.82696971616617,355.4619720549845,1,1,89.99,45.09,5950.0,2017-11-27 12:06:38,2017-12-21,2017-12-04 13:12:09,7,0,23
e090796eb26cd39c79e1436b6d2fd36c,9b09afc85bcbaed844e79aea5cc194fa,RJ,rio de janeiro,-22.86257115735388,-43.38978113085012,SP,-22.986269342347207,-46.85229042519152,354.863271475259,1,1,75.0,14.28,2200.0,2017-11-25 19:38:59,2017-12-15,2017-12-12 01:58:39,16,0,19
79295abc14c5066ba9850a99185015d6,790a05c9cb4a2ed50d88ef313a7e9dfd,MG,lavras,-21.24481728187358,-44.99836509644241,SP,-23.052705625933136,-47.83614945236365,354.70618457437587,1,1,41.8,17.6,1238.0,2017-11-24 17:08:10,2017-12-19,2017-12-09 19:48:53,15,0,24
ffde92ba447b33a47d1c04d203f10f41,502b5f99cc5ae83a33d23ec900e76a3d,SP,americana,-22.7263133542557,-47.33702039244908,PR,-25.39543255842803,-49.25008049885582,354.6877132944417,1,1,278.0,26.7,5500.0,2017-11-24 12:12:36,2017-12-19,2017-12-05 17:56:55,11,0,24
6ea05fe0bc7ce79a766cea430fb1ea56,663b2f4912cde86eb883a82b848b75ce,MG,mariana,-20.373626262192097,-43.41744554260202,MG,-22.27164789897835,-46.16555647382263,354.3443586616765,1,1,83.9,14.32,1250.0,2017-11-27 09:12:29,2017-12-18,2017-12-17 12:42:06,20,1,20
532018822d75bf3fea57e49294393b07,1463c39e05cd384c4dfba57429cc311d,RJ,rio de janeiro,-22.982046506520863,-43.18990317640929,MG,-20.94004902170557,-45.82696971616617,354.2600104301385,1,1,89.99,45.09,5950.0,2017-11-25 18:49:51,2017-12-20,2017-12-06 18:47:07,10,0,24
a631c77f946e5131c16618c1d0453970,22a8e041ede8a10e2606780b45b30ae3,RJ,rio de janeiro,-22.933631577298154,-43.37647022788376,SP,-23.652442526788203,-46.75549168747648,354.2298655977926,1,2,58.0,28.19,400.0,2017-11-24 00:26:01,2017-12-14,2017-12-04 23:58:56,10,0,19
767b76997bafc4391a3018711fd833a9,5d67e31aa8cdc36c984e4079a287a60c,RJ,sao goncalo,-22.860423658125136,-43.089621717164974,MG,-20.94004902170557,-45.82696971616617,354.03648049268025,1,1,179.99,45.72,7650.0,2017-11-26 12:29:41,2017-12-21,2017-12-13 19:59:15,17,0,24
88fe7b995b605b04902482ee56b02af4,6fd262c97a21f451efaabc65cf1fe098,SP,sao paulo,-23.579621632812007,-46.67306332431184,RJ,-22.84258446627047,-43.303678777468456,353.94083576624604,1,2,159.8,30.64,1800.0,2017-11-24 13:05:37,2017-12-20,2017-12-04 15:59:29,10,0,25
e6e2049ec5847e14fd9898496125c8b9,39a2dc3d0040d4fe058e9578715ff9e9,SP,santos,-23.966109471002326,-46.342983916995166,SP,-21.757690120914923,-48.82976816265947,353.84903791599834,1,1,124.24,31.9,13000.0,2017-11-24 14:33:38,2017-12-14,2018-01-04 14:34:18,41,1,19
74c7716ab7523de71a5bab869d6a0055,9ed1e8dd585793101fbbc5f1d8686e39,PR,curitiba,-25.417200148075448,-49.25946949273192,SP,-23.490514739107848,-46.47725188181562,353.82322714280184,1,1,110.9,39.71,1550.0,2017-11-27 16:07:04,2017-12-18,2017-12-09 16:58:34,12,0,20
f5f9c706d2f561a75f2f428d96e58b02,515a37f6dff3997cd7188f78f3bd659a,SP,sao paulo,-23.587241777788428,-46.66746663405275,RJ,-22.84258446627047,-43.303678777468456,353.5723541706537,1,1,120.0,15.6,900.0,2017-11-23 13:49:59,2017-12-19,2017-12-04 14:15:52,11,0,25
1ba8d0116eff4ce64f79e9094f241f6b,20442b054a06b68bb23acd5fc74014bd,RJ,rio de janeiro,-22.944469945322865,-43.184902217179285,SP,-23.634063,-46.56286594670784,353.41533013837187,1,1,99.0,15.45,600.0,2017-11-25 11:34:38,2017-12-15,2017-12-23 17:52:13,28,0,19
778ecfb1e51738fb3f885c62f76d5519,a4469901a1b99d810329af218d154768,SP,embu das artes,-23.6601018805182,-46.796551879811375,SC,-26.26409773355359,-48.805319320338384,353.3179177906925,1,1,148.9,21.53,8350.0,2017-11-24 22:22:37,2017-12-21,2017-12-09 14:24:25,14,0,26
d6b1ebeabc4c48c6b619228bc124a7db,c5e68b243bfdf32f1b8c8a29fccab95c,RJ,niteroi,-22.90600354640406,-43.10553826082004,SP,-23.49585216902305,-46.50247661157595,353.3065440053438,1,1,184.0,20.78,8200.0,2017-11-24 00:45:11,2017-12-15,2017-12-11 14:29:03,17,0,20
10016b700b98966403aafded9f2e168d,715f6330b32864005e645e571dbb2fe8,PR,curitiba,-25.527475136418683,-49.28805852352398,SP,-22.72850761170585,-47.640815255900485,353.2688852827964,1,1,29.9,15.1,500.0,2017-11-25 16:22:05,2017-12-20,2017-12-12 20:51:56,17,0,24
e74d46b7bf8761d0fabbb6bb8b94ea82,9876f334f1965ef939a3b7a5ba355c54,RJ,rio de janeiro,-22.984902366639727,-43.22424120122337,SP,-23.5827745037509,-46.6204825896474,353.19138497243017,1,1,95.9,20.16,2100.0,2017-11-20 23:45:24,2017-12-07,2017-12-19 23:24:48,28,0,16
242bcea719638feb8c102d38e67a4977,8db4bdf985764f1587a5a06107a28d1b,RJ,rio de janeiro,-22.94272652152452,-43.33383599333488,SP,-23.75078457239132,-46.67886788439901,353.10764401632497,1,1,81.49,16.82,1200.0,2017-11-26 08:26:42,2017-12-15,2017-12-19 17:54:32,23,0,18
8adb87b0bb81da96d28e6cfaa033a40d,b5672da69f806d8bc4eea831365f07da,RJ,rio de janeiro,-22.96535718452808,-43.17810675360669,SP,-23.47872386955392,-46.58823999999999,353.10389732424625,1,1,74.9,14.27,200.0,2017-11-24 09:38:22,2017-12-14,2017-12-12 18:41:55,18,0,19
9837f6ffaeacce372cd038e4e634d870,ef353b90b93a47ea1e43e68eec8606c7,SP,jundiai,-23.18884811933757,-46.85195184945988,PR,-25.45864601817763,-49.28623690529256,352.8793395675835,1,1,49.9,14.1,400.0,2017-11-23 18:36:14,2017-12-19,2017-12-21 00:24:57,27,0,25
e56edd78b1e5a0c3144fe825d289fc6b,ca14bb60dd25b45476d1df73dcd4d2f9,SP,sao paulo,-23.53467017539968,-46.67217683458364,RJ,-22.84258446627047,-43.303678777468456,352.7854959519801,1,1,79.9,15.32,900.0,2017-11-25 16:48:58,2017-12-21,2017-12-10 17:22:42,15,0,25
90ae645ceacd8832133a491224beb6b1,76b0b0d45ded0384e888e728833170f4,RJ,sao goncalo,-22.82809216835585,-43.06877229137192,SP,-23.941438868717192,-46.30279503554525,352.5076238644929,1,1,37.49,15.1,250.0,2017-11-27 08:28:55,2017-12-18,2017-12-21 14:06:38,24,0,20
3310a2bd8c292776c39ea3fa6cb47447,c4c8b821713ac3c53e5bad82d73309a5,RJ,rio de janeiro,-22.877480620030063,-43.25916041035259,SP,-23.625852663887155,-46.61139748251486,352.4305417809414,1,1,27.99,14.1,200.0,2017-11-26 13:58:34,2017-12-15,2018-01-11 15:39:57,46,0,18
2ad56d1fc55a1e851edd13dc8a3f3d14,a89680860acf9d9d538cdf3bf6636dcf,RJ,rio de janeiro,-22.935304308644387,-43.333493394632,SP,-23.211061972115367,-46.76376569389638,352.24504417869315,1,1,29.0,16.11,400.0,2017-11-27 18:35:44,2017-12-20,2017-12-29 20:45:17,32,0,22
f25bbb036033d9fdbce59f6858f0bcd2,35066f8de10e6dd4bf75b093694e2770,PR,curitiba,-25.50713848404407,-49.27652913764653,SP,-23.552032416180964,-46.53746144532288,352.1671029008749,1,1,144.99,17.26,975.0,2017-11-24 21:27:42,2017-12-15,2017-12-04 19:39:26,9,0,20
2a77e75a84066bc18c31a02f6b98dfca,49a41ab9ecb4a1a085da6626dfaa26b3,SP,sao paulo,-23.555200641958606,-46.66050841271853,RJ,-22.84258446627047,-43.303678777468456,352.1025734992266,1,1,79.9,15.32,900.0,2017-11-26 18:19:29,2017-12-21,2017-12-05 17:18:35,8,0,24
96cd3b3b210139b9da39ca90d9839595,70b71c4ca0f3afcaa036e75a61aa9d23,MG,santo antonio do amparo,-20.94567375598551,-44.9206173931516,SP,-23.1777630785525,-47.3432490929943,352.02099354945625,1,1,125.02,18.13,1600.0,2017-11-26 17:47:26,2017-12-20,2017-12-07 23:33:51,11,0,23
c182056c231712791b448f605cc15589,1df542b40460b46d1dacf23ef66bf3e8,RJ,rio de janeiro,-22.814348940331204,-43.20267075284208,SP,-23.65869024839867,-46.52249513292757,351.9455775558335,1,1,89.99,15.39,250.0,2017-11-25 18:50:18,2017-12-19,2017-12-18 15:26:42,22,0,23
fcbfb4bc844bc55598f7c04fb2b7c294,e10f6446a2847466d0b1c76265210a38,RJ,rio de janeiro,-22.807903515407663,-43.19893621357261,SP,-23.645438424086816,-46.52022905966877,351.9133414491287,1,1,129.9,14.66,350.0,2017-11-23 14:24:05,2017-12-13,2017-12-04 19:57:11,11,0,19
84c8463c1a2278e211ebf4472126d92a,4f5275b5b9a04f7db3aafd2b381726ac,MG,tupaciguara,-18.595368562768865,-48.70006983691838,SP,-21.757690120914923,-48.82976816265947,351.89448604453617,1,1,118.75,21.32,2300.0,2017-11-25 11:45:36,2017-12-20,2017-12-13 21:13:37,18,0,24
355136777548fdf65a8debb28dcce252,6dec78939c318cc88c10b0d6f4a31c91,RJ,rio de janeiro,-22.894201085809595,-43.22436132361935,MG,-19.811156958250365,-43.98987161296759,351.8629492725776,1,1,39.0,16.6,1100.0,2017-11-22 20:17:30,2017-12-08,2017-11-27 17:43:04,4,0,15
7787da2148a7cb3d33fb258e674f8a3e,c8a02fab716a574ad3bf2324a3bd5179,MG,varginha,-21.561074144737866,-45.43287075532527,SP,-21.757690120914923,-48.82976816265947,351.7216713846027,1,1,119.9,18.09,2500.0,2017-11-26 00:28:42,2017-12-20,2017-12-13 22:05:08,17,0,23
c99f7c8803c7a958c31ba67e7432ba16,f91b9de924df4019df6884555b9b23d2,RJ,rio de janeiro,-22.93003541243005,-43.38943773232147,SP,-23.58394184318197,-46.75787096863638,351.70521922637016,1,1,229.99,16.37,400.0,2017-11-26 14:26:57,2017-12-15,2017-12-16 02:48:39,19,0,18
cfd085695f8aa8900050cd7b077f412c,18bc08c026ac77856ace97552760e768,SP,sao paulo,-23.5308241992758,-46.564551750224425,SP,-20.927842595619605,-48.49233569396832,350.909539919656,1,1,51.9,11.86,100.0,2017-11-26 21:30:43,2017-12-15,2017-12-04 19:48:49,7,1,18
f6e09765a386aa4607ea665f090511ae,8c4d6b0b94bdda396e839a02feeaff86,SP,peruibe,-24.30621752262104,-46.99171352379555,SP,-21.364019805249217,-48.22883109179936,350.8555844238738,1,1,170.0,16.82,4338.0,2017-11-23 07:43:48,2017-12-12,2017-12-08 13:27:03,15,1,18
96eb7f709abac11cbb2502c63d8c1ae6,530d2038f10bff32ab518da55c93cb0a,RJ,rio de janeiro,-22.920179070777287,-43.1800400189857,SP,-23.53968594087948,-46.54635608021235,350.79103033717723,1,6,455.4,85.67999999999999,15600.0,2017-11-24 08:40:31,2017-12-15,2017-12-08 00:47:50,13,0,20
e8cdabb3d52699bdfdff098478ad1a02,27e82f4eccf1fc876e78a3c189303f80,PR,maringa,-23.42843316855792,-51.91774739994137,PR,-25.365851732303263,-49.18582840154509,350.6156555436928,1,1,139.0,13.1,450.0,2017-11-24 14:04:25,2017-12-18,2017-12-07 21:38:58,13,1,23
4aafdb1594ef5ea1e342d5c6f54d95ef,d4a8166779d8d8b3b662152300284c2d,RJ,rio de janeiro,-22.910488104074133,-43.173895076317216,MG,-20.94004902170557,-45.82696971616617,350.55529361623803,1,1,179.99,45.72,7650.0,2017-11-24 15:42:47,2017-12-19,2017-12-04 18:26:50,10,0,24
922d3b9f79fc080553f7a7e877c86bf2,dc1fa8bf46a0b4afeb55416fbec4e690,RJ,rio de janeiro,-22.957250259507173,-43.20047981389583,SP,-23.55643047625651,-46.56853012614689,350.460158172872,1,1,85.0,16.84,1813.0,2017-11-20 11:45:45,2017-12-07,2017-11-29 21:37:51,9,0,16
ebeff2700216eccd71f9e7de886652b3,77128282a85952600858bc2f4c045640,SP,sao vicente,-23.9559889780488,-46.38113361864712,SP,-21.757690120914923,-48.82976816265947,350.2661316704512,1,2,199.8,26.76,2825.0,2017-11-24 16:23:33,2017-12-14,2017-12-20 21:59:15,26,1,19
f57f638b140f81ca2f2df180747bb46f,8b1ac7ae8682963fd0186940a8289a53,RJ,rio de janeiro,-22.95459806717061,-43.17731169269164,SP,-23.51299004413122,-46.55062107126777,350.2139131518314,1,1,88.0,16.87,550.0,2017-11-24 12:26:09,2017-12-14,2017-11-30 16:38:09,6,0,19
417beda39306d49016d061e343c27dde,9f7ce73102ee4610f94a8c59cb1784fd,SP,sao paulo,-23.61104554190951,-46.53216284755327,RJ,-22.93534069637593,-43.186718398333056,349.87958927030803,1,1,99.99,16.95,675.0,2017-11-24 20:50:51,2017-12-14,2017-12-01 21:42:14,7,0,19
b01875821b8dcb6abc61776f0f971bce,818596f5b68adfe2c11498ebb6d39e02,RJ,rio de janeiro,-22.916833051618703,-43.21798092630852,SP,-23.595227193173283,-46.56076636913555,349.721657672749,1,2,63.6,78.56,6900.0,2017-11-24 21:55:22,2017-12-15,2017-12-01 21:11:40,6,0,20
9f14798abf751ab67e2f551d69880b61,bbafed830860c0e9a0c50b6371c462ee,SP,santo andre,-23.63123167776561,-46.49590477892556,PR,-25.45795217485142,-49.30899607966408,349.57896918856346,1,1,148.0,17.29,1150.0,2017-11-24 22:32:34,2017-12-15,2017-12-05 17:09:41,10,0,20
ea122906c8fc6d0da422b4491274099f,5a7a70f2dea7cd6d8ac604a3092d9895,SP,sao paulo,-23.558857003750905,-46.50439024614976,SP,-20.53000701432394,-47.411023731252,349.51091006952686,1,1,17.9,11.85,300.0,2017-11-20 10:59:08,2017-12-07,2017-12-05 00:44:36,14,1,16
54a6545f89aadb5724b75a5a6a1f7837,84bef538fd967ee1e43942c9974df7fd,RJ,rio de janeiro,-22.96437525339033,-43.21631140723638,MG,-22.43068953453729,-46.57343370165055,349.45142213666577,1,1,36.99,15.1,400.0,2017-11-24 11:13:14,2017-12-15,2017-12-11 21:07:58,17,0,20
a22e1b3b7821386e3fbcd6d3c5c6c3c1,bc3170adfdb336e2cfb9457ddc0761b2,SP,praia grande,-24.010703002741373,-46.4061962395147,RJ,-22.93534069637593,-43.186718398333056,349.44578020791505,1,1,299.99,22.59,1582.0,2017-11-23 15:28:46,2017-12-13,2018-01-15 14:53:15,52,0,19
3cd4d6461c966c84e6547503dc04df2a,26d81167c70403d2026325910c1dffbd,RJ,rio de janeiro,-22.912000889260764,-43.37752140605343,SP,-23.63301514377628,-46.70689364807545,349.3992885020123,1,4,668.0,61.7,1600.0,2017-11-24 12:27:36,2017-12-14,2017-12-04 19:58:53,10,0,19
d83c0f39f97da394609c05ada10110a8,6aad6937658f89a7a0c4e25d4da4cbbe,PR,colombo,-25.344206998943765,-49.18323593909059,PR,-23.42843316855792,-51.91774739994137,349.3691950592444,1,1,18.9,12.48,150.0,2017-11-26 12:21:42,2017-12-15,2017-12-05 20:27:03,9,1,18
cec16bf8607acd5483286d4a74fb4365,06133ba8a78671888d881e2e5f35597d,PR,curitiba,-25.44913988952431,-49.28810433527613,SP,-23.53968594087948,-46.54635608021235,349.3340084752923,1,4,303.6,57.12,1600.0,2017-11-24 21:13:26,2017-12-18,2017-12-07 19:15:06,12,0,23
e31626405b2e6ddf9752a4b82da9d0ae,c263d895926cde57ac7fd58054e41de6,MG,belo horizonte,-19.870106184913464,-43.91871377032721,RJ,-22.93534069637593,-43.186718398333056,349.15851067412046,1,1,99.99,20.19,1500.0,2017-11-26 08:55:43,2017-12-18,2017-12-15 00:55:02,18,0,21
562caa9adc299af2723e54c868bd7885,e05ff8716962c594a923bbd109178b31,MG,itauna,-20.076917145110954,-44.57734014848548,RJ,-22.93534069637593,-43.186718398333056,348.87565452197674,1,1,139.99,15.73,400.0,2017-11-24 12:57:45,2017-12-18,2017-12-13 19:58:45,19,0,23
fe1ec86f91f3b5b6bc46fc3e4b8262cd,9317b2bdc9f6a30c2429e462dc672e06,SP,praia grande,-24.026457185123206,-46.47784669233656,SP,-21.757690120914923,-48.82976816265947,348.8185896891044,1,1,19.9,11.85,350.0,2017-11-25 21:38:47,2017-12-15,2017-12-13 01:16:52,17,1,19
3ffd7375839be4547d1c419c90403c27,b062e21ddddbe16aeb797c181e1781e1,SP,praia grande,-24.026457185123206,-46.47784669233656,SP,-21.757690120914923,-48.82976816265947,348.8185896891044,1,2,35.8,23.7,500.0,2017-11-25 21:39:12,2017-12-19,2017-12-11 19:22:33,15,1,23
71bbd7731c71cbe0218ebf8e079efc2e,802606e1f9c01a6a675d8c73f3dc5fe4,RJ,rio de janeiro,-22.95459806717061,-43.17731169269164,SP,-23.56836984105245,-46.52214825721335,348.4347258251296,1,1,139.9,15.74,2444.0,2017-11-26 14:18:47,2017-12-15,2017-12-21 23:28:44,25,0,18
696619f3852ee3540c5e5809e9191ef3,c0814b694253f313e356c161e26f36f1,SP,santos,-23.92722333314212,-46.38278809991919,SP,-21.757690120914923,-48.82976816265947,347.93887804870747,1,1,116.11,13.15,917.0,2017-11-24 10:21:14,2017-12-14,2017-12-05 16:47:26,11,1,19
8e41a4552a7f51874a72a22b403160b8,cb9e924bdc43e5388cd12af920059d4c,SC,sideropolis,-28.59684655896043,-49.42768004532687,PR,-25.469979548156257,-49.306212701915854,347.8997396670397,1,1,29.9,16.11,950.0,2017-11-24 14:29:21,2017-12-19,2017-12-05 19:52:04,11,0,24
bb3728fa34a2d05bb2bd04df7dad8418,4603be100f0719884214e35033227fcf,RJ,rio de janeiro,-22.91768636469216,-43.23124192027812,SP,-23.60162631917597,-46.55363287330484,347.8128901912451,1,1,104.0,16.98,1600.0,2017-11-24 09:25:39,2017-12-14,2017-12-28 18:48:00,34,0,19
9040ee228f2a73cf71c59e19d2d1f1d8,15dce1bee53a5e570eced9cedc29e302,SP,tiete,-23.10247099514172,-47.71298250000001,SP,-21.212247514715177,-50.40380276970684,347.7849106346754,1,1,49.99,11.85,200.0,2017-11-22 12:58:19,2017-12-12,2017-11-30 21:09:10,8,1,19
e8570cab2c50d7a922f29d959fa57a2b,ff7c2f095c37954b032ddc50f6b83448,PR,curitiba,-25.43034980393382,-49.27110173246378,SP,-23.6598992288005,-46.44217136817417,347.2993334518986,1,1,79.9,14.31,400.0,2017-11-25 20:17:40,2017-12-18,2017-12-08 13:28:48,12,0,22
36420a143847ed4a3a7856f3803ec78b,ba7bf9187d8a05d7646a325a3575932a,SP,indaiatuba,-23.117528294477463,-47.22772117568815,SP,-21.426847789373337,-50.0643276561055,347.1696598904208,1,1,59.9,17.13,4875.0,2017-11-24 13:02:52,2017-12-14,2017-11-30 18:08:06,6,1,19
6283d2cb264f76928dffd1faf0f5ff33,ef2e071d3b46a10875216b8b4feb9667,SP,sao vicente,-23.94409120977439,-46.415273866055806,SP,-21.757690120914923,-48.82976816265947,346.8488555784001,1,1,422.0,22.92,6250.0,2017-11-26 00:50:30,2017-12-15,2017-12-18 17:15:31,22,1,18
db594d5ffa3060a8a682a7057a904f29,5bef4f44ca94736a626361ecd6066230,SP,guarulhos,-23.453135036355256,-46.52996767262972,RJ,-22.93534069637593,-43.186718398333056,346.51299177514,1,1,229.99,16.37,1200.0,2017-11-24 01:55:03,2017-12-14,2018-01-08 18:17:40,45,0,19
a9687a65efa981b3d1e10a8b437962da,c9ae0cf86b3ca002831367892138ba7d,PR,curitiba,-25.44379916929823,-49.32942299999999,SP,-23.65869024839867,-46.52249513292757,346.38824693082137,1,1,53.99,14.13,200.0,2017-11-22 09:48:14,2017-12-12,2017-11-28 23:40:06,6,0,19
e29802498c81638fb4377d7c7137031e,95ea5897e2fc6140471671f079a3e6d0,RJ,rio de janeiro,-22.96437525339033,-43.21631140723638,SP,-23.503853294477462,-46.55491073216861,346.3532303130677,1,2,584.0,43.06,5772.0,2017-11-24 12:40:26,2017-12-14,2017-12-01 19:58:38,7,0,19
bb4d578c23506bbef7d3cd919028a8d1,faf2138d43e5c5d2a151499ca53b01bd,PR,curitiba,-25.404808855812814,-49.34650105482136,SP,-23.595227193173283,-46.56076636913555,346.3016230813542,1,1,69.99,15.31,1350.0,2017-11-24 13:48:48,2017-12-18,2017-12-08 09:37:14,13,0,23
9a2f7e3d9d90fc6b50f6f562541af986,b9cccb3fbc3d435d5886e2b614b6c8f5,SP,praia grande,-24.01065386594724,-46.45301391104508,SP,-21.364019805249217,-48.22883109179936,346.10572418678186,1,1,129.0,12.32,444.0,2017-11-25 23:56:58,2017-12-15,2017-12-13 11:42:40,17,1,19
b047dac5341ea96271595f661f547ede,6ec6484eddf235f3a0e07223fbdf2d4e,RJ,rio de janeiro,-22.894145203993325,-43.34717450779488,SP,-23.57808470774424,-46.651012156529546,346.0219043852685,1,1,69.9,39.42,1038.0,2017-11-21 08:24:21,2017-12-07,2017-12-07 19:49:54,16,0,15
0e76c1f1cc3a0d46923197991617cef8,c267e35a4a5aee75602d06f6860b25ba,RJ,rio de janeiro,-22.944469945322865,-43.184902217179285,SP,-23.584135489908583,-46.49855968914825,345.8854389082028,1,1,45.9,14.1,150.0,2017-11-24 17:08:45,2017-12-14,2017-12-26 21:23:28,32,0,19
163653bc8aa631e85ac4af4a4f6f3535,191057ac1a2c11230cd526aedff60212,SP,sao paulo,-23.541702061197995,-46.50560637212186,RJ,-22.93534069637593,-43.186718398333056,345.7315147054878,1,1,69.99,14.24,583.0,2017-11-24 13:04:08,2017-12-14,2017-12-05 00:22:29,10,0,19
f08987078dd6364b07e3db42b792a1e9,a8b8b0b3fad1d06c3ecee2c6d0924ae4,RJ,rio de janeiro,-22.96659649236828,-43.20281028934156,SP,-23.56836984105245,-46.52214825721335,345.6052461796785,1,1,39.9,15.11,650.0,2017-11-26 17:13:50,2017-12-15,2017-12-18 22:03:11,22,0,18
18974292ee839a7a7038699422e6cd39,48d35ccbcd1e85743d67b4e0d564f7c9,RJ,rio de janeiro,-22.83952401067581,-43.40384199473421,SP,-23.48085590563506,-46.71032357035894,345.4640655431884,1,1,39.5,15.11,800.0,2017-11-24 22:25:56,2017-12-14,2017-12-06 16:03:55,11,0,19
216b6395628241d62abe56159c7a3841,8e7ee409a1676ae9a4556373309242b6,RJ,rio de janeiro,-22.93003541243005,-43.38943773232147,SP,-23.48085590563506,-46.71032357035894,344.86436990526283,1,1,39.5,15.11,800.0,2017-11-26 15:06:42,2017-12-15,2017-12-16 11:48:11,19,0,18
48177994024650e5aed5b373217c1488,022656ca3adc7e49311ec71751bddf16,PR,curitiba,-25.50225354445171,-49.29038727047145,SP,-23.56072295337296,-46.63277989454088,344.7722586700672,1,1,14.9,14.1,150.0,2017-11-25 10:14:25,2017-12-18,2017-12-08 01:06:50,12,0,22
3e22992053887624e88bf136002962d5,f52515e506c16ff02e8f9a8dcab675ef,RJ,belford roxo,-22.757109660481568,-43.398140636434135,SP,-24.026457185123206,-46.47784669233656,344.52559307112574,1,1,26.1,15.1,150.0,2017-11-22 13:10:44,2017-12-14,2017-12-20 15:43:42,28,0,21
27cf3bc7a008cb9eb712e4db141d25a2,01fb8712cdee539fb967502da4217019,RJ,rio de janeiro,-22.978469157654736,-43.23383336857298,SP,-23.503853294477462,-46.55491073216861,344.3032853896872,1,1,242.0,17.94,1540.0,2017-11-24 00:18:30,2017-12-14,2017-12-18 11:58:37,24,0,19
a3be501a8812439658c3fc6bd155881c,3ec12082c31cb22827d131a68d8578be,PR,curitiba,-25.42929222045821,-49.29950980821168,SP,-23.595227193173283,-46.56076636913555,344.02805249198525,1,3,115.2,45.33,2550.0,2017-11-20 18:01:48,2017-12-11,2017-11-24 22:06:34,4,0,20
e0f7f2941ad3a817c0cdb8f90b13f0f3,b0122e56650079ca699d17446a11bfbb,RJ,rio de janeiro,-22.957250259507173,-43.20047981389583,SP,-23.584135489908583,-46.49855968914825,344.02193779784807,1,6,239.4,16.98,1200.0,2017-11-23 09:57:47,2017-12-26,2017-12-04 17:58:04,11,0,32
f7521cadeda40e1f36018dcf7d082101,1f31730a98a4a284d44af847aaaa1e45,RJ,rio de janeiro,-22.91732941436329,-43.18875553719198,SP,-23.57130234332621,-46.47930265361119,343.9576110210315,1,2,145.98,40.32,22700.0,2017-11-24 14:13:26,2017-12-14,2017-11-30 18:04:16,6,0,19
42366cdf97324dca1aaad40c066cc085,ac3b63e95281ed75a7cb85169e64d506,RJ,rio de janeiro,-22.92258733473174,-43.24244568124239,SP,-23.10434596378687,-46.59558885596391,343.76521038450846,1,1,68.0,31.23,5000.0,2017-11-22 08:15:36,2017-12-08,2017-12-03 17:03:47,11,0,15
84c69d27ead593a1dbdd1f6b4590f404,616064d1372d7f9f99c4603f0a51956a,SP,sao joao da boa vista,-21.96961773134337,-46.77683067317447,MG,-20.50506397453669,-43.85750364588822,343.5966540306843,1,1,185.81,17.06,350.0,2017-11-27 16:39:32,2017-12-20,2017-12-12 18:44:50,15,0,22
bbbc7b0788315eba0f24a27be06e0538,5b123ce643eaafed4841bf3cbf1d2bd0,RJ,rio de janeiro,-22.91408114285877,-43.22386956688216,SP,-23.53142941993188,-46.51618034574991,343.34980894500944,1,1,19.74,14.1,75.0,2017-11-24 22:14:50,2017-12-14,2017-12-18 17:46:47,23,0,19
06970f3ad11e6267192d7d98af40a8f5,3121273a484955eef5f8c940af3ebfb6,SP,bauru,-22.33451214876793,-49.07592037526672,PR,-25.41816813446838,-49.24809783762771,343.33336364690086,1,1,89.0,15.37,100.0,2017-11-27 14:18:58,2017-12-29,2017-12-06 11:42:29,8,0,31
c66a6afc1a7328bd219214cbf7cf80d5,36ba0a3872f465051b070a89f8f40c38,SP,itupeva,-23.156299066198635,-47.04923371339494,PR,-25.43691051067581,-49.333032,343.3184056858524,1,1,11.9,15.1,400.0,2017-11-27 21:29:49,2017-12-22,2017-12-09 15:27:09,11,0,24
6b7c5703bdc03335b37020877a06625e,9ce1401cf82bd5420fe255e02d6292ba,SP,carapicuiba,-23.55402220405192,-46.841282678467664,PR,-25.613231359050044,-49.37106182294905,343.29200776080523,1,1,65.0,14.2,133.0,2017-11-24 01:34:00,2017-12-15,2017-12-03 15:36:44,9,0,20
16e6eb900110dfb1f423bfc65820ff87,b453edb9fb0a8f0fa061a9f7b28f0ea4,MG,belo horizonte,-19.93697065093891,-43.97550849990613,RJ,-22.93534069637593,-43.186718398333056,343.2508219508629,1,1,99.99,16.95,675.0,2017-11-24 19:34:33,2017-12-15,2017-12-07 17:32:23,12,0,20
da16683d5e9f82e544d3c87d79a74a4a,8eb90c8fee300fde9364d8128df008fc,SP,sao paulo,-23.546878911449102,-46.58938932361937,PR,-25.440740004991664,-49.267218435340624,343.155532560876,1,1,56.89,15.16,434.0,2017-11-24 11:01:15,2017-12-15,2017-12-04 19:38:56,10,0,20
599397ef7d2f323138a290a4b33d20e2,3fa8a878ea8f9407cade40539961dac0,MG,belo horizonte,-19.930871148479472,-43.93471710629582,RJ,-22.93534069637593,-43.186718398333056,342.9325597284655,1,1,69.99,14.24,583.0,2017-11-24 20:11:08,2017-12-15,2017-12-13 18:20:01,18,0,20
46c5390f7670fb920f4ae9475c41cc5b,dcdbef6bf82b96189946e4eeea97cf24,PR,curitiba,-25.429797282820697,-49.26145886594724,SP,-23.553394260343893,-46.571846370102165,342.91710064878816,1,1,18.8,14.1,300.0,2017-11-21 09:24:21,2017-12-08,2017-11-28 20:57:50,7,0,16
442617a720896f8cbecf93ba2f11cb77,3904ae5c54ba03760cdce20cf5f6b9f5,RJ,duque de caxias,-22.59139398334592,-43.30284914706465,SP,-23.54241282514857,-46.49070640341336,342.8370997695852,1,1,28.9,14.1,125.0,2017-11-24 17:02:46,2017-12-15,2017-11-30 21:16:53,6,0,20
0953ccb40a8fb30d5fd5ce0c06bbf4ad,b08d8e609d55b8d13dafb964bfed9acd,RJ,rio de janeiro,-22.896552719949256,-43.27121502703577,SP,-23.65869024839867,-46.52249513292757,342.7298406572636,1,1,84.99,15.35,550.0,2017-11-23 19:50:30,2017-12-15,2017-11-29 21:57:02,6,0,21
bdf132cfee5c1e0674b5b27eaf076f71,219d016b257f7847b1490eb159c79036,SP,santa fe do sul,-20.205702659377945,-50.92695089986831,SP,-21.165370022730333,-47.79714447071386,342.61420192159017,1,1,131.35,13.94,450.0,2017-11-24 19:55:06,2017-12-14,2017-12-07 19:03:11,12,1,19
df19d1b00a1e07ad04c791d1301baacf,9c218516f70c6deb239810bae75c305c,RS,novo hamburgo,-29.69421971290747,-51.12746316198825,RS,-28.289927349145803,-54.26195206786057,342.5051095364137,1,1,139.84,14.71,942.0,2017-11-26 19:40:12,2017-12-18,2017-11-30 23:05:43,4,1,21
13430fd38aeb09240481e4aade4a19fc,e4d96528111f82e5722146c2cc482105,MG,joao monlevade,-19.8380295527176,-43.17989781281398,RJ,-22.916833051618703,-43.21798092630852,342.37003080744734,1,1,28.9,15.1,200.0,2017-11-21 23:10:09,2017-12-12,2017-11-30 11:32:18,8,0,20
fccf6b4b4947848e5e72d5f3013b73fe,8480975127910c225f79e1037b9e1e50,MG,divinopolis,-20.14068469699654,-44.88753081910666,RJ,-22.84258446627047,-43.303678777468456,342.2118442410834,1,1,19.99,15.1,300.0,2017-11-23 16:38:59,2017-12-21,2017-12-04 16:09:01,10,0,27
adc4970778889732db1a1b721b12a4b9,aa220a15ac7d760f8a1ba2ecda5c592a,RJ,rio de janeiro,-23.001664514859417,-43.40383953802869,SP,-23.48085590563506,-46.71032357035894,341.9963291083434,1,1,39.5,15.11,800.0,2017-11-24 22:17:00,2017-12-14,2017-12-04 19:27:49,9,0,19
c5874d438cf199ea7c0f27967f6cf462,014fb09b34197c57ae3c77a43d18475e,MG,belo horizonte,-19.97551649235395,-43.97193635891461,MG,-22.27164789897835,-46.16555647382263,341.9738410179361,1,5,49.95,70.4,4500.0,2017-11-26 14:41:13,2017-12-15,2017-12-01 17:28:43,5,1,18
fdbab0ead1d866c97b54f7fbb3629096,b5bb2b17fd7e5eb79fa3f1091c6991f1,PR,curitiba,-25.397569477927224,-49.26715498043738,PR,-23.43192619791517,-51.86456324999999,341.9419169314798,1,1,127.42,13.02,500.0,2017-11-27 21:37:11,2017-12-21,2017-12-06 00:47:30,8,1,23
d3338a2d613211c38ed44d8e63bce9a6,889caa9673bf7234670693f70a8adb5a,SP,jundiai,-23.17965058485729,-46.90576352862229,PR,-25.437089594076483,-49.19547835610814,341.8119721033415,1,1,173.9,59.77,8700.0,2017-11-27 20:02:37,2017-12-19,2017-12-04 14:46:41,6,0,21
cb478ef8997c7e80eaf0bae4ccc02a6d,0f9a2e9dec451653a871da887dd6dd60,RS,porto alegre,-30.07811813073453,-51.22292044878531,SC,-27.00518824428508,-51.15087636295904,341.7666419352022,1,1,49.9,15.1,300.0,2017-11-27 21:00:14,2017-12-26,2017-12-27 16:59:27,29,0,28
cc15ef8448a7506bdcd6eb851c0aea1f,39d61eaa46637e677dd1eea3f732150f,RJ,sao joao de meriti,-22.80385751045796,-43.37526659276007,SP,-23.47079222925442,-46.63750338634656,341.7017727997332,1,1,390.0,16.48,20400.0,2017-11-25 17:44:20,2017-12-18,2017-12-29 20:22:21,34,0,22
66da8b55fb5d6393b4ec50e8fd8c9781,0639197156cf2165c3adb6a85f9cef54,SP,campinas,-22.833285130035133,-47.10295667943906,SP,-22.65568399624909,-50.42396514559194,341.1282394314408,1,1,99.99,17.41,3250.0,2017-11-27 18:44:58,2017-12-15,2017-12-01 00:32:31,3,1,17
0572c996d9b4a7645bb071a158a64bbb,874b661d62c1e74aafa401942f9d94cb,RJ,rio de janeiro,-23.001664514859417,-43.40383953802869,SP,-23.487188352501462,-46.69966864432453,341.02393639307854,1,2,130.0,33.4,2100.0,2017-11-20 21:53:20,2017-12-11,2017-11-27 21:28:53,6,0,20
8b2acbdda33cff697b4195044ba5200c,ea83d54573333ca5106c8638d422c090,PR,curitiba,-25.491008797391657,-49.28829274854292,SP,-23.625852663887155,-46.61139748251486,341.0208477022477,1,1,21.99,14.1,200.0,2017-11-27 10:23:58,2017-12-18,2017-12-11 22:41:48,14,0,20
87165c6641d05fb32802b8c65dd40ea9,f8df2382fa1d0fd8c3b44994f3dc2ea3,MG,belo horizonte,-19.8399409186066,-43.959657698309165,RJ,-22.84258446627047,-43.303678777468456,340.71877886145023,1,1,79.9,15.32,900.0,2017-11-27 16:19:52,2017-12-22,2017-12-14 23:18:33,17,0,24
1a8128463da10115b1c21e2f0b7ee4c3,967b79a51991865602ca9b19c8b85019,SP,sao jose do rio preto,-20.83623934238839,-49.38844775302113,MG,-22.43068953453729,-46.57343370165055,340.712215720816,1,1,139.9,23.78,6200.0,2017-11-24 20:41:08,2017-12-15,2017-12-07 19:13:45,12,0,20
99763d9a29968ec4bf66eeab50245db0,41d82a50627bdd848154aa0e9fdb1538,PR,coronel vivida,-25.98209858280038,-52.565943889424354,PR,-25.55874002069342,-49.19617365714436,340.69231515080213,1,1,99.9,14.43,1900.0,2017-11-24 09:00:10,2017-12-15,2017-12-05 17:57:07,11,1,20
6e63dcc83ec280b72783617737ce886d,dd2b0396d98a4435d214a2cb44d60663,RJ,rio de janeiro,-22.860412710802663,-43.25547079863241,MG,-20.94004902170557,-45.82696971616617,340.5455239932961,1,1,179.99,45.72,7650.0,2017-11-27 21:58:47,2017-12-20,2017-12-07 01:33:37,9,0,22
a84b9774653ed92f91314ea56770fe1d,78474f6f0891d18a3a9e0fa4f1fcf34c,RJ,rio de janeiro,-22.892475708580964,-43.441570011512525,MG,-19.867906407416527,-43.94863882589885,340.38892631744426,1,1,25.9,14.1,400.0,2017-11-24 20:50:36,2017-12-14,2017-12-13 20:17:05,18,0,19
40f29dd4112775a07ef4bcf5475642bb,bd3fc6f52431b710a9344958480be7a9,SP,sao paulo,-23.54785986816893,-46.658684483755614,PR,-25.45864601817763,-49.28623690529256,340.3094789228722,1,1,139.9,17.23,1200.0,2017-11-25 23:38:28,2017-12-20,2017-11-30 18:07:21,4,0,24
8b046243c0d75b859c1bddf498cfb968,829b558342b71f56b37ed42a6070811c,RJ,rio de janeiro,-22.80076941199997,-43.21114579420407,MG,-20.94004902170557,-45.82696971616617,340.08958257781387,1,1,249.99,78.77,17300.0,2017-11-25 11:41:23,2017-12-20,2017-12-04 14:46:37,9,0,24
de806f0367f37cd3f1861282b7bfcff5,c3c26ad812d4a574aedf516594ebd46a,SP,sao bernardo do campo,-23.65154212908976,-46.57670835039532,PR,-25.45864601817763,-49.28623690529256,339.7963724776522,1,1,139.9,17.23,1200.0,2017-11-23 22:42:26,2017-12-18,2017-12-01 15:42:15,7,0,24
d10e0c39bed8e7a489486b5d621830c7,3ce4bd5e629bc800593c0abfea2d0da6,MG,juiz de fora,-21.775175570907194,-43.353949609498486,MG,-22.43068953453729,-46.57343370165055,339.5873414585432,1,1,329.9,25.11,6750.0,2017-11-26 23:16:20,2017-12-18,2017-12-04 14:44:38,7,1,21
ad9aa06b7c1aff45bb25d171973fc761,6102d1227aa240ac837720636f7e914a,MG,canapolis,-18.72396531836096,-49.20159488489455,SP,-21.757690120914923,-48.82976816265947,339.55720980320734,1,1,116.9,16.58,1700.0,2017-11-24 23:52:46,2017-12-20,2017-12-18 20:53:35,23,0,25
0e85c36b701220fa1147e7e7012974dc,c861e6d97d36e0ffd13a5671a8a06fee,RJ,duque de caxias,-22.674249796260625,-43.27738101923824,MG,-22.43068953453729,-46.57343370165055,339.5517981953919,1,1,329.9,41.64,13800.0,2017-11-24 22:34:03,2017-12-18,2017-12-08 17:52:41,13,0,23
1edf3cfb4e85e8094a0a1f4cef3f6215,34013e6172fdd3af23275163a583bd8f,RJ,sao joao de meriti,-22.767474970812167,-43.35217720858108,SP,-23.66256651259204,-46.52741092389908,339.39291260871573,1,1,82.0,14.32,400.0,2017-11-25 11:17:19,2017-12-18,2018-01-02 12:09:51,38,0,22
c6aaa7cbfc09b6f769d45d149a852643,109752cc7796656c8d504f634e66aead,RJ,rio de janeiro,-22.9014320291419,-43.589218908823376,MG,-19.867906407416527,-43.94863882589885,339.35858832458024,1,1,27.9,14.1,200.0,2017-11-24 00:16:09,2017-12-22,2017-12-11 20:37:52,17,0,27
4ab89d9dbd3924ff720ba734b538956e,1156f4f97cb65122bcc46ac87bc72740,RJ,rio de janeiro,-22.89872541798431,-43.56515841694558,SP,-23.5534512513272,-46.80868874516693,339.3265482300118,1,1,129.9,21.75,3000.0,2017-11-22 11:18:24,2017-12-13,2017-12-15 00:52:02,22,0,20
09dd119f5cafd6888b0e67ebcff86a45,084c08c188cff70f6cc25048290ffbae,RJ,rio de janeiro,-22.90272252790116,-43.21894824353424,SP,-23.40594993255526,-46.49171018896156,339.23888011239035,1,1,36.99,14.1,87.0,2017-11-26 21:38:50,2017-12-15,2017-12-22 14:04:16,25,0,18
e93c226c60a57236abb9d0962b440be9,e9229af15bf52bb68f6fe8e17f09febb,PR,curitiba,-25.483056107969265,-49.35249257828181,SP,-23.52828195706222,-46.77983133527613,339.0991474903362,1,1,179.49,16.02,550.0,2017-11-27 17:00:34,2017-12-18,2017-11-30 23:42:07,3,0,20
0a8c76aaf89178fd0f7655214a6b5223,edcc2532c1d4e603a2d089188ec5ee90,PR,curitiba,-25.415320799324896,-49.23061200000001,SP,-23.508732635581964,-46.61831878642738,338.88033187112035,1,1,60.0,14.17,200.0,2017-11-22 09:00:02,2017-12-11,2017-11-29 23:38:45,7,0,18
d0f997047dcce0d9a1f963e986802d25,cf20ab97b8305782e315823c68c7eb22,MG,belo horizonte,-19.970868116609125,-43.93993252477061,RJ,-22.93534069637593,-43.186718398333056,338.7227890249984,1,1,99.99,20.19,1500.0,2017-11-22 21:32:02,2017-12-11,2017-12-01 22:51:35,9,0,18
5a72aaf4a78a5e2b0ba132b0e9c21fb1,6ee45baed0289293ba172055f0dd9011,RJ,nova iguacu,-22.74594645781761,-43.50029006688178,SP,-23.48085590563506,-46.71032357035894,338.2959029608658,1,1,25.0,14.1,400.0,2017-11-25 19:41:15,2017-12-18,2017-12-21 17:03:15,25,0,22
105a17b015064cf48113e9593c2ad700,802afc498fb100ca6ee8ef029719e141,SP,sao paulo,-23.510698124069435,-46.65449774409951,PR,-25.417200148075448,-49.25946949273192,338.2934671762655,1,1,99.0,16.94,1500.0,2017-11-27 15:19:38,2017-12-18,2017-12-08 23:28:24,11,0,20
0e1f02c51187a6a08aa473a3a0f3bc71,edb5b016b8ad8eb09f8c33cb3013a52a,RJ,rio de janeiro,-22.970894018595992,-43.38784233625709,MG,-20.94004902170557,-45.82696971616617,338.0235440241691,1,1,89.99,45.09,5950.0,2017-11-20 18:53:36,2017-12-12,2017-11-26 16:18:48,5,0,21
d651bd9a58b10af4a1a7fe2873ef8058,d6148957a1cd01ebafb44c1f9a5ef949,SP,sao paulo,-23.53314528726409,-46.71661485858965,PR,-25.469632068671924,-49.29126078988983,337.9611745275452,1,1,255.0,22.63,3000.0,2017-11-25 23:17:35,2017-12-21,2017-11-29 21:55:00,3,0,25
a6ef39ae149a4aa36b96c2d5246b9dbd,3caf263e1c5e13a0b5cc638cfc9dbb16,SP,guarulhos,-23.43577161587513,-46.544688508050086,RJ,-22.84258446627047,-43.303678777468456,337.8835412366537,1,1,29.8,14.1,300.0,2017-11-22 13:07:19,2017-12-14,2017-12-06 02:28:29,13,0,21
ef21cb9d3fa728f51493d679143b7834,a684554378131af35310b25179278c1c,MG,contagem,-19.94533999999993,-44.07025999999996,MG,-22.27164789897835,-46.16555647382263,337.8524788674874,1,1,94.9,14.39,1350.0,2017-11-25 13:16:54,2017-12-21,2017-11-29 23:03:39,4,1,25
78d7b4c84d9192af69d5b8abcd83176e,8b5b9c0722d9af5673718d233a9c9421,SP,mococa,-21.46659046556102,-47.00531582543479,MG,-18.64584624455141,-48.20539720623941,337.7663401289455,1,1,21.6,17.6,200.0,2017-11-25 15:48:03,2017-12-20,2017-12-08 18:12:07,13,0,24
5a0c5e6a4fb3e680d5a9664cea3314c5,843fda212b1289268be72a3a6729d776,PR,carambei,-24.95104706594046,-50.117817560711664,SP,-22.284485664723874,-48.5368133680247,337.42315377840737,1,1,249.5,16.5,500.0,2017-11-24 15:39:50,2017-12-21,2017-12-12 18:53:35,18,0,26
c52b0e0ae184fb645004980db2d194a1,556e9100d05797d5269afdc8d3a1a99a,RJ,rio de janeiro,-22.889148401335888,-43.32770088481736,SP,-23.65869024839867,-46.52249513292757,337.3593556932288,1,1,56.99,14.15,400.0,2017-11-27 18:05:18,2017-12-18,2017-12-27 19:49:03,30,0,20
dc554659515cf551660a23d201582805,d8ce092ad6bcafc4380d93f54fca6786,RJ,rio de janeiro,-23.02187989307062,-43.46365439966753,SP,-23.569882978500623,-46.71049857687159,337.1428697473877,1,1,120.0,14.59,1150.0,2017-11-23 22:14:44,2017-12-13,2017-12-13 19:22:13,19,0,19
5f3855c579e82a703b52d837e9b0688b,35148f0d009a1f17f54bdadaf07a4bf0,SP,sao paulo,-23.58304946999791,-46.606512174851424,PR,-25.417200148075448,-49.25946949273192,337.1046743773987,1,1,99.0,16.94,5050.0,2017-11-24 17:57:58,2017-12-15,2017-12-05 21:16:59,11,0,20
4e77b6d9a250b3b62dc59551525bc90c,f8cd5ed6f5b1ee9df0100eeb8aded5d9,PR,pinhais,-25.44705916143232,-49.17742951409481,SP,-23.50457924562872,-46.62369396003804,336.8006129470151,1,1,179.0,31.09,8100.0,2017-11-24 10:59:26,2017-12-22,2017-11-30 20:28:44,6,0,27
5ce4e99e06cd9dc47f1b5a5ab7a2caba,759a2f5567e0b82bc72872e942de5a2d,PR,almirante tamandare,-25.33160032638932,-49.27498731453055,SP,-23.59399496820805,-46.55209142714523,336.5568830353621,1,1,14.9,14.1,100.0,2017-11-20 17:03:42,2017-12-12,2017-12-05 00:19:07,14,0,21
a52e3d383eaf9797e19309a2f0fbc4b2,f0e0a5c3c7830a05b01d2ba588ae76f2,PR,cambe,-23.28391677801272,-51.26584241243004,SP,-20.806830481885147,-49.38960170992274,336.5287490348486,1,3,147.0,52.92,4650.0,2017-11-27 21:27:56,2017-12-20,2017-12-19 17:33:09,21,0,22
f01de19516748496ecf55ffc821fad6f,81ac7a23980df2f68aafd3092459d8d2,MG,pocos de caldas,-21.78825919204716,-46.56558484960063,MG,-19.97551649235395,-43.97193635891461,336.49174441261295,1,1,69.9,12.62,5350.0,2017-11-25 11:38:38,2017-12-15,2017-12-07 18:35:53,12,1,19
570a2d92be76532681e5a09ac38c8e78,14147d5d5faeb0b1d408f87e32101331,RJ,rio de janeiro,-22.89872541798431,-43.56515841694558,SP,-23.652442526788203,-46.75549168747648,336.4722412093687,1,1,149.0,14.79,200.0,2017-11-24 03:32:07,2017-12-14,2017-12-20 19:58:26,26,0,19
82ae1c851b481c7c7f6fbfdfb05e5131,a79a3128c32bbc4b1dddfd957d17b4ae,RJ,duque de caxias,-22.70773783563989,-43.30162281108028,MG,-19.74570399283904,-43.94251767343394,335.99330097886474,1,1,399.5,25.12,3900.0,2017-11-27 14:39:18,2017-12-20,2017-12-21 21:33:50,24,0,22
459ba095fed4bd99956a2cb32fcffd41,28e262005ecd4861eddb5c0d6f27c1c2,RJ,rio de janeiro,-23.014294742166268,-43.46413167283893,SP,-23.48085590563506,-46.71032357035894,335.67784761895695,1,1,45.9,15.11,800.0,2017-11-21 09:33:36,2017-12-07,2017-12-06 01:52:47,14,0,15
d61b83f993b6f618997a36f3ac4c2410,f25a63047e9c81999345623a11e9c090,SP,campinas,-22.97574436886144,-47.127382628757495,SP,-20.806830481885147,-49.38960170992274,335.60860898262007,1,2,98.0,26.82,3100.0,2017-11-26 00:35:09,2017-12-15,2017-12-11 17:49:21,15,1,18
a2f4f3306fea53180f55b6bb37d63647,2839c9f530c783227007d9b35e643e60,SP,sao paulo,-23.657841209821704,-46.64956651333021,PR,-25.45795217485142,-49.30899607966408,335.25463672881205,1,1,119.0,17.08,1350.0,2017-11-26 20:22:09,2017-12-18,2017-12-21 23:07:18,25,0,21
7dc4ac6da71948249ca79f45c9de13b1,01726eb77399165550482a7037fb6a1d,RJ,rio de janeiro,-22.927911349702853,-43.23215035152053,SP,-23.933241296527093,-46.32942742274111,335.181335848385,1,1,35.0,15.1,100.0,2017-11-25 12:47:49,2017-12-15,2017-12-11 22:52:28,16,0,19
7e4428c9e14a7586963f5a518c9aa4a0,ad333e6ded9268a907aaa1d480826f7d,SP,votorantim,-23.542559946996303,-47.45678295253622,SP,-20.53000701432394,-47.411023731252,335.01379303274626,1,1,49.9,11.85,300.0,2017-11-20 11:45:42,2017-12-07,2017-11-28 23:26:54,8,1,16
5ee31cacb02c4f421f938c50e446185b,efcb75d17dac5ed29c3a90167472f78d,SP,franca,-20.52804807780614,-47.38827901323783,SP,-23.20414980599,-45.89810482431184,334.9457252505729,1,3,89.4,35.55,900.0,2017-11-20 10:59:51,2017-12-07,2017-12-11 21:39:03,21,1,16
953501839cfe2990297454e7e7bf158d,a5bb5cca349a6c8ce5a1f2c1341d25e0,GO,joviania,-17.806073102087684,-49.62083897217746,SP,-20.806830481885147,-49.38960170992274,334.54995925602435,1,1,49.0,17.67,1500.0,2017-11-25 01:49:52,2017-12-22,2017-12-15 21:52:37,20,0,26
3d7ee397cbe71826e767837af0d81c2a,7ece2b3ab3eb5f52ad14de91dafb5c65,RJ,rio de janeiro,-22.923126168734587,-43.26334318887413,SP,-23.52654805689883,-46.47025056119799,334.48516909209684,1,1,108.9,14.51,588.0,2017-11-27 11:34:56,2017-12-15,2017-12-27 18:25:02,30,0,17
5d356daa43b595e4132a76f217230476,949c1427726c544f841ef6d3593772a4,SP,sao paulo,-23.587603272260456,-46.67830769401,RJ,-23.014294742166268,-43.46413167283893,334.37475302053537,1,1,49.9,14.1,300.0,2017-11-27 17:51:59,2017-12-15,2017-12-03 18:10:09,6,0,17
6b5c5552303cda9591b62780e16f6cbf,1fa44d866b6d96d933633cf6e9680116,RJ,rio de janeiro,-23.001664514859417,-43.40383953802869,SP,-23.501139521928536,-46.62721984347043,333.9551945282425,1,1,32.0,14.1,250.0,2017-11-24 18:49:59,2017-12-14,2017-12-22 01:12:50,27,0,19
5075b9e252eb0b3f1350f282c94a82b0,1bed328bed3e5501868523f4d8a3b646,SP,mogi das cruzes,-23.51400362587798,-46.19054482764663,SP,-21.757690120914923,-48.82976816265947,333.90884985207765,1,1,59.9,11.92,600.0,2017-11-24 08:15:54,2017-12-14,2017-12-12 14:17:09,18,1,19
13928b311b04e84492db0d35f97ae0f7,cf744ed44c9bb68bad7b15f06041bd85,RJ,nova iguacu,-22.75820094830383,-43.476295863216166,SP,-23.5869802640594,-46.61564731057762,333.8772054565908,1,1,12.99,14.1,100.0,2017-11-24 00:11:46,2017-12-15,2017-11-28 22:07:55,4,0,20
2135bd317d81294f58211b548a783ca1,a4f468579e5d216ea38ab6c2356a996e,PR,curitiba,-25.45864601817763,-49.28623690529256,SP,-23.604240981678146,-46.693814186508185,333.58444084821974,1,1,179.9,15.01,200.0,2017-11-26 22:05:57,2017-12-18,2017-12-04 20:55:59,7,0,21
0e5b8fedcf80d4264e236fc26e004068,4e0dd7ffa7e59c722552a3c1b895cdcd,RJ,rio de janeiro,-23.004214031623405,-43.335593643632045,SP,-23.70171457660069,-46.51267210796927,333.4698653139896,1,1,79.5,20.05,2850.0,2017-11-21 13:57:33,2017-12-07,2017-12-08 20:34:50,17,0,15
737fb9e22c4e0cf05ae8e8d8f6992b71,a398ed93af6c349a0351c5f171d2a3ba,SP,sao paulo,-23.63855413891792,-46.59988523432764,PR,-25.45707628282069,-49.21746171856179,333.12440354905567,1,1,193.0,17.6,1100.0,2017-11-26 22:01:00,2017-12-22,2017-12-11 18:37:22,14,0,25
6a77d42bc7b71e63ef4a9209e2a3ce74,af4b49ff1d866fb55f0550973e676ba3,SP,sao paulo,-23.60077540712517,-46.61372320760002,PR,-25.39994638870621,-49.24113271149516,332.6971690266098,1,1,179.9,82.7,11200.0,2017-11-22 14:46:56,2017-12-11,2017-12-02 16:28:55,10,0,18
9045fa841de3514ce900f5fc869d9b1f,2f8d6af8cb3875d6964eb4b5eff3a718,SP,osasco,-23.53022743297361,-46.79889202553522,PR,-25.45795217485142,-49.30899607966408,332.33654605547287,1,1,1074.38,21.27,800.0,2017-11-21 22:34:18,2017-12-13,2017-11-24 20:26:51,2,0,21
9ab483dc777aa2cf47ea47d10a72c538,3d378a55242890398f31018168e1c018,RJ,rio de janeiro,-22.883337,-43.47159785380001,SP,-23.56072295337296,-46.63277989454088,331.6858646117016,1,1,19.9,14.1,100.0,2017-11-24 21:31:59,2017-12-14,2017-12-16 16:29:14,21,0,19
4a721ffd84fcdf73673c0abbf2035fb3,08ee0fea033270eb52f02441559cff94,RJ,rio de janeiro,-22.90787687787813,-43.53972572706302,SP,-23.211061972115367,-46.76376569389638,331.56365066578684,1,1,99.0,17.94,5750.0,2017-11-21 23:34:07,2017-12-12,2017-12-01 16:48:29,9,0,20
7b6f8f9952e11aa804c472ee11a298f2,587e813286f057988808033be2a63a4f,MG,araxa,-19.59431840486175,-46.937175010327024,SP,-20.416380955307154,-49.98507612801325,331.3127195348001,1,1,127.0,21.38,1200.0,2017-11-27 08:48:59,2017-12-19,2017-12-21 19:44:36,24,0,21
b03212f61ea1e4e047d60f49271444c0,249aef511c0171483eb06077c8a98b65,RJ,rio de janeiro,-22.911723408275112,-43.18627522693397,SP,-23.48488009615481,-46.36654993289185,331.21915309756184,1,2,369.98,136.04,52800.0,2017-11-20 15:33:26,2017-12-13,2017-12-08 21:53:05,18,0,22
32e839df202e265a92fc882a73aca02f,68f99cdb70a1deda1e1e9b2c4f591987,SP,campinas,-22.81683345406545,-47.02522624073509,SP,-20.806830481885147,-49.38960170992274,330.9386658313352,1,2,98.0,26.88,3300.0,2017-11-24 23:39:51,2017-12-14,2017-12-07 15:22:23,12,1,19
cd86914245acd8379b9945b2351b6637,dce7c01f92a62d067b128a8ddf73a115,RJ,rio de janeiro,-22.891195173466443,-43.57086081502102,SP,-23.502394833746912,-46.739281462404,330.8766312491281,1,1,199.9,20.89,2800.0,2017-11-27 21:20:13,2017-12-15,2017-12-09 13:23:32,11,0,17
a4fcdae23f94acfb6c47cb0070b2f2fe,da435fe071a456868a89dfb068881341,SP,sao paulo,-23.52313540161002,-46.70925663808679,PR,-25.43727033166945,-49.211700622251776,330.7918955694354,1,1,398.0,22.28,2650.0,2017-11-22 22:09:21,2017-12-11,2017-11-27 15:44:49,4,0,18
88acd05b37d513a676b7151a8f08259f,1f2722fdca6b6d1179a1482e8ce679c3,SP,sao vicente,-23.96954523993056,-46.371917161879885,PR,-25.39994638870621,-49.24113271149516,330.6399746100482,1,1,89.99,15.38,500.0,2017-11-21 22:10:20,2017-12-08,2017-12-05 19:42:19,13,0,16
52c0ffe5247337047280978e84d62979,4da71b283420d156c50159242d0691e7,PR,curitiba,-25.488089427175264,-49.21799046960302,SP,-23.576826793496515,-46.71598858744651,330.4716274524375,1,1,149.0,17.29,367.0,2017-11-25 00:19:41,2017-12-18,2017-12-05 22:48:02,10,0,22
671f4219ec92ca6613eb41280aa6ff0d,8fbc0368fd1c18442dd99d4a048ce827,SP,sao paulo,-23.55925330496024,-46.68029661309511,PR,-25.43727033166945,-49.211700622251776,330.4602745376078,1,1,415.0,23.81,5800.0,2017-11-23 16:33:54,2017-12-14,2017-12-05 22:18:42,12,0,20
c0a15de26f8add28b3ebed18a13e6831,07bd9534169742a405ad5ebb453fe651,MG,betim,-19.959565243407017,-44.164534578683146,MG,-22.27164789897835,-46.16555647382263,330.4085891499365,1,1,39.9,17.97,8550.0,2017-11-25 00:43:00,2017-12-15,2017-12-06 14:19:48,11,1,19
42dd28e31692200f58f7ab447d6c8eae,dfcdb6bd7fd72ed1f409ae56ec40ed3e,SP,sao paulo,-23.625338366330123,-46.741416773385644,PR,-25.45795217485142,-49.30899607966408,330.0953115201676,1,1,119.0,17.08,3000.0,2017-11-27 22:16:21,2017-12-18,2017-12-19 19:16:45,21,0,20
c344fe0fa6569ff29fb0c6b832ef199c,f925fbf5f278221b92bd025dbc75bd40,RJ,rio de janeiro,-22.92357123601524,-43.63542215224472,SP,-22.986269342347207,-46.85229042519152,329.441095547374,1,1,52.0,16.61,6600.0,2017-11-27 11:00:42,2017-12-15,2017-12-15 18:39:01,18,0,17
377955b64069de71f75ed5378881046b,671e16bbd6fab5c418a797451d9ef568,PR,curitiba,-25.469632068671924,-49.29126078988983,SP,-22.997187,-47.5061538506838,329.1451794347351,1,1,64.9,15.2,1454.0,2017-11-27 12:15:56,2017-12-20,2017-12-22 19:05:09,25,0,22
bd894bb88ebdb133ce403833d188814f,cf403f7325b6f0bd65dec9b3793277df,RJ,rio de janeiro,-23.014294742166268,-43.46413167283893,SP,-23.544184662502165,-46.63214268206478,328.90110826006367,1,1,231.7,16.38,900.0,2017-11-27 07:03:15,2017-12-18,2017-12-12 19:34:35,15,0,20
856f72462f5bbc588c10c3abce3a8545,d5306df028646bec411197068ad3d9b0,SP,santa cruz do rio pardo,-22.8975428898502,-49.62588476420329,SP,-23.584135489908583,-46.49855968914825,328.5101909082279,1,1,39.9,11.85,200.0,2017-11-25 15:05:52,2017-12-15,2017-12-05 18:10:14,10,1,19
6be21280d401645f55cf3310fbffdd35,0dc854e2d960e065785a2725be47c82e,MG,cataguases,-21.397807571581044,-42.69841280639142,MG,-20.94004902170557,-45.82696971616617,328.36719328936533,1,1,149.99,23.85,6550.0,2017-11-25 09:30:01,2017-12-15,2017-12-02 13:28:05,7,1,19
390b0aaeb630b5a26d4a9bb2ece1dcd6,9268b8eddeb5b243d368fb57cfe7cab0,RJ,queimados,-22.717479756570565,-43.56533996657832,SP,-23.551666072162263,-46.64123080586009,327.9025113767015,1,1,23.99,14.1,200.0,2017-11-25 02:08:25,2017-12-21,2017-12-30 14:56:57,35,0,25
5a13b2c8622862250d7b78581dfbb759,ecdf8a367907e779938b1b6410c45824,PR,curitiba,-25.443416937174145,-49.296648557172944,SP,-23.6357493322177,-46.73784151540766,327.69275512213926,1,1,139.0,14.72,150.0,2017-11-24 14:04:00,2017-12-15,2017-12-01 20:39:05,7,0,20
bdd388b78e095998453503c63b83e280,bfe06b878acbfa50da99152d9319b0b3,SP,suzano,-23.54774980834696,-46.293749082625176,SP,-21.757690120914923,-48.82976816265947,327.61742607048484,1,1,43.99,12.69,1000.0,2017-11-23 22:16:34,2017-12-13,2017-12-04 18:27:43,10,1,19
0c7ccdb239bd524a31dc66094fa59626,b08eed69a3c73eee40d52bed298482ef,SP,matao,-21.592708800144862,-48.35639467929482,MG,-18.65158486656263,-48.19241119054979,327.48577985637604,1,1,40.0,15.1,150.0,2017-11-23 15:11:45,2017-12-15,2017-12-04 22:15:03,11,0,21
d85c2deca369a3930811855341fb3d11,14676dd9c40ad83f2a980ac36077cdb9,SP,sao paulo,-23.673134661117185,-46.73431152943036,PR,-25.45795217485142,-49.30899607966408,327.37364986846774,1,1,349.9,18.7,900.0,2017-11-23 16:19:10,2017-12-19,2017-12-02 14:38:11,8,0,25
5e1d55263f67d8c2b166ec2f5cce1062,e6a3e58c3a82747a24626629fb9aabf8,SP,monte alto,-21.263914108288613,-48.495645,SP,-23.67008162864273,-46.66049702840489,327.315773764374,1,1,27.99,15.98,200.0,2017-11-24 06:45:52,2017-12-14,2017-12-05 21:34:11,11,1,19
0a87a60c5403e51a0e85e4ed7c3c2bdf,794078f0249dad457401b52a38fa2b58,RJ,nova iguacu,-22.761224033831567,-43.45611220461891,SP,-23.552032416180964,-46.53746144532288,327.05883150080894,1,1,239.99,21.17,2400.0,2017-11-24 15:13:48,2017-12-15,2018-01-04 21:48:44,41,0,20
2aabb4d8714e26a76aef91c6f0d5c329,a61a78484bbf3a46b2a83e5583a85667,DF,brasilia,-15.72780626011648,-47.8797393957757,MG,-18.65158486656263,-48.19241119054979,326.80113665749803,1,1,79.99,45.02,200.0,2017-11-24 20:20:28,2017-12-15,2017-12-05 14:48:57,10,0,20
7b8ae8132da20b7b6f709b2d5fcd78c5,4867e76ef4bdc75f3ffa97fd17ff7c30,SP,campinas,-22.823368072162268,-47.08801043005943,SP,-20.806830481885147,-49.38960170992274,326.6827710296476,1,1,49.0,13.41,1800.0,2017-11-24 10:09:10,2017-12-14,2017-12-03 15:34:34,9,1,19
3ad043d1c1455d9bfce6c14877cac318,9132adfc6d71e0a95f4f3bbaccfb30f7,RJ,rio de janeiro,-22.92541928296553,-43.232072863400354,SP,-23.48488009615481,-46.36654993289185,326.3176855383516,1,1,179.99,92.51,23375.0,2017-11-20 12:47:45,2017-12-13,2017-12-28 17:19:19,38,0,22
fb434a316418f41addb2ed20a04d5050,fb1bc88739493ba4c50529dbb998a628,MG,belo horizonte,-19.97551649235395,-43.97193635891461,RJ,-22.84258446627047,-43.303678777468456,326.22072114109864,1,2,159.8,30.64,1800.0,2017-11-27 20:30:30,2017-12-22,2017-12-07 01:09:58,9,0,24
eb22d6eb9946f4e045cffb03414af48a,7c1ff053ffc866248a4a52626a541f05,RJ,nova iguacu,-22.68025946648102,-43.446769067369175,SP,-23.46873685567546,-46.51806246391887,326.1841682172909,1,2,372.84,57.2,13575.0,2017-11-24 13:50:10,2017-12-15,2017-12-05 20:43:00,11,0,20
21e532e1fe87c6d6f72b17543a12af1a,eb6d920de18987d68248fa1710a0a634,RJ,rio de janeiro,-23.004214031623405,-43.335593643632045,SP,-23.6598992288005,-46.44217136817417,325.45066281304287,1,1,35.9,14.1,247.0,2017-11-20 16:10:11,2017-12-07,2017-11-24 20:10:56,4,0,16
f510fda0bfc99dc2ea6e0354a36c3f80,494dd794d228c8012ce6ffe29abb4478,RJ,duque de caxias,-22.65504389199998,-43.27248049999997,MG,-20.94004902170557,-45.82696971616617,325.4445579856595,1,1,179.99,45.72,7650.0,2017-11-21 18:49:45,2017-12-13,2017-12-04 22:37:01,13,0,21
625e91d127eb863196f2a6c017b30203,a2ac4f1a485abd7571b0a0472889e71c,SP,manduri,-23.006100140694915,-49.31771619174537,SP,-20.43034840679484,-47.82574642607055,325.23656631433886,1,1,85.0,16.22,3300.0,2017-11-27 16:51:31,2017-12-18,2017-12-04 23:08:59,7,1,20
3ac9f29f627096a68b91ec5db427f94c,c3283d189ce91fe3a6a69c7d6aa3a5e5,SP,jaguariuna,-22.69515790939998,-46.98701437649317,SP,-20.806830481885147,-49.38960170992274,325.0382548970984,1,1,49.0,13.41,1800.0,2017-11-25 15:49:21,2017-12-15,2017-12-04 23:18:31,9,1,19
63706f4e2ad2fc1c9fb8562c5702e8a1,d5801b1facc46f4f2ed5c356eb755e5d,MG,munhoz,-22.614051120084035,-46.36205083370973,RJ,-22.53988593060518,-43.197575382221615,325.0061694039062,1,1,109.9,15.52,526.0,2017-11-20 19:44:38,2017-12-12,2017-12-04 21:33:07,14,0,21
89ebd79ad71b2c262053c712c9b32312,1e817806d244b36a9d64f1633d349f1e,RJ,nova iguacu,-22.748203295194685,-43.43990358655218,SP,-23.53526522231519,-46.497580438802,324.6495188797108,1,1,35.99,14.1,575.0,2017-11-27 18:34:39,2017-12-18,2017-12-20 17:18:17,22,0,20
b6a5d12becb37fd570472afa5a0daaba,35d7cb8a1edf1e3b3addcee35432082f,MG,passos,-20.729875859059263,-46.614544947896434,SP,-23.64855809755326,-46.66211575714125,324.57960200752615,1,1,169.9,53.79,7900.0,2017-11-24 14:25:02,2017-12-15,2017-12-11 21:22:52,17,0,20
85f92c80c1d7ad7158d27c8dfd111c6c,104bcfff63c47ff5cc1e86d1f022bb56,MG,pouso alegre,-22.214691974683763,-45.9104248489332,MG,-19.953983389390658,-43.93287034041202,324.4671002508144,1,1,99.0,12.82,283.0,2017-11-27 22:55:07,2017-12-21,2017-12-07 19:47:03,9,1,23
f8306c39b861b2b3879c573003a666b3,b65a320a0d214027f80a904bcfbb94b0,RJ,paracambi,-22.61402477034372,-43.70566429135911,SP,-23.67008162864273,-46.66049702840489,324.131459384392,1,1,166.99,27.49,2425.0,2017-11-27 20:30:09,2017-12-21,2018-01-04 16:48:31,37,0,23
63adcb46ebc32b89a37861d78ca41f93,fd53396e81cfe5bb3ec963ed87b6b2fd,RJ,rio de janeiro,-22.971588385030664,-43.33006828639565,SP,-23.933241296527093,-46.32942742274111,324.09923127595806,1,1,69.9,15.24,283.0,2017-11-24 16:10:44,2017-12-14,2017-12-08 20:18:22,14,0,19
aa0f5120dbd7776eb7289031e22a8329,26ab7fc41bcc634a71bf252e0f2e2009,PR,curitiba,-25.442791128284213,-49.276760102140905,SP,-23.652442526788203,-46.75549168747648,323.50136283488933,1,2,78.0,28.2,500.0,2017-11-25 03:24:36,2017-12-18,2017-12-04 23:56:57,9,0,22
17c1ae37e6e096d8059b53c96a21ea9d,06c43f008d5fe07b07911ee6a4d16100,ES,marataizes,-21.02949913574436,-40.8173252110489,RJ,-22.93534069637593,-43.186718398333056,323.40096989564825,1,1,99.99,17.95,675.0,2017-11-24 19:15:15,2017-12-21,2017-12-01 20:07:33,7,0,26
72ba8d782e3b0c4021ceb2f2a03bea21,2f5728468605ec87b90f06c50f3b62cf,SP,jundiai,-23.201927077990646,-46.88743947195444,SP,-20.43034840679484,-47.82574642607055,323.0447718122807,1,1,68.0,11.98,350.0,2017-11-27 02:12:57,2017-12-15,2017-12-08 15:37:34,11,1,17
f0ccded2c86244f755de08ec831108f7,6811eb8a30301283e739fdea3532ba97,PR,colombo,-25.365851732303263,-49.18582840154509,SP,-23.502394833746912,-46.739281462404,322.9072696539436,1,1,169.9,17.44,1167.0,2017-11-24 21:54:29,2017-12-19,2017-12-05 19:29:32,10,0,24
bd84b661eb4bfa46487d94324e56dfec,fa37c71b257f8a67ce2e7018b3aeac32,MG,campos gerais,-21.23607673462585,-45.7595488121382,SP,-21.757690120914923,-48.82976816265947,322.89002168869285,1,1,83.36,16.34,650.0,2017-11-24 19:56:15,2017-12-21,2017-12-06 14:32:29,11,0,26
c5e417f82763fcdbdef58ade220bf526,e94e099c269517826645689c2455f3ef,RS,guaiba,-30.11816673735381,-51.32783537391998,SC,-27.290209139974166,-50.57755286955393,322.8532092311104,1,1,21.9,15.1,300.0,2017-11-24 14:59:30,2017-12-22,2017-12-08 22:41:29,14,0,27
6dbf90ca92c05262ffcf5a7988ec31b6,3c5d9be5e99aa56b2b5b0c9d4a2072ef,RJ,nova iguacu,-22.73476684604374,-43.463815803301664,MG,-19.867906407416527,-43.94863882589885,322.7117513854005,1,1,31.9,14.1,200.0,2017-11-26 22:37:24,2017-12-27,2018-01-06 12:36:39,40,0,30
66f7aaabc647b43d94e8a841bb99612b,396e0fb767c26fbfbb494aa0e2a34878,PR,uniao da vitoria,-26.229883105621173,-51.08886365150068,PR,-23.42843316855792,-51.91774739994137,322.5388482157104,1,1,17.9,12.48,100.0,2017-11-25 17:38:55,2017-12-15,2017-12-08 00:22:16,12,1,19
c934cfe574e2fa46180d1c2166a43beb,e85024e93f9187f32e5e15d902a52021,SP,sao paulo,-23.61189171550585,-46.71986062614689,PR,-25.437089594076483,-49.19547835610814,322.33618122897155,1,1,39.99,14.1,400.0,2017-11-25 19:27:48,2017-12-18,2017-12-06 11:37:38,10,0,22
0cddb9a478d70a5651d1d36838974686,49fc491cda67a572a6fa17631b3ff033,RJ,rio de janeiro,-22.971588385030664,-43.33006828639565,SP,-23.941438868717192,-46.30279503554525,321.83137117224175,1,1,37.49,15.1,250.0,2017-11-27 13:48:45,2017-12-15,2017-12-06 21:54:53,9,0,17
26691e37091554c74df671ce610ead4c,7077cffa9bdf93c44da47143517b6a7b,MG,uberlandia,-18.914980232586977,-48.27813616348312,SP,-21.757690120914923,-48.82976816265947,321.2834454429031,1,1,116.9,16.58,1750.0,2017-11-24 21:07:00,2017-12-20,2017-12-11 20:07:12,16,0,25
840ce4344469adc0ed090ea6de49e6f8,10380cd082f966292ee4e02f71bcc91f,PR,colombo,-25.372229991458628,-49.13923177077958,SP,-23.625852663887155,-46.61139748251486,321.12367107044065,1,1,27.99,14.1,300.0,2017-11-26 15:29:33,2017-12-20,2017-12-15 00:09:22,18,0,23
bbc781e0bdaef8ca45c32c280250567a,165cab246f7df81ab0c8f24880454aeb,MG,manhuacu,-20.25624491956578,-42.03398861864435,RJ,-22.93534069637593,-43.186718398333056,320.8512719439839,1,1,299.99,17.86,2301.0,2017-11-24 19:54:54,2017-12-19,2017-12-06 17:22:42,11,0,24
0213da24bc9b884c4792ae4c54eb0bf3,a885447168d5878bb08f442a38284741,RJ,rio de janeiro,-22.964288895954525,-43.402024304605,SP,-23.50848147377229,-46.485872413266776,320.8434270501497,1,1,25.0,14.1,200.0,2017-11-24 11:21:11,2017-12-18,2017-12-04 23:54:51,10,0,23
7beff063d9429757063beaf91965672b,c9a34e7ebfeea525ad3c564021a55254,SP,sao paulo,-23.57736416464433,-46.407736812973,SP,-21.757690120914923,-48.82976816265947,320.4545408961959,1,1,59.55,13.44,950.0,2017-11-20 19:16:38,2017-12-07,2017-12-01 15:12:35,10,1,16
de922556bfd4f7734677ececcaa615b9,cb1c0127db43599374c82c6f00560466,RJ,rio de janeiro,-22.964288895954525,-43.402024304605,SP,-23.6598992288005,-46.44217136817417,319.93369100390487,1,1,99.9,15.46,1050.0,2017-11-27 16:29:39,2017-12-15,2017-12-07 22:48:39,10,0,17
cb7def57f4ae68a387231ee8e446bd50,5d5c01406d9cfb3a832953eb651bcefa,RJ,rio de janeiro,-22.964288895954525,-43.402024304605,SP,-23.490514739107848,-46.47725188181562,319.6276503581662,1,1,79.9,16.81,1400.0,2017-11-24 20:27:57,2017-12-14,2018-01-08 17:37:27,44,0,19
3b6b7b37c486e320124d04045d1f5108,e789734c22b5671c5ebc823e411d3136,RJ,rio de janeiro,-22.891286698164944,-43.52925914022323,SP,-23.595227193173283,-46.56076636913555,319.45864749346924,1,1,32.99,15.11,950.0,2017-11-23 16:39:41,2017-12-14,2017-12-12 17:47:31,19,0,20
1232f59222cf1a9733833b710ad10be4,816233127943a56c017351cc00dc1f2d,SP,paraguacu paulista,-22.41841111908536,-50.580260732823085,SP,-21.165370022730333,-47.79714447071386,319.34019861754643,1,1,264.29,13.35,150.0,2017-11-26 23:36:33,2017-12-15,2017-12-05 20:32:40,8,1,18
b14b52f3d9077665df2361f007c8e6ec,de54e502455523f2aeef8eb08a924eec,SC,joacaba,-27.172563180968265,-51.50738060224988,RS,-30.03336443104038,-51.23063954079865,319.2513347398939,1,1,49.99,15.1,150.0,2017-11-24 01:14:00,2017-12-19,2017-12-01 20:17:08,7,0,24
d52b1795d584c884bb9c831365a62599,25d21d871c5b1e6193de2b420828b6c8,SP,maua,-23.6360890320561,-46.47833511144606,SP,-21.757690120914923,-48.82976816265947,319.0666532579213,1,1,39.99,11.85,350.0,2017-11-25 10:40:57,2017-12-20,2017-12-05 22:42:13,10,1,24
797784ed0407046312c7f3c777583a0c,47cc5c8daaed49e3017f7277388402d6,MG,timoteo,-19.58058,-42.64377665037522,RJ,-22.410493489044505,-43.13378290928159,318.75594765372523,1,1,50.0,17.6,1300.0,2017-11-26 16:15:10,2017-12-20,2017-12-14 01:56:55,17,0,23
7afca88a125dd0c2b912bbf82c0496a4,0030aded3a67b29946a128ee8468388e,SP,sao paulo,-23.54358939439665,-46.40173602331353,SP,-21.757690120914923,-48.82976816265947,318.6021754962944,1,1,45.9,12.69,600.0,2017-11-23 21:18:14,2017-12-21,2017-12-06 16:09:49,12,1,27
0869a3c8a1dd07c13e4847627fcc704f,ffa36f901675ec7bb972fc9c0d773d1f,MG,belo horizonte,-19.87874816625308,-43.9310537134284,SP,-22.577450868185096,-44.96144299160366,318.5158199200256,1,1,16.9,15.1,200.0,2017-11-24 16:09:01,2017-12-19,2017-12-11 15:34:28,16,0,24
000e906b789b55f64edcb1f84030f90d,6a3b2fc9f270df258605e22bef19fd88,SP,santa cruz do rio pardo,-22.8975428898502,-49.62588476420329,SP,-23.625852663887155,-46.61139748251486,318.4100134392433,1,1,21.99,11.85,300.0,2017-11-21 18:54:23,2017-12-07,2017-12-09 17:27:23,17,1,15
bb25167dc960e0fdb1e0bb2934073a9c,e92d3f6f808cc6539420b8e5f46c91e0,SP,sao paulo,-23.56261319494366,-46.42215450874258,SP,-21.757690120914923,-48.82976816265947,318.282526590147,1,1,216.0,17.14,2400.0,2017-11-22 10:24:31,2017-12-08,2017-12-17 12:58:38,25,1,15
de836e862a18f8c17fca8d2418a16631,d17b6c7e6cf5a6d676975f362f8c96de,SP,santo andre,-23.68317870979484,-46.53611412753189,SP,-21.757690120914923,-48.82976816265947,318.08013338087824,1,1,61.0,12.77,900.0,2017-11-26 13:06:54,2017-12-15,2017-12-07 19:22:26,11,1,18
8afd013a511575aef39cc33c610d4136,7ecc321c63fd550c376cf32e222e0dd1,MG,cassia,-20.58227479673052,-46.92288290562844,SP,-23.302661247830148,-45.97283979175633,317.9637242846461,1,1,29.0,15.1,200.0,2017-11-24 20:45:06,2017-12-19,2017-12-13 17:51:44,18,0,24
1dedb63df54bd6377bc3e2b61ec4c791,25a2fb1acc86dfbc6cd42510d83e651d,SP,sao paulo,-23.563814008050084,-46.43270917051042,SP,-21.757690120914923,-48.82976816265947,317.52635070779127,2,3,219.25,51.89,10750.0,2017-11-25 06:43:15,2017-12-15,2017-12-09 11:25:58,14,1,19
3575f2d00b5591e5462a2fdf78ce6750,0ace2b9bd28eb550128cb036aef3c4db,RJ,nova iguacu,-22.744160438865507,-43.442301469249024,MG,-20.94004902170557,-45.82696971616617,317.5118639383662,1,2,179.98,90.18,11900.0,2017-11-25 07:43:20,2017-12-21,2017-12-10 19:09:33,15,0,25
2bba38e2a9893d1126b133f189ee66f3,1c90d2c27dabbe23f3e469b3776499be,SP,itu,-23.281650267687155,-47.293252277396334,PR,-25.469979548156257,-49.306212701915854,317.4389254801271,1,1,99.9,21.19,2500.0,2017-11-26 18:51:19,2017-12-20,2017-12-08 20:51:42,12,0,23
f9466c5c1ba729ca78ab94232fd4e8de,f296f88c13ab7f40770c56810e4fcfcb,SP,ibitinga,-21.757690120914923,-48.82976816265947,SP,-23.65869024839867,-46.52249513292757,317.31002804479056,1,1,56.99,11.9,400.0,2017-11-24 20:44:16,2017-12-15,2017-12-06 18:30:10,11,1,20
b0cefae8126a97c2348f53ba5aebd506,e1028380a416953a189b17d94ff1896e,ES,cachoeiro de itapemirim,-20.843418008297387,-41.116057517170894,MG,-19.8399409186066,-43.959657698309165,316.76877023076844,1,1,23.8,16.79,260.0,2017-11-24 06:13:31,2017-12-19,2017-12-02 12:03:25,8,0,24
504a90faaf31b2457b86f7179a6bd79e,24a3465f553df345791699ee057abbd4,PR,morretes,-25.4781591566974,-48.831785785096734,SP,-23.552032416180964,-46.53746144532288,315.8177697962549,1,1,72.99,17.76,1050.0,2017-11-27 17:59:36,2017-12-21,2017-12-13 11:54:52,15,0,23
e153a0dcb8018427c43753f0e1edba6e,d226fa8846cd0fb905b59b9dcff9002d,RJ,rio de janeiro,-22.935940716233457,-43.67440340347871,SP,-23.67008162864273,-46.66049702840489,315.6813748935838,1,1,166.99,23.49,2425.0,2017-11-21 23:43:12,2017-12-07,2017-12-08 21:54:33,16,0,15
d4d8bf9bd77c6ad21580adb5a076d0a7,4d7e4204818a6e5e29df2cca0b11a479,SP,sao paulo,-23.50473936849464,-46.40971787093889,SP,-21.757690120914923,-48.82976816265947,315.310368604616,1,1,64.9,11.95,250.0,2017-11-22 19:14:06,2017-12-08,2017-12-05 16:03:29,12,1,15
5a8e12083eb7fe31e98674aee1f73269,6a2f487e008af5e5bd31858f7a1dc554,SP,santo andre,-23.62908232590855,-46.52425375944701,SP,-21.757690120914923,-48.82976816265947,315.0105527493308,1,1,116.9,13.16,1700.0,2017-11-25 18:03:21,2017-12-15,2017-12-14 13:12:43,18,1,19
f033a26ffcfd028f925b880c5ba6779c,5ca5c73c7d024f6e12c1b901124f604c,PR,curitiba,-25.532205862888823,-49.26634400963994,SP,-24.07824863141312,-46.588685309131904,314.92270556724986,1,1,29.99,15.1,800.0,2017-11-27 17:28:15,2017-12-18,2017-12-19 21:09:26,22,0,20
b3d4cff6b35e7ced1c558ace1968f06e,2f4c908cc556f016966594bab640fdc9,MG,santa luzia,-19.79174822158077,-43.92806490881584,RJ,-22.53988593060518,-43.197575382221615,314.8246008955878,1,1,159.9,18.37,792.0,2017-11-25 16:10:03,2017-12-19,2017-12-07 17:52:04,12,0,23
98bd84aec6d35c66e7b5baa6d2cb8dbf,9085fd659cb92d32561ba27756ae17dd,SP,sao paulo,-23.517932266160944,-46.42721775000001,SP,-21.757690120914923,-48.82976816265947,314.79828651979875,1,1,56.99,12.74,875.0,2017-11-24 22:52:14,2017-12-14,2017-12-15 13:29:12,20,1,19
c340db08a331e90da6cf5f9bdb0d2d31,0d052cd94da173d03fd97ef2de6b6223,MG,passos,-20.730967126331823,-46.599216077526805,SP,-23.56072295337296,-46.63277989454088,314.6734734616294,1,1,24.9,15.1,100.0,2017-11-24 22:52:28,2017-12-15,2017-12-11 23:42:42,17,0,20
2856ac8623bd804696480e1f14842f7f,1e7129f570fe1d1ce3a8beb6aeda1bf3,SP,santa cruz do rio pardo,-22.8975428898502,-49.62588476420329,SP,-23.56072295337296,-46.63277989454088,314.5949202842176,1,1,24.9,11.85,120.0,2017-11-25 11:20:09,2017-12-15,2017-12-07 17:33:53,12,1,19
f3e5c962f3e54c9eb2148bcdfebef26c,9ad093e3c09e370f0f79dd573a9b2f34,SP,sao paulo,-23.76157050513589,-46.67263416388716,SP,-21.757690120914923,-48.82976816265947,313.9490028182887,1,1,89.9,16.26,1383.0,2017-11-24 05:26:52,2017-12-14,2017-12-26 16:48:38,32,1,19
3196a24fc5b538fda8fa7664e74c411d,90bdbd31cdcae315cacf03845a466245,SP,barrinha,-21.191092394351536,-48.15669999462057,SP,-23.625852663887155,-46.61139748251486,313.887345745106,1,1,21.0,11.85,250.0,2017-11-24 13:15:26,2017-12-14,2017-12-08 14:57:34,14,1,19
751df94e324fbe8de6a5a186568f128a,d06ae9dcd2fca7751cf48ef8ed08b50c,SP,santo andre,-23.62299459910628,-46.53766812565611,SP,-21.757690120914923,-48.82976816265947,313.53460306560027,1,1,53.0,12.71,650.0,2017-11-25 01:19:29,2017-12-15,2017-12-10 22:20:02,15,1,19
c2969f4247f4ebbc5f6e569ccf7eeff7,14061438f3c3186725a55ce3bccf1e6a,RJ,seropedica,-22.74302913416788,-43.69820174189363,SP,-23.625852663887155,-46.61139748251486,313.5271341672487,1,1,24.99,15.1,200.0,2017-11-24 22:49:37,2017-12-20,2017-12-08 16:38:24,13,0,25
a21ad1cc789ec5368666232433df4826,18f74e80a2e036258a58f1529b476f50,SP,sao paulo,-23.76597955110936,-46.68494030682672,SP,-21.757690120914923,-48.82976816265947,313.4080464303282,1,1,49.9,12.69,700.0,2017-11-24 22:48:54,2017-12-14,2017-12-09 18:05:00,14,1,19
b9b02ea6b4c73fad1faffdc7e4deb3f0,703c8a3db3081a6188fc97fd296079a0,SP,sao bernardo do campo,-23.674106999999943,-46.591230499999966,SP,-21.757690120914923,-48.82976816265947,313.2415288659732,1,1,89.9,13.65,1825.0,2017-11-23 15:58:43,2017-12-13,2017-11-29 14:01:58,5,1,19
81378cf8e638ced3a370966f23a32ca4,0351668263fb4722095bb1db517004f0,MG,pocos de caldas,-21.79221005394261,-46.55160722559255,SP,-20.77597135317044,-49.36909545605272,313.02041827101425,1,1,109.9,18.02,1800.0,2017-11-22 21:15:27,2017-12-12,2017-12-07 23:51:45,15,0,19
b0aa6adc10b3bd14eae812d2f50cd2f1,73c2d0df55f8431aa5ec63d4e3b7bb63,MG,monte verde,-22.858040775193498,-46.0302749870184,SP,-21.757690120914923,-48.82976816265947,312.89521668129424,1,1,195.2,86.53,19200.0,2017-11-24 17:54:35,2017-12-21,2017-12-28 12:19:09,33,0,26
c5a6dfaf1fb21d1d8988383d017123d1,00ffaeed5dc4a18cf44151b40f81a96f,RJ,queimados,-22.70868328027528,-43.57303537352568,SP,-23.53526522231519,-46.497580438802,312.8680767853952,1,1,169.99,15.95,529.0,2017-11-25 13:16:21,2017-12-21,2017-11-30 23:44:53,5,0,25
c67116229cd448d051b19b4999e2fffe,33c6f3679b135d420fd89bd54a8a7710,SP,guarulhos,-23.421390446158423,-46.39930941732221,RJ,-22.781514193726554,-43.425908742413874,312.3195008037921,1,1,59.9,16.67,1400.0,2017-11-27 19:30:54,2017-12-20,2017-12-04 23:53:04,7,0,22
d8874b1e052a1771375e5b95b0b739ca,3852f0cadc9868aa0d1ba38cff30371b,MG,pocos de caldas,-21.78825919204716,-46.56558484960063,SP,-20.806830481885147,-49.38960170992274,312.2529195845602,1,1,49.0,17.67,1750.0,2017-11-25 14:33:02,2017-12-18,2017-12-19 21:38:30,24,0,22
cc2fee6fdd396d082f0467bb35b456ed,eecf234d5f78bbe609c2144a28f4088c,MG,pocos de caldas,-21.78825919204716,-46.56558484960063,SP,-20.806830481885147,-49.38960170992274,312.2529195845602,1,1,49.0,17.67,1750.0,2017-11-24 11:31:04,2017-12-15,2017-12-13 23:23:16,19,0,20
486fd37a365a65189747be8c6c4f05af,32b231f4bb38d9d9670c5512f7409b34,SP,tapinas,-21.447383871409617,-48.78723000008623,MG,-20.94004902170557,-45.82696971616617,312.03815519146315,1,1,89.99,45.09,5950.0,2017-11-24 15:05:45,2017-12-21,2017-12-08 13:14:50,13,0,26
20b61ae06ac41b6e23c10c90ad0331a5,f036beae922b5034d5a9b801e64659a6,RJ,rio de janeiro,-23.001664514859417,-43.40383953802869,SP,-23.48886692200935,-46.41156105828381,312.0265072428858,1,1,49.89,14.1,1350.0,2017-11-26 10:21:51,2017-12-28,2017-12-14 03:39:30,17,0,31
9d3086bce114e0c19770559e454cee69,7340e81f47c6ff6704d2e7b9631f9680,GO,catalao,-18.16972792951116,-47.94635901554309,SP,-20.927842595619605,-48.49233569396832,311.9773988614513,1,1,51.9,15.11,100.0,2017-11-24 16:56:28,2017-12-19,2017-12-06 18:27:46,12,0,24
d16b2207d93383dc91aa5da54cec3d0a,45193c34a13942938ead2873b64c360c,SP,diadema,-23.69029792389557,-46.6296561291374,SP,-21.757690120914923,-48.82976816265947,311.5936499940412,1,1,89.9,16.26,1383.0,2017-11-26 22:51:05,2017-12-15,2017-12-27 15:47:59,30,1,18
6ce893d804dc1a09876e09ef2537b8f4,18dff7c2afb1ce5fb0bcbad957ef233d,SP,sumare,-22.79876631231492,-47.27661521463852,SP,-20.806830481885147,-49.38960170992274,310.86866719691744,1,1,49.0,13.44,1650.0,2017-11-24 12:59:43,2017-12-14,2017-12-04 19:47:34,10,1,19
794f771a39b24c7c47aa9eb198f066ed,661652a4ba9255d6a913c339ee78d5bc,SP,sao paulo,-23.690008368916548,-46.63951536452151,SP,-21.757690120914923,-48.82976816265947,310.8401891173735,1,1,24.9,11.85,400.0,2017-11-26 13:24:33,2017-12-15,2017-12-05 01:27:40,8,1,18
6fea0216321034ec32deef442cf13fdd,b2c4f10709f4cfe1f5a8711de1698d51,SP,sao paulo,-23.50268774202204,-46.46431842918368,SP,-21.757690120914923,-48.82976816265947,310.7749482722178,1,1,82.99,13.6,1450.0,2017-11-27 12:33:54,2017-12-19,2017-12-11 18:21:39,14,1,21
001c85b5f68d2be0cb0797afc9e8ce9a,48ed31e735f1c420ed6ca3637b7c744d,SP,sao paulo,-23.488594654804253,-46.45920586865417,SP,-21.757690120914923,-48.82976816265947,310.2202178542168,1,1,99.0,13.71,1550.0,2017-11-24 19:19:18,2017-12-14,2017-12-22 18:37:40,27,1,19
3a20bcc250e5404ca717dfa90e8a9c05,9fa6244400a4503b42cde3c30b3d268e,SP,sao paulo,-23.514872511338563,-46.48427153996194,SP,-21.757690120914923,-48.82976816265947,310.0217261442956,2,2,432.25,32.75,6050.0,2017-11-20 13:26:25,2017-12-07,2017-12-11 22:24:54,21,1,16
604e352bcd3bb9d8932aebf18bc2891d,dc1d2a3775e7594df178743d90b21085,SP,sao paulo,-23.74398649570083,-46.71031943672453,SP,-21.757690120914923,-48.82976816265947,309.85244847431017,1,1,59.99,12.76,1450.0,2017-11-24 19:50:20,2017-12-14,2018-01-08 22:26:35,45,1,19
848b0561d4bc26f57b288a5004f38683,4a38bf3ad3990d95c2c132f5bf530b95,SP,sao paulo,-23.62030585567545,-46.64733439355993,MG,-20.94004902170557,-45.82696971616617,309.750745984725,2,8,452.98,151.88,14000.0,2017-11-27 19:06:12,2017-12-20,2017-12-05 13:48:54,7,0,22
347af76e162e8281d4d37d7d7f103f81,a8aed72e00a7cb48962499e15acccfc9,SP,embu das artes,-23.660416684332773,-46.81434235048179,SP,-21.24637998735172,-48.3180082512998,309.7196497958926,1,1,68.0,13.5,1150.0,2017-11-24 21:04:40,2017-12-14,2017-12-01 16:05:28,6,1,19
20d120b5a95a60c3d599810d5ee01c21,f6bbef5ba9eb60e9f08707ff5cded7cc,SP,sao paulo,-23.642495753404663,-46.60827299999998,SP,-21.757690120914923,-48.82976816265947,309.59207531449783,1,1,49.95,11.85,350.0,2017-11-24 12:49:13,2017-12-19,2017-12-09 13:38:42,15,1,24
10f288cd8e6f4add2454d845e9df5af6,d6351c9f1d835238f1e2e76ea7472b87,SP,barrinha,-21.191092394351536,-48.15669999462057,SP,-23.51253401672528,-46.501049539944844,309.2204037441452,1,1,29.99,11.85,3400.0,2017-11-24 13:15:25,2017-12-14,2017-12-06 22:27:55,12,1,19
f9022d41bd1362ddd75ad882b31304cd,685e99880da8c8ff3f6d6078681c7b46,PR,londrina,-23.309902583386343,-51.17493375000001,PR,-25.43727033166945,-49.211700622251776,309.01214843337846,1,1,415.0,20.59,5800.0,2017-11-23 08:53:23,2017-12-11,2017-12-08 20:08:57,15,1,17
ddcc7bc75d833f11bb5c8a7c1eda0c17,48487a92b4fd416acf46a06f981ab31e,SP,sao paulo,-23.565205875382304,-46.54358417485143,SP,-21.757690120914923,-48.82976816265947,308.8985049069414,1,2,120.0,25.52,1800.0,2017-11-20 21:10:57,2017-12-07,2017-11-27 18:47:27,6,1,16
07dacc7fe07040f20aac7d9510950eff,d2b324ed82defef43c4a555620013809,SP,itapolis,-21.59505001979666,-48.8110644105608,SP,-23.501139521928536,-46.62721984347043,308.5624085335622,1,1,72.62,12.85,825.0,2017-11-26 18:23:03,2017-12-15,2017-12-04 19:24:43,8,1,18
47e6a0c0327dc37d68fe995d4d254885,95f0df1f2f6ec93cecb00ba84f424420,SP,sao paulo,-23.54347585693053,-46.52814165223038,SP,-21.757690120914923,-48.82976816265947,308.5574042178896,1,2,349.79999999999995,34.78,5033.0,2017-11-24 20:17:44,2017-12-14,2017-12-04 22:13:27,10,1,19
8ac5b235603eee2e21e36261b2df536c,2ea5983ec2edde5dcba726ea64e9fadb,SP,sao paulo,-23.6335012492354,-46.61410452844942,SP,-21.757690120914923,-48.82976816265947,308.480556755174,2,5,52.95,63.7,2100.0,2017-11-27 11:26:14,2017-12-20,2017-12-05 21:32:09,8,1,22
42889cba53a791dfa45f24d62019a521,a584daec24287b6e6760e3784d490d36,RJ,engenheiro paulo de frontin,-22.543936930131803,-43.67748996741376,SP,-23.46873685567546,-46.51806246391887,308.3759124800539,1,2,152.76,42.04,9650.0,2017-11-27 19:19:43,2017-12-20,2017-12-27 17:34:26,29,0,22
e3c6bf3aad3a42c48ae9619ac88d0b3d,668f6afcaff827441b68673bb2ca7d65,SP,sao paulo,-23.683802773241403,-46.66679422162269,SP,-21.757690120914923,-48.82976816265947,308.3486643049512,1,1,52.64,11.87,433.0,2017-11-25 18:33:35,2017-12-15,2017-12-02 18:20:04,6,1,19
23f958d8fed53e69461c299f20da7a11,200d79ec010d135a8890699200e18488,SP,guarulhos,-23.432679,-46.43597834624039,SP,-21.757690120914923,-48.82976816265947,308.33831248990936,1,1,10.99,11.85,100.0,2017-11-25 19:56:46,2017-12-15,2018-01-11 20:05:11,47,1,19
2ac1684c63240e84f365eb4527972278,bd6487cd55e5619a07823b9f68f2feef,RJ,rio de janeiro,-22.91162389760552,-43.67900649132533,SP,-23.50457924562872,-46.62369396003804,308.06929950725566,1,1,179.0,28.61,6400.0,2017-11-25 01:23:17,2017-12-22,2018-01-08 16:13:50,44,0,26
89c037e2b749a2ed5e9e1219189e241e,94ad51d3361e6d1d4d10288b80b4683a,SP,sao paulo,-23.526969103497045,-46.51959848851452,SP,-21.757690120914923,-48.82976816265947,308.06462974276906,1,2,107.98,25.44,1300.0,2017-11-25 02:49:19,2017-12-15,2017-12-11 14:24:00,16,1,19
dfc13c88dea9f7f4169aa827c7d434ff,d4d2af2131029c90e9e447e97da69a79,RJ,rio de janeiro,-22.95672320399392,-43.60495639532564,SP,-23.65869024839867,-46.52249513292757,307.9881625345246,1,1,89.99,15.39,250.0,2017-11-24 00:28:57,2017-12-18,2017-12-07 18:13:48,13,0,23
e4e6eaed893d267970fdfae82dde8715,190ab458165966495c40355f99a3cf23,PR,londrina,-23.280892527684564,-51.18804374613431,PR,-25.45795217485142,-49.30899607966408,307.9248067154509,1,1,299.0,15.82,900.0,2017-11-24 18:36:43,2017-12-19,2017-12-04 20:17:45,10,1,24
59eb76a0fd6569a54967456dad8142ef,02a6ba585a45671c8f2d4c6732d8a6d5,SP,bertioga,-23.82696887870072,-46.11866655620633,RJ,-22.84258446627047,-43.303678777468456,307.53834285167954,1,1,29.9,15.1,400.0,2017-11-27 15:04:16,2017-12-27,2017-12-07 15:52:49,10,0,29
8fb0ae76c2b0405cb99251c49e2b251f,8851a3c5fac2f9c3abd2fdfe879889fb,RJ,rio de janeiro,-22.87647066395896,-43.58311900238119,SP,-23.61528418040568,-46.47881749049814,307.03456967886785,1,1,89.9,16.88,750.0,2017-11-23 02:59:21,2017-12-11,2017-12-06 18:18:34,13,0,17
d3cdfc22695162794fdd8eb40c15fcab,801c36afa9f92d28f87c2ef78df18219,MG,belo horizonte,-19.97551649235395,-43.97193635891461,SP,-22.577450868185096,-44.96144299160366,306.9472583411654,1,1,67.9,15.23,418.0,2017-11-20 15:37:10,2017-12-13,2017-12-02 16:05:12,12,0,22
e95de39b06926e7e123cb18e3a99dbf7,1e02ab3ce71522db7370acdae82e6b64,SP,sao paulo,-23.64016319789081,-46.64119136300248,SP,-21.757690120914923,-48.82976816265947,306.9398998210396,1,1,109.9,13.79,1500.0,2017-11-24 07:23:43,2017-12-14,2017-12-11 14:58:38,17,1,19
185248b3660c8b12960b1b45f81758a6,c188123bd070ee752ddea0aa7ca1f6e8,MG,vicosa,-20.75533341719481,-42.88055185516512,MG,-20.94004902170557,-45.82696971616617,306.86062401812273,1,1,89.99,26.25,5950.0,2017-11-25 16:39:53,2017-12-15,2017-12-08 00:58:57,12,1,19
c8cc1b9b063cd184da9dd5293346a11a,cc86450272a53093d7737ae483c151be,SP,sao paulo,-23.55969513351698,-46.56974506710258,SP,-21.757690120914923,-48.82976816265947,306.4678174495735,1,2,59.8,23.7,600.0,2017-11-21 13:59:25,2017-12-07,2017-12-04 13:28:00,12,1,15
ac4da4ca8b9fb6a4c52e170dec8f669b,9e9880f137c3420ef35b5e1a43622e0b,MG,belo horizonte,-19.992208515133537,-44.01636425512896,MG,-22.2492531099986,-45.70557966603161,306.07333437105103,1,1,139.9,14.0,10225.0,2017-11-21 13:31:31,2017-12-07,2017-11-28 00:44:54,6,1,15
0d5e83d654308d73e110119ef237b375,222d19075d00a1a10d67f05e0d4f8c52,RJ,rio de janeiro,-22.887714405698045,-43.58236120136758,SP,-23.437197,-46.51136742270183,305.6011574368695,1,1,97.77,14.43,1350.0,2017-11-25 11:12:07,2017-12-15,2017-12-07 20:58:28,12,0,19
d1a22a39de10a881fa47a509a1a9073b,8a3083e3f5500b50d6f4f3003604df87,MG,sao sebastiao do paraiso,-20.91530329073143,-46.98467076257852,SP,-23.652442526788203,-46.75549168747648,305.26782729395103,1,1,49.0,15.1,200.0,2017-11-24 17:16:46,2017-12-15,2017-12-06 22:48:41,12,0,20
6c601e45c13b22fa58a1e290b4b14d8f,b18a495aae75db67b4f99a58d5e2f272,MG,carmo do rio claro,-20.971956706037112,-46.12110177987858,SP,-23.652442526788203,-46.75549168747648,305.11514838258483,1,1,29.0,15.1,150.0,2017-11-27 20:31:23,2017-12-20,2017-12-05 15:34:14,7,0,22
fe11e7a52ece42d51b5e36aeeec40922,ab663954a5a177bf7cc5b40f7050aa87,SP,sao paulo,-23.6328077149576,-46.62341226012754,SP,-21.11263561449013,-47.79105569532287,304.8615720695852,1,1,39.0,12.69,500.0,2017-11-23 09:27:47,2017-12-11,2017-11-27 18:37:11,4,1,17
e1e51d84ada825cd2396a682884d7c5c,cdca899d14be512725f07274e28cb584,SP,itapecerica da serra,-23.74940847644901,-46.79107615445491,SP,-21.757690120914923,-48.82976816265947,304.537584452301,1,3,59.7,35.550000000000004,850.0,2017-11-25 17:45:40,2017-12-15,2017-12-05 18:32:48,10,1,19
5ac4eee743a86a4f0d1b7ee150d1bb34,bc64e5a7d927cba23c4b58e8c417c2f9,MG,andrelandia,-21.740274,-44.310788882243024,SP,-23.56428872384441,-46.51904534753631,304.10329374460736,1,1,29.9,17.6,8750.0,2017-11-26 00:10:06,2017-12-22,2017-12-27 11:47:59,31,0,25
1963cdf64d49297eb541ceee16ee659e,794e9df7154683f0861c93019aafb6af,SP,sao paulo,-23.561327933666107,-46.60224405314791,SP,-21.757690120914923,-48.82976816265947,304.0712571919542,1,1,67.5,11.97,600.0,2017-11-26 21:02:09,2017-12-15,2017-12-01 18:38:50,4,1,18
fea5a7b9dcb6be7d730de9835ec5e7ad,85c1fbdfde1ce1474f486c1cf18caf90,SP,santo andre,-23.64151681425172,-46.54210469718399,SP,-21.165370022730333,-47.79714447071386,304.058773913421,1,1,415.37,15.25,500.0,2017-11-24 12:48:04,2017-12-21,2017-12-03 09:51:47,8,1,26
c68f8933bfde7861455fab77ea35596b,2df21fcdbb1fcad8f6edb8c472475cc9,SP,laranjal paulista,-23.052705625933136,-47.83614945236365,PR,-25.456295548173603,-49.26527728440769,304.0033854374695,1,1,369.9,51.12,1000.0,2017-11-27 18:00:13,2017-12-22,2017-12-13 14:45:02,15,0,24
cef8a99d7dd7e35db1b3211b258b6550,c8660ee878b885629d78660691d2e8a7,SP,sao bernardo do campo,-23.66594814120814,-46.56460097155059,SP,-21.177173112308903,-47.767232134697736,303.0875085552693,1,1,45.73,11.85,167.0,2017-11-24 18:23:13,2017-12-18,2017-12-07 22:22:42,13,1,23
52eb8ce94864a3bb1be410a545f9ed4c,4aa0005ef4b8cb5ce874a4a86b36ed05,SP,sao paulo,-23.678719822325984,-46.73617439938832,SP,-21.757690120914923,-48.82976816265947,302.874065705638,1,3,53.7,35.55,800.0,2017-11-24 23:37:20,2017-12-18,2017-12-04 20:09:20,9,1,23
9a19e859f5bd7a0bb22d64d35fa8b979,afbfb235f3ea4986295c741b4d21ea32,SP,sao paulo,-23.678719822325984,-46.73617439938832,SP,-21.757690120914923,-48.82976816265947,302.874065705638,1,1,17.9,11.85,250.0,2017-11-24 23:37:52,2017-12-14,2017-12-03 15:10:38,8,1,19
3909091186fad2ea417f3166d4067808,0ff74aa01898256d6b270ca4fc4b9577,SP,guarulhos,-23.47004139439665,-46.53770237066476,SP,-21.757690120914923,-48.82976816265947,302.65358134129616,1,1,59.81,13.44,1000.0,2017-11-26 20:04:57,2017-12-15,2017-12-10 11:16:11,13,1,18
3d7fb1dd6ff6f0eedb9976eda81e4a95,e4d7da67c0fd69d37a1ced68726d9b25,SP,americana,-22.72047306908892,-47.3069096297536,SP,-20.806830481885147,-49.38960170992274,302.5389584679417,1,1,49.0,13.41,1550.0,2017-11-24 12:33:11,2017-12-14,2017-12-05 01:16:56,10,1,19
822a35d3573cb3c90167aa647a7a6e63,ee3abf5e5a86dba3c3fe3c8ce3481740,SP,sao paulo,-23.609652160972967,-46.50791542841971,SP,-21.165370022730333,-47.79714447071386,302.3844794726049,1,1,155.4,12.59,160.0,2017-11-24 22:22:05,2017-12-14,2017-12-09 12:49:26,14,1,19
a8116350696a40046ec644f6b4f3afbc,d7beb95c2f002bd33338f92d720e2f64,SP,mairinque,-23.54237168575625,-47.19010685592537,PR,-25.45795217485142,-49.30899607966408,302.20484217689216,1,1,148.0,18.29,1100.0,2017-11-26 21:54:21,2017-12-22,2017-12-19 23:51:30,23,0,25
54232ca33e8e55a669a5f26927049f32,9156ed230c7216ef5f4eed2b0fae39ee,SP,americana,-22.70395723387633,-47.29442582517983,SP,-20.806830481885147,-49.38960170992274,302.18083287760425,1,2,98.0,26.82,3100.0,2017-11-26 21:48:38,2017-12-15,2017-12-04 18:53:02,7,1,18
7f1026fb759eed811a6527513976db24,10855794718e285d72c17edbfc0e38e6,SP,sao paulo,-23.76157050513589,-46.67263416388716,SP,-21.258651614764283,-47.81394639862495,301.99199845810784,1,1,121.9,13.87,1350.0,2017-11-26 19:10:22,2017-12-15,2017-12-09 16:46:58,12,1,18
dd6ee4d96f0f3cf1432c3b82818e0387,34c75c5903ab645174b88573e1950dc9,SP,sao paulo,-23.510036681660747,-46.58756028518662,SP,-21.757690120914923,-48.82976816265947,301.5216225152066,1,1,60.0,12.76,800.0,2017-11-25 11:11:25,2017-12-15,2017-12-19 14:14:29,24,1,19
b13161e10d5782a69eb14fb3a064c711,c26a1a4bcc54e3fdfd73af9447af9b56,SP,ilha solteira,-20.429438649938668,-51.34101045695876,SP,-20.927842595619605,-48.49233569396832,301.4836698367394,1,1,54.9,11.88,100.0,2017-11-22 07:35:52,2017-12-08,2017-11-29 19:58:30,7,1,15
75681e645ebf121d79cde28849994e7c,7fffd172c514d32ce968348442561821,SP,sao paulo,-23.553907271163933,-46.62908140313922,SP,-21.757690120914923,-48.82976816265947,301.46433831046784,1,1,25.99,11.85,300.0,2017-11-24 08:40:36,2017-12-15,2017-12-04 20:48:44,10,1,20
4af91349921618b7fe12e5b417b3fc7d,412f4e3e4f82e83c44e9ccc631885767,SP,ribeirao preto,-21.13123713300312,-47.745165321945926,SP,-23.584135489908583,-46.49855968914825,301.3682668471713,1,1,45.9,11.85,150.0,2017-11-24 17:52:52,2017-12-14,2017-12-05 23:58:40,11,1,19
cf32a9f2d342e42ac9058f9a0fac6330,d6055273a26289783f5cccefba271ef7,SP,bauru,-22.33095011881535,-49.05300270519702,SP,-23.70171457660069,-46.51267210796927,301.3605060421367,1,1,74.0,16.15,2300.0,2017-11-27 13:42:18,2017-12-18,2017-12-01 16:13:06,4,1,20
405b235ca935c45dbff98550512b37d2,5928fad2f857413a13a6bb69e268a49c,RJ,volta redonda,-22.518762169999945,-44.137018739656114,SP,-23.553426672969827,-46.84972934356494,300.47493330719846,1,1,39.9,16.11,400.0,2017-11-26 10:42:55,2017-12-18,2017-12-05 14:59:18,9,0,21
650f0e59daa00ddaf6b3ebb68b252cfa,b3d2feb6038f99781c5f563556c73c0e,SP,sao paulo,-23.57105351276761,-46.542314412502165,SP,-21.364019805249217,-48.22883109179936,300.42085883445685,1,1,190.9,12.84,6663.0,2017-11-24 10:24:45,2017-12-14,2017-12-04 23:47:12,10,1,19
eb2bf5506d653259aa38a20ecbb4bf4f,cee9119007f070eb70825712d2259005,SP,santa barbara d'oeste,-22.76691769750597,-47.38858556770016,SP,-20.806830481885147,-49.38960170992274,300.3061142654876,1,1,49.0,35.93,1850.0,2017-11-24 13:16:28,2017-12-14,2017-12-06 22:22:33,12,1,19
1528738cc47c58535712cd56c0f4ad9b,13cccd43a240ebdf4cba52bdcb61b97b,SP,sao paulo,-23.556815612833606,-46.65074498528482,SP,-21.757690120914923,-48.82976816265947,300.0167485705608,1,1,89.9,16.26,1383.0,2017-11-24 19:54:51,2017-12-14,2017-12-12 00:25:28,17,1,19
c06c0d95b042ae403f799cf2027cd54f,9a6ea3f79c338967a71cc2b4df4bec91,SP,sao paulo,-23.56127544240869,-46.461969257046256,SP,-21.165370022730333,-47.79714447071386,299.7036661717075,1,1,175.01,13.57,550.0,2017-11-24 00:52:54,2017-12-14,2017-12-20 22:55:00,26,1,19
d6c9b749c828f6f1416767e715ca5e6c,94a01ea28ca5c85624360c16e402efdc,SP,sao paulo,-23.476446556203285,-46.582155127535685,SP,-21.757690120914923,-48.82976816265947,299.57052669496665,1,1,89.9,12.97,1350.0,2017-11-25 14:28:30,2017-12-15,2017-12-05 23:56:40,10,1,19
738f5dc0019111cfef2d7ba48c2c6368,2b834a626df3c2ecb913874033a11213,RJ,santa maria madalena,-21.9594702481839,-42.00888509919894,MG,-19.953983389390658,-43.93287034041202,299.394266983762,1,1,164.5,15.9,425.0,2017-11-24 10:52:32,2017-12-26,2017-12-07 14:58:26,13,0,31
100afaca9622960d56d99608309cd46b,3f75db6a3db29236e3e7975d66f376af,SP,sao paulo,-23.54892611157596,-46.65182114501704,SP,-21.757690120914923,-48.82976816265947,299.3549383641231,1,1,99.0,13.71,1550.0,2017-11-22 21:04:23,2017-12-08,2017-11-29 19:44:54,6,1,15
5f5fa984fd9357997a52f936e8c0a08e,36f86f4abe21fa4ef147816fe0f90ef0,SP,sao paulo,-23.55462052400601,-46.65850520621502,SP,-21.757690120914923,-48.82976816265947,299.2621717894979,1,2,127.05,24.74,1100.0,2017-11-24 13:06:07,2017-12-14,2017-12-03 15:19:00,9,1,19
ab1a06760db3f8bd369582042ab2cf03,06b09819b81341351b11441f78c0073d,PR,curitiba,-25.44913988952431,-49.28810433527613,SP,-22.86719988426909,-48.45990252178431,299.138956306928,1,2,99.8,32.22,1800.0,2017-11-24 21:13:26,2017-12-19,2017-12-11 12:48:57,16,0,24
536e67ebddde7719b68c4fbb35aac905,3ab8ad6d20715cb0ee1036d31ed67029,RS,sao gabriel,-30.33782999040136,-54.32236153049168,RS,-30.03336443104038,-51.23063954079865,299.0796430716799,1,1,49.99,13.37,400.0,2017-11-24 11:15:40,2017-12-14,2017-12-01 22:10:47,7,1,19
1d2a2c1119967c45184c9f96cbdab6ce,db174a68814fb58fc90c33ad76f96b02,RJ,cordeiro,-22.027806489679875,-42.36572479505755,MG,-19.95254268289243,-44.196132792948255,298.9204747512319,1,1,7.0,15.1,200.0,2017-11-24 19:03:03,2017-12-19,2017-12-06 23:18:54,12,0,24
7296ad758e6c852b351261c5eb31bf51,4c734d9ccc49f0068cb5c75b3e88739d,SP,sao paulo,-23.548283805860088,-46.6593134403312,SP,-21.757690120914923,-48.82976816265947,298.7342595143533,1,1,66.9,13.49,1150.0,2017-11-26 20:28:28,2017-12-15,2017-12-17 17:14:48,20,1,18
f6f20338750875ffa91d23d6d6ff4fb2,738071368b2af5dbdf5c7b487426cf02,SP,sao paulo,-23.62740729531417,-46.73926123120198,SP,-21.757690120914923,-48.82976816265947,298.6794508387169,1,1,115.9,13.15,2300.0,2017-11-26 20:58:46,2017-12-15,2017-12-14 19:41:42,17,1,18
3cb96327ba59861fedc040463ffb2a4d,a506d2120380ab9f2125636cadcbd7b3,SP,sao bernardo do campo,-23.65788244662666,-46.57016527226045,SP,-21.36006189551128,-48.072412538636975,298.4828087008385,1,1,190.83,12.84,416.0,2017-11-24 09:06:28,2017-12-14,2017-12-11 21:07:13,17,1,19
a523e6db446544f568f8ff78830f1058,0731ffea2542a2e0a072078c3c4232fd,SP,sao paulo,-23.626643993563423,-46.67344818151653,SP,-21.364019805249217,-48.22883109179936,298.03792886416016,1,1,119.0,16.36,396.0,2017-11-25 00:53:10,2017-12-19,2017-12-08 02:18:31,13,1,23
7d7688ff6a1534fabf84c9dc3f8b2c7a,2e94ea544f81f32c3b3f0dd59dde00fe,MG,belo horizonte,-19.90625324508045,-43.92317252137203,RJ,-22.433722840932912,-42.97293424912493,297.8095310677178,1,2,195.3,30.86,200.0,2017-11-27 17:40:49,2017-12-18,2017-12-15 17:47:00,18,0,20
a19e4d493994f0d2b444b5af6d7e93de,90bc6f9dcc1497cfe9b3da6a8ecbfb9e,SP,sao paulo,-23.60338376019968,-46.72970093443071,SP,-21.757690120914923,-48.82976816265947,297.54943439671194,1,1,99.99,13.72,1800.0,2017-11-24 05:27:33,2017-12-14,2017-12-11 17:12:27,17,1,19
710f0ad82f53b85ba2348698d18c89db,2a9dd5ed2aaff2cf92f511a9beb00d6e,RJ,barra mansa,-22.533727633570344,-44.152504665452426,MG,-19.867906407416527,-43.94863882589885,297.17807148398185,1,1,109.9,18.02,1200.0,2017-11-21 08:54:33,2017-12-18,2017-12-19 21:23:43,28,0,26
aba02e203a50c9dcf7c2b6b210b5f6eb,b7fc8e04ed80320673fef972447e3551,SP,sao paulo,-23.609074345694275,-46.65970305492974,SP,-21.364019805249217,-48.22883109179936,297.15977236506376,1,1,170.0,16.82,4338.0,2017-11-22 14:55:46,2017-12-08,2017-12-01 00:28:05,8,1,15
9d6e82d895f71ace96e14e85f57bcdf7,a1d6e13802152289fcc45e318966308d,RJ,seropedica,-22.746572282003044,-43.705684967951015,MG,-20.94004902170557,-45.82696971616617,297.1193742310263,1,1,149.99,40.38,6550.0,2017-11-26 21:13:40,2017-12-26,2017-12-06 17:48:17,9,0,29
1cfced67fb82caa7fb2b4521de6e18e7,6bbe6939dc1b42b2e1d8622e5dbc0649,SP,bauru,-22.35957556793258,-49.05091136579618,SP,-23.66256651259204,-46.52741092389908,296.12624205247823,1,1,120.0,12.34,475.0,2017-11-27 09:02:55,2017-12-15,2017-12-05 17:19:13,8,1,17
791ce20aa4827ff1e05a8139eb1810b5,89c9f3d72721c993b7ef288dc6217f4b,SP,tupa,-21.92666589273832,-50.513100546811245,SP,-21.177173112308903,-47.767232134697736,295.9497374370451,1,1,29.9,11.85,150.0,2017-11-21 10:10:14,2017-12-07,2017-11-25 01:32:14,3,1,15
4c9d3ec7ae34a9dc7654d74bc52134ae,49d2e3e97b7e8a21ce7579620e811031,MG,boa esperanca,-21.095411041525026,-45.56026215449815,SP,-23.20712579877664,-47.30927660866177,295.9334356560309,1,1,52.9,15.12,350.0,2017-11-24 22:21:59,2017-12-19,2017-12-06 20:53:58,11,0,24
3938e682497b3b6d775de950467baefb,8c5ca191f8acbb3969aa8270d0d041fe,SP,embu das artes,-23.651135718275818,-46.80456122439265,SP,-21.757690120914923,-48.82976816265947,295.7666249969052,1,1,67.5,11.97,600.0,2017-11-24 13:48:45,2017-12-14,2017-12-04 20:32:31,10,1,19
499f4d2d2bf250a1bb18ca1feab13262,f3752fccfb8cc4e9383c875b00bff397,SP,sao paulo,-23.529877564256413,-46.68556505704306,SP,-21.757690120914923,-48.82976816265947,295.37335925619226,1,1,52.99,11.87,600.0,2017-11-23 17:58:39,2017-12-13,2017-12-11 16:07:50,17,1,19
eaa10b1bfc8e98b22d99dc4e96ef6a83,390998295b49e0086703894e31d9e512,PR,londrina,-23.317650533181272,-51.15768994561134,SP,-21.757690120914923,-48.82976816265947,295.3690216947642,1,1,116.9,16.58,1800.0,2017-11-23 12:43:40,2017-12-15,2017-12-05 18:48:57,12,0,21
41db55b77650928f1720b63029141585,f1586c1bddea63e86b67b9b72f565924,RJ,rio de janeiro,-22.91162389760552,-43.67900649132533,SP,-23.437197,-46.51136742270183,295.3648686940838,1,2,245.98,29.22,800.0,2017-11-23 19:46:05,2017-12-13,2017-12-09 13:45:38,15,0,19
ed6c7b5afbec5a527361ec20374e4057,d138ea4e35fb3efec4f710091919b561,SP,sao paulo,-23.548669784898166,-46.70610604141905,SP,-21.757690120914923,-48.82976816265947,295.200927745212,1,1,87.5,13.63,1100.0,2017-11-26 15:09:07,2017-12-19,2017-12-01 20:48:37,5,1,22
0b937678b38558c4fec110aed9d5f8ac,5f235effbfef1537095b1024ab902244,SP,sao paulo,-23.54997038412488,-46.660711431588645,SP,-21.11263561449013,-47.79105569532287,294.89863218201305,1,1,120.0,13.86,768.0,2017-11-20 19:25:48,2017-12-08,2017-11-23 15:26:40,2,1,17
2a96041dfde21cce25d270579cde8119,0a3d4445a6599dcec9458fb55b3bda89,SP,sao paulo,-23.57707142714524,-46.604264537192,SP,-21.165370022730333,-47.79714447071386,294.8837723766426,1,1,131.35,13.94,450.0,2017-11-23 18:40:25,2017-12-13,2017-12-12 17:44:37,18,1,19
6ef39ba9ebeec91e5c34444a2c9bbb24,78617a723b4d69cf675ae0719ac052ed,SP,sao paulo,-23.5688472717122,-46.63517002345775,SP,-21.364019805249217,-48.22883109179936,294.8177262472502,1,1,129.0,12.32,444.0,2017-11-24 01:36:16,2017-12-14,2017-12-02 14:07:58,8,1,19
abe6c06151a1d6382d63f49beb812f40,78ed91ece755bad86236f7121af3f6c5,SP,promissao,-21.54077680916818,-49.85700359665669,PR,-23.43192619791517,-51.86456324999999,294.544275635758,1,1,61.65,15.18,150.0,2017-11-27 13:29:31,2017-12-29,2017-12-06 00:58:58,8,0,31
ea1a388e3dfe8c2f47be2bc881a6669b,8dc521d271787249d2b4ee3976db97be,SP,sao paulo,-23.46658982202164,-46.63928171838316,SP,-21.757690120914923,-48.82976816265947,294.3768100260621,1,1,117.99,16.46,2700.0,2017-11-23 12:36:18,2017-12-13,2017-12-04 16:26:54,11,1,19
587904dc1c873ebfb6078160b4819d8e,ea2677769a5160cb3664a4ee9e6dcddd,SP,taguai,-23.45361731652991,-49.405672493758665,SP,-20.806830481885147,-49.38960170992274,294.3139218818094,1,1,49.0,35.93,1850.0,2017-11-25 00:25:35,2017-12-15,2017-12-06 19:43:34,11,1,19
deab869c61051ea9df4fcc0daf282c0f,340485e58213e37b8cd9723e0548f7c6,SP,embu das artes,-23.64481685899368,-46.818652038770416,SP,-21.757690120914923,-48.82976816265947,294.2552890829892,1,1,41.0,12.69,650.0,2017-11-24 11:53:17,2017-12-14,2017-12-04 20:42:13,10,1,19
cf5a089353c76e21f2461f8b6d6f883e,ee32944bc9002e21a1e00e852d34b2d4,PR,londrina,-23.303771025535223,-51.15444244463038,SP,-21.757690120914923,-48.82976816265947,294.2045301061216,1,1,66.9,17.72,1150.0,2017-11-24 21:17:14,2017-12-18,2017-12-22 00:12:30,27,0,23
ec6dbe29a25ab63db6148325f242268e,b137076cda741658193ccbdec3b05d9b,MG,belo horizonte,-19.892370394396657,-43.94229006688214,RJ,-22.523736780962032,-44.18587635574729,293.68188986166183,1,1,74.75,15.33,400.0,2017-11-21 14:26:31,2017-12-15,2017-12-01 20:48:45,10,0,23
7f539983cfeeeb17fa4a9bb2df43d4db,9f7bcb19d79216545a88e5e6aa85262a,SP,sao paulo,-23.47163506305544,-46.65362206647812,SP,-21.757690120914923,-48.82976816265947,293.6148465680119,1,2,150.54,32.32,2800.0,2017-11-25 13:20:42,2017-12-15,2017-12-10 16:53:12,15,1,19
24caac929f6281eb55ab38103cd821fa,bc6a3a6f693b3363d1bc91080a2a1824,SP,sao paulo,-23.4864404948641,-46.66821484401871,SP,-21.757690120914923,-48.82976816265947,293.5433058445723,1,1,99.0,13.71,1550.0,2017-11-23 21:53:29,2017-12-13,2017-12-05 22:28:34,12,1,19
4a8838c86657a598964a2e50960e92c5,d4d9531a61ad95bf3b57d0100a2fb792,SP,sao paulo,-23.617928189566605,-46.74202011893355,SP,-21.364019805249217,-48.22883109179936,293.4963952661489,1,1,170.0,16.82,4338.0,2017-11-24 12:48:11,2017-12-14,2017-12-02 13:22:32,8,1,19
838411338443a817cfb4c26f0f7a9c9a,f6aa4b1360cc4c6186561ebc2caf14bc,SP,sao paulo,-23.59256254912288,-46.62530502331353,SP,-21.177173112308903,-47.767232134697736,293.1148092599925,1,1,51.0,12.7,900.0,2017-11-21 09:09:35,2017-12-07,2017-11-30 19:32:35,9,1,15
7ff0a233ca71abe5b19f93af5b8f3440,f83fe3dc158f7a731bacc84356f5c5b3,RJ,nova iguacu,-22.76406479685973,-43.42965403699998,MG,-20.44159268613129,-44.76588783921957,292.8683294703694,1,1,126.0,77.9,18200.0,2017-11-24 10:53:41,2017-12-20,2017-12-21 16:12:42,27,0,25
3d5c1837eaa26ca8ccb6eb3eb6a6ee6b,e3248fdb7c904b55c92cb55d87ba264a,PR,paranagua,-25.54250272296004,-48.53407534959617,SP,-23.56072295337296,-46.63277989454088,292.4600619119992,1,1,19.9,15.1,50.0,2017-11-23 01:32:43,2017-12-13,2017-12-18 17:15:53,25,0,19
cbdabf28d94ad320e51b6a0a839003c4,29dc6045f9acedc61817755d41b1eab2,RJ,rio de janeiro,-23.01113485206877,-43.31036525832422,MG,-20.4100278727316,-42.89642624318659,292.37328109094034,1,2,139.8,32.5,1850.0,2017-11-24 16:52:31,2017-12-14,2017-12-06 23:35:44,12,0,19
443927ed7bbf7df399ca64efdb0b684c,0852444fb5c616452aa079549f38ca5e,PR,paranagua,-25.526515082133404,-48.52259244793945,SP,-23.595227193173283,-46.56076636913555,292.3629106599273,1,2,108.0,30.26,2400.0,2017-11-25 05:31:18,2017-12-20,2017-12-09 01:52:19,13,0,24
38291bcab22211eb312fd02756c288c1,a63bb59ba24b8048df8549dd217a586c,SP,mogi das cruzes,-23.54384738773155,-46.215028084907104,MG,-20.94004902170557,-45.82696971616617,292.27023160967656,1,1,89.99,45.09,6050.0,2017-11-20 12:50:46,2017-12-12,2017-11-28 17:29:04,8,0,21
bee4fbc438d2d48527e812cb6a1c8166,f11a8d3613ace1bbf5de8d7e4da13a65,RJ,miguel pereira,-22.45420832442529,-43.46995999999996,MG,-19.87317844463038,-43.98240258909915,291.8740401063091,1,1,24.9,15.1,633.0,2017-11-27 18:27:17,2017-12-20,2018-01-09 21:28:38,43,0,22
ec0eba3b4fbad8fda2b94df042100196,23ac056687fd805b997f44076a13ba55,SP,itaporanga,-23.705939631453408,-49.482958686566384,SP,-23.501139521928536,-46.62721984347043,291.8620429039251,1,2,109.6,23.76,320.0,2017-11-26 13:20:03,2017-12-15,2017-12-05 16:42:48,9,1,18
7f2e1344275e004ec582d8cceebc5896,dcc63d2b8986c8d07300124969363838,SP,sao paulo,-23.52731184179699,-46.56207954119767,SP,-21.165370022730333,-47.79714447071386,291.7328991436406,1,1,101.34,13.73,1400.0,2017-11-23 07:17:20,2017-12-11,2017-12-05 22:41:58,12,1,17
634b12cc99145e1398b5f8fc1321c058,2aea01d060864df3899978a97f7b9de9,SP,osasco,-23.56601913891452,-46.78701591891262,SP,-21.757690120914923,-48.82976816265947,290.4493406116819,1,1,135.0,16.58,1850.0,2017-11-27 22:10:49,2017-12-15,2017-12-22 18:29:14,24,1,17
33688e8b749940b759d6824ddf7f437e,3e21de36f45bda5fc08a8ddf5ff1ea3f,SP,sao paulo,-23.562133920898496,-46.6873404672514,SP,-21.165370022730333,-47.79714447071386,289.9096905598092,1,1,415.37,15.25,500.0,2017-11-24 18:35:32,2017-12-21,2017-12-16 14:47:43,21,1,26
f51fb43d2d69e83cc9cca35f9706798b,34667b3da73667b109439101ac3959d3,SP,sao paulo,-23.488166129047897,-46.46938132278263,SP,-21.177173112308903,-47.767232134697736,289.5681863707297,1,1,30.21,13.37,1583.0,2017-11-21 21:11:30,2017-12-11,2017-11-27 17:39:06,5,1,19
efb6786e7cae312c673bb5ac3a677ca0,629e2d63ea37ebc6f703b86043d21e6f,SP,osasco,-23.55542280046441,-46.79025990490693,SP,-21.757690120914923,-48.82976816265947,289.400075949115,1,1,95.03,13.69,1500.0,2017-11-24 21:56:36,2017-12-14,2017-12-12 19:22:56,17,1,19
ec7b08d39b75ac7d28c6fda42d3847b1,a6428eedd97ea9606d58e6baf716223e,RJ,volta redonda,-22.538563259222897,-44.07301952698337,SP,-22.986269342347207,-46.85229042519152,289.28229686235244,1,1,45.0,15.1,200.0,2017-11-24 13:30:31,2017-12-18,2017-12-05 01:06:38,10,0,23
347b03aea6fd08c3bd68e2b30a3fe3e3,e3223af2aa6a77a76b3b690407384686,RJ,barra mansa,-22.532779999999946,-44.20283853649948,SP,-23.652442526788203,-46.75549168747648,289.25375867972963,1,1,69.0,15.23,300.0,2017-11-24 19:01:49,2017-12-15,2017-12-18 23:18:43,24,0,20
fb9b2930f4a30f96c7cc98eaaa85e5f0,02ed2cff54eb047cdbe79dd0535945d4,SP,sao paulo,-23.49480380786534,-46.735467139881145,SP,-21.757690120914923,-48.82976816265947,288.9781765355978,1,1,70.91,13.52,1200.0,2017-11-24 14:15:53,2017-12-14,2017-12-17 10:47:53,22,1,19
e02d61b42452cc6737650331d8bc8ad7,88127edc390afb814360a003695dd0fe,RJ,barra mansa,-22.54421223085241,-44.11501629637128,SP,-23.67008162864273,-46.66049702840489,288.8647339932175,1,1,494.99,20.71,1200.0,2017-11-25 21:34:53,2017-12-18,2017-12-26 16:15:10,30,0,22
b304857eafb27666d96c8fca31758a13,46b2c10f2aa1bed65b95d2593eb816b3,SP,osasco,-23.55507950106442,-46.79905042241339,SP,-21.757690120914923,-48.82976816265947,288.72230443370614,1,1,99.9,13.72,1225.0,2017-11-25 08:55:26,2017-12-15,2017-12-19 23:53:27,24,1,19
5dd47ef6835a273cdef464b77feacc62,ddb9ebb22b6b4a9a93532d5b61f78563,SP,sao paulo,-23.492943503462445,-46.62179762170351,SP,-21.364019805249217,-48.22883109179936,288.64750696182284,1,1,170.0,16.82,4338.0,2017-11-24 00:35:48,2017-12-14,2017-12-04 14:47:12,10,1,19
f5b582be9c6e306e36009285ca71038b,d1ef0a39a9f8e5015b05e2501b8006c2,MG,araxa,-19.58332424190376,-46.95065470425514,SP,-20.806830481885147,-49.38960170992274,288.5962894534402,1,1,49.0,17.67,1500.0,2017-11-24 00:30:14,2017-12-18,2017-12-06 22:55:35,12,0,23
f8b625b1a8ae63614f1c171fb18c7a49,28de693affea36d16d7d74bb663f7c7c,RJ,rio de janeiro,-22.944469945322865,-43.184902217179285,SP,-23.302661247830148,-45.97283979175633,287.8624282740256,1,1,220.0,16.29,800.0,2017-11-20 18:43:00,2017-12-07,2017-12-11 23:41:34,21,0,16
60374093aa8d84de08b2c04a3eec89c4,91489087a2f86dd3476f0d949946aea2,SP,osasco,-23.53616136554321,-46.79602109908249,SP,-21.757690120914923,-48.82976816265947,287.50632082033854,1,1,230.0,52.8,5200.0,2017-11-22 11:00:02,2017-12-08,2017-12-27 18:53:20,35,1,15
79bdeae310789e415e342ede8f9ad5f5,f536a2636bfc8640ca368d2887eab64b,SP,cotia,-23.605705509290832,-46.898514000000006,SP,-21.165370022730333,-47.79714447071386,286.6477513037612,1,1,232.56,13.13,5446.0,2017-11-22 09:18:48,2017-12-08,2017-12-01 21:36:36,9,1,15
2b413cbffec6d32139cb697b20560b04,54f6f3113f4bdb3f6ff66441550e1ab3,ES,guacui,-20.772871566216622,-41.67491020458371,RJ,-22.93534069637593,-43.186718398333056,286.63224775989187,1,1,99.99,15.45,500.0,2017-11-25 20:39:55,2017-12-22,2017-12-05 22:14:33,10,0,26
f8d1f879af678ff6582adada493313f6,eccf3f47e4cc5767bd2798d21a88bc93,SP,ouroeste,-20.0019394282266,-50.37558054591818,SP,-22.07313272845746,-48.73940408922972,286.1307881423667,1,1,219.9,17.17,4025.0,2017-11-26 14:52:30,2017-12-18,2017-12-15 17:56:50,19,1,21
644fa2355020340eaa627c83e17eee27,181d85c587921142b36f4e1546d35102,SP,sao paulo,-23.504182313073454,-46.5821390462261,SP,-21.177173112308903,-47.767232134697736,286.0161752336712,1,1,47.0,13.37,1217.0,2017-11-20 23:42:30,2017-12-11,2017-11-28 00:03:53,7,1,20
7e4c1200b2e12309b1fadca938e61c4a,4d66c13cf85177ea674fb2d878c61d96,RJ,volta redonda,-22.514550217761133,-44.090826760271774,SP,-23.625852663887155,-46.61139748251486,285.9312232752583,1,1,27.99,15.1,350.0,2017-11-24 21:58:42,2017-12-15,2017-12-20 23:17:13,26,0,20
cb5c4f59d4c15e190ec24d4607349a8a,72b6edc052a8e2605aaabe29f5d5e008,SP,sao paulo,-23.49012285165041,-46.670811133302,SP,-21.364019805249217,-48.22883109179936,285.5362689267762,1,1,170.0,16.82,4338.0,2017-11-23 19:14:06,2017-12-13,2017-12-06 14:22:25,12,1,19
fb6d9f2b63d335de19b9df4b1c4a6f51,a8f5f338424e31f8352a3969e8c40a73,SP,carapicuiba,-23.553426672969827,-46.84972934356494,SP,-21.757690120914923,-48.82976816265947,284.8643690566458,1,1,109.9,13.79,1550.0,2017-11-25 16:17:31,2017-12-15,2017-12-18 22:29:15,23,1,19
91ce7ca124af689166db5eeed6f67a58,5123a836ba289609cd3d54332637ca88,SP,sao paulo,-23.490460865110524,-46.58084227837731,SP,-21.177173112308903,-47.767232134697736,284.6963671571619,1,1,34.95,11.85,150.0,2017-11-25 23:11:44,2017-12-15,2017-12-05 14:55:03,9,1,19
10aab4b44296043fbfeaf40f1157657d,ba171f821800a7fdce134cd8724c38cc,SP,ribeirao preto,-21.172213467107177,-47.82413717277396,SP,-23.54142641046816,-46.77556079199594,284.65455410390445,1,1,139.0,12.25,200.0,2017-11-24 10:00:54,2017-12-14,2017-12-19 10:41:40,25,1,19
7df9173a1f3284d95a5ca6ac5aad32e2,efe79b09689802fc2d97dfb9588591a8,SP,limeira,-22.568376530773754,-47.40402037330482,SP,-20.806830481885147,-49.38960170992274,283.6392204427029,1,1,49.0,13.41,1800.0,2017-11-27 09:44:46,2017-12-15,2017-12-07 18:04:10,10,1,17
827efe7f5818a815652ea13b2dda5d7e,9aa861cf803f46fc1ad38073279d97d0,SP,sao paulo,-23.47475819095159,-46.56922155467713,SP,-22.33437119148644,-49.04433365394691,283.4558240296171,1,1,43.35,12.69,630.0,2017-11-24 23:01:08,2017-12-14,2017-12-09 14:07:46,14,1,19
aefdeb364dad62902b4e3a0b07b8a8fa,7ed939466606928dc16d603ec54edf09,SP,sao paulo,-23.47097699162584,-46.56986746433724,SP,-21.177173112308903,-47.767232134697736,283.23315507039223,1,1,30.21,13.37,1583.0,2017-11-27 19:48:08,2017-12-19,2017-12-06 18:09:43,8,1,21
be0d916fb5cf8a5dddcd98ad4905678e,3828833eaa94989b67eb1cf7e5f84524,MG,capelinha,-17.695150769703254,-42.51738345410398,MG,-19.8399409186066,-43.959657698309165,282.7208340375697,1,1,41.5,13.37,550.0,2017-11-21 10:16:47,2017-12-07,2017-12-07 10:05:41,15,1,15
139fda452e8ac63db51c90f3995dc480,f30226ef42eaa266905c938a2ac58809,SP,sao paulo,-23.492788669441406,-46.706291980105455,SP,-21.165370022730333,-47.79714447071386,282.06842479596617,1,1,158.1,13.45,583.0,2017-11-24 13:21:09,2017-12-14,2017-12-11 15:27:51,17,1,19
40235386473717246bb2eb10fe48037a,e8db587aa035a388d29cd44a801f9092,SP,jacarei,-23.266962316813057,-45.93984988347117,RJ,-22.916833051618703,-43.21798092630852,281.1124771244983,1,1,19.9,15.1,100.0,2017-11-24 18:42:17,2017-12-14,2017-12-12 21:55:50,18,0,19
f9a0509d1e42522b51cc9789bbec8c1e,d842d0ebdf90c04a61d3c7ab3cab34a3,SP,mogi das cruzes,-23.55418973798109,-46.18472669082058,SP,-22.277216273975142,-48.5432584317704,280.19253184843336,1,1,119.8,18.73,4250.0,2017-11-20 11:46:30,2017-12-07,2017-11-28 19:56:38,8,1,16
92599308ba8d89889268df82c199bae4,a33beafb12aa1f0e9e006b2446826721,SP,jandira,-23.53450945807633,-46.89703557958681,SP,-21.757690120914923,-48.82976816265947,279.944399659563,1,1,119.9,27.39,12050.0,2017-11-26 20:38:54,2017-12-15,2017-12-17 19:18:47,20,1,18
eb31fdfb332cea92e0b75fbe92b0a1cd,c13fb77725debf9be5e88e59125fbb0f,SP,sao paulo,-23.48894645490217,-46.656027361503845,SP,-21.36006189551128,-48.072412538636975,277.89965939175454,1,1,369.0,14.08,526.0,2017-11-26 19:43:27,2017-12-15,2017-12-12 16:23:38,15,1,18
9f5452841a5075ac35f12e8854c793cb,13e1607de71f41be2379f77597a1eaa3,SP,sao paulo,-23.48018497085809,-46.64212652622771,SP,-21.36006189551128,-48.072412538636975,277.8260532444292,1,1,190.83,12.84,416.0,2017-11-22 18:44:40,2017-12-08,2017-12-04 19:05:59,12,1,15
4e0091a0a84b39634a3ecc33bdc49d09,9998c6bf5ef16b8498d0202e25a2c33c,MG,nova lima,-20.16278946237062,-43.94740304840458,RJ,-22.53988593060518,-43.197575382221615,275.4896951002443,1,1,339.9,18.14,510.0,2017-11-25 13:43:45,2017-12-19,2017-12-12 19:42:46,17,0,23
7eb37fd32e87d3ea061605da756f0572,27098d24681449215d65e7d661d10723,SP,valparaiso,-21.22509060741854,-50.86649103947004,SP,-21.364019805249217,-48.22883109179936,273.7029748661845,1,1,188.0,12.82,550.0,2017-11-24 13:16:52,2017-12-15,2017-11-29 21:23:48,5,1,20
4e906592ffe21666b515f88ec700cdeb,ae5c642733edee1c18c1653a75270ed5,SP,piedade,-23.712859098700683,-47.41623869785824,SP,-25.491008797391657,-49.28829274854292,273.6972481647744,1,1,40.0,17.6,1100.0,2017-11-20 13:27:59,2017-12-20,2017-12-20 16:34:28,30,1,29
8aee9dd7a741296bbc17f17fda6c1a57,2ee85e880c44486eddac3fc64c33b9d1,SP,pederneiras,-22.347145496413017,-48.7803437644446,SP,-23.65869024839867,-46.52249513292757,273.2584448513129,1,1,56.99,11.9,250.0,2017-11-27 23:42:00,2017-12-20,2017-12-11 14:51:55,13,1,22
e7b3238f912e9efb45f970a33d3ac10c,5c1547bae5d0f335ad4b7728b54be141,SC,florianopolis,-27.713821924231045,-48.50536132846678,SC,-27.00518824428508,-51.15087636295904,272.87867711678734,1,1,339.0,14.62,500.0,2017-11-21 11:35:53,2017-12-13,2017-12-07 15:39:29,16,1,21
a46dc6a0212b801e6864957e34476ab3,da3865a87af154f97a6de04afae086a9,RS,porto alegre,-30.13095317069649,-51.23302606522303,SC,-28.62278894415899,-49.02509319244567,271.8228428909771,1,1,69.9,16.25,600.0,2017-11-25 19:44:56,2017-12-20,2018-01-07 13:09:27,42,0,24
846245fd0ae27dba2f13054c098feb97,fe5d190924c6b517e0f356682493be0d,SP,votuporanga,-20.422767933483087,-49.971725710858,MG,-18.65158486656263,-48.19241119054979,271.20277352782364,1,1,180.0,17.02,836.0,2017-11-20 11:46:49,2017-12-07,2017-11-30 01:36:55,9,0,16
f307eeea250efc6c6bdd863ae32162b5,e8704f70e4ec2f83cb3bc4d80f749dcf,SP,sao paulo,-23.48120126894224,-46.70405051276761,SP,-22.35957556793258,-49.05091136579618,270.7795287224437,1,1,209.9,21.44,6400.0,2017-11-26 10:58:33,2017-12-15,2017-12-10 15:54:53,14,1,18
a80493a89c4326ae0fa59d2df02c4251,04199b03081cf196718a6ed694e153c9,SP,braganca paulista,-22.951869024698503,-46.534978340380775,SP,-21.757690120914923,-48.82976816265947,270.7775223743834,1,1,135.9,13.29,2100.0,2017-11-23 20:12:17,2017-12-13,2017-12-11 14:43:01,17,1,19
30f54cfb85a2cf596ee5b7a589d3ffa0,e8e7b23c38d42a5fc49b092371bef664,SP,campinas,-22.90766760506409,-47.08481395641368,SP,-20.49587175617251,-47.41830587985834,270.38317166860344,1,2,106.24,23.9,250.0,2017-11-22 10:17:50,2017-12-08,2017-11-30 14:33:41,8,1,15
242efbf997dcc144609030002b91446e,64ad3c86c789e4ec8abda9f287bdacb4,MG,juiz de fora,-21.73153691890951,-43.3594215,MG,-20.94004902170557,-45.82696971616617,270.29780668760304,1,1,89.99,26.25,5950.0,2017-11-25 17:09:27,2017-12-15,2017-12-08 00:12:09,12,1,19
6d5c0b87109f123898fe2dde02cebe1f,49a5030caa1df00e0bdd14302ef076a9,SP,avare,-23.11514328365742,-48.93586939203073,SP,-24.026457185123206,-46.47784669233656,270.2276097694222,1,1,45.0,11.85,150.0,2017-11-25 12:19:35,2017-12-15,2017-12-07 14:44:55,12,1,19
25e5f6a88a4525f820943240376c45c5,5425974ca1091055b0c05604f43f711e,RJ,barra mansa,-22.56347832001269,-44.17305212018948,SP,-23.50926448483579,-46.60351726922744,270.0190173185652,1,1,80.99,17.82,1650.0,2017-11-26 14:08:44,2017-12-18,2018-01-06 17:09:50,41,0,21
a28b1546b11df2b46d9744c7976bedb2,c38867c798cb953659c564edd549351a,PR,senges,-24.114341914516,-49.46279890533873,SP,-21.757690120914923,-48.82976816265947,269.94508878660207,1,1,56.99,16.16,875.0,2017-11-27 20:32:45,2017-12-22,2017-12-22 18:17:16,24,0,24
52e610639925945e4ec84cfb8fc75b7d,1701071c88baf591b7eb62903d3903a5,MG,tres pontas,-21.369527999999992,-45.51333121888784,SP,-23.58077681085173,-46.59210244184609,269.704607885218,1,1,21.99,15.1,150.0,2017-11-27 18:30:30,2017-12-20,2017-12-05 14:13:10,7,0,22
9307eb406f745cbdb5934be961d05e9d,70e55dca905d5cb86c955d777ab64ab5,SP,cerqueira cesar,-23.03382318828212,-49.16310060136444,SP,-23.625852663887155,-46.61139748251486,268.72131268889854,1,1,27.99,11.85,300.0,2017-11-20 11:45:21,2017-12-07,2017-11-28 17:38:13,8,1,16
cdc90cad1e7f9d43bfeef525c745ef33,321cb859fffb6249ba9537e12dd348ed,SP,itapetininga,-23.572040960635395,-48.024600080020015,SP,-21.165370022730333,-47.79714447071386,268.6295060222627,1,3,313.08,41.25,5199.0,2017-11-25 12:44:35,2017-12-18,2017-12-01 21:44:00,6,1,22
ef897a70523fdaa35f5f7408c325d3ad,f4e7a983e7130953e85bfd0093475bb5,SP,ourinhos,-22.969483040798664,-49.87061220483005,SP,-20.927842595619605,-48.49233569396832,267.84541498455155,1,1,51.9,11.86,100.0,2017-11-21 13:45:03,2017-12-07,2017-11-28 02:04:41,6,1,15
dd7215a0ed61521e7b5a7964939f4e09,79b432f91863af9a5166045f1574b5f5,SP,santos,-23.98479796586644,-46.300849044480685,MG,-21.959964627428853,-44.8905421483232,267.4617061493207,1,1,120.0,53.44,12950.0,2017-11-20 12:48:23,2017-12-12,2017-12-07 20:17:09,17,0,21
1314353395f7148ba64400eab34bb50c,3a38cfdf41dbda6098abeacd30ec2d3e,RJ,mangaratiba,-22.94104597120424,-44.03538,SP,-23.54682895530619,-46.56705535720467,267.28222650677026,1,1,139.99,16.74,700.0,2017-11-27 09:22:59,2017-12-20,2017-12-15 21:29:37,18,0,22
352c4f69373c13ae4252f607a6d73ea7,dd8df3b485ca4fd5f19369fec6fd81f5,SP,santa adelia,-21.24208336331261,-48.80464071141578,SP,-23.20712579877664,-47.30927660866177,267.26829204490684,1,1,85.9,16.23,8750.0,2017-11-21 11:00:16,2017-12-07,2017-11-27 16:18:55,6,1,15
b8b9625b11ffbc12df779c20935997c2,4147e13258334b732b00e23d934b69d4,MG,bueno brandao,-22.44152742444792,-46.34933438333864,SP,-21.757690120914923,-48.82976816265947,266.6161945366089,1,1,95.0,17.88,1550.0,2017-11-24 09:46:06,2017-12-19,2017-12-19 21:48:58,25,0,24
e7880483473ee0eec85a50d7052cde61,be3862982671bf7ff18268ab9f4cd585,MG,iturama,-19.72896443652217,-50.19522319448616,SP,-21.757690120914923,-48.82976816265947,266.5445583212163,1,1,179.46,26.1,3150.0,2017-11-24 10:59:58,2017-12-19,2017-12-12 18:33:29,18,0,24
b38b7224daf780cbff9e261080b46068,a2418b2362af6503b38a99e2259cf8ab,SP,cajuru,-21.27450736690627,-47.305449936701535,SP,-23.552032416180964,-46.53746144532288,265.266458110521,1,1,139.99,14.0,1500.0,2017-11-25 13:36:32,2017-12-15,2017-12-04 21:12:38,9,1,19
2e947480a69010d3f969b8a9be70d399,e63c6b323e4b6afb6a6d9b219853ce5a,MG,tres coracoes,-21.69506411550893,-45.257499190163706,SP,-23.489821337123363,-46.95315217080441,264.8145647438953,1,2,318.0,31.14,684.0,2017-11-23 11:40:04,2017-12-13,2017-12-12 22:42:43,19,0,19
0d77e9b5b271b221b5d181c38276769e,ded07964b8b743d9fd2688790b7052cc,SP,sorocaba,-23.47456247661731,-47.46832082653356,SP,-21.11263561449013,-47.79105569532287,264.7244610409137,1,1,91.0,13.66,1155.0,2017-11-20 18:11:59,2017-12-07,2017-11-25 15:29:16,4,1,16
ad5538038b65b82a8d6b39d9dafde26d,cf6343c3fa71cf43abe9d4374d8d1f11,MG,varginha,-21.550375652794425,-45.44594590766639,SP,-23.64855809755326,-46.66211575714125,264.60640893511754,1,1,39.9,15.1,200.0,2017-11-25 10:01:43,2017-12-21,2017-12-01 16:53:00,6,0,25
57d7b2a61ec94f21bc0112619eb9a24a,d5ac777fc5fcadcc6324bf3a39ef9284,SP,campo limpo paulista,-23.20026337044312,-46.78186483246769,SP,-21.757690120914923,-48.82976816265947,264.5758839337864,1,1,144.9,14.03,2000.0,2017-11-24 01:16:18,2017-12-14,2017-12-08 16:21:35,14,1,19
0f769c3e8665e800faa37fd711fee252,d3fa29ddb32982917d99b75a422e7e2a,SP,sorocaba,-23.50623958312654,-47.44285134540369,SP,-21.172213467107177,-47.82413717277396,262.4772250453805,1,1,85.0,12.09,200.0,2017-11-24 09:47:20,2017-12-14,2017-12-01 00:48:36,6,1,19
de2884aa8799702e8d242dc4029db3cc,d887148b2d2b9e3d51736103399c3227,RS,parobe,-29.6304704925703,-50.8349836530182,RS,-27.635960058702167,-52.27291009294059,262.4431838678957,1,1,230.0,20.47,4400.0,2017-11-27 17:41:30,2017-12-21,2017-12-08 19:02:50,11,1,23
457750fb17f45c74af0c5ffa002c294b,de281e7aa3ddf4dfa36b4253ce263ed7,SP,santo andre,-23.709584934024686,-46.509238729110194,SP,-22.277216273975142,-48.5432584317704,262.1297755486772,1,1,119.8,18.73,4250.0,2017-11-25 10:43:28,2017-12-15,2017-12-09 00:33:48,13,1,19
eb950cd1b75b3139b29d4926906d9ced,913fd80bb6b904f60ce38b0d10bfc3de,SP,americo brasiliense,-21.73252442278548,-48.108535108144864,SP,-23.56836984105245,-46.52214825721335,261.0930822516486,1,1,62.9,12.78,850.0,2017-11-27 13:24:07,2017-12-15,2017-12-11 23:34:06,14,1,17
88ac33fac1d5d735fecc0f5fca69b0b0,081d97688ce99393dda013bdd97d15de,SP,americo brasiliense,-21.73252442278548,-48.108535108144864,SP,-23.56836984105245,-46.52214825721335,261.0930822516486,1,1,79.9,12.06,550.0,2017-11-24 17:22:24,2017-12-14,2017-12-06 14:52:28,11,1,19
26d821f4e6c14dc9a3b4cf118c806fbd,917f855fbbe10aa3b268b6f636c20156,SP,hortolandia,-22.88722375926633,-47.20093703649303,SP,-20.554950968499107,-47.38769088301032,260.0533006084156,1,1,364.0,14.05,300.0,2017-11-25 22:12:39,2017-12-15,2017-12-08 19:33:23,12,1,19
6d86e90b2538097e14e7868abc08c234,936c9439ded06e68fb2f8156c6e4e355,MG,uberlandia,-18.874202907349748,-48.27171488412486,SP,-21.165370022730333,-47.79714447071386,259.5450429343953,1,1,9.83,15.1,213.0,2017-11-24 14:19:20,2017-12-14,2017-12-07 17:31:55,13,0,19
3a25cded45c3f7fe9dee01dceed4a97a,277920f3429fff255e648c241b5447b1,SP,boa esperanca do sul,-21.995781154521296,-48.38870931746983,MG,-21.42248150822304,-45.96359018335574,258.5139775089961,1,1,58.0,25.25,7850.0,2017-11-26 21:21:07,2017-12-26,2017-12-12 18:32:39,15,0,29
a7ee1f8963042a28d8482aeebeb24c4d,3a546060d84e8050f147b290881a2b27,SC,florianopolis,-27.66184700805008,-48.53110638273989,PR,-25.43724391095644,-49.28084304815626,258.3593134263497,1,1,79.0,14.3,550.0,2017-11-27 18:30:23,2017-12-15,2017-12-11 20:17:13,14,0,17
56203ab8c919f019d69bac51794e296d,4313e91cf5448328e880ae6455fabd3b,RJ,volta redonda,-22.51150638481737,-44.08098386955392,SP,-23.539820103990145,-46.31780434759043,255.87053136293605,1,2,132.8,30.42,850.0,2017-11-23 21:52:43,2017-12-14,2017-12-20 21:57:13,27,0,20
ba95b4f24ad0bbb40a753470c555727a,4a49dc2c0c4fb4afd6f8e9ddcd86f596,SP,taquarituba,-23.532234261123907,-49.244750904357566,SP,-23.211061972115367,-46.76376569389638,255.74006787115445,1,1,79.0,13.57,7050.0,2017-11-26 19:39:49,2017-12-18,2017-12-04 16:09:09,7,1,21
4969de35fd774f0dc8cdb13b069135df,830ec88fee7a04e5a14260822c2c701f,RJ,resende,-22.46406015015292,-44.43792725991119,SP,-23.5827745037509,-46.6204825896474,255.65504417403827,1,3,318.0,63.69,8400.0,2017-11-24 12:47:51,2017-12-15,2017-12-06 22:52:29,12,0,20
1ffd4db85f221566495dd4bf427e3137,7cbb47ab67fb071367951c3007ceedb8,MG,natercia,-22.11882635213724,-45.51187059133844,SP,-23.53679041271852,-47.46870306938549,255.09874444045045,1,1,39.9,17.6,1300.0,2017-11-23 17:46:00,2017-12-18,2017-12-06 18:16:56,13,0,24
c6a109284eaa03ecababdea492aa981b,8865d48e8c0839b545fe4be694e79943,SP,cruzeiro,-22.565311140993224,-44.9459525954758,SP,-23.1777630785525,-47.3432490929943,254.8716314038792,1,1,326.16,21.16,5300.0,2017-11-20 11:27:52,2017-12-07,2017-11-30 22:06:52,10,1,16
981222fe88bbeab39c6ca1fa7bceba4c,2e8ff3002ea6077d8b4b45f771612d3a,SP,sao paulo,-23.56976284096028,-46.65677240798665,MG,-21.959964627428853,-44.8905421483232,254.6248973761284,1,1,83.3,21.07,10750.0,2017-11-26 01:37:15,2017-12-20,2017-12-04 20:59:23,8,0,23
336b67804498fdd240af35e1aa0fd4ff,a7a7c932f8e64caf09aa72bb303ac17e,MG,uberlandia,-18.9239008462404,-48.25008947100231,SP,-21.165370022730333,-47.79714447071386,253.69041298669748,1,1,101.34,17.96,1400.0,2017-11-27 16:10:06,2017-12-15,2017-12-11 14:04:06,13,0,17
1cb4d27eb9d959e7c803e6886b8f1552,b97047ecd83b1bf7e6ce76b89168e9e4,MG,passos,-20.714806027133875,-46.62654850710096,SP,-22.986269342347207,-46.85229042519152,253.64723993897329,1,1,75.0,17.78,1947.0,2017-11-27 10:36:19,2017-12-20,2017-12-14 19:14:43,17,0,22
ffc1be2cfc663c95a4663eae09796e19,d91334c0843c16865902f1eb2356811e,SP,sao sebastiao,-23.7896831312828,-45.560348370191335,RJ,-22.84258446627047,-43.303678777468456,253.35635599427255,1,1,79.9,16.32,900.0,2017-11-24 21:23:08,2017-12-21,2017-12-12 23:41:42,18,0,26
09bb35a3939c3181b4a5619cb3918976,b84438b09aa33a6e08673fe173f9796f,SP,sao paulo,-23.56976284096028,-46.65677240798665,MG,-21.69506411550893,-45.257499190163706,253.13098801565408,1,1,99.0,17.94,2250.0,2017-11-26 03:42:06,2017-12-28,2017-12-11 23:13:13,15,0,31
0556fe7a6dbdc95276ba0513ee5f0471,8e8ece09f913df64cbdcf2188e9a7d85,SP,sao paulo,-23.561264556754605,-46.6565542389636,MG,-21.69506411550893,-45.257499190163706,252.3432012620314,1,1,59.9,17.67,1500.0,2017-11-25 19:14:14,2017-12-15,2017-12-13 14:54:45,17,0,19
cdd3f73daec692a65c1cb65c46154b84,89ff5bcd44ddd10ae61646d875620226,SP,marilia,-22.25460065639966,-49.93594210206878,SP,-21.20058447432055,-47.7758794015108,252.02667178356435,1,1,79.9,12.06,100.0,2017-11-25 13:12:40,2017-12-20,2017-12-04 23:35:08,9,1,24
924482525801c274a1c8e5d4a2f15725,dc46fa85c061e77c72b5d5b870491ad0,MG,varginha,-21.58582787262547,-45.43880902824687,MG,-19.836541382739888,-43.92185549333488,250.45037947935927,1,1,90.0,26.25,2200.0,2017-11-25 22:43:58,2017-12-15,2017-12-06 23:58:56,11,1,19
3b7800a3b0523ee2ecef278097a83f1b,d8625cba80cf33402e6f516637f5717e,RJ,resende,-22.47731022416761,-44.486294555654446,SP,-23.624703752404614,-46.586391181642696,249.89174107418648,1,1,99.0,16.45,1050.0,2017-11-25 17:36:18,2017-12-18,2017-12-18 17:12:52,22,0,22
44c86e534686d17733facffd8201375d,eb50e8f29cd48dd8cd13d7f9a24d531e,SP,itatiba,-23.010766863942624,-46.812498774415815,SP,-21.757690120914923,-48.82976816265947,249.8590307792086,1,1,89.9,16.26,1383.0,2017-11-24 17:23:34,2017-12-14,2017-12-02 10:59:15,7,1,19
32306eaec4da3f63ff314515258b1500,d3503b10b18990444ed8642b7117c108,RS,getulio vargas,-27.885785098916287,-52.22766456816202,RS,-29.9154979313812,-51.14278755030342,249.17594049985416,1,1,120.9,28.83,7050.0,2017-11-23 23:57:11,2017-12-13,2017-11-29 21:15:07,5,1,19
d49d6674b1ce113a775ca977649da52c,dfbfccca56df9e3b44727f83aef4ef38,SC,florianopolis,-27.60542121440934,-48.47002116127125,SP,-25.491008797391657,-49.28829274854292,248.79958073407929,1,1,40.0,16.6,1000.0,2017-11-24 09:31:49,2017-12-20,2017-12-04 16:34:42,10,0,25
293f88e33dd760720e689b394b3fadcb,44d7732397bb805d006dadf160428c85,SP,bauru,-22.33451214876793,-49.07592037526672,SP,-20.43034840679484,-47.82574642607055,248.1622975501607,1,1,60.0,11.92,475.0,2017-11-21 12:47:32,2017-12-07,2017-11-27 17:12:20,6,1,15
7ad7466bf5dc89ce001a735997506fcb,f542b8c433c24036f7c50b5857b8f72c,SC,florianopolis,-27.589321906197647,-48.52212360618027,SP,-25.491008797391657,-49.28829274854292,245.45233493421225,1,1,40.0,16.6,1100.0,2017-11-25 11:46:39,2017-12-21,2017-12-05 01:17:51,9,0,25
c5867ba83301a6a2d75eeed567fe23da,2f2c18d352ee8b3373c6fba9b7a78e4d,SP,jundiai,-23.194530383237616,-46.896837001804485,SP,-21.364019805249217,-48.22883109179936,245.3797847574124,1,1,274.9,13.42,269.0,2017-11-24 23:52:05,2017-12-14,2017-12-04 22:52:04,9,1,19
b58c077505462b29bcf153fd9dcdc9d8,f885e93f1b6dc0b69e8b2a2eed52485b,SP,sao paulo,-23.54228779933922,-46.6205493306885,MG,-21.42248150822304,-45.96359018335574,245.1841308718176,1,1,145.0,15.76,8950.0,2017-11-20 16:07:50,2017-12-12,2017-11-28 16:51:44,8,0,21
debaf5bf201585e6d963688922a500f3,e5230e9a583ae21824f212d9a8f121a0,PR,cornelio procopio,-23.18092481178581,-50.64953431443574,SP,-21.757690120914923,-48.82976816265947,244.96168328990723,1,1,153.0,18.32,1850.0,2017-11-24 17:55:43,2017-12-21,2017-12-12 21:25:58,18,0,26
87992a0761a3c7c023b54a5e2ce752cf,88d2a817b27a601ab30de378e260db81,SP,bauru,-22.35957556793258,-49.05091136579618,SP,-22.09961715066345,-51.40819739735439,244.34941059436215,1,1,79.0,16.18,2500.0,2017-11-24 00:28:24,2017-12-14,2017-11-30 17:58:56,6,1,19
79675ac76b2c97ba601ce736de298724,1173a4bd917d4e1a64917dd9851ccea9,MG,monte siao,-22.43068953453729,-46.57343370165055,SP,-21.757690120914923,-48.82976816265947,244.2132186792361,2,3,195.7,42.13,5650.0,2017-11-27 21:35:51,2017-12-20,2017-12-05 23:43:09,8,0,22
6d84eef7bc3b079a4d45a49a3e355784,df2bae9cf7a0caac49c44889325bb29c,SP,votorantim,-23.535666933049203,-47.440227052888126,SP,-21.757690120914923,-48.82976816265947,243.7565859030585,1,2,96.8,25.39,1200.0,2017-11-25 17:23:43,2017-12-26,2017-12-07 14:47:55,11,1,30
3e677665a6566b610e6f1344ade7b146,1d139dfd11131883fc327f6757390ce8,SP,votorantim,-23.542559946996303,-47.45678295253622,SP,-21.757690120914923,-48.82976816265947,243.38923788987816,1,1,117.99,16.46,2700.0,2017-11-20 12:47:30,2017-12-07,2017-11-29 15:58:37,9,1,16
7bd43b920b9c4ff98cf316ad9fd43b93,0483f71fdde66e16477095fe7d310375,SP,louveira,-23.086036875382305,-46.954171930582575,SP,-21.757690120914923,-48.82976816265947,242.8618538884712,2,2,109.9,25.55,1650.0,2017-11-26 18:31:43,2017-12-15,2017-12-06 16:07:14,9,1,18
c557060689aaaae43b1c0369e2a1e221,74d10546f9168d9187c25bbf83a29833,SP,louveira,-23.086036875382305,-46.954171930582575,SP,-21.757690120914923,-48.82976816265947,242.8618538884712,1,1,60.0,12.76,1000.0,2017-11-20 10:59:16,2017-12-07,2017-11-29 14:43:56,9,1,16
d9979ad46266bbd78c21760fd28af8ec,f102a893dd9c1529f6f5e6b9aa9bebaf,SP,sao paulo,-23.492479159587976,-46.639056231894486,SP,-21.82182624375579,-48.14411094601537,241.5749539295684,1,1,610.0,37.54,15350.0,2017-11-24 00:24:57,2017-12-14,2017-12-07 19:37:00,13,1,19
d6e799956c4b0814dc3e01f0a72108f2,3bab86bebe210d7ed17264e0ef1c6ad6,SP,sao sebastiao,-23.80900387844072,-45.41403101249349,RJ,-22.84258446627047,-43.303678777468456,240.78513469784883,1,1,29.99,15.1,500.0,2017-11-24 13:06:26,2017-12-21,2017-12-13 21:48:33,19,0,26
b6eea5b10abca4ecddfd8cf11f0fe7d9,d0ef6b6eb2213cf0eca87f09597ddd25,SP,sorocaba,-23.4853411640076,-47.47911917124475,SP,-22.846279819966668,-45.230993955522536,240.55536076087063,1,1,55.9,11.89,500.0,2017-11-25 21:45:25,2017-12-19,2017-12-02 15:56:59,6,1,23
3c3a231d25bdc9110e295bd809ac5e08,d2655a7659f341c72e6b8752a83ca5be,SP,poa,-23.55524667286943,-46.34706195614291,MG,-21.42248150822304,-45.96359018335574,240.4023249534944,1,1,58.0,25.25,7850.0,2017-11-26 10:53:19,2017-12-20,2017-12-07 16:28:37,11,0,23
ed9babbb81731e57a8a763b361fe8d57,6a0d1f6772f321da7403507787495423,SP,sao paulo,-23.674949455530363,-46.78639078794587,SP,-22.284485664723874,-48.5368133680247,236.66871702667032,1,1,29.9,11.85,100.0,2017-11-24 15:13:47,2017-12-14,2017-12-04 16:38:59,10,1,19
dafc4b5ceac0b3e1eeb90f581dacebb6,d18e2fca0eb574d4073d1ff9221b8024,SP,sao paulo,-23.52005353621103,-46.72486946087478,SP,-22.59298628140224,-48.79959560964876,235.9725941346826,1,1,24.9,11.85,200.0,2017-11-21 22:22:38,2017-12-07,2017-11-24 21:56:57,2,1,15
642ce735c8fbbe62455426928980a698,94766b73d520c1f6d97d480c9bd7900c,RJ,marica,-22.924865635924128,-42.8525491691742,MG,-21.959964627428853,-44.8905421483232,235.32806265786493,1,1,83.3,21.07,10750.0,2017-11-26 21:29:15,2017-12-26,2017-12-17 20:13:12,20,0,29
bcb6134869795ad066027719f33af2d7,3431cbe244e35b43d22a485ed8752e5c,SP,vinhedo,-23.03708171433992,-47.00956773402784,SP,-21.757690120914923,-48.82976816265947,235.0596533775276,1,1,56.99,12.74,850.0,2017-11-21 09:41:31,2017-12-07,2017-11-30 21:06:25,9,1,15
3194226ac268d5424b89c7cfc702ea55,a09a0e56c9b0715373dd0d5353dfa882,SP,braganca paulista,-22.91286329262981,-46.53215004094288,SP,-21.36006189551128,-48.072412538636975,234.47479296984903,1,1,190.83,12.84,416.0,2017-11-27 03:36:40,2017-12-15,2017-12-04 22:03:55,7,1,17
58aca7559ea981b026710fdaf075ce5a,9c396919c4929b24f397a4ea7b4ced6a,MG,sao lourenco,-22.11780668247216,-45.05460113360568,SP,-23.71627032001268,-46.53725160684408,233.7690338384708,1,1,174.99,18.47,1050.0,2017-11-21 22:06:15,2017-12-12,2017-12-05 18:56:52,13,0,20
eed22f145a76fd4bb9224e927213dd25,de32fa9a83d181f71df655e44364be0e,SP,sorocaba,-23.439417904524205,-47.46771412254022,SP,-21.757690120914923,-48.82976816265947,233.4899979975459,1,1,113.0,16.42,2000.0,2017-11-23 13:49:32,2017-12-13,2017-11-30 15:45:11,7,1,19
bab59d9bb6cdeea66847c7025fe6ca57,32c75e5316c3ecad1fe3d71bd2c17930,SP,marilia,-22.24929145004805,-49.92958945628713,SP,-23.052705625933136,-47.83614945236365,232.65585735405543,1,1,50.7,13.37,1860.0,2017-11-24 16:49:53,2017-12-14,2017-12-27 17:19:07,33,1,19
6d10445e2d4cfc53db33470b19b33ec8,132f0e561c32662c9a19fe2042816573,SP,valinhos,-22.94877911749928,-46.97797265047076,SP,-21.757690120914923,-48.82976816265947,231.9594339845156,1,1,62.7,16.07,2100.0,2017-11-25 13:56:27,2017-12-15,2017-12-07 01:48:38,11,1,19
ab3d74fa5e0563d34cc8b3b25a93a8b0,3993b749a25c4197dbdc8d1480547960,SP,sao carlos,-22.014427485140583,-47.9076801448728,SP,-23.66256651259204,-46.52741092389908,231.49692306496203,1,1,118.0,12.33,563.0,2017-11-25 12:31:26,2017-12-15,2017-12-08 15:48:53,13,1,19
386e1d515c86ae0c848135e34e109c6d,3a66c9f9a3d8b6ad570575d6222e02e1,RJ,resende,-22.46398669105198,-44.44887316741971,SP,-23.10434596378687,-46.59558885596391,231.3066387255546,1,1,45.9,26.67,1650.0,2017-11-24 13:03:34,2017-12-19,2017-12-04 19:11:59,10,0,24
386fb64833979f990b7d61cfa9619572,b4c66ce8761acbc57160f0226e108861,PR,paranavai,-23.07838578217041,-52.45778248906223,PR,-24.95063281959432,-53.44820648244274,231.2122762869906,1,1,49.99,12.48,481.0,2017-11-27 01:46:56,2017-12-15,2017-12-06 18:09:53,9,1,17
833fc6ff01b52b440d9aff75caf2caf7,8a7211caed65d95327c162a2b3504e95,MG,belo horizonte,-19.8318776997842,-43.95335343627039,MG,-20.94004902170557,-45.82696971616617,230.9095165435998,1,1,89.99,26.25,5950.0,2017-11-24 20:19:02,2017-12-14,2017-12-07 23:08:52,13,1,19
32065e5956c0bd03d20f89203871cbd0,6915da0cdf79a9e591f34f7feec9af86,SC,florianopolis,-27.431134779999688,-48.465089369986615,SP,-25.491008797391657,-49.28829274854292,230.76925986267656,1,1,40.0,16.6,1100.0,2017-11-24 22:46:40,2017-12-20,2017-12-04 18:05:36,9,0,25
bbad587fa5bcc15bc645c80133126e39,656e61eb5c775d02c90380ef62a206ec,SP,assis,-22.645101275694422,-50.42402003160716,SP,-20.806830481885147,-49.38960170992274,230.6463051316761,1,1,49.0,13.44,1650.0,2017-11-27 19:48:07,2017-12-15,2017-12-08 23:07:47,11,1,17
0d193d461bbcef442c5e6786a16d5bca,d316653e26343ebd09a65316574afd7b,SP,sao paulo,-23.54683572655201,-46.7545319612685,SP,-22.284485664723874,-48.5368133680247,230.263458342426,1,4,119.6,47.4,600.0,2017-11-20 12:49:02,2017-12-07,2017-11-27 22:47:34,7,1,16
98fc1e61ed8365390681dd6e6a346133,233b893bc3552e17057e09914caf018c,MG,itamonte,-22.28306850583577,-44.87042902299854,SP,-23.56072295337296,-46.63277989454088,229.69078382488524,1,2,29.98,30.2,100.0,2017-11-24 00:25:55,2017-12-19,2017-12-02 00:10:27,7,0,24
8574762135a91d4e44956dadbaacdd0c,ddd9ba384339304e7542dc13472cf7e9,SP,itatiba,-23.010766863942624,-46.812498774415815,MG,-21.959964627428853,-44.8905421483232,229.4399155331916,1,2,240.0,51.36,20100.0,2017-11-25 23:41:06,2017-12-20,2017-12-09 13:18:54,13,0,24
9949066ce492fadbb8392177ca22f2a3,d15f971f3eadef2a876f65093efedc57,SP,salto,-23.179211520068115,-47.31278396116133,SP,-21.165370022730333,-47.79714447071386,229.41531107021163,1,1,355.0,13.99,250.0,2017-11-26 13:24:31,2017-12-15,2017-12-09 15:27:09,13,1,18
d3fc45461660252856d603ed31eb4e77,a244afc7a1ec53f1aad296d1cd6e91ba,SP,ourinhos,-22.990687784898164,-49.86872244033122,SP,-22.70928658782974,-47.66520568122805,227.9472665119272,1,1,2899.0,39.17,5300.0,2017-11-20 11:46:07,2017-12-07,2017-11-24 19:36:57,4,1,16
839990d3678a7b463cd0f5c2f549a79a,6ca83daad049ed396d70cd09866c8073,SP,catanduva,-21.12102223688614,-48.97167573938812,SP,-22.664873503750915,-50.41587124854291,227.3118620061288,1,1,39.0,12.69,1000.0,2017-11-25 20:56:52,2017-12-15,2017-12-07 14:22:15,11,1,19
61c89d7dc798716af59ae91e97643681,574991f8027e5776efdeab8cf4c67c92,SP,caconde,-21.52850226748479,-46.64527947011744,SP,-21.757690120914923,-48.82976816265947,227.2108062729501,1,1,116.9,13.16,1800.0,2017-11-24 10:07:13,2017-12-14,2017-12-12 18:34:08,18,1,19
bb91772fe8f68f797df661e137151fd0,c27b32e6237dc31d2af110e1625654f1,SP,valinhos,-22.96551923977616,-46.98233377426465,MG,-21.69506411550893,-45.257499190163706,226.7790921498123,1,1,135.0,18.2,5300.0,2017-11-21 15:31:41,2017-12-20,2017-12-06 01:22:17,14,0,28
7ad5c9f8e625c28f5669d0a5aef80a50,af63175339503f8622ed95df42b0228b,SP,sao bernardo do campo,-23.698845104297472,-46.54305293907612,SP,-21.85758084417827,-47.47941196017908,226.12512957667525,1,2,98.0,53.8,25600.0,2017-11-24 18:11:33,2017-12-29,2018-01-10 20:38:55,47,1,34
b6330ac9f71f6ad8b23e3f1660be06ad,3a3091df564663f3de7a01b0b200411c,PR,carlopolis,-23.42820524743857,-49.71912695537629,SP,-21.426847789373337,-50.0643276561055,225.35113072734745,1,1,84.9,17.84,1400.0,2017-11-20 22:32:51,2017-12-28,2017-12-04 14:55:02,13,0,37
181777e7d3379b0f81d408dfa33487f1,d30e1ada49b2fba761241d26e815e6c9,SP,campinas,-22.898271740492824,-47.05171476887012,SP,-21.24637998735172,-48.3180082512998,225.3081439763648,1,1,33.0,13.37,650.0,2017-11-26 13:10:35,2017-12-15,2017-11-30 18:32:42,4,1,18
3e6265a523641fb92371584458d20168,7f3a1ecbec9303f7c9bd18b02ae1ff56,MG,muriae,-21.132255496367456,-42.36636076158465,MG,-19.94125120677761,-44.11217987308247,224.9086468312209,1,1,35.97,12.48,400.0,2017-11-22 15:44:19,2017-12-11,2017-12-04 20:56:38,12,1,18
a0b93e564f7ce12ef5c0768f38aed1ba,cc5a222e7e65ce155017bc23f7327b27,PR,guarapuava,-25.403871295866104,-51.469163019302805,PR,-25.528526586040734,-49.24067174999999,224.1470572430138,1,1,139.0,14.7,5400.0,2017-11-27 09:24:02,2017-12-15,2017-12-11 19:55:45,14,1,17
722d169b73fb0bc2bb0e38ff703e9621,715eaf0bb188893370ffd5fae46a37c0,SP,sao carlos,-22.014427485140583,-47.9076801448728,SP,-23.625852663887155,-46.61139748251486,223.0596080651781,1,1,29.99,11.85,300.0,2017-11-24 14:21:45,2017-12-14,2017-12-08 22:17:57,14,1,19
0b273b3e899144ab36619eda910cc72a,af605ee4741b701d7e3369192f200a40,SP,dois corregos,-22.368782136966257,-48.3850446236578,SP,-23.56072295337296,-46.63277989454088,223.04415920695303,1,1,19.9,11.85,100.0,2017-11-24 16:27:29,2017-12-14,2017-12-12 16:03:55,17,1,19
dfa3d848130b6aebe1af48434ed31458,5821bc4f93762314d2a2f92caa8145b1,MG,belo horizonte,-19.87079902914192,-43.911305877113534,MG,-21.79807522423025,-43.357263624271454,221.90253405898835,1,1,19.9,12.48,200.0,2017-11-22 19:02:56,2017-12-08,2017-11-27 18:09:36,4,1,15
12064b26c801bd0f7b82c2fb033e382e,b0b3a6dec8254d6fb2a49f9eb6127a37,SP,sao paulo,-23.60961500291419,-46.44880728422052,SP,-21.85758084417827,-47.47941196017908,221.6390308645044,1,1,89.9,17.34,5950.0,2017-11-27 00:31:40,2017-12-15,2017-12-20 13:19:34,23,1,17
35b2a91bef239f09490bf6988853e1ce,d20970c047e30ae233d8da0c19b35e44,SP,campinas,-22.90766760506409,-47.08481395641368,SP,-21.757690120914923,-48.82976816265947,220.3655531884553,1,1,45.8,12.69,500.0,2017-11-21 23:31:23,2017-12-07,2017-11-30 18:28:15,8,1,15
f205470bad958fb87ac74b7b8d50dc48,68eb80c7d573311b901842f7ba30347f,SP,sao jose do rio pardo,-21.60083934075281,-46.893667929142325,SP,-23.552032416180964,-46.53746144532288,220.02326740263644,1,1,129.99,13.93,1400.0,2017-11-27 08:51:00,2017-12-15,2017-12-07 01:06:05,9,1,17
d479fa8a25e886f272e443a70acfb2d9,776ff0f0b482f68cf127f48484ab5ed6,SP,sao pedro do turvo,-22.7475764068856,-49.74146640812302,SP,-20.806830481885147,-49.38960170992274,218.83792546821704,1,1,49.0,13.44,1500.0,2017-11-25 13:22:03,2017-12-15,2017-12-05 16:57:37,10,1,19
0d6f62563638954592b0be58407a367a,3b2a92fcfc6e8472ca6e95fb92cdcc9a,PR,bandeirantes,-23.112752567698298,-50.37170420992222,SP,-21.757690120914923,-48.82976816265947,218.67018949429112,1,1,99.0,17.94,1550.0,2017-11-23 20:34:52,2017-12-20,2017-12-01 21:23:28,8,0,26
bee402360958bd68274013f8b3ecb4f0,8bdae6b4ff9bc7f4c5ad5394081186d7,SC,gaspar,-26.938993543271355,-48.96107937841845,SC,-27.00518824428508,-51.15087636295904,217.1308983123616,1,1,315.0,61.56,20100.0,2017-11-24 23:30:13,2017-12-15,2017-12-01 19:34:09,6,1,20
0e622d371212819a199d533eafd7e4c3,9bd86e62b19dfcec051d4ca9c5d10ee6,MG,passa quatro,-22.38852599999999,-44.96712748339958,SP,-21.60083934075281,-46.893667929142325,217.08050067685264,1,2,719.98,191.64,26000.0,2017-11-26 15:16:48,2017-12-22,2017-12-07 20:51:33,11,0,25
ec7d41a108fc32e99d2826b74617bfcf,f264c34e0fdf350f49230e34796a997b,SP,jaguariuna,-22.69515790939998,-46.98701437649317,SP,-21.757690120914923,-48.82976816265947,216.4325574690483,1,1,99.9,13.72,1225.0,2017-11-26 18:01:54,2017-12-15,2017-12-09 15:44:45,12,1,18
de290900c1991d72fda0212682ecf3e2,4037ca7516bc3ef58110885dc2cc0612,RS,pelotas,-31.719788412170256,-52.35316111852951,RS,-30.03336443104038,-51.23063954079865,215.9610527000708,1,1,29.99,12.48,200.0,2017-11-24 22:00:40,2017-12-14,2017-11-30 17:04:30,5,1,19
f703311779ad4da44672d46ec63dc993,f2adc4b5b3101458bb92adfbdf8537d2,SP,campinas,-22.81445142403528,-47.07071336742769,SP,-21.757690120914923,-48.82976816265947,215.7831534353645,1,1,45.9,12.69,600.0,2017-11-25 20:39:52,2017-12-26,2017-12-07 22:32:30,12,1,30
7b9c79725cdb375638eae34455acbef0,520b0063312c190bef5ebb63956fb223,SP,cruzeiro,-22.574200370709168,-44.970534956750136,SP,-22.854677050233725,-47.05197199708997,215.7584182042962,1,1,16.17,11.85,200.0,2017-11-27 07:42:22,2017-12-15,2017-11-30 17:32:01,3,1,17
2f79d47add1e4f50799767e3088e9630,ba9b41828fd89282e79e2351f1780de6,SP,pereira barreto,-20.64209093618861,-51.107688277732,SP,-22.238487,-49.92490321741853,215.6269525648456,1,1,24.99,11.85,700.0,2017-11-26 18:08:38,2017-12-15,2017-12-01 22:57:55,5,1,18
4754d7bc057483f912a675e072cd7437,0fc720fc8c292a9f931206b6dcaf5245,SP,auriflama,-20.68604093423175,-50.55323120558638,SP,-21.757690120914923,-48.82976816265947,214.7364072809071,1,2,199.8,26.08,3100.0,2017-11-27 21:12:18,2017-12-15,2017-12-13 12:19:14,15,1,17
74c8fc29ba64bb72272c8025c00bb85e,43cebded17ef78782f347b0bf5eaae5b,SP,cruzeiro,-22.558673825093127,-44.9447599729826,SP,-23.086036875382305,-46.954171930582575,214.12724936230447,1,5,149.5,63.45,2750.0,2017-11-24 12:45:07,2017-12-15,2017-12-02 16:18:41,8,1,20
6e3a1f3ec46461756c3f620e267aa1b8,84ff1c605abdcecfd44ff1a0a9f0bb77,SP,barrinha,-21.191092394351536,-48.15669999462057,MG,-22.43068953453729,-46.57343370165055,213.80523866537192,1,1,329.9,41.64,6750.0,2017-11-21 11:50:23,2017-12-12,2018-03-07 20:09:25,106,0,20
2b3c07290f8f2e99eb7f2201066b75b7,7154084ce152d55bcf5cb7f27e265f61,SP,taruma,-22.7491117100221,-50.57904104264557,SP,-21.757690120914923,-48.82976816265947,211.0917048728903,1,1,116.9,13.16,1750.0,2017-11-24 19:24:40,2017-12-14,2017-12-05 18:41:29,10,1,19
268611f7d2f0106b616e88e532e05a2b,f564999c9ed6db59430410f9472c8bba,SP,sertaozinho,-21.14285677783949,-47.996732011656746,SP,-22.611004585010026,-46.70334132489496,210.85824441885137,1,1,50.0,12.69,900.0,2017-11-24 03:30:42,2017-12-14,2017-12-09 15:42:43,15,1,19
fcf3f4101d34a36c71f1f83b811e88c1,a59323ad5a658a37baf2a4f63899e69c,RJ,parati,-23.22081241087483,-44.7185363572174,SP,-23.59896367055225,-46.735974015955925,210.1116441206145,1,1,10.9,15.1,200.0,2017-11-23 07:19:20,2017-12-14,2017-12-19 18:44:36,26,0,20
85ce859fd6dc634de8d2f1e290444043,059f7fc5719c7da6cbafe370971a8d70,SP,hortolandia,-22.88722375926633,-47.20093703649303,SP,-21.757690120914923,-48.82976816265947,209.3910989803188,1,1,17.9,11.85,250.0,2017-11-21 00:03:41,2017-12-11,2017-11-27 18:28:00,6,1,19
3fa8403b65d7e40a6d9ceed8802b4d96,94d00a2a42c7af169f6f5f44f7a86b75,PR,curitiba,-25.394270950602987,-49.22948094668679,SC,-27.2316076882972,-49.6522588104316,208.6025367978133,1,1,99.0,14.56,2100.0,2017-11-26 17:58:43,2017-12-18,2017-12-02 16:58:45,5,0,21
66693edf9fb4880fc5049cd511a55e88,e619078d823bc3fa1330ec30ac0a1140,SP,botucatu,-22.86719988426909,-48.45990252178431,SP,-23.625852663887155,-46.61139748251486,206.8383769349129,1,1,27.99,11.85,350.0,2017-11-24 01:07:28,2017-12-14,2017-12-08 19:38:48,14,1,19
7c333b73033a5b03379b9587a92685dd,4b833252f42e1ab9debe39b436f2222a,MG,arceburgo,-21.36384568004242,-46.93967312789052,SP,-23.211061972115367,-46.76376569389638,206.19681225453772,1,2,358.0,115.84,19700.0,2017-11-26 10:53:16,2017-12-22,2017-12-08 17:10:59,12,0,25
ea72009e972388b2881aee7fd39a094a,714a50db626b8618bc77230f0795ec9a,MG,pirajuba,-19.90830815363434,-48.70175423259071,SP,-21.757690120914923,-48.82976816265947,206.0717314939923,1,1,135.9,16.71,2100.0,2017-11-25 20:37:00,2017-12-20,2017-12-19 17:51:36,23,0,24
26ccd00e36dcb6270f76feff4f6dd560,4b14bf7f9a0fd13d8e7073cd3de6b3e7,SP,campinas,-22.90599774522373,-47.06198858993588,SP,-21.177173112308903,-47.767232134697736,205.5184043934801,1,1,45.65,11.85,200.0,2017-11-27 20:02:16,2017-12-15,2017-12-01 13:27:34,3,1,17
665a5fdd34c24a956e9b6194e822d222,752f76ff8ec253dd68c8071b8dd06073,PR,curitiba,-25.43366888971728,-49.26893094975684,SC,-27.222002197732333,-49.730939088275846,204.1139604986039,1,1,35.18,15.1,200.0,2017-11-21 23:34:05,2017-12-18,2017-11-30 22:27:52,8,0,26
00a174dbf11967d260033fa6ab711493,ae06f7ef9cae527f248b5401c5663265,RJ,barra mansa,-22.54259988121068,-44.17329306688215,MG,-21.11819394490749,-42.943705743717146,202.96188174857335,1,1,249.9,41.53,14600.0,2017-11-27 10:29:23,2017-12-20,2017-12-19 19:33:32,22,0,22
24d5baa0a610994fc46c99bc62764e56,7dec45cedb15e19cfb82319ec276ac19,RJ,rio de janeiro,-22.914400672773947,-43.24563020413756,MG,-21.11819394490749,-42.943705743717146,202.139321430278,1,1,569.9,119.29,30000.0,2017-11-24 06:30:08,2018-01-02,2017-12-11 19:52:18,17,0,38
ac5205087679bac005ed56ed3345ce0e,822cedac71f599de893ef010bb28d955,RJ,governador portela,-22.480313365613505,-43.500169675827166,MG,-21.69506411550893,-45.257499190163706,201.016169484187,1,1,149.9,21.54,2400.0,2017-11-25 13:29:08,2017-12-20,2017-12-09 14:50:05,14,0,24
c8ebc5287c1e130db3ef5c6d50dc24eb,6eac3e5927971218ddf536df5dcff1de,MG,madre de deus de minas,-21.48224736960269,-44.33219212607048,RJ,-22.89427492911236,-43.120283203407965,200.5511714273507,1,1,129.9,18.16,2900.0,2017-11-24 11:16:25,2017-12-21,2017-12-21 22:28:43,27,0,26
4bea538b29c975028b7af11cf3bf97f1,39516e62a628430ac4b0f96a8df20dad,SP,sao paulo,-23.592408816456533,-46.58212866064204,SP,-21.834675764126,-46.898576447392045,198.1275347380737,1,1,115.0,18.7,5700.0,2017-11-24 10:40:29,2017-12-14,2017-12-09 14:45:09,15,1,19
c642d222512a5f6e0b07d52ae97e8e68,8465aa32ef2e7d31bd38ff2a08bad46f,SP,sumare,-22.79876631231492,-47.27661521463852,SP,-21.757690120914923,-48.82976816265947,197.3303017180611,1,1,189.9,34.6,8917.0,2017-11-24 22:08:18,2017-12-14,2017-12-12 21:12:15,17,1,19
8e568e54d86a184f57025de47a359ad8,218c4c3fdefeacdd18ecd0bd5ebb827e,SP,guaruja,-23.94881457285476,-46.28836528538952,SP,-22.70928658782974,-47.66520568122805,196.8721408801068,1,1,89.9,12.33,1200.0,2017-11-27 18:39:50,2017-12-11,2017-12-01 18:52:20,4,1,13
0a9fc736e210f495e2023d3a9e10319a,b7af91e583caf05ac071ad39e1d86700,SP,guaruja,-23.94881457285476,-46.28836528538952,SP,-22.70928658782974,-47.66520568122805,196.8721408801068,1,2,179.8,24.66,2650.0,2017-11-27 18:39:50,2017-12-14,2017-12-05 16:49:49,7,1,16
7cefff4bf786909dba88110841d3b39c,a62fd2d56ef4e1960269fee7e58d6c0d,SP,sao paulo,-23.467384219932804,-46.72311098834322,SP,-21.85758084417827,-47.47941196017908,195.09851981964516,1,1,45.9,15.98,7000.0,2017-11-22 12:17:55,2017-12-08,2017-12-18 14:35:37,26,1,15
e039f5e97da2cafaa001b4be0efa36ea,4200397cebae27f5becd25dc019f0fe6,SP,sao paulo,-23.73466741253464,-46.71569694172146,MG,-22.2492531099986,-45.70557966603161,194.86230744889664,1,1,14.5,12.48,175.0,2017-11-26 10:19:20,2017-12-18,2018-01-04 16:58:51,39,0,21
c3ce241c7faaab3516a3c9a1abb30c75,75193d47d5ebcb53aa34ebf1956e2e61,MG,pocos de caldas,-21.84566586507617,-46.56275581632215,SP,-23.595227193173283,-46.56076636913555,194.54245053646756,1,3,98.97,47.94,1950.0,2017-11-25 14:38:49,2017-12-19,2017-12-13 01:58:38,17,0,23
c6545a889bb2c26ba1f237d5d67b4908,614ab300812ac75424d354d4e99ecc35,SP,sao paulo,-23.53738472745108,-46.57701985457893,MG,-21.79221005394261,-46.55160722559255,194.0720858526753,1,1,29.9,14.08,200.0,2017-11-27 14:07:19,2017-12-18,2017-12-06 22:19:20,9,0,20
6ee68064c217ce0b644b6e3bea56d50e,fd73481bc88400f9480a090a44428bbd,SC,lontras,-27.17077254348396,-49.540176659542105,PR,-25.45795217485142,-49.30899607966408,191.8455734114621,1,1,299.0,19.34,900.0,2017-11-24 13:02:04,2017-12-22,2017-12-07 16:05:04,13,0,27
524e3b2972addb1ab5b352d85333407f,473fa9a9c0acd10f52a4df4c52adc881,SP,sao jose dos campos,-23.24392398633624,-45.88750177901217,SP,-22.70928658782974,-47.66520568122805,191.4510069109137,1,1,144.9,14.13,1950.0,2017-11-24 21:43:48,2017-12-08,2017-11-29 22:56:46,5,1,13
cf79d8a5a9b82bce4c9cb3e9469a9b0c,d39cf4eab90c8ae5d853c5111bdaf0d7,MG,juiz de fora,-21.72037658769984,-43.35358361441803,SP,-22.577450868185096,-44.96144299160366,191.0561339037693,1,1,34.9,15.1,200.0,2017-11-25 16:03:45,2017-12-20,2017-12-13 23:48:53,18,0,24
d26844690f17c5d19b50a5862b8d2a45,f1a2fe3e3ccdd6c22c7b98d1bcd4a427,PR,curitiba,-25.38905602605743,-49.193960455910094,SC,-27.085479256313384,-48.91483141394241,190.67674445145184,1,1,14.24,12.6,700.0,2017-11-26 20:39:49,2017-12-18,2017-12-05 21:34:54,9,0,21
f1b77f21eeb32f40813b2df8368450ad,eed611fa7e299d5bd996f6c69cb21349,SP,peruibe,-24.30621752262104,-46.99171352379555,SP,-22.70928658782974,-47.66520568122805,190.3861840317469,1,1,99.9,13.72,1100.0,2017-11-24 23:52:59,2017-12-19,2017-12-03 15:38:48,8,1,24
f88037e9ca23f94718a8360aa4840734,d44ab03c3323d22400a0f5bd6943d9a6,SP,sao jose dos campos,-23.177439754371285,-45.88572128733621,SP,-22.70928658782974,-47.66520568122805,189.5044669158521,1,2,199.8,24.8,2100.0,2017-11-24 08:05:07,2017-12-08,2017-11-30 17:13:02,6,1,13
52984a3dc9ffd08f55fe620d03675067,6f383780e8c8bbe7dcb5256bb2d488e6,SP,adolfo,-21.23480165152405,-49.642553587404166,SP,-21.172213467107177,-47.82413717277396,188.6375399629322,1,1,204.0,12.93,400.0,2017-11-24 23:26:26,2017-12-14,2017-12-09 00:32:08,14,1,19
ebddd100ca30ed764baf48cec7581c16,abda27cb02d4536c98bc0c41e6245317,SP,paulinia,-22.770399908130887,-47.15092318067981,SP,-21.177173112308903,-47.767232134697736,188.2118160185082,1,2,75.6,25.38,800.0,2017-11-24 00:13:52,2017-12-14,2017-11-30 20:17:04,6,1,19
291968f5d2acf526dad62cd114593463,a3cd105dab87c69d5efc7a94381706dd,SP,mogi-guacu,-22.38402218078369,-46.9362356656652,SP,-23.97221168082404,-46.314586513330205,187.68223354200725,1,1,525.99,43.45,21350.0,2017-11-26 14:15:50,2017-12-11,2017-12-03 14:35:06,7,1,14
f2f994648283ef31bf69ae8b9109921c,80925a4c21e233f8dfdffd25b727187b,SP,capao bonito,-24.00510429438202,-48.34995596374815,SP,-23.595227193173283,-46.56076636913555,187.64705562781648,1,2,65.98,25.38,1900.0,2017-11-24 17:11:43,2017-12-15,2017-12-19 12:03:09,24,1,20
c65d7f18a62db6a4aee08e5d0d24f84d,a051bfa54366e22e1e0df328c1999bfc,SP,ubatuba,-23.441645336112845,-45.077753319947206,SP,-23.0047822119904,-46.84075801381677,186.5859704556696,1,1,22.0,11.85,200.0,2017-11-24 01:24:10,2017-12-26,2017-11-30 22:59:56,6,1,31
3355c17e0d48695739874417b6d421b3,f0507177bf9f1d580a1859b88681b5d9,SP,taubate,-23.00537637635085,-45.53011503621718,SP,-23.1777630785525,-47.3432490929943,186.4447366430869,1,1,326.16,21.16,5300.0,2017-11-24 00:18:28,2017-12-14,2017-12-01 20:32:42,7,1,19
35bd22ef2018faa0a00df917d68fbb69,9697327d17645c7e415bdaf96c56b1f1,SP,cachoeira paulista,-22.668128036355263,-45.00807299999998,SP,-23.60605079085408,-46.48964576276761,183.91818480144383,1,1,69.99,17.0,300.0,2017-11-21 11:08:45,2017-12-18,2017-11-23 20:12:12,2,1,26
6aa2fc0ec99ae145158d9f9f790ada82,fdc9789bfed35fc346a1df680df88698,MG,santa rita do sapucai,-22.2492531099986,-45.70557966603161,SP,-23.60138402109182,-46.69773755190717,181.46278474071016,1,1,36.0,12.69,550.0,2017-11-21 12:11:56,2017-12-08,2017-12-19 18:19:08,28,0,16
53366f56110f65cb92e10f720b3679a5,fd7272ee66a9a2d9dd0f622d17a1c665,SP,ubatuba,-23.441645336112845,-45.077753319947206,SP,-23.553426672969827,-46.84972934356494,181.1218779086296,1,1,779.99,26.47,8050.0,2017-11-24 15:08:20,2017-12-14,2017-12-07 22:34:41,13,1,19
64ae8cf0e642cc174881a66391200acc,2dd4ec81ccf99ecfa406cfb755e5ef35,SP,ribeirao preto,-21.200316920206006,-47.84560768719968,SP,-22.75756675966071,-47.416027840450326,178.7335920530794,1,1,147.9,43.27,17550.0,2017-11-24 15:02:17,2017-12-14,2017-12-17 18:08:04,23,1,19
ca93131de2c3fc58df457b40df4aff78,deab342c08035ecf5e8f2f8ee5d3b961,SP,cravinhos,-21.33894323256244,-47.7343164273681,SP,-22.740512158523465,-46.8958585777586,178.2024212422692,1,1,61.0,13.45,1400.0,2017-11-24 19:28:28,2017-12-14,2017-12-18 16:19:25,23,1,19
86f651af29913f6312791c5aef8ac619,68db318fa01188d9aa08594fb543704a,MG,ibia,-19.487972011292747,-46.547513224428,MG,-20.94004902170557,-45.82696971616617,178.10950936251805,1,1,89.99,26.25,5950.0,2017-11-24 15:39:57,2017-12-15,2017-12-06 00:26:49,11,1,20
fa5b0745a97bb05ab2f5ce4642a1e16b,ab407bdc2ddec4a08ccb2441648a7c87,SP,assis,-22.64413459812549,-50.40200848196661,PR,-23.382421483292536,-51.92932485314671,176.55777329275134,1,1,91.5,13.66,900.0,2017-11-27 11:07:44,2017-12-19,2017-11-30 19:13:39,3,0,21
51d435906a0487f17df29d38429e931b,4a7162d69479a7ef30cf4b383589dc73,SP,tanabi,-20.62427354495619,-49.65197898070469,SP,-22.211035197694,-49.6557903984333,176.44028666304823,1,1,108.9,16.39,2200.0,2017-11-20 19:57:29,2017-12-07,2017-11-27 22:56:03,7,1,16
fb62aa29e367375132b9adaad39478c0,2999cc0c4e1eed40a05f564daa3a366b,SP,sao joao da boa vista,-21.979694045133503,-46.80038664618571,SP,-23.556328554532893,-46.61484561718798,176.34278337129786,1,1,89.9,12.97,600.0,2017-11-24 10:52:36,2017-12-14,2017-12-09 17:17:17,15,1,19
807756ebd577f025334944b87da7dbc3,5e9e1ae42e02df93e9a591e86fd531a3,MG,abaete,-19.15688975767194,-45.44725700231122,MG,-19.867906407416527,-43.94863882589885,175.84267984329574,1,1,36.9,13.37,1000.0,2017-11-23 16:47:19,2017-12-13,2017-11-30 20:58:33,7,1,19
4b25b8fa39f9cbf4b728426f6b09b1aa,77a7cf31a977baea81384a16e8ab52b7,SP,rio das pedras,-22.84155735684581,-47.60747191840859,SP,-21.757690120914923,-48.82976816265947,174.17545423951768,1,1,99.0,13.71,1550.0,2017-11-23 11:04:31,2017-12-11,2017-12-13 19:52:41,20,1,17
6ec4bd1ab5a6833d9129bc04859db56e,b43d44f5ef38ef51e3c44a68898642e3,GO,goiandira,-18.135162332682548,-48.08710438875084,MG,-18.59508110934971,-46.51777561124804,173.32885718462447,1,1,94.9,18.23,625.0,2017-11-21 19:39:36,2017-12-13,2017-11-28 20:55:41,7,0,21
b68d52eed868239b2bf137c03c5576b1,a9c06e645446b083037e61a649661178,SP,limeira,-22.568376530773754,-47.40402037330482,SP,-21.757690120914923,-48.82976816265947,172.28490630955855,1,1,36.9,12.69,450.0,2017-11-24 01:28:11,2017-12-14,2017-12-04 20:37:10,10,1,19
b92f9e67d8fd2a703b887a16b6374fa8,220d4cb3fd1fbe497f2b013f0378bd2b,RJ,rio de janeiro,-22.91769260113128,-43.38826034580772,RJ,-22.40251417902456,-41.81479351477589,171.3155382670748,1,1,649.9,18.14,1550.0,2017-11-20 11:27:51,2017-12-07,2017-11-22 21:44:26,2,1,16
27db1a079a22bec1453d0f24f630005f,b76816b61d8043a98db57875437da6b5,RJ,barra mansa,-22.547523677491483,-44.16925746553099,RJ,-22.312405010626904,-42.522234052750136,171.29133161784964,1,1,2400.0,29.68,700.0,2017-11-24 01:34:00,2017-12-14,2017-12-14 16:09:41,20,1,19
c0e1cfdba23aaae17319b780a91978af,abcabc7d0046930c04f966c3d8d5d9d4,SC,tubarao,-28.48526750806341,-49.00875085463673,SC,-26.95352206919853,-49.0768345160616,170.45410406569832,1,1,21.49,13.5,200.0,2017-11-24 17:28:24,2017-12-15,2017-12-04 20:23:14,10,1,20
ef0212749905003aa8fcffc9ba0be16a,aa625e70d5e95d9b5c2c24e78fa0d75c,SP,paulinia,-22.770399908130887,-47.15092318067981,SP,-22.59298628140224,-48.79959560964876,170.29153644720483,1,1,89.9,12.97,600.0,2017-11-24 23:22:23,2017-12-14,2017-11-30 19:27:10,5,1,19
34f7af5479dd2e19cb5e205d6cc40bc1,293468c778c7dfa812bf7ed8b766577e,SP,rio grande da serra,-23.74556817384167,-46.39608699347911,SP,-22.56117141825844,-47.447471268798,169.99559910885267,1,1,34.3,8.11,100.0,2017-11-21 21:54:17,2017-12-04,2017-11-28 17:48:57,6,1,12
69583cd28b004d804a6d819b11c8725c,092ad782532d523d228cc922f044ef7a,SP,presidente venceslau,-21.876176339641987,-51.84472775967921,SP,-22.67542885928214,-50.43778446156725,169.87027738659845,1,1,15.6,12.69,325.0,2017-11-20 11:45:52,2017-12-07,2017-11-23 23:38:33,3,1,16
f306e4fa7422056477d5acd0d69de0be,e8c9a6a25735e3daa12fa3ccb069b0b5,SP,bauru,-22.28648469054756,-49.03299887395149,SP,-20.806830481885147,-49.38960170992274,168.61276800974383,1,1,49.0,35.93,1850.0,2017-11-24 12:55:45,2017-12-14,2017-12-01 20:25:00,7,1,19
d7e87a1388d89fa6d7841f32c6954c2e,e02dbd1535bf6e8476e1766faec55668,SP,sao paulo,-23.52260116457964,-46.74206322226831,MG,-22.15187055995605,-46.04154236265463,168.4770324840569,1,2,159.8,27.16,1600.0,2017-11-24 20:35:14,2017-12-29,2017-12-04 16:42:30,9,0,34
17697f8b42c55a20565782a3b9c1a595,d2f186ceb055fd3674aa324ef1e43fcc,SP,botucatu,-22.889780348365456,-48.461993393199286,SP,-23.489821337123363,-46.95315217080441,168.03292226674606,1,1,649.99,16.05,700.0,2017-11-22 17:10:38,2017-12-08,2017-11-27 15:12:33,4,1,15
c8b69047cbbe06592f979f7a1ca08df2,af1a7e2229bed1f32991107366db591a,SP,rio claro,-22.392665048156225,-47.57602909090359,SP,-23.65158034194123,-46.66804610713254,168.01694425012488,1,1,69.99,9.34,500.0,2017-11-24 14:12:37,2017-12-15,2017-11-28 18:25:38,4,1,20
31872f695709e7f0758597816a444cf2,38960f9258200778a67efec78cad0f77,SP,botucatu,-22.86133078663342,-48.44175110407413,SP,-23.489821337123363,-46.95315217080441,167.44624403577544,1,1,185.99,13.64,500.0,2017-11-26 01:29:52,2017-12-15,2017-12-07 17:59:03,11,1,18
f280ca4b6f953fa570dedf6f9b6f383b,8e88dfbdc464985339b99f7738ba6962,SP,praia grande,-24.036557731057755,-46.50460594678711,SP,-22.75742680561254,-47.36911154235017,167.37151553077692,1,1,65.99,9.74,600.0,2017-11-21 18:08:10,2017-12-04,2017-11-28 20:17:37,7,1,12
af922ed57b4035c102a373ebdf34dbbb,7623e68f8fc6d03858171f8ee5d78ea3,SP,sao jose dos campos,-23.255119679601947,-45.82853633399433,SP,-22.75742680561254,-47.36911154235017,167.1071675418765,1,1,79.99,12.26,4325.0,2017-11-25 11:08:03,2017-12-11,2017-11-29 23:36:24,4,1,15
64b1521e5b9b804d124fe8a6edce33a7,4c9e1ab2cfb96d734f06e5bc04219139,PR,curitiba,-25.45864601817763,-49.28623690529256,SC,-26.94682919455827,-49.07156575506377,166.8585207073154,1,1,59.0,12.66,700.0,2017-11-27 23:03:26,2017-12-15,2017-12-05 01:42:19,7,0,17
d54c217781126defeb4a78dc16f5ad39,700dcf47b977b4bd8158e7e8b9bd5e1f,SP,mogi das cruzes,-23.497389876959986,-46.1823423034472,SP,-22.56117141825844,-47.447471268798,166.125935378107,1,1,27.3,8.11,200.0,2017-11-25 00:55:18,2017-12-11,2017-12-06 18:54:59,11,1,15
48ae288b318fe1497a1039b1eea9e330,898fdee698be4f9ed803045ad200f749,SP,pindamonhangaba,-22.9536994758178,-45.45907942401017,SP,-23.489821337123363,-46.95315217080441,163.89860554786748,1,1,649.0,16.88,800.0,2017-11-23 16:10:58,2017-12-13,2017-12-02 12:06:09,8,1,19
077c51e0b25a9c8393b39a3f8c4a8cfe,ad899b71c43c34a6b3127690595a6596,SP,mogi das cruzes,-23.554536095122213,-46.21668638204751,SP,-22.568376530773754,-47.40402037330482,163.64562599993786,1,1,335.0,10.91,700.0,2017-11-27 14:49:59,2017-12-11,2017-11-29 16:33:18,2,1,13
fdcc8d62390289b2bda3229c41e961ec,a38d868a3f9c5489968a012d9dbc60a2,SP,sao sebastiao,-23.81373861226844,-45.4181039842983,SP,-23.21130687949995,-46.88044951858166,163.45953144295217,1,2,117.8,34.24,14000.0,2017-11-22 13:10:38,2017-12-08,2017-11-29 19:47:51,7,1,15
8ab4737e31b330e9244e8e1e9a59000c,ea5e4169bfe8d7b05be4f3fa2754536a,SP,ubatuba,-23.441645336112845,-45.077753319947206,SP,-23.67008162864273,-46.66049702840489,163.31418494998837,1,1,76.99,13.56,992.0,2017-11-24 08:44:42,2017-12-14,2017-12-08 23:08:56,14,1,19
6283390bac4a84f53bb0b7bccd69a4c2,d1ccf8bb54d846b3d81f2705c8e05afb,SP,piracicaba,-22.72850761170585,-47.640815255900485,SP,-21.757690120914923,-48.82976816265947,163.17601933424513,1,1,52.64,11.87,467.0,2017-11-27 16:35:18,2017-12-15,2017-12-08 00:09:22,10,1,17
536ed688b4241b1de09816d56b845537,8055a4db7f713a58eae2b770874de26a,SP,cordeiropolis,-22.481398523517264,-47.45877212094766,SP,-21.757690120914923,-48.82976816265947,162.54409470287703,1,1,109.9,12.27,1600.0,2017-11-25 16:40:25,2017-12-15,2017-12-08 19:47:10,13,1,19
c575345e0d439db28e378a552b8d4110,0ec60d83bb2743741cbb96d398a0e505,SC,navegantes,-26.89059349827484,-48.65193750938463,PR,-25.528526586040734,-49.24067174999999,162.44364340202725,1,1,139.0,18.22,5400.0,2017-11-26 09:32:58,2017-12-20,2017-12-05 15:15:20,9,0,23
67d51f83fcd035393f57e00d584498fa,b2049c6a53b1cc617c7e57eb9731f62e,RJ,rio de janeiro,-22.83745140550516,-43.32323284096027,RJ,-22.40251417902456,-41.81479351477589,162.2047586247322,1,1,549.9,17.44,1100.0,2017-11-20 11:46:38,2017-12-07,2017-11-22 22:22:52,2,1,16
00f1cc7439ccb8671133776d1829faf5,5bbefc8139328a291147ac389f226052,SP,rio claro,-22.42564094281271,-47.55863966515655,SP,-23.490514739107848,-46.47725188181562,162.10791131985596,1,4,139.96,37.36,1800.0,2017-11-22 22:07:04,2017-12-04,2017-12-01 20:16:37,8,1,11
c000556923c9e9f96eb1121213f153b0,e630c8a8b546a3a6486ccdca9cc6eb0a,SP,piracicaba,-22.673752889534896,-47.682659590412015,SP,-23.65869024839867,-46.52249513292757,161.43285729884272,1,1,89.99,9.44,250.0,2017-11-24 14:22:59,2017-12-12,2017-11-29 21:37:23,5,1,17
4de5beb49e4389e91971200bacf4e024,ffdd80d8f3655192a9d2a38d5b18732c,SP,bofete,-23.10333587745346,-48.25762128772862,SP,-21.757690120914923,-48.82976816265947,160.76939067746454,1,1,89.9,16.26,1383.0,2017-11-24 14:06:24,2017-12-14,2017-12-19 20:32:25,25,1,19
a816f03325c6f977257fa2cf3608de6c,8afa8dff7b454f8577539ac25691558b,SP,ribeirao preto,-21.15508861476428,-47.80350926309952,SP,-22.55682570149749,-47.42307221908908,160.73463059537724,1,1,134.9,13.28,650.0,2017-11-27 16:40:46,2017-12-15,2017-12-04 21:04:27,7,1,17
6ecf7023e8dd4ec8b08746c35b9fcb60,181e2217f874cb5390be37f378db5e07,SP,ribeirao pires,-23.69648639079852,-46.39313300625821,MG,-22.27164789897835,-46.16555647382263,160.13828710902908,1,4,99.78,64.08,18700.0,2017-11-24 14:22:48,2017-12-19,2017-12-07 09:38:30,12,0,24
fd66e6632b45c261fbb9b6f9ab74aa1a,bedf32ef7cc10f89d907bac55e87ebe5,GO,goiania,-16.704177885673925,-49.29831649999994,DF,-15.84777063762379,-48.11230111671739,158.4105777727701,1,1,39.9,12.48,133.0,2017-11-20 12:47:07,2017-12-08,2017-12-04 15:12:58,14,0,17
9d293efd4c6752aacbe03668f1d197e8,ac4b2869f3f9c161a9dd4a4610b43c92,SP,presidente prudente,-22.13506586164283,-51.39233422403981,SP,-21.426847789373337,-50.0643276561055,158.12821336090647,1,1,89.9,13.65,650.0,2017-11-20 10:59:08,2017-12-08,2017-11-28 20:11:01,8,1,17
386725597660fc7a49b706655de2ffdf,b49e14478833d1c6657386586d0aa695,SP,praia grande,-24.00920985345376,-46.41937090980433,SP,-22.686687402728204,-46.98315336058057,157.91927832122147,1,1,49.9,9.74,1000.0,2017-11-24 13:22:22,2017-12-08,2017-12-02 16:42:07,8,1,13
65f3fd49c769a2d6de1aba25b6a5b8d0,13b13e29ca16b2be8f48ce9374d42f41,SP,ribeirao pires,-23.719177329541736,-46.413110638756194,SP,-22.38402218078369,-46.9362356656652,157.81554527241403,1,1,239.9,33.28,14600.0,2017-11-24 06:29:59,2017-12-08,2017-12-02 00:26:45,7,1,13
75f227ab43795be91bd8357ab627bab7,2e340eef5abc1db3fa25f9c177b12112,SP,rio claro,-22.392665048156225,-47.57602909090359,SP,-23.504398054538573,-46.624627022882166,157.389669965867,1,2,40.19,20.85,6800.0,2017-11-24 22:04:54,2017-12-08,2017-12-04 22:38:51,10,1,13
d2bde0599318c433d8e3420c8f65427b,7eb773e1a901936644a0514e3f20d8e0,SP,sao bernardo do campo,-23.70287807120749,-46.54433616866869,SP,-22.56117141825844,-47.447471268798,156.98692418334858,1,1,34.3,8.11,200.0,2017-11-25 16:53:18,2017-12-11,2017-12-05 21:05:58,10,1,15
ba19b234cabc645ff31e7c3a0076de18,5c662da3721a7e6cd69388f0a26c04a5,MG,pouso alegre,-22.214691974683763,-45.9104248489332,SP,-23.51253401672528,-46.501049539944844,156.48687301240142,1,1,15.99,11.85,50.0,2017-11-24 21:37:27,2017-12-18,2017-12-20 18:04:24,25,0,23
1166f71d15f177ac5da5c3e5ecb906bd,a666c1fdb806db17b95c7fcc5d8d933d,SP,rio claro,-22.38012701861032,-47.56430175480397,SP,-23.48535959449485,-46.624283978908174,156.1081114822566,1,1,24.62,8.72,490.0,2017-11-24 15:43:52,2017-12-08,2017-11-28 21:11:33,4,1,13
a2358359fc0b73ef3eb32478f11d7ff9,6b861e03ff5e176b1c6f6c4dab109cb7,SP,piracicaba,-22.738226374141554,-47.6199425173409,SP,-23.715550415200024,-46.54566744593705,154.46475412043034,1,1,49.9,9.34,650.0,2017-11-25 14:01:20,2017-12-11,2017-12-02 00:04:22,6,1,15
3b106e10a8c576552a457e61f1e8c90c,394e25e597831b2eecbaccbf553efc0b,SP,piedade,-23.712859098700683,-47.41623869785824,SP,-23.302661247830148,-45.97283979175633,154.08292808951515,1,1,140.0,12.48,175.0,2017-11-24 15:11:21,2017-12-19,2017-12-08 16:22:58,14,1,24
f3730b23378f3e3415e54360e5a7c844,d43e617665b9a99e6e9b0ca80101867c,SP,piracicaba,-22.677105541491155,-47.70869635280646,SP,-23.67008162864273,-46.66049702840489,153.85693501466557,1,1,166.99,15.92,2425.0,2017-11-23 22:55:19,2017-12-07,2017-11-29 20:42:40,5,1,13
0f49bf9742213170b4a6f0e635cb4447,5a668c917ec042a5ba843d5d90233705,SP,cordeiropolis,-22.481398523517264,-47.45877212094766,SP,-23.552032416180964,-46.53746144532288,151.86428386696747,1,1,139.99,14.0,1500.0,2017-11-24 19:01:57,2017-12-14,2017-12-05 10:29:23,10,1,19
9883ff3bcb04d3bb8dd9874de9f97354,207d7a2d96b9eae326658c0d9f8a0f4c,SP,santo andre,-23.69435956040603,-46.523333577785976,SP,-23.052705625933136,-47.83614945236365,151.80907383606643,1,1,50.7,13.37,1860.0,2017-11-25 10:02:33,2017-12-15,2017-12-07 21:34:08,12,1,19
e899327a5964f4d29698667a231e6b9d,ea43055530bdd269cde6c488c8c31844,SP,monte mor,-22.947960386642016,-47.30653160819561,SP,-22.95510483451484,-45.83889267359648,150.2762334132317,1,1,38.97,12.69,500.0,2017-11-27 10:46:31,2017-12-27,2017-12-11 20:19:29,14,1,29
a557a0d8ff0129cd241d2bca612b3d6f,0645c1e309729e801e822bb721e822ca,SP,rio claro,-22.40992251985108,-47.56321483192925,SP,-21.757690120914923,-48.82976816265947,149.2992348060289,1,2,59.8,23.7,1200.0,2017-11-24 13:19:54,2017-12-18,2017-11-30 16:53:19,6,1,23
c5db390bf36fe80e070c684c92f7b44a,d2a61eb2b7221814d9f6a1ff402454b2,SP,pirassununga,-22.0147031649378,-47.42396795922421,SP,-23.211061972115367,-46.76376569389638,149.29469298145062,1,1,169.9,32.22,9700.0,2017-11-24 15:52:32,2017-12-14,2017-12-18 23:52:16,24,1,19
a748ecf209b624243632301df6c0fb6b,efad2f4f28b98cd11ce8d08cdb0ba510,SP,sao paulo,-23.68832518401236,-46.654709625872776,SP,-22.56117141825844,-47.447471268798,149.2658117424109,1,1,29.4,8.11,150.0,2017-11-22 23:45:36,2017-12-04,2017-12-12 23:13:23,19,1,11
38a37ff772f3b9f0f304d46b6ea90c09,9350fd9c2e40200b1651587dfe717a95,MG,coronel fabriciano,-19.51753103934325,-42.6116577517932,MG,-19.87317844463038,-43.98240258909915,148.8516188822876,1,1,29.9,13.37,4033.0,2017-11-27 14:09:49,2017-12-15,2017-12-04 15:57:02,7,1,17
ae125b80547d3ba1360e23d720f43e8f,43fe60e7ba431636df6e1c7414c2b17b,SP,limeira,-22.599254430886607,-47.40879928660274,SP,-22.07313272845746,-48.73940408922972,148.83395244162412,1,1,374.9,18.25,7175.0,2017-11-24 09:55:38,2017-12-14,2017-12-05 21:47:05,11,1,19
4146f35ac7a7ef4e39fe344e563c1e3b,e0eac226ceae49858de89e8a5c1ba1ec,SP,cordeiropolis,-22.481398523517264,-47.45877212094766,SP,-23.652442526788203,-46.75549168747648,148.7685310477958,1,1,129.0,12.4,250.0,2017-11-26 19:42:22,2017-12-15,2017-12-05 18:38:40,8,1,18
b4e6acaa8099879abe597c7f79f0c2b3,2e72384d36d09f4eb5e5a875f8f48fb1,SP,pirassununga,-22.01294095161805,-47.41565859685223,SP,-21.757690120914923,-48.82976816265947,148.64388162609066,1,1,38.5,11.85,1050.0,2017-11-25 13:35:19,2017-12-15,2017-12-19 17:49:05,24,1,19
5474faa7029031dfd837567d8f48ce5f,3f963511050337e3eeda3727a9970b5a,SP,itaquaquecetuba,-23.42471944020788,-46.34821377674483,SP,-22.56117141825844,-47.447471268798,147.92152904652582,1,1,52.5,8.11,200.0,2017-11-22 13:41:21,2017-12-04,2017-11-30 21:22:04,8,1,11
3b6f2bb4fdd0cd8b7b28696a70e0acc2,c4270f9c273e2970e913382fac6e20ed,SP,sao paulo,-23.509840243407016,-46.52173232139765,SP,-22.70928658782974,-47.66520568122805,146.969251360228,1,1,29.9,8.11,250.0,2017-11-26 23:40:09,2017-12-11,2017-11-30 16:52:39,3,1,14
812cd0d5b71a2f8fc46d2cb6bbd578a9,e081a4fa0a267bcd8c2da2513752c68e,SP,jau,-22.284485664723874,-48.5368133680247,SP,-21.177173112308903,-47.767232134697736,146.55744180380486,1,1,199.0,13.73,880.0,2017-11-27 00:02:57,2017-12-15,2017-12-05 17:22:29,8,1,17
a5b30f9f44d2413db0b94cd9a3fdcf81,bc62514151f687ae93af879b7755c439,SP,araraquara,-21.77408122009684,-48.18062624562872,SP,-23.052705625933136,-47.83614945236365,146.51959724159872,1,1,99.0,13.71,1400.0,2017-11-24 18:07:10,2017-12-14,2017-12-02 18:05:42,7,1,19
a7b99e52e5bf8862a3727ddafe014d03,0f3634092b8645824b6a6cf3468a163a,SP,santo andre,-23.65104596295224,-46.55967296863639,SP,-23.052705625933136,-47.83614945236365,146.31214182429537,1,1,55.9,13.41,1350.0,2017-11-24 01:29:43,2017-12-14,2017-12-04 19:16:58,10,1,19
a78a401e218732db3fd0ac73befe4973,c4144aa564aa4b24b96fc0c7abbcbdd1,SP,peruibe,-24.30621752262104,-46.99171352379555,SP,-23.0047822119904,-46.84075801381677,145.5274217513528,1,2,177.8,27.28,3900.0,2017-11-27 12:30:30,2017-12-15,2017-12-05 16:14:57,8,1,17
a53804de1ac644981653f01c6f34a876,90ad95dd6fc0a81e5c3d5c652daa3502,SP,cajamar,-23.40933531764341,-46.86393274903693,MG,-22.27164789897835,-46.16555647382263,145.3446791877164,1,1,239.0,18.15,3300.0,2017-11-25 14:51:18,2017-12-20,2017-12-12 18:24:27,17,0,24
e26d15f63813b89371c9a65319cd5ca9,fd1e76e052af29aedd38a2b33af0a316,MG,arcos,-20.28839600731144,-45.54066538803468,MG,-19.95254268289243,-44.196132792948255,145.26298051588904,1,1,79.99,12.69,300.0,2017-11-27 20:21:56,2017-12-18,2017-12-05 18:29:19,7,1,20
83ef226cf3b661d1cc190b0a983e2619,a5cddf2c05cdef8335fc89d9dccceab7,SP,pindamonhangaba,-22.896894640102605,-45.37115138799149,SP,-23.65869024839867,-46.52249513292757,144.93222928072603,1,1,23.99,11.85,100.0,2017-11-24 11:08:53,2017-12-19,2017-11-30 23:28:32,6,1,24
15b47aae9b2b85e58cef96eeb609c1de,d45d4419f38d21a9248af9ac01791269,MG,paraisopolis,-22.551360312684533,-45.778868948597626,SP,-23.65869024839867,-46.52249513292757,144.72358820009927,1,1,56.99,15.15,400.0,2017-11-23 20:21:40,2017-12-19,2017-12-11 22:58:31,18,0,25
2e00d902c42dd12ee7858aa92c7e7c1e,4f9e8ebde7817c00f257abf85b201a40,SP,salto,-23.179211520068115,-47.31278396116133,SP,-21.999924303364267,-47.88714090474978,143.77778838516718,1,1,105.89,12.24,150.0,2017-11-21 08:29:20,2017-12-13,2017-11-26 16:13:21,5,1,21
3b056e92067a43aaa660bc71598dc68e,52b3da34f204c7de2c9ee201e1491664,SP,sao paulo,-23.674044803220028,-46.68195708451151,SP,-22.72850761170585,-47.640815255900485,143.72654196708888,1,1,29.9,9.09,500.0,2017-11-25 18:51:06,2017-12-11,2017-12-04 21:05:13,9,1,15
7f12392edffa8c0d0ac2d70b26ae6c0d,b0d01a72741a1df7fb5dc44f13320db6,SP,limeira,-22.577944787526803,-47.42467423859377,SP,-23.595227193173283,-46.56076636913555,143.54125773191203,1,1,32.99,9.34,1400.0,2017-11-25 09:38:44,2017-12-12,2017-12-12 20:53:44,17,1,16
b8783952ffb07e62bcd0b709e8977f60,a891a086c7607d2b58d8186721a34f17,SP,limeira,-22.577944787526803,-47.42467423859377,SP,-23.68238004482371,-46.70868636150384,142.97478530208713,1,1,35.0,13.08,700.0,2017-11-22 12:50:57,2017-12-04,2017-12-06 22:37:04,14,1,11
05e2ab8de37670d9d0524473585092ec,3483b8aadc6a150114ee8f761e7d3c8a,MG,pouso alegre,-22.22181514285516,-45.92892116653769,MG,-20.94004902170557,-45.82696971616617,142.91519049990293,1,1,149.99,23.85,6550.0,2017-11-25 10:37:51,2017-12-15,2017-12-05 21:11:53,10,1,19
9a17a8d78fe01948345e0beecbb3f879,cb1b6f7d1993d3710d96420e82cafa1a,SP,piracicaba,-22.725692055254047,-47.65090621510182,SP,-23.5308241992758,-46.564551750224425,142.67190390177294,1,1,109.9,9.58,800.0,2017-11-24 10:43:28,2017-12-13,2017-11-27 18:14:56,3,1,18
5ca576efef06ad46cc98cb34e358ba42,5bca1d1998fd0bcbfb2d499cf1e6fb0f,SP,sao paulo,-23.662545260479703,-46.75226798112987,SP,-22.70928658782974,-47.66520568122805,141.219048128935,1,1,89.9,12.33,1200.0,2017-11-24 11:56:25,2017-12-08,2017-11-29 20:13:52,5,1,13
2bb80d6b50b07a73fb5a18dffecbd3ce,ee25ca35c8fa681df12ca9532239913d,SP,sao paulo,-23.583223451151248,-46.66361469603783,SP,-22.70928658782974,-47.66520568122805,141.1745502366233,1,1,144.9,14.13,1950.0,2017-11-21 16:45:50,2017-12-01,2017-11-29 00:14:39,7,1,9
811572abbc7e74051f65e2d072f1b86a,b28c4fb7f0ba7b77a68288b9190bd197,SP,serrana,-21.207518951445493,-47.60073532766128,SP,-21.757690120914923,-48.82976816265947,141.11697336543529,1,1,53.0,16.0,600.0,2017-11-26 15:42:11,2017-12-15,2017-12-07 00:23:12,10,1,18
5f9df00779aa30de4cf114162401ce70,7dff8fc2b075d7f4653960cf2639046d,SP,suzano,-23.54028403510096,-46.28705928868504,SP,-22.75742680561254,-47.36911154235017,140.771541802094,1,1,74.99,11.73,3400.0,2017-11-21 15:25:56,2017-12-01,2017-11-24 14:18:56,2,1,9
16b234c91594ce8b1ebcee5e422610f1,85a033dca01f74927fd9b30bcd7351f7,SP,guariba,-21.364019805249217,-48.22883109179936,SP,-21.60083934075281,-46.893667929142325,140.63638260902837,1,1,184.6,14.31,1225.0,2017-11-27 00:05:09,2017-12-18,2017-12-04 19:12:28,7,1,20
aaed8674bbb08564e753d75c698a8734,99f65aeadfaa01394afb6bb538aa139a,MG,pouso alegre,-22.220810209919584,-45.93772077701226,SP,-22.93941799056493,-47.0590556692833,140.13988710346496,1,1,224.9,13.91,900.0,2017-11-25 00:10:03,2017-12-18,2017-12-08 15:42:18,13,0,22
788520bd4eaa054450b168f6318f26e6,752075b7c55918f527dda8a124d8691d,SP,sao paulo,-23.497960253678794,-46.69062821557797,MG,-22.280517751677763,-46.37007419909239,139.29893140441757,1,1,120.0,12.97,150.0,2017-11-23 20:21:12,2017-12-21,2017-12-08 17:22:50,14,0,27
d4a55c0235e5b57bb0cc9939dcb321bb,f7eef9c25275c006a8c9df2e5883ca78,SP,tiete,-23.10247099514172,-47.71298250000001,SP,-23.5397205,-46.43633556480467,139.12980060203782,1,1,18.99,11.85,113.0,2017-11-27 23:17:35,2017-12-15,2017-12-18 23:12:17,20,1,17
106426c15f2c7dbdc9f62157713297fc,a7ec1335201a9bbc7d6a4f1f0397e4ea,SP,sao paulo,-23.54677167554392,-46.65749567638062,SP,-22.70928658782974,-47.66520568122805,138.88970960482095,2,2,269.89,25.53,3300.0,2017-11-24 09:19:10,2017-12-08,2017-12-01 18:38:31,7,1,13
8ae04dfbb6a99bc4d4871edc08bf8ee8,69669ffeb8cceacaeba748ae8e50af0b,SP,piracicaba,-22.725692055254047,-47.65090621510182,SP,-23.42439868040567,-46.5276677164868,138.70515840405952,1,2,75.8,15.56,400.0,2017-11-24 19:30:37,2017-12-08,2017-11-30 14:42:30,5,1,13
0210f3225937e9d7702e0c3fff098b98,eb6ebc68d7ab6ad83e9d68dc1b707f1c,SP,sao paulo,-23.569131583674803,-46.65370444517863,SP,-22.56117141825844,-47.447471268798,138.40612234924427,1,1,13.3,8.11,200.0,2017-11-25 04:31:42,2017-12-11,2017-12-01 21:33:36,6,1,15
f69fdefb076eab898275116d3af13742,0763c0d40237127124928fd4bfbcb690,SP,sao paulo,-23.628945185838536,-46.7571575326506,SP,-22.70928658782974,-47.66520568122805,138.10827566978708,1,1,29.9,8.11,300.0,2017-11-24 19:14:06,2017-12-08,2017-12-01 15:22:23,6,1,13
c9ebdcaac4bc255b035e5e250a45f7d0,6ca2317a896279a68296681391368d1d,SP,campos do jordao,-22.738017278995763,-45.58706246070348,SP,-23.537163400080807,-46.61070457146976,137.30040883637426,1,1,89.9,13.65,1500.0,2017-11-25 19:40:42,2017-12-15,2017-12-19 15:55:53,23,1,19
de86d263fd8adbf70b390a50f59266e4,9ef7bea580502adf844b3870ab381495,MG,monte siao,-22.43068953453729,-46.57343370165055,SP,-23.66148702746846,-46.56416174311855,136.8617249695487,1,1,325.0,13.77,400.0,2017-11-27 13:49:21,2017-12-18,2017-12-13 10:28:39,15,0,20
b04a982d508ac09ea6623617f5748052,d386dd4f88de12e3b36750751c8a0b70,SP,piracicaba,-22.748253358878102,-47.65864971386108,SP,-23.652442526788203,-46.75549168747648,136.48635680535352,1,1,49.0,7.78,250.0,2017-11-24 16:06:07,2017-12-08,2017-11-29 19:58:44,5,1,13
f43fb0871c1cce25de31e9cc5732699f,89293535456fbe748a2d9b0e392c51db,SP,sao paulo,-23.54150682209015,-46.685164012767615,SP,-22.70928658782974,-47.66520568122805,136.40740840810497,1,1,24.9,9.09,250.0,2017-11-23 18:15:17,2017-12-07,2017-11-27 16:38:49,3,1,13
7c441024c62a371aab679196a26a5837,7d9b1c193c6ede14cd426b570a339739,SP,sao paulo,-23.546151782420843,-46.568900831900976,SP,-22.599254430886607,-47.40879928660274,135.89813446494247,1,5,199.95,45.45,1250.0,2017-11-20 16:54:27,2017-12-01,2017-11-25 16:42:04,4,1,10
182603ac5f9e38b3108c8800a46406fc,cc1270d9df7e21475cff6a853c440e56,RJ,rio das ostras,-22.52456377677273,-41.944338149018726,RJ,-22.93534069637593,-43.186718398333056,135.3562736392831,1,1,299.99,18.41,1582.0,2017-11-21 23:23:27,2017-12-07,2017-11-24 19:54:38,2,1,15
c7b44077f6d014b67c3164e103e3bf02,19187bc9fab7457748d4dc42a9e1c6fe,SP,guaruja,-23.96472343963872,-46.27952130476076,SP,-23.1920337665812,-47.29076085317961,134.17368166645795,1,2,80.0,24.46,900.0,2017-11-21 21:24:19,2017-12-01,2017-11-30 20:07:17,8,1,9
fd3099e9b0848ad9cc6e82c2dacb1bbe,886dcd8a6d9fcebe7ef5fca57d474259,MG,juiz de fora,-21.73694740576496,-43.33512349624909,RJ,-22.93534069637593,-43.186718398333056,134.12655318840925,1,1,299.99,18.41,1582.0,2017-11-23 05:40:52,2017-12-13,2017-11-30 01:53:20,6,0,19
031bf6514694552e5b2967d02e4c42b4,e7aec94ccc558cd76a77a8a64ba60f52,SP,sao paulo,-23.52561395337295,-46.70062007271052,SP,-22.70928658782974,-47.66520568122805,134.05187444932287,1,1,99.9,12.4,1350.0,2017-11-27 20:54:17,2017-12-14,2017-12-06 22:00:01,9,1,16
d15b3189d76bdc8564bf65a99df1a379,4b5d6a7f0f2a3aa09b88aed9bbca201a,SP,campinas,-22.93429009536517,-47.01927017485142,SP,-23.941438868717192,-46.30279503554525,133.73254260005282,1,4,81.96,37.08,2700.0,2017-11-23 10:58:26,2017-12-05,2017-11-28 17:42:04,5,1,11
e713631edbb37cc11f989c7d8412b80a,b8106fd2ea14b1cb7d883bdbaafdc82a,SP,sao paulo,-23.48567220483005,-46.41874072189959,SP,-22.38402218078369,-46.9362356656652,133.4689438887984,1,1,199.9,33.0,16150.0,2017-11-24 23:32:55,2017-12-08,2017-12-05 18:04:10,10,1,13
26d6ab35f3c0f7b157fc147026e1ebbc,1579d7904c35a5fd9a2d5ddd03e57934,SP,sao paulo,-23.487407382451423,-46.62658904856028,SP,-23.052705625933136,-47.83614945236365,132.67375455401998,1,1,102.5,13.74,1600.0,2017-11-24 07:10:13,2017-12-14,2017-12-06 11:59:31,12,1,19
ebb2e4c3a4ed0d36a88cb8656e6a113d,b1737c34c3a1db8806af041483301a7c,MG,monte siao,-22.43068953453729,-46.57343370165055,SP,-23.62299459910628,-46.53766812565611,132.62878339066415,1,1,184.9,41.28,13200.0,2017-11-27 21:35:51,2018-01-17,2017-12-05 23:47:07,8,0,50
aedce246ade02620f9c056df0c751549,35d0fd92c0afd25506d37f718310b848,SP,sao paulo,-23.50416851075128,-46.63768728561726,SP,-22.55682570149749,-47.42307221908908,132.4975214834087,1,1,134.9,10.16,650.0,2017-11-21 19:33:22,2017-12-01,2017-11-25 15:12:56,3,1,9
0035c0b07126fe9c24a325216fb96064,c8c4991d84dbfef1f61c6152486db6d4,SP,campinas,-22.88052762753189,-47.0613905743696,MG,-22.15187055995605,-46.04154236265463,132.4333083970648,1,1,131.9,18.54,2275.0,2017-11-24 01:08:37,2018-01-03,2017-12-07 16:59:21,13,0,39
81e25306758fe2071a7b0063beda2140,cc36b7e33ac2c31ee7de9e6b77ad5ac4,SP,sao paulo,-23.541467521784305,-46.64533737490615,SP,-22.38402218078369,-46.9362356656652,132.10303733805742,1,2,439.8,58.24,21700.0,2017-11-23 12:35:59,2017-12-07,2017-11-27 17:58:56,4,1,13
0a2798cd0ba9166659c07e35ef5eb817,0eff840a67ceab65fe61ccffdb12e3f3,SP,mogi-guacu,-22.38402218078369,-46.9362356656652,SP,-23.490514739107848,-46.47725188181562,131.70786246900144,1,1,99.9,34.86,2628.0,2017-11-21 12:45:22,2017-12-01,2017-11-24 19:33:04,3,1,9
81947fd909118ca9f929a299e6eecdd2,ae93709aa59cb498535355ab9ff6e8cf,SP,sao paulo,-23.54683572655201,-46.7545319612685,SP,-22.70928658782974,-47.66520568122805,131.7011484898799,1,1,89.9,12.33,1150.0,2017-11-27 11:33:51,2017-12-14,2017-12-02 16:42:28,5,1,16
8e0ace07f58e07d34ada126b1de0d6a1,09d838e068f004c2f5c06f15e156499e,SP,sao paulo,-23.54683572655201,-46.7545319612685,SP,-22.70928658782974,-47.66520568122805,131.7011484898799,1,1,79.9,9.77,800.0,2017-11-27 11:33:51,2017-12-11,2017-12-01 19:04:30,4,1,13
21011893b3f77e5cf4c66ebef09016ae,d15c4eb0809f83e4b72065c920c69e1c,SP,piracicaba,-22.72850761170585,-47.640815255900485,SP,-23.4728523597005,-46.64749129087078,131.04178320107678,1,1,35.79,11.73,1000.0,2017-11-24 08:11:39,2017-12-15,2017-12-01 01:58:55,6,1,20
b795d09b919a4a470aa20cf886186273,9a6d0ce1676b1f90807d3fa4ffe34081,SP,sao paulo,-23.51631085645851,-46.69784541159333,SP,-22.56117141825844,-47.447471268798,131.00947654469334,1,1,20.3,8.11,200.0,2017-11-25 09:18:19,2017-12-11,2017-11-30 15:29:11,5,1,15
78e4b001a62cb8a87548dc306284e4f5,7355b734cfb887e0572c4cdfb5ce6d27,SP,cesario lange,-23.22491593078331,-47.95468585633059,SP,-23.48085590563506,-46.71032357035894,130.18021028241907,1,1,39.5,12.69,800.0,2017-11-24 15:40:54,2017-12-14,2017-12-04 20:11:58,10,1,19
a64d8d5eb2b53275f2f4e19d73308e01,e052518e07930f3ea59752fe0cdc66a7,SP,sao paulo,-23.495815445467105,-46.68836539410818,SP,-22.56117141825844,-47.447471268798,129.7507995118139,1,1,27.3,8.11,350.0,2017-11-24 13:55:31,2017-12-08,2017-12-07 00:26:56,12,1,13
d2ef78d642086d0cea1193953c8732be,6d54acc72b9bb27db5e46f04fe577e74,SP,sao pedro,-22.550666560653585,-47.905760992478,SP,-21.757690120914923,-48.82976816265947,129.73014400546776,1,2,179.98,27.3,3200.0,2017-11-24 19:46:05,2017-12-18,2017-12-04 20:42:32,10,1,23
5e030812d8c91d9cc0bdf07298bbb612,44ac2f795d5c5ecfdfabe89cb214cdfc,MG,juiz de fora,-21.77908820260835,-43.348806010820034,RJ,-22.93534069637593,-43.186718398333056,129.64535702545456,1,1,99.99,14.29,675.0,2017-11-24 11:22:09,2017-12-18,2017-12-06 21:33:03,12,0,23
d4dd30b0bae8f3e541debeec24928732,e6a01ce8fcce3ed1ff67b57f35a71c2e,SP,paulinia,-22.77650495077829,-47.102499,SP,-23.302661247830148,-45.97283979175633,129.55477822922506,1,1,299.0,13.59,300.0,2017-11-23 08:27:04,2017-12-12,2017-11-30 20:21:52,7,1,18
28f5ed3bc19080a3a72e7548df0a5ed4,5ad3e308b2ad8818e4f9f468c8949854,SC,florianopolis,-27.431134779999688,-48.465089369986615,SC,-26.335018623925208,-48.90445975069925,129.43769964547937,1,1,54.9,14.25,783.0,2017-11-24 14:44:34,2017-12-14,2017-11-30 19:28:28,6,1,19
ae42e20515116ca9bf5a1e32e7ec53d9,bcfe3310d4b1fe18322d8bb586cf5f32,SP,sao paulo,-23.46802341465176,-46.65468131640599,SP,-22.56117141825844,-47.447471268798,129.42663254577673,1,1,13.3,8.11,200.0,2017-11-21 15:19:36,2017-12-01,2017-12-14 19:17:07,23,1,9
67c8fda9d347535e923f93614f2b44e0,ec0c08af5c172f4e494932f5c75e4458,SP,taubate,-23.03212227020024,-45.56942252654782,SP,-23.72650754342439,-46.57996607380704,128.83974867442532,1,1,16.0,12.69,475.0,2017-11-25 02:11:32,2017-12-15,2017-12-13 21:36:43,18,1,19
961c6413a68361bbcd366dcac23671ae,709acb1734ff952f080f92d08dac852b,SP,marilia,-22.22039167776561,-49.97496896525404,SP,-21.757690120914923,-48.82976816265947,128.79889533685005,1,1,59.55,13.44,950.0,2017-11-20 12:47:07,2017-12-07,2017-12-04 22:49:10,14,1,16
4c99aea96d822de4754f48ea13031c33,f8a91299d86c7e57b2a1299f3947f244,SP,mogi-guacu,-22.33880896540854,-46.92436814855373,SP,-23.45787959727913,-46.602366377287325,128.7319517948461,1,1,49.99,7.78,100.0,2017-11-23 12:40:47,2017-12-07,2017-12-01 20:45:09,8,1,13
794fe563dd7bc49998f96c29d3e5152a,56955ea9a49a13db592fdf6412e6d107,SP,sao sebastiao,-23.78082298952273,-45.4020496290611,SP,-23.539439503750906,-46.63284391414975,128.19488426622715,1,1,29.9,11.85,250.0,2017-11-25 17:44:35,2017-12-15,2017-12-04 18:12:32,9,1,19
52db460eba3f85ec726f0a72cc6e03f2,69ba6d018d6ebc40e95e53abad57deae,SP,mirassol,-20.815284251516896,-49.50746551808157,SP,-21.757690120914923,-48.82976816265947,126.13937459460368,1,2,199.8,27.44,2500.0,2017-11-24 15:14:18,2017-12-14,2017-12-13 17:35:08,19,1,19
324cc372a5790222f0717f50a6816df1,5a5ea6a8215f199cf696944f1540ddf1,SP,limeira,-22.56667829871647,-47.38666335498297,SP,-23.57241932843741,-46.81889442976561,126.0171863573878,1,1,78.99,7.81,130.0,2017-11-24 22:39:38,2017-12-08,2017-11-30 18:38:07,5,1,13
7a2ea112b017a44fc1ba0eb88979f3f9,8ee3752ed676be5e448ebda2266e87e5,SP,campinas,-22.889292569248084,-47.10872145712385,SP,-23.30395324646543,-45.96258897068984,125.96978930056125,1,1,24.5,8.27,200.0,2017-11-26 15:05:45,2017-12-11,2017-12-04 17:53:06,8,1,14
f6951204d4c5a8b9721e0039ed0c894a,4569e4a32c5ee64dab507e8ecfa0f142,SP,cotia,-23.62292737067436,-46.93687065190365,SP,-22.70928658782974,-47.66520568122805,125.95488677951158,1,1,57.9,9.09,1000.0,2017-11-25 21:51:29,2017-12-11,2017-11-29 18:18:50,3,1,15
cd41a5bf3ffd542864ab33b17144968f,b0f4a833c13466c077bf44efca4d5b56,MG,uberaba,-19.74190681265509,-47.916030577990654,MG,-18.64584624455141,-48.20539720623941,125.6073684011716,1,1,23.7,13.37,400.0,2017-11-24 16:33:46,2017-12-15,2017-12-06 22:18:42,12,1,20
86cd6336fbcfdf0879fa120a60b8ee28,368acaa62ae2f7339d7a5a1a9ca82232,SP,ribeirao preto,-21.181012061890485,-47.78952007431185,SP,-21.757690120914923,-48.82976816265947,125.2955143251523,1,1,29.99,12.69,500.0,2017-11-21 15:00:33,2017-12-07,2017-11-30 23:33:05,9,1,15
6b11e7b75e0feb0302e6054a2e65be71,fdf4c0a219286d7a9b9c69c6924cef5e,SP,botucatu,-22.89956066635842,-48.450276056622926,SP,-23.542559946996303,-47.45678295253622,124.17141919334384,1,2,31.8,23.7,440.0,2017-11-24 23:47:36,2017-12-14,2017-12-08 20:51:49,13,1,19
f9eb516475260ab01f33937aac3cfd40,4ead8c602805bd9623211328f97ca745,SP,santos,-23.933241296527093,-46.32942742274111,SP,-23.53679041271852,-47.46870306938549,124.06215650381242,1,3,119.7,36.69,3900.0,2017-11-27 12:41:22,2017-12-11,2017-12-04 19:16:45,7,1,13
7a4196135faaed1efda2e10abec94f89,1907fa7c904f93b6c442584bc4dcb367,SP,sao bernardo do campo,-23.71546076889537,-46.59124317350447,SP,-22.611004585010026,-46.70334132489496,123.34342855530224,1,1,22.0,11.85,478.0,2017-11-24 10:14:07,2017-12-14,2017-12-13 16:26:57,19,1,19
4a59e2d39100c040ae4b76d2e18cbc10,357f03df48f9aad64db3a1fe4bc8f421,SP,rio claro,-22.392665048156225,-47.57602909090359,SP,-23.211061972115367,-46.76376569389638,123.34305387445563,1,1,79.0,13.57,6100.0,2017-11-24 23:38:11,2017-12-14,2017-12-11 18:13:57,16,1,19
41bdeaa82c72b91de63ad6853ec75046,c5b4db0f1c047efb43be95b887fa4f0d,SP,sao paulo,-23.535431213716848,-46.56504121094687,MG,-22.43068953453729,-46.57343370165055,122.84467405465578,1,2,59.98,28.16,2100.0,2017-11-24 20:42:43,2017-12-27,2017-12-13 00:14:26,18,0,32
170bcd63e3232e54611bd455d3fb5ab0,f93fc2d3624771f9f21e67d3801dcb3b,SP,pirassununga,-22.01425969558453,-47.42987992176515,SP,-23.052705625933136,-47.83614945236365,122.77747686176052,1,1,50.7,13.37,1860.0,2017-11-23 22:04:55,2017-12-13,2017-11-30 17:32:59,6,1,19
781a5363351ca70e29e1ee43c297255d,a68cb1476093497f63ecc0e8f8a700df,SP,tiete,-23.10247099514172,-47.71298250000001,SP,-23.476446556203285,-46.582155127535685,122.75416816146152,1,1,109.9,12.27,450.0,2017-11-26 18:45:34,2017-12-15,2017-12-10 17:29:11,13,1,18
239f80de3a90292c837e69ec8ff3c4f3,f15272fe9d0e2ae3297185f18d3bac46,SP,sao jose do rio preto,-20.773647,-49.34454504130678,SP,-21.757690120914923,-48.82976816265947,121.73018911388034,1,2,199.8,26.08,3200.0,2017-11-24 11:14:37,2017-12-14,2017-12-12 16:33:22,18,1,19
2a680095a7549ad07085fb6863f91316,5eae6bd471777fe01da2ab35bb27ef2a,SP,jandira,-23.546378954818977,-46.89967983714271,SP,-22.70928658782974,-47.66520568122805,121.6213522920191,1,1,24.9,9.09,250.0,2017-11-20 23:34:26,2017-12-04,2017-11-24 15:29:08,3,1,13
14fdbdfb8a3c7657649abbc004c434c5,aeb0b15f3b0d8ca88635da3b08c1b28a,SP,jandira,-23.546378954818977,-46.89967983714271,SP,-22.70928658782974,-47.66520568122805,121.6213522920191,1,1,89.9,13.65,1350.0,2017-11-20 23:34:26,2017-12-13,2017-11-23 21:44:43,2,1,22
97b2cbab1ec29ebc9b1d9b113a4b7a2b,3a51cf54ce9a78a361281fba4379da45,SP,taubate,-23.047083359540483,-45.516382361664576,SP,-23.553394260343893,-46.571846370102165,121.6070455838034,1,1,24.9,11.85,550.0,2017-11-24 01:19:12,2017-12-14,2017-12-04 19:32:29,10,1,19
acc0f8df9ebef09c7aeb9191e65dcf9d,40a9f7530f5b05737ed97fda2e03e6df,SP,sao paulo,-23.62790595015658,-46.66596337114328,SP,-22.76691769750597,-47.38858556770016,120.91389877162212,1,1,49.9,8.72,400.0,2017-11-23 17:40:25,2017-12-07,2017-11-27 18:39:07,4,1,13
6ed3f553337457d7804e8c39b580ce89,db34aec8913fe9f462bf2167afd258ca,SP,sao joao da boa vista,-21.99300215068257,-46.78261711713308,SP,-22.70928658782974,-47.66520568122805,120.75594184356582,1,1,99.9,13.72,1400.0,2017-11-22 15:32:48,2017-12-13,2017-12-01 23:13:29,9,1,20
6c460532021f5ccc4559bd6b46086408,eedaf60ee523753b6cf22c9a81ccd8da,SP,pindamonhangaba,-22.946378213954773,-45.502771981178974,SP,-23.51253401672528,-46.501049539944844,119.8663390084754,1,1,14.99,11.85,50.0,2017-11-24 09:14:28,2017-12-14,2017-12-06 20:46:30,12,1,19
b7cae694c780d4c511f348d882008f63,f789ba37b1655d236b536758e073e0fb,SP,sao paulo,-23.42908265667379,-46.793942162357936,SP,-22.70928658782974,-47.66520568122805,119.79358192807013,1,1,144.9,14.13,1950.0,2017-11-24 01:27:23,2017-12-08,2017-11-26 12:14:01,2,1,13
27a2251d56cb9212d616d68ff6c1c132,47eeb1b381b205ee05cdfbe606ca6753,SP,barueri,-23.494285082872555,-46.87045613339008,SP,-22.70928658782974,-47.66520568122805,119.27415493233556,1,1,99.9,12.4,1050.0,2017-11-24 02:31:20,2017-12-08,2017-11-27 16:51:58,3,1,13
338fbd3c36de682efeb03bf89d62ae95,c54724802874343ade44ba9e89f5d6d6,SP,caieiras,-23.362637454934067,-46.74097499375316,SP,-22.70928658782974,-47.66520568122805,119.25662629547836,1,1,89.9,12.33,1200.0,2017-11-20 23:27:27,2017-12-01,2017-11-23 14:41:51,2,1,10
bf3a76ee801a768ad823615d9fdc019a,03a808b2b6c6da738ff0f3ca8ae8f9e2,SP,piracicaba,-22.748253358878102,-47.65864971386108,MG,-22.28793624001079,-46.61380166682788,118.90409883691753,1,1,180.0,50.48,20600.0,2017-11-27 22:16:14,2017-12-21,2017-12-08 19:15:55,10,0,23
5eaf68e00853a2cdef0e961bcf5aeab4,35bf42c9aedfbb7735a9cd711296f57f,SP,piracicaba,-22.725692055254047,-47.65090621510182,SP,-22.962633441166982,-46.52341863421785,118.50286150528682,1,1,150.0,8.3,125.0,2017-11-24 13:30:59,2017-12-08,2017-11-30 00:18:07,5,1,13
3c8194a8d47f5852dcd52ccbf364596e,c57b4b6f3719475543b721e720a526ad,SP,suzano,-23.534755720078792,-46.28786721968291,SP,-22.686687402728204,-46.98315336058057,118.10516460020617,1,1,49.9,9.34,1450.0,2017-11-27 12:44:25,2017-12-11,2017-12-01 17:05:02,4,1,13
02e0b68852217f5715fb9cc885829454,12b78d9eacb77edde80d19b9528bcfe9,SP,taubate,-23.030236661503555,-45.59165958078147,SP,-23.65869024839867,-46.52249513292757,117.95804065795606,1,1,56.99,11.9,250.0,2017-11-24 06:25:10,2017-12-19,2017-11-30 18:19:22,6,1,24
a9b4d68c2c9921f6475ffb650b6c41bd,c2a58e625491c40184367570fc83de48,SP,sorocaba,-23.53679041271852,-47.46870306938549,SP,-23.539820103990145,-46.31780434759043,117.32596356032283,1,1,12.99,11.73,1150.0,2017-11-21 15:55:40,2017-12-15,2017-12-01 18:59:06,10,1,23
ea36139bc595b9fe7aa21e2c78037185,b02cff4a051c13296319151593eb5218,SP,sao bernardo do campo,-23.65788244662666,-46.57016527226045,SP,-22.82219330991709,-47.27062894035096,117.28935697363956,1,1,1109.0,15.96,1150.0,2017-11-23 12:01:18,2017-12-05,2017-12-03 18:48:30,10,1,11
255a21c87a4a96bae0476d10dd3800e0,b7a49cc601821304d09c5abf1d65d55b,SP,paulinia,-22.770399908130887,-47.15092318067981,SP,-23.61528418040568,-46.47881749049814,116.38244934317518,1,1,89.9,11.83,750.0,2017-11-22 21:58:24,2017-12-04,2017-11-27 20:18:42,4,1,11
6611608e934a8edf2e2b60c424a3768a,5218875179c3ec602d5a78906fa23fd4,SP,sao bernardo do campo,-23.66770378544643,-46.59602933086139,SP,-22.686687402728204,-46.98315336058057,116.03971814228704,1,1,49.9,9.34,1100.0,2017-11-26 18:07:53,2017-12-11,2017-11-30 19:14:48,4,1,14
216c6c60eaa02facee10abb4ca3a9c6f,20fd1d3f2cd5764f96b64c33263a57fd,SP,itapolis,-21.59505001979666,-48.8110644105608,SP,-21.165370022730333,-47.79714447071386,115.3442073461724,1,1,109.66,17.48,5275.0,2017-11-25 23:17:48,2017-12-15,2017-12-01 21:42:12,5,1,19
30abb2f439ba28a74be74a347eb3a6e0,d0f9758f9967e058470f9b0b7f18e1cb,SP,jacarei,-23.274682459770258,-45.94800193505109,SP,-22.740512158523465,-46.8958585777586,113.7513172090557,1,1,170.49,46.87,21300.0,2017-11-26 21:36:12,2017-12-26,2017-11-29 20:39:06,2,1,29
33e7761758c09be48d777723b0c32648,ba29afcdd2ecc1363849bbf404d281c9,SP,olimpia,-20.73799136507532,-48.91093038579832,SP,-21.757690120914923,-48.82976816265947,113.6968799078582,1,1,99.9,13.04,1600.0,2017-11-23 13:12:05,2017-12-13,2017-12-09 17:19:05,16,1,19
04f89a77d1fcc3178c1a374b5cc61a52,a33c79acaa70b8dca9c354383ffa9781,SP,sao paulo,-23.53676737440136,-46.65894785581968,SP,-22.76691769750597,-47.38858556770016,113.54593383205808,1,1,49.9,9.34,400.0,2017-11-26 22:25:25,2017-12-11,2017-11-30 00:38:34,3,1,14
937906bc0b6f522125f9b2a1f39cd358,482868844067445d78b5e33ed6bb2983,SP,sao paulo,-23.50256652178249,-46.45245022845376,SP,-22.82219330991709,-47.27062894035096,112.7816731147084,1,1,359.9,10.71,500.0,2017-11-24 07:30:08,2017-12-08,2017-12-09 13:14:32,15,1,13
811acfa349a56222b8ca357b548123bb,213b3c211d63fb0852d95fc3b7a0a243,MG,pocos de caldas,-21.78825919204716,-46.56558484960063,SP,-22.740512158523465,-46.8958585777586,111.20629861226897,1,1,71.0,13.52,2800.0,2017-11-24 21:33:21,2017-12-18,2017-12-07 02:29:05,12,0,23
3bcc12f1de0b8f1a83703545794e5d28,1ada5f3f39281689dab50b560ab83862,SP,botucatu,-22.8885464074384,-48.44093727755606,SP,-22.599254430886607,-47.40879928660274,110.62419720037803,1,1,359.9,69.39,30000.0,2017-11-24 15:22:54,2017-12-18,2017-12-01 20:32:19,7,1,23
08e9e443708079a97897e24456987f83,3ba82631bd5d98cf9aed23c57a08cc13,SP,sao paulo,-23.561779395363267,-46.47581652435226,SP,-22.686687402728204,-46.98315336058057,110.27215801146512,2,2,109.8,18.06,1600.0,2017-11-26 05:14:06,2017-12-11,2017-12-02 00:44:47,5,1,14
a0eb4b1d3b5e4c29890291cc63a8eb20,3b396314ce0b8974b7061c0d11212416,MG,cambui,-22.61179517688112,-46.05759647560996,SP,-23.51253401672528,-46.501049539944844,109.95369108605092,1,1,16.99,15.1,50.0,2017-11-27 13:25:29,2017-12-20,2017-12-21 14:37:11,24,0,22
77ce4c372403e8665d37213cf52bda56,3440be78d6a33df7bbb82f1d20aa871a,SP,ipero,-23.353969534958136,-47.69198015475807,SP,-23.537493461278807,-46.63974517262972,109.26534968848163,1,1,9.0,11.85,150.0,2017-11-24 13:45:32,2017-12-14,2017-12-07 19:34:57,13,1,19
47fff6498d7050f55018f7c001885f3a,d42fb8a9dc7e9d3f864e31f2c02cee15,SP,sao paulo,-23.610723894252423,-46.63994543519532,SP,-22.82219330991709,-47.27062894035096,108.81898874395768,1,1,119.39,8.09,200.0,2017-11-24 13:43:34,2017-12-08,2017-12-08 15:41:56,14,1,13
c385c0eba07c858dd60ffe00a60dda64,7784df320c692bf79130b774cf55dc4d,MG,nova era,-19.765570948161123,-43.02992329183104,MG,-19.966985233714336,-44.04692748788558,108.68805891260122,1,1,99.9,12.83,50.0,2017-11-27 00:25:46,2017-12-15,2017-12-06 20:19:04,9,1,17
0c35edbaa0be6feafb77f2846a3750fa,fb8b676e8673ddd7d4e235130ec65362,SP,sao jose dos campos,-23.17927915958798,-45.82906836456225,SP,-23.652442526788203,-46.75549168747648,108.18479363822064,1,1,49.0,7.78,250.0,2017-11-24 12:08:29,2017-12-08,2017-11-29 20:22:21,5,1,13
b5a7e84baf7b4f3080e25ff1294a80f0,65d6c19036ee72ecd69d4e12ac643fff,SP,jaguariuna,-22.69515790939998,-46.98701437649317,SP,-23.56836984105245,-46.52214825721335,108.10774472171342,1,1,139.9,9.79,2444.0,2017-11-26 11:09:22,2017-12-11,2017-12-02 14:56:54,6,1,14
52038f72e03466900807aa5ec042d3ed,cb6250837d190f8c91e749dbe05e7095,SP,campinas,-22.79086839133823,-47.08257180544174,SP,-23.69066643075192,-46.70391215514457,107.27228311461032,1,1,85.0,14.2,3100.0,2017-11-27 16:41:31,2017-12-12,2017-12-03 15:18:35,5,1,14
d96b7c2964abbbf7ed9c2765fd25c8f3,dd23ec2d93f81b2da50b3e885e998982,SP,sao paulo,-23.50555187454558,-46.58591682722604,SP,-22.605298322148823,-46.91887161356906,105.74106656524644,1,1,265.0,26.37,11750.0,2017-11-23 13:29:30,2017-12-22,2017-12-05 12:38:55,11,1,28
4f16114f4cf6e0fbce58e1a335360dd6,7cb0f023081168c64df95ea05a7faf13,SP,sao paulo,-23.67764433639499,-46.740778559120535,SP,-22.740512158523465,-46.8958585777586,105.40263056488828,1,4,27.6,34.88,2000.0,2017-11-26 17:57:38,2017-12-11,2017-11-30 13:04:54,3,1,14
37041e476c37b61200a863233cf5069a,7879403f50f60335295a3a05a92e3b24,RS,arroio do meio,-29.39901155249732,-51.94565753764962,RS,-30.07125708232287,-51.17723204581898,105.3197472485692,1,1,109.97,17.25,4650.0,2017-11-24 23:17:58,2017-12-14,2017-12-01 16:28:50,6,1,19
af5d413777456d2f4998309c81c2f387,d24107eb048edca15d48a292af14e17a,SP,sorocaba,-23.509616605603348,-47.46048507438396,SP,-23.6598992288005,-46.44217136817417,105.10960921083289,1,1,79.9,7.81,400.0,2017-11-22 13:26:07,2017-12-04,2017-11-24 19:28:30,2,1,11
2c52873e8d170a8426be048f8321df84,31dded38edbb8675e3ce378703219fd4,SP,tiete,-23.10247099514172,-47.71298250000001,SP,-23.5534512513272,-46.80868874516693,105.07131298883536,1,1,369.9,26.9,10550.0,2017-11-24 08:06:08,2017-12-15,2017-12-19 22:46:29,25,1,20
0b8f73a9816cb775a1bf1492c3bca4e7,b9571bbf4f62e879a3c8dd9ecad479c9,SP,sao paulo,-23.666348890385947,-46.707110694990966,SP,-22.740512158523465,-46.8958585777586,104.73995960881555,1,1,71.0,11.73,1750.0,2017-11-26 13:45:33,2017-12-11,2017-11-30 16:00:09,4,1,14
054f63d52e4bcfceaf9cae8637863c82,7ed971d777a1a449bcca5e0b8c8c0e4e,SP,pitangueiras,-21.009698989929387,-48.21908351951463,SP,-21.757690120914923,-48.82976816265947,104.4783067583438,1,1,89.9,16.26,1383.0,2017-11-26 22:56:45,2017-12-15,2017-12-07 10:10:38,10,1,18
02e440cd2d735b66f2c859ecd1ec44bd,b88b46011ba920177266af7a03a3496e,SP,pitangueiras,-21.009698989929387,-48.21908351951463,SP,-21.757690120914923,-48.82976816265947,104.4783067583438,1,1,116.9,13.16,1800.0,2017-11-24 00:07:16,2017-12-14,2017-12-14 12:48:31,20,1,19
909ce3d871943ce8d15d444c69c3139e,227026e1df8b4b1b33c013b861963c0c,SP,pitangueiras,-21.009698989929387,-48.21908351951463,SP,-21.757690120914923,-48.82976816265947,104.4783067583438,1,1,33.9,12.69,450.0,2017-11-21 08:25:04,2017-12-07,2017-11-30 21:53:01,9,1,15
a93a558f0f06c1f1e70e57f2928826a5,6c5b1cebac95ee786db6cf1b79411f64,SP,sorocaba,-23.53679041271852,-47.46870306938549,SP,-23.68591165811716,-46.45659004005863,104.44458694155274,1,1,34.78,8.72,200.0,2017-11-23 18:23:19,2017-12-07,2017-12-05 00:56:57,11,1,13
b978ea305468570d5f639292c011b2bf,09b753241ee4fa912911c1705f148863,SP,santos,-23.98479796586644,-46.300849044480685,SP,-23.21130687949995,-46.88044951858166,104.3327668493129,1,1,58.9,14.13,7000.0,2017-11-20 15:39:32,2017-12-01,2017-11-24 19:48:47,4,1,10
e365857ddb17a012e5120ac8ff489d5a,ac1e3b5b6111c2cfa405cf267cab3942,SP,sao carlos,-22.003518593672453,-47.85611683645909,SP,-21.757690120914923,-48.82976816265947,104.11793081797612,1,1,99.9,13.72,1250.0,2017-11-24 12:33:04,2017-12-14,2017-12-12 18:15:47,18,1,19
2978901accabf6eef42711d8133a62f1,6248396b64eb57dc8522ecd345312daa,SP,campinas,-22.919479294300192,-47.08703380630836,SP,-23.717189479369523,-46.55358758458623,104.09127891034863,1,1,199.99,23.98,950.0,2017-11-23 14:31:36,2017-12-07,2017-11-28 22:18:26,5,1,13
32d56cb1bbbd589167889e0c84057efe,ea11381089b8cdd67ac634b8e91546ac,RS,porto alegre,-30.06680870396572,-51.19151442210199,RS,-29.95907737660297,-50.123676626181904,103.51193029687305,1,1,127.5,17.37,2600.0,2017-11-24 14:41:34,2017-12-14,2017-12-09 15:54:00,15,1,19
74064fdb9bff630df3382ee57ec0cc37,b9b331b5ed770e7b3ecf0009268983a4,SP,cesario lange,-23.22491593078331,-47.95468585633059,SP,-23.086036875382305,-46.954171930582575,103.448618752519,1,1,699.0,33.68,4920.0,2017-11-27 14:53:08,2017-12-18,2017-12-01 20:12:35,4,1,20
5ac5d1317f3d5cb2aafc061720b4ebdd,a7d4736dd5ab4eb241cd2c5d7751bb6b,SP,campinas,-22.84268809436989,-47.15100481986844,SP,-23.65158034194123,-46.66804610713254,102.58980818611622,1,1,69.99,9.34,500.0,2017-11-27 10:51:44,2017-12-18,2017-12-01 17:29:05,4,1,20
df73920801529869f3f9aabfd3630c8f,11dcd28e3f52708f274d6cdff2a7364c,SP,jaguariuna,-22.69515790939998,-46.98701437649317,SP,-23.540131152374624,-46.59570498750652,102.12363142058962,1,1,429.0,23.66,4500.0,2017-11-22 22:30:33,2017-12-04,2017-11-24 20:15:13,1,1,11
379663f7c5cf76e4a3cc7a2833071a39,398ddc24c8d53e2854a97f79965ba8f4,SP,sumare,-22.81794034992153,-47.24004385158533,SP,-23.437197,-46.51136742270183,101.45735439483389,1,1,69.77,7.78,100.0,2017-11-20 11:46:30,2017-12-01,2017-11-28 18:02:32,8,1,10
a1bfb3c0cee80f07a533875f768055fb,74109829d90b9fa80160019ec212d7fe,SP,guaruja,-23.93963295129448,-46.18282139548727,SP,-23.211061972115367,-46.76376569389638,100.34184713771248,1,1,79.0,13.57,5850.0,2017-11-25 12:10:30,2017-12-15,2017-12-11 22:33:32,16,1,19
a3df0981c7418c75ec3e64bcbaf4b82c,49bfff17c9d66763eb474bce40c414fc,SP,barueri,-23.496673832738004,-46.88135694345758,SP,-22.611004585010026,-46.70334132489496,100.15195861116818,1,1,125.9,17.62,10800.0,2017-11-24 00:28:30,2017-12-11,2017-11-30 19:18:36,6,1,16
faa68fcba0ef1321e0c356db33de5293,e814ceee6c93933d5faab1e4beed3834,SP,hortolandia,-22.894390490289645,-47.17321327031648,SP,-23.595227193173283,-46.56076636913555,99.9415155777832,1,1,250.0,30.12,12000.0,2017-11-24 11:20:08,2017-12-11,2017-12-13 21:44:58,19,1,16
4576ccc69bb4a9402048a8672467675b,d51a769f71cfbad7bed52a8e4b3d1ceb,SP,votorantim,-23.54186173935379,-47.49249174420994,SP,-23.65869024839867,-46.52249513292757,99.68733769570991,1,1,84.99,13.15,900.0,2017-11-27 08:18:47,2017-12-12,2017-12-03 15:33:25,6,1,14
dc183ce4a7e5a8eb1e5f0206b200299d,9482145a09cb3929f96fc8e407307d1b,SP,santo andre,-23.66666607132555,-46.54953674798031,SP,-23.49832034060828,-47.501808045516185,98.83320517730856,1,1,44.32,8.27,240.0,2017-11-27 15:51:53,2017-12-11,2017-12-04 16:27:49,7,1,13
56c52d234b22892f3821750d97e57052,300f546c25d3587ad236a4d732c8031c,SP,sao paulo,-23.614083951835845,-46.72694964612173,SP,-22.740512158523465,-46.8958585777586,98.65927692993807,1,1,27.0,9.34,1050.0,2017-11-25 14:02:49,2017-12-11,2017-12-06 20:17:31,11,1,15
f6661fe3177a741fbfd91547b86a00e9,5c8ad45158ccd55a42cc132c584409e7,SP,campinas,-22.854677050233725,-47.05197199708997,SP,-23.68238004482371,-46.70868636150384,98.49033464228486,1,1,65.0,23.11,3000.0,2017-11-24 23:21:49,2017-12-08,2017-12-01 15:46:37,6,1,13
f14a9b375fa15329cc541a846cfb03fb,d0d33cd9e51cbf33e9f855370e6805fe,SP,jaguariuna,-22.69515790939998,-46.98701437649317,SP,-23.46873685567546,-46.51806246391887,98.48973774437712,1,1,143.8,16.71,5950.0,2017-11-25 01:11:14,2017-12-11,2017-12-03 16:32:29,8,1,15
478e6ea13625ffcbd107d95b614d79b1,22497c3161ff79226e38aa602f7e18df,SP,sorocaba,-23.49152145045876,-47.4700200298344,SP,-23.65869024839867,-46.52249513292757,98.3388215703608,1,1,23.99,7.78,100.0,2017-11-27 23:28:41,2017-12-14,2017-12-05 10:07:05,7,1,16
fa4414ea1a5c591f38b0d62663879b17,83c9e096bf610d2e67205659d4913ba2,SP,campinas,-22.850430679575872,-47.071669269086456,SP,-23.65158034194123,-46.66804610713254,98.1644946142004,2,2,139.89,68.25999999999999,1250.0,2017-11-26 16:50:52,2017-12-11,2017-11-28 18:33:10,2,1,14
63d0e1d41c99fb9deaabffa058aeeace,bedce15fee0ed902a24693d7d88028b1,PR,curitiba,-25.50225354445171,-49.29038727047145,SC,-26.26409773355359,-48.805319320338384,97.6272613338354,1,1,89.0,14.49,6450.0,2017-11-22 15:56:13,2017-12-11,2017-11-28 21:54:11,6,0,18
a49b30472ac98d5d5e1889d3ce2974b1,20a828350fefc33a447a56d221c69535,RS,lajeado,-29.450847959017025,-51.98614267684301,RS,-30.03336443104038,-51.23063954079865,97.54935497813167,1,1,99.99,9.26,600.0,2017-11-25 15:05:34,2017-12-11,2017-11-29 20:15:38,4,1,15
ca538977254d9e1b733e6946e3c323df,c664a140f1fb34170b8823eb0f7f8b70,SP,cosmopolis,-22.642632444841645,-47.18986746209727,SP,-23.489821337123363,-46.95315217080441,97.2660347102706,1,1,240.99,9.88,425.0,2017-11-27 10:28:50,2017-12-12,2017-12-04 19:26:50,7,1,14
5e21c6f2e0e0007bd16ba2839c9628b2,d0349571985dc0a748ecdd1b6bf25750,PR,curitiba,-25.50225354445171,-49.29038727047145,SC,-26.24993381848348,-48.80571126263594,96.2455397233991,1,1,177.99,14.4,950.0,2017-11-27 19:34:44,2017-12-15,2017-12-13 19:33:57,15,0,17
9aab0bd41ca1b740b564ea50fd2440ed,c100ccb56a508a6c51e0356f2acd003d,SP,santo andre,-23.638748764084585,-46.49231217591025,SP,-23.20712579877664,-47.30927660866177,96.185684976138,1,1,15.9,8.27,250.0,2017-11-27 13:57:46,2017-12-11,2017-11-29 22:05:31,2,1,13
4382b2408a28f4f8ab2a7012590b6287,09d90069e85e32d938a8b997024c7ce9,SP,votorantim,-23.568545985129155,-47.45887838498334,SP,-23.65869024839867,-46.52249513292757,95.92769369086022,1,1,53.99,7.78,200.0,2017-11-22 11:31:44,2017-12-05,2017-11-27 19:19:08,5,1,12
a7b2dea846384ba7e7e9577dc8c5bd54,d328db02118a12b17f88ad604241130f,SP,santos,-23.94077652429447,-46.38421120244664,SP,-23.21130687949995,-46.88044951858166,95.58755763327778,1,1,58.9,14.13,7000.0,2017-11-21 14:15:21,2017-12-01,2017-11-28 13:53:26,6,1,9
f33d100d9bb7ea621d3a62506f3fb0fe,d92f44cabb34e230adec2e3700c79bdc,SP,sorocaba,-23.47456247661731,-47.46832082653356,SP,-23.552032416180964,-46.53746144532288,95.302346970058,1,1,99.99,11.9,1250.0,2017-11-24 20:20:45,2017-12-08,2017-11-28 21:06:44,4,1,13
564db6e83379512127bc60da803b4a36,8134db246a16a831c897deedc0f6e3eb,SP,varzea paulista,-23.21073334671834,-46.8459750798889,SP,-22.56117141825844,-47.447471268798,94.94015251475508,1,1,20.3,11.85,200.0,2017-11-24 12:35:20,2017-12-14,2018-01-11 15:08:16,48,1,19
e5d4c985cfb24d8e62045041e4df6087,e529a06a810f06219aa64991c7df84c7,SP,sorocaba,-23.49832034060828,-47.501808045516185,SP,-23.56788988703906,-46.57394821510183,94.90794954021062,1,1,252.0,10.58,2650.0,2017-11-21 22:03:24,2017-12-01,2017-12-04 23:12:21,13,1,9
ce08f40b106df255b226e0cf2df6a11f,c9a2314ef1673617584d52322a94565e,SP,sao paulo,-23.56410597890817,-46.655402039413694,SP,-22.740512158523465,-46.8958585777586,94.82173954545117,1,1,62.0,11.73,1400.0,2017-11-20 11:46:00,2017-12-01,2017-11-24 23:57:43,4,1,10
dcf4c7f221833bff3e0167a4dee18489,35edc4a10a59c8a8224feb8c19a4a864,SP,sao jose dos campos,-23.20414980599,-45.89810482431184,SP,-23.676289828452155,-46.6699021447429,94.63488978638117,1,1,82.9,9.4,600.0,2017-11-21 02:03:56,2017-12-01,2017-11-23 16:28:34,2,1,9
42aba87a5d74e497fc853cde910d4e32,36c82ac8588030097d3f7aca9640518e,SP,campinas,-22.93941799056493,-47.0590556692833,SP,-23.563814008050084,-46.43270917051042,94.41987354247108,1,1,19.99,7.78,226.0,2017-11-24 12:41:27,2017-12-08,2017-11-30 01:32:27,5,1,13
ea95ceffc1f14090fa639afd7f1b0206,4b0d09b8b6d18dab1596d8f5ce5bfbee,SP,sao jose dos campos,-23.218175126565264,-45.90819425395292,SP,-23.99567058451152,-46.27862346779968,94.33294186481368,1,1,399.99,18.5,10300.0,2017-11-20 12:48:07,2017-12-12,2017-12-09 17:14:33,19,1,21
f96187641653e607ec1001aff62bdff0,d19e43bfc6c14d83b972cf699985898e,SP,barueri,-23.494285082872555,-46.87045613339008,SP,-23.302661247830148,-45.97283979175633,94.04781741632787,1,1,298.0,10.83,350.0,2017-11-25 00:05:10,2017-12-11,2017-11-29 19:17:59,4,1,15
382fe4c08d9dc3aec94cd1aeca20b992,625ebee3bb8680d39f443c840f5afdaf,SP,campinas,-22.952602403831715,-47.19017722146181,SP,-23.608557917740683,-46.613331924231765,93.7633717483708,1,1,34.9,9.34,1207.0,2017-11-27 22:00:40,2017-12-11,2017-12-13 19:42:55,15,1,13
9a568c8731ba1d76b2b0dafbbd29e475,111f9bc1f185137dfd3f27649ddb08c9,SP,peruibe,-24.30621752262104,-46.99171352379555,SP,-23.537493461278807,-46.63974517262972,92.66260617139574,1,1,13.65,11.85,200.0,2017-11-26 20:12:17,2017-12-15,2017-12-05 16:48:59,8,1,18
9c7c35b65031cb7fa78dbac4e2e2537b,a18068d9bf6f6db5e4bb741c9bcd1c51,SP,rio claro,-22.412161929589875,-47.579265975561306,SP,-23.20712579877664,-47.30927660866177,92.62644825139851,1,1,52.9,9.09,350.0,2017-11-27 15:11:57,2017-12-11,2017-12-01 01:04:16,3,1,13
738129d32fe1f1ed56c7078789ebe85a,f15447473f2a1247ec9c2c4441465871,SP,campinas,-22.93106051096427,-47.111613736896366,SP,-23.625852663887155,-46.61139748251486,92.62401458901346,1,1,24.99,7.78,350.0,2017-11-24 08:54:54,2017-12-08,2017-12-15 21:38:45,21,1,13
d0f706ec8a0d8cd8b1733c1f2f7f4701,1e6bd00056db5ad190016e8d62d0bc36,SP,campinas,-22.91154216180968,-47.07547752994448,SP,-23.65158034194123,-46.66804610713254,92.2127640648784,1,1,69.99,9.34,500.0,2017-11-24 20:33:02,2017-12-15,2017-11-29 16:57:32,4,1,20
32d7800197408f1dc16884bf75997754,eb4050f3fed9cbc10a3190ac4bd66ff9,SP,campinas,-22.9304529798748,-47.035929675986,SP,-23.69050632209016,-46.67948403830283,92.01921861216408,1,1,27.9,7.78,350.0,2017-11-22 22:49:54,2017-12-04,2017-11-28 17:38:57,5,1,11
9ab5804f143a0859cfc1b3a0ca126e6f,7d9d6c4d34962c84f0d06f33b5db1514,SP,sao paulo,-23.601648911902828,-46.55831953205609,SP,-22.92492963558197,-47.0742943724681,91.87185862847436,1,1,271.0,10.71,532.0,2017-11-24 08:18:54,2017-12-08,2017-11-26 15:34:53,2,1,13
06d614f169d6f1a04c85b382d4bd462c,6e15807a5d74456cf5f90cf879bcd7f4,MG,juiz de fora,-21.73729242983738,-43.4017297456287,RJ,-22.53988593060518,-43.197575382221615,91.68798316260713,1,1,359.9,14.52,750.0,2017-11-24 08:25:10,2017-12-19,2017-11-29 18:03:24,5,0,24
6bef43b399ad748e06bfbd0a31efcfb9,196f617ec14599ab7ceb83a6117fd9e5,SP,votorantim,-23.568545985129155,-47.45887838498334,SP,-23.595227193173283,-46.56076636913555,91.57357791113674,1,5,160.0,38.9,2250.0,2017-11-26 23:50:05,2017-12-11,2017-12-11 21:38:38,14,1,14
a3cd25ee6734965d0225d794eb920718,a276a9e40088e50d8487800a298d4674,SP,sao paulo,-23.47531461948181,-46.7261020269202,SP,-22.82219330991709,-47.27062894035096,91.5080208756862,1,1,107.04,8.14,275.0,2017-11-25 17:22:27,2017-12-11,2017-12-06 20:43:01,11,1,15
85ff97380814f8f14c1dea2f514b5fc8,a4719949ef03752ccecf6e958e4f5070,SP,campinas,-22.93904555398464,-47.0948806120887,SP,-23.68122370760001,-46.712072181862766,91.31680842439889,1,1,329.0,11.12,700.0,2017-11-24 21:58:10,2017-12-13,2017-12-23 12:43:31,28,1,18
a9235f1e4fe944ca268711a1e13195b0,02741679e7e1336202c883c695beea16,SP,campinas,-22.93904555398464,-47.0948806120887,SP,-23.56836984105245,-46.52214825721335,91.2163094213968,1,1,59.9,11.73,5200.0,2017-11-23 23:46:57,2017-12-07,2017-12-05 23:32:55,11,1,13
01a921eb5bf5df0c2990e62563ceca49,e91aaba52c45b2044c6dc4319af54a5c,SP,campinas,-22.93904555398464,-47.0948806120887,SP,-23.595227193173283,-46.56076636913555,91.10748703822206,1,2,139.98,18.72,2700.0,2017-11-26 20:51:06,2017-12-12,2017-12-11 18:13:19,14,1,15
7ca65696b7a56e9b49f865f822e9af65,fc3b54d8ba9833982348be27ff2bdab3,SP,campinas,-22.8935112964107,-47.0800242164147,SP,-23.652442526788203,-46.75549168747648,90.6667509240102,1,1,49.0,7.78,250.0,2017-11-24 18:50:16,2017-12-08,2017-11-29 20:02:42,5,1,13
111094eb682a21da30ce35ad760ff478,5d02af087f5fe03508621e317624011f,SP,sao caetano do sul,-23.64250107132555,-46.56140417485143,SP,-23.20712579877664,-47.30927660866177,90.36700793563335,1,1,45.9,8.27,300.0,2017-11-27 00:50:31,2017-12-11,2017-11-29 22:53:05,2,1,13
82f2c3e9aac31446ce4f3edd3a876f8e,d27ab6c5d811cf06526972c02529c67d,SP,diadema,-23.669093514022688,-46.60399971233188,SP,-23.506140161325376,-47.47047479156328,90.13752665717502,1,1,9.9,8.27,200.0,2017-11-25 14:37:15,2017-12-11,2017-11-30 18:07:26,5,1,15
360ea8da05d9705bd651981c6cfc9a22,686f061bc1f55e41e260b1405e884c10,SP,sao jose dos campos,-23.177439754371285,-45.88572128733621,SP,-23.611654194010004,-46.63146857729816,90.1294663847721,1,1,129.9,12.11,900.0,2017-11-24 10:18:45,2017-12-08,2017-11-30 20:12:26,6,1,13
5ad4c42b55f95ad02ba670fecbcd0540,deece27ba0aadf232c43fb1f379174e3,SC,sao bento do sul,-26.24012100716043,-49.39520849999998,PR,-25.440740004991664,-49.267218435340624,89.8052341715074,1,1,259.9,13.95,2600.0,2017-11-24 23:29:00,2017-12-18,2017-12-01 20:12:40,6,0,23
afe9b142aa12b2e05162e32e1e25fd95,a0362a2d1b45a45174f4159cb281a473,RJ,rio de janeiro,-22.892475708580964,-43.441570011512525,RJ,-22.115920892772785,-43.208899456798775,89.59586741832207,1,1,64.9,14.04,1100.0,2017-11-24 18:30:43,2017-12-14,2017-12-07 15:09:47,12,1,19
8fa52fe9cf624cb965221608a8d178a4,6995b3a491bbb2ec972952afa7b8c684,SP,sao paulo,-23.62117954731953,-46.63323419608747,SP,-23.49832034060828,-47.501808045516185,89.57806781445798,1,2,34.66,16.54,476.0,2017-11-24 22:21:04,2017-12-08,2017-11-30 14:43:11,5,1,13
2451d3b73d97bb4483eedd2472a822a7,3fba3725205e47ca70f225c3ba8dcc2e,SP,osasco,-23.5358390052228,-46.76097421100975,SP,-22.740512158523465,-46.8958585777586,89.50527891416401,1,1,69.0,13.08,2850.0,2017-11-24 12:00:59,2017-12-08,2017-11-29 22:13:35,5,1,13
36d60fb57f3153d3296bf4738b68fff1,95320685f062ebfbb9a2cd5db6b3a836,MG,cachoeira do brumado,-20.39645981552617,-43.2746366959329,MG,-19.870106184913464,-43.91871377032721,89.1455240067151,1,1,195.9,15.27,1330.0,2017-11-25 10:29:16,2017-12-19,2017-12-22 21:09:40,27,1,23
a986f64af20f1a662c8148f3608ea8df,3267d6b8e3f2247707d8e946e1c97f97,SP,sao paulo,-23.51631085645851,-46.69784541159333,SP,-22.740512158523465,-46.8958585777586,88.60935211433068,1,1,64.99,11.73,1600.0,2017-11-24 20:31:32,2017-12-08,2017-12-01 21:14:23,7,1,13
3983bde7a4181560b9558aedf15d49fd,fa305e19e383f4e01fde3e554221cdb8,SP,sorocaba,-23.506140161325376,-47.47047479156328,SP,-23.50926448483579,-46.60351726922744,88.40114340805356,1,1,79.9,9.37,850.0,2017-11-27 17:46:15,2017-12-11,2017-11-30 18:22:38,3,1,13
97d3d89c5b932c10e6d3d4d8c2ba7dd3,4fea6b3a96c9c399aef5540b38c7025b,SP,sao paulo,-23.60722199278664,-46.62252191756594,SP,-23.1777630785525,-47.3432490929943,87.69589970668584,1,1,125.02,12.83,1600.0,2017-11-24 15:54:35,2017-12-08,2017-12-05 18:19:02,11,1,13
22cf8f48bb76ab9ba483d585d5fbf098,e4225b65a7ba5fe21b285268584c2736,MG,juiz de fora,-21.764199268942235,-43.346325855675445,RJ,-22.53988593060518,-43.197575382221615,87.60227660486926,1,1,159.9,14.71,792.0,2017-11-24 20:27:54,2017-12-19,2017-12-06 20:03:05,11,0,24
b3ea28aa962313ddcc7046e69e5ea094,a71d1a5ce7bfed2330ddd00b9efab8de,SP,sorocaba,-23.500503266864765,-47.458412293297805,SP,-23.625852663887155,-46.61139748251486,87.44847652943814,1,1,29.99,7.78,150.0,2017-11-24 20:26:30,2017-12-08,2017-12-01 20:47:41,7,1,13
dff7572124c4660b0fc6c5ef2a4b3e96,c980ecd62a89efc87c4d50b332dde114,SP,campinas,-22.90462513266777,-47.05736599733853,SP,-23.54167409186911,-46.56460001249348,86.90949602833018,1,1,39.6,14.13,350.0,2017-11-21 18:14:36,2017-12-01,2017-11-27 19:54:38,6,1,9
3082c654714ec45c9d03de5aa2dacc2a,746ff2815fdfb80b91a40ff562c7ad96,SP,osasco,-23.548093596716548,-46.78065511809683,SP,-23.302661247830148,-45.97283979175633,86.82196778869401,1,1,29.0,8.27,200.0,2017-11-26 01:05:59,2017-12-11,2017-11-29 16:52:54,3,1,14
d4621bbd8929714e17dbbeddbc85a5d4,bbbb2dfdc184d84aac9ce9c6700530ee,SP,indaiatuba,-23.06057561109802,-47.21666072745771,SP,-23.65158034194123,-46.66804610713254,86.3431763398074,1,1,599.0,16.75,2000.0,2017-11-20 14:41:25,2017-12-01,2017-11-22 22:44:48,2,1,10
83a211eb52242e0bbe36f69edc57c08e,bd472c511885c55391824319030c2154,SP,sao jose dos campos,-23.193021300305844,-45.78954174326277,SP,-23.552032416180964,-46.53746144532288,86.14810047575426,1,1,144.99,12.22,1050.0,2017-11-25 17:30:49,2017-12-11,2017-11-28 21:38:02,3,1,15
cbe8a22b7de5b1b59e05b5011a1e53ef,07ca5adceac194a2c5b63b87ff283671,SP,sorocaba,-23.472557889401585,-47.43485917490944,SP,-23.625852663887155,-46.61139748251486,85.65210144786685,1,1,29.99,7.78,300.0,2017-11-24 23:07:57,2017-12-08,2017-11-30 15:33:38,5,1,13
23fb82faac9266fd7373286d1d2fc02a,46b9f480dd3a334d6482b9663c46ba71,SP,indaiatuba,-23.089012433494208,-47.19241538454008,SP,-23.595227193173283,-46.56076636913555,85.59797262230592,1,3,98.97,28.02,2850.0,2017-11-24 14:40:32,2017-12-11,2017-12-12 22:32:51,18,1,16
75679c6961aad55f81620d8542166135,0e59972cf69e00897677dfb1445ba420,SP,sao jose dos campos,-23.20077849347913,-45.90838825090883,SP,-23.59032952255033,-46.63175129640077,85.5911427257028,1,1,99.0,8.89,400.0,2017-11-26 20:26:21,2017-12-12,2017-11-28 20:29:04,2,1,15
327e9810cdacade85a92b9228ab04d1a,f99fcdc1abcce8d94b2e628cadf50594,SP,sao paulo,-23.49341021371684,-46.74070280835593,SP,-22.740512158523465,-46.8958585777586,85.20881284780725,1,1,23.99,11.73,650.0,2017-11-24 19:41:28,2017-12-08,2017-12-15 20:36:46,21,1,13
1df599f6c4bc10fe5cbfd2ae1ade43fc,a33cf67d34f636add92fbd8aaacb5fe8,SP,vinhedo,-23.03708171433992,-47.00956773402784,SP,-23.65869024839867,-46.52249513292757,85.14742549341544,1,1,84.99,9.41,600.0,2017-11-26 23:17:07,2017-12-12,2017-12-05 19:28:49,8,1,15
5aaa1fab54b179cb7c048131f1ea8f78,dc1a55154836abe604137fb9a1a1b6fd,SP,sao jose dos campos,-23.163530799194994,-45.8927057776848,SP,-23.65869024839867,-46.52249513292757,84.62495602255771,1,1,84.99,9.41,600.0,2017-11-26 00:21:53,2017-12-12,2017-12-02 00:41:54,6,1,15
2ce016258780a25ea0247d80ab0d7d08,bf02a543ec9f5b78a2674f789ad7d816,SP,indaiatuba,-23.117528294477463,-47.22772117568815,SP,-23.61325890813089,-46.59942309824574,84.56762820669682,1,1,109.0,8.96,500.0,2017-11-25 12:04:21,2017-12-12,2017-12-18 13:16:44,23,1,16
9260fe164cbc9a78f0fbea132c3072d7,2ce148b3f9b7dc18d6dcf55b2cd603fa,SP,sao caetano do sul,-23.642799233423684,-46.57183746364473,SP,-23.20414980599,-45.89810482431184,84.28804644479563,1,1,39.9,11.85,200.0,2017-11-24 15:43:48,2017-12-14,2017-11-30 16:09:19,6,1,19
ffc16cecff8dc037f60458f28d1c1ba5,bca26aa1960632e9fcb269e5eb8faabd,SP,campinas,-22.89221457285476,-47.05538112679289,SP,-23.576826793496515,-46.71598858744651,83.65178278523999,1,2,349.8,20.07,1500.0,2017-11-21 19:25:15,2017-12-01,2017-11-25 13:07:03,3,1,9
19f7f56c6be510246f52557f78c2d0d0,ed52ab328378a443237a02204d369a87,SP,campinas,-22.823368072162268,-47.08801043005943,SP,-23.502394833746912,-46.739281462404,83.4977922628671,1,1,169.9,12.39,1167.0,2017-11-26 12:13:36,2017-12-11,2017-12-01 21:19:05,5,1,14
3e452a4a4bd5289e081ae210352500bd,4233f25ca89c268e03b0f3b87f767f9e,SP,campinas,-22.97574436886144,-47.127382628757495,SP,-23.46873685567546,-46.51806246391887,82.95671758593424,1,1,117.3,14.43,4105.0,2017-11-24 01:43:41,2017-12-08,2017-12-11 23:35:23,17,1,13
39559fcf9796220ee34c01c473d42cb0,bc7398b02f14bcd3a5181e6a9b50c5de,RJ,nova friburgo,-22.235298273207825,-42.52693193710513,RJ,-22.82827005636834,-43.01210347482567,82.64703841164452,1,1,109.9,9.14,400.0,2017-11-27 22:39:26,2017-12-11,2017-12-02 00:29:47,4,1,13
7fd8bee2cb90a93904966af3fa39ff3a,ef514bcda50ae5f53d2cf47b150a2b52,RJ,valenca,-22.244021759247783,-43.704838079140345,RJ,-22.888428025246764,-43.30414609838999,82.62667883000077,1,1,46.4,13.23,180.0,2017-11-23 19:17:08,2017-12-13,2017-12-01 19:48:45,8,1,19
0cc25005d4c6ad2b8ca080644cee93d8,00694a1bf2da47e37b2bd3193eeae839,SP,sao jose dos campos,-23.232384,-45.92533508638697,SP,-23.625852663887155,-46.61139748251486,82.54548641966015,1,1,27.99,7.78,300.0,2017-11-24 09:58:46,2017-12-08,2017-12-01 21:39:10,7,1,13
26a8b70dd60471873b430431e691d222,9a46b6d481ab33d2f3f90472f526f210,SP,osasco,-23.5358390052228,-46.76097421100975,SP,-22.854677050233725,-47.05197199708997,81.3718669435718,1,1,49.31,8.72,250.0,2017-11-20 19:08:54,2017-12-01,2017-11-22 20:21:59,2,1,10
8bdc559b124e47eb71b5d1be8d6675e4,3517a15e565f703c87c0086d471b8b8c,SP,boituva,-23.285339138631286,-47.67122744308,SP,-23.21130687949995,-46.88044951858166,81.20898124285169,1,1,58.9,17.12,7000.0,2017-11-26 15:47:11,2017-12-15,2017-12-07 14:23:24,10,1,18
291cc6d48f9475a822aecd9c9a78d4ac,cdf54352d65d0d97dfb6064f119af75c,SP,itu,-23.281650267687155,-47.293252277396334,SP,-23.47177525660044,-46.52510527136021,81.20303997686648,1,2,139.8,18.05,1262.0,2017-11-24 01:35:16,2017-12-12,2017-11-29 20:03:40,5,1,17
b9cf3a59457dd74f7b1191bffa8d0511,b67f6f5721d4f60becb7063216c4d89d,SP,guarulhos,-23.4608002576188,-46.534699451151255,SP,-22.92492963558197,-47.0742943724681,81.19191248850552,1,1,269.9,10.08,431.0,2017-11-27 23:23:12,2017-12-11,2017-11-29 19:21:19,1,1,13
b16c1067c1dfbf95e228103f22b17aef,9710138d96e1a01a67cbc34b1b981014,MG,belo horizonte,-19.91886726504709,-43.94073422551395,MG,-19.813069492842576,-43.1739175118738,81.05017843825772,1,1,45.99,16.83,2900.0,2017-11-26 19:11:30,2017-12-15,2017-11-29 19:15:03,3,1,18
54c8a1ae2a5ba17d24381040d3ae3fe9,d0032c57dc4c36fe0474fb56a0cbb26e,SP,sao carlos,-22.015108296094645,-47.89069890764564,SP,-22.70928658782974,-47.66520568122805,80.59674547305363,1,1,99.9,13.72,1350.0,2017-11-24 23:42:24,2017-12-14,2017-12-06 23:14:44,11,1,19
2c84b2577e246ed9aa8ad68b0dee5be6,ababd73999adf4b07e06857dbe19c564,MG,itabira,-19.629852923974376,-43.22384359497725,MG,-19.867906407416527,-43.94863882589885,80.33912091672416,1,1,27.9,12.48,150.0,2017-11-24 00:12:10,2017-12-22,2017-12-14 04:12:50,20,1,27
2c2f2d6f669b78caed39af3e63a5439e,1253f6491a96e21d052d952437c7ebe7,SP,braganca paulista,-22.937296636000333,-46.522040817993,SP,-23.65869024839867,-46.52249513292757,80.21532323112484,1,2,107.98,15.56,400.0,2017-11-24 12:18:52,2017-12-11,2017-11-29 22:03:23,5,1,16
6353f1b671ade418ad05f552dc16df4b,9be414fa82e43d3fa9cea3b3cc00eae0,SP,jandira,-23.55946157099409,-46.90478111014794,SP,-23.99567058451152,-46.27862346779968,80.07681585370204,1,1,199.9,14.79,2750.0,2017-11-27 09:08:54,2017-12-21,2017-12-07 04:07:11,9,1,23
9a91585835945d7842ff0e623ce87be9,983003a02a2ca37f90bd8e6dc44e5f5f,SP,piratininga,-22.414446697897635,-49.13740817070234,SP,-21.757690120914923,-48.82976816265947,79.6104526909481,1,1,50.0,11.85,550.0,2017-11-27 00:25:00,2017-12-15,2017-12-11 18:23:30,14,1,17
d37320918ed46f4cd29a218da930fb0c,697b3df5be3d381b8b8116e35c51fb97,SP,santana de parnaiba,-23.45368695730606,-46.8821892773317,SP,-22.740512158523465,-46.8958585777586,79.31374296233132,1,1,69.0,13.08,2850.0,2017-11-24 20:24:12,2017-12-08,2017-12-02 10:53:22,7,1,13
3bc051d51f6d4913e2d5aa5c23322082,15272c15e3fe4645525d8e796fad16b2,SP,sao jose dos campos,-23.232655445467103,-45.90221803043752,SP,-23.65869024839867,-46.52249513292757,79.04532152531007,1,1,84.99,9.41,600.0,2017-11-24 10:39:15,2017-12-11,2017-11-28 23:18:59,4,1,16
5bf501e7ed04b562910ef79503959520,68ebe1d0acb77033e53570274dcdf5af,SP,sao paulo,-23.6453166880374,-46.699256158203006,SP,-23.20712579877664,-47.30927660866177,79.04349891903911,1,1,45.9,8.27,300.0,2017-11-26 20:56:33,2017-12-11,2017-11-29 15:33:23,2,1,14
b4c788b394de32f3930119ad9938c9f8,b6e54ec7c8d54cf2c0cfa7aa39e9e1f9,SP,sorocaba,-23.472557889401585,-47.43485917490944,SP,-23.69066643075192,-46.70391215514457,78.33871668402794,1,1,75.0,13.08,2600.0,2017-11-20 11:27:08,2017-12-04,2017-11-24 22:21:15,4,1,13
f142ccab4f2274122d3b10c539737deb,00b5072ef1192bc4d02e1d6264317bb0,SP,jaboticabal,-21.24655861476436,-48.30898244391118,SP,-21.757690120914923,-48.82976816265947,78.31415341609032,2,3,323.70000000000005,42.57,4883.0,2017-11-23 20:44:55,2017-12-13,2017-12-01 22:18:52,8,1,19
8f82cbff74ca9eba2273adac86c08a2d,2a94748098414e6b930b6900a2d27bcf,MG,itaguara,-20.39109967128308,-44.487040126042,MG,-19.898786955306186,-43.95635999999999,77.88314352166883,1,1,35.9,12.48,248.0,2017-11-22 09:09:01,2017-12-08,2017-11-24 18:36:49,2,1,15
d288e92a6be123f2e77f34fafd902464,2be831e199cd5308b6e3ab6f36718526,SP,sao vicente,-23.967893909958995,-46.38596286668334,SP,-23.406901724083777,-46.84254171963375,77.79894862225099,1,1,127.9,13.45,1800.0,2017-11-25 00:22:16,2017-12-11,2017-11-30 20:55:54,5,1,15
b830151a31b4a50240340fa048e7ff31,a31ca5db9ef5f148f11d4e36253aebf2,SP,sao jose dos campos,-23.24392398633624,-45.88750177901217,SP,-23.55643047625651,-46.56853012614689,77.70156094127545,1,1,85.0,11.8,1813.0,2017-11-26 09:38:34,2017-12-11,2017-11-28 21:47:52,2,1,14
f01a5a364ba478074322dbb1b084d647,4aaa498a3b2f602e7faa8c84a8465d29,SP,louveira,-23.086036875382305,-46.954171930582575,SP,-23.65869024839867,-46.52249513292757,77.43419943561274,1,1,84.99,12.93,600.0,2017-11-22 12:14:30,2017-12-11,2017-12-06 20:38:50,14,1,18
22875ab1b7dadfad36b9181f36a1b8d6,a633db940f16194ccad9feb7a574cf19,SP,sao paulo,-23.618243116567616,-46.64816024508046,SP,-23.302661247830148,-45.97283979175633,77.30758252530829,1,2,98.0,23.7,550.0,2017-11-24 08:30:58,2017-12-15,2017-12-18 14:49:03,24,1,20
42bb3b75e450242d115666d5626fce15,29bdf6776696ece5110768ef0a897988,SP,sao paulo,-23.492479159587976,-46.639056231894486,SP,-22.92492963558197,-47.0742943724681,77.20833768751193,1,1,271.0,10.71,532.0,2017-11-26 23:37:43,2017-12-11,2017-12-06 19:45:36,9,1,14
0eae0f41c21b51e8e0cac72a9548c7fe,75266ba4029d4d8598177c7a906e952a,SP,sorocaba,-23.45424446169717,-47.47535088454323,SP,-22.881152314602136,-47.05060719525074,77.11157014934594,1,1,69.9,9.74,700.0,2017-11-24 09:33:15,2017-12-11,2017-11-30 03:54:30,5,1,16
94b6d26a3b28fbbd1581ef1a4d3ba80d,f10660ad53717d153c4b1d78e7286ee2,SP,sao paulo,-23.418149799045963,-46.752401755756274,SP,-22.740512158523465,-46.8958585777586,76.76556991983071,1,1,70.8,13.08,6150.0,2017-11-25 00:13:14,2017-12-11,2017-12-01 16:34:27,6,1,15
a9804876068f1dabd611c3c2d5d67577,f321c4161bb4e4f8c2af3c37e4f8fc95,SP,braganca paulista,-22.971070142193053,-46.54902891462662,SP,-23.65158034194123,-46.66804610713254,76.63910192811203,1,1,69.99,9.34,500.0,2017-11-25 09:58:27,2017-12-18,2017-11-28 19:23:07,3,1,22
2afae7f170a9a4b132f5d26a2aa53feb,6439ea90707454d13d653853845f5721,SP,peruibe,-24.30621752262104,-46.99171352379555,SP,-23.652442526788203,-46.75549168747648,76.55552737862364,1,1,149.0,12.54,300.0,2017-11-26 10:00:15,2017-12-15,2017-12-06 18:04:38,10,1,18
8690e66d045afe5a5bd8b559cacd335a,509865be40d14361077df35e35971edc,SP,sao jose dos campos,-23.20007321591649,-45.94849128749523,SP,-23.595227193173283,-46.56076636913555,76.3859460506652,1,1,250.0,30.12,12250.0,2017-11-24 10:20:03,2017-12-13,2017-12-15 17:14:20,21,1,18
ffd6f08f294bfa573e0eeb88d6afb17b,8ef6dd55cbf50f4b0aac10b13beb920f,SP,sao paulo,-23.56727846295225,-46.66120351442673,SP,-23.302661247830148,-45.97283979175633,76.1434609647272,1,1,352.0,14.8,675.0,2017-11-21 13:33:24,2017-12-12,2017-12-01 17:53:02,10,1,20
426810dc2665908eba9683825a6e922e,031bfdd243a35f3b665ed9833e01629d,SP,sao paulo,-23.61302967554391,-46.63628029808413,SP,-23.302661247830148,-45.97283979175633,75.96589124576575,1,1,49.9,8.27,225.0,2017-11-24 07:10:52,2017-12-13,2017-11-30 17:33:50,6,1,18
fde0e8ee133a1885475a0267bd879fc8,b438c24cfcda41551bffe94603b98c68,SP,sao paulo,-23.5882566566738,-46.63850507423974,SP,-23.302661247830148,-45.97283979175633,74.96603728970125,1,1,79.0,12.05,350.0,2017-11-24 18:57:45,2017-12-14,2017-12-05 19:41:47,11,1,19
e61446b718befe7289d6a8451938b645,32c2f812cff3dacab1dff78ccad17c78,SP,itu,-23.265039999999946,-47.30006311754856,SP,-23.539439503750906,-46.63284391414975,74.61214278331715,1,1,89.9,11.83,1400.0,2017-11-27 13:25:08,2017-12-11,2017-11-30 23:57:02,3,1,13
6135f38f4bb6d100bd3b064ccaddf7b8,1ce6087cfb4834e9ec5e9ed3941448f1,SP,cajamar,-23.40933531764341,-46.86393274903693,SP,-22.740512158523465,-46.8958585777586,74.44141920230109,1,1,71.0,11.73,3050.0,2017-11-24 07:15:45,2017-12-08,2017-12-01 22:07:06,7,1,13
7fc930983a4062abd3407e7d6a0141a5,4999b83ecd2fab104b958ce8d13714cf,SP,sao paulo,-23.541700665229538,-46.65257086372554,SP,-23.302661247830148,-45.97283979175633,74.2734751348732,1,2,220.0,25.44,2150.0,2017-11-25 10:41:49,2017-12-11,2017-12-14 16:39:12,19,1,15
5a176f6453eb05d7087014b012940727,e5bce7b172f1147a069faf1b9ba56d96,SP,votuporanga,-20.431520240741765,-49.97639274555152,SP,-20.806830481885147,-49.38960170992274,73.96585803039186,1,4,196.0,53.67,6150.0,2017-11-23 19:21:19,2017-12-13,2017-11-27 19:38:36,4,1,19
d8e0ad323eb1f4ae7725beb34e2aff1f,dbe0f00a51158c7c60c7de899c9562d9,SP,vinhedo,-23.050484533451986,-47.02076714654705,SP,-23.51253401672528,-46.501049539944844,73.8754050610921,1,1,16.99,7.78,50.0,2017-11-24 21:45:13,2017-12-08,2017-12-02 14:07:11,7,1,13
e82323311535cbac6219860ae75532d3,3cabb118fc8b876a16ae0b50bc277959,SP,sao paulo,-23.54608112703553,-46.64381018541167,SP,-23.302661247830148,-45.97283979175633,73.61613352416134,1,1,69.9,8.27,100.0,2017-11-27 16:08:04,2017-12-13,2017-12-01 22:06:59,4,1,15
96c3480bcfc103e174ee23d12043188b,49e0851725249f39533e3afdb6068907,SP,sao paulo,-23.54109707522069,-46.51821578864909,SP,-23.20414980599,-45.89810482431184,73.55283784215354,1,1,64.9,34.25,433.0,2017-11-22 10:46:42,2017-12-12,2017-12-05 20:09:55,13,1,19
cf49bdb4bd3a57ea5f439199c69d5911,0551eb34013c485caeacfd2915dbec96,PR,paranavai,-23.077215739513687,-52.468096546229056,PR,-23.43192619791517,-51.86456324999999,73.19380990711034,1,5,427.4,63.63,1450.0,2017-11-27 15:04:18,2017-12-21,2017-12-04 19:13:40,7,1,23
f0dd977ce2e419e687ed90ee8439b163,d2d34922fed7b3a54130c786b7cb0ecd,SP,sao paulo,-23.57942623767545,-46.77554394291231,SP,-23.1777630785525,-47.3432490929943,73.15870462468683,1,1,503.34,25.53,9900.0,2017-11-25 00:18:58,2017-12-11,2017-11-30 15:53:13,5,1,15
a82e3faddfd8b23dc37ae32f3ed93389,043074b1068b23092a45dd20f97ba65a,SP,sao paulo,-23.47312628827072,-46.6436752857349,SP,-23.30395324646543,-45.96258897068984,72.01093888271643,1,1,43.9,8.27,200.0,2017-11-25 16:41:57,2017-12-11,2017-11-28 19:47:56,3,1,15
2b3b4135ee3db9e993e7dc195917cefb,346ccc045a0d30d8eb48ab592a8d4558,SP,sao paulo,-23.57029211157596,-46.72837217485142,SP,-23.13387984873623,-47.22675819555469,70.30970026657427,1,1,199.99,13.95,9500.0,2017-11-25 08:26:11,2017-12-11,2017-12-01 20:22:10,6,1,15
f5c1445b3732010dc5ad14eff121f7d0,c1b2a792a8f36955b3dcb27c2485aabb,SP,indaiatuba,-23.13387984873623,-47.22675819555469,SP,-23.575017565515587,-46.739824510602574,69.83580026007822,1,3,87.0,26.160000000000004,1623.0,2017-11-27 11:26:40,2018-01-10,2017-12-04 22:58:47,7,1,43
c31664de12de8ed1dc41cc8478e51ae0,566d1ab114a060817ff8d40a6c0729c3,SP,pirapora do bom jesus,-23.39989412672898,-47.002958093063846,SP,-23.46681894869581,-46.32457947955707,69.60970762359071,1,1,124.99,12.08,5888.0,2017-11-24 14:21:44,2017-12-11,2017-11-28 22:41:52,4,1,16
48c3b4aae43bbf8e6929c347112cba89,a0b18a6c911337a10d916e5febdbe40b,SP,itanhaem,-24.179855538627187,-46.79049637055164,SP,-23.595227193173283,-46.56076636913555,69.07625753239356,1,2,65.98,25.38,1900.0,2017-11-24 18:02:46,2017-12-15,2017-12-14 11:42:41,19,1,20
e699db09ff2550edf641974c32caab55,1b2ab6eda1946a6ff386b1ae51431344,SP,itanhaem,-24.179855538627187,-46.79049637055164,SP,-23.595227193173283,-46.56076636913555,69.07625753239356,1,6,197.94,76.14,5700.0,2017-11-24 10:41:43,2017-12-15,2017-12-13 20:57:14,19,1,20
6308c76f73aa96e67cfa22c69f99a067,91a74c6db81fb10a2615dd22619923cd,RJ,rio de janeiro,-22.945210543712847,-43.33984223255832,RJ,-22.433722840932912,-42.97293424912493,68.20240712404086,1,1,395.65,10.51,300.0,2017-11-24 14:50:14,2017-12-08,2017-11-28 20:14:40,4,1,13
6aa2d96a8c7f9d95d8d090842a415a56,35556be598c1246153f4660064fad5c3,SP,monte mor,-22.947960386642016,-47.30653160819561,SP,-23.542559946996303,-47.45678295253622,67.87513750765838,1,2,86.0,24.96,3000.0,2017-11-23 22:13:27,2017-12-08,2017-11-26 18:39:04,2,1,14
3f659c93a9c8600a0b0acf0eb42663d3,4d46e7275d4a252e48cb5c22cc7259b5,SP,jacarei,-23.32404745989382,-45.97046282385059,SP,-23.50926448483579,-46.60351726922744,67.79856617090483,1,1,78.9,11.76,1500.0,2017-11-23 12:20:19,2017-12-07,2017-11-25 14:54:56,2,1,13
7af55e090c72474dfc02e91b82ed8c25,8f597bdfaf0d7cb30b46b1fe99552774,SP,sao paulo,-23.559888510127543,-46.65612221732353,SP,-22.986269342347207,-46.85229042519152,66.85699582452554,1,1,50.0,11.73,6850.0,2017-11-20 15:24:53,2017-12-01,2017-11-23 16:44:59,3,1,10
3284ccb8e44c6d500facdde27e67a175,5c1a9561b992127f29940b8a24a98cc4,SP,sao paulo,-23.629953698309173,-46.68201955536961,SP,-23.086036875382305,-46.954171930582575,66.55635662884387,1,1,699.0,33.68,4920.0,2017-11-26 17:34:14,2017-12-15,2017-12-03 14:04:25,6,1,18
d9f4579da734100b00a27235ccf86f4f,8e61477c30526515befee887d367217e,SP,jundiai,-23.17965058485729,-46.90576352862229,SP,-23.65869024839867,-46.52249513292757,66.08080241744597,1,1,56.99,8.72,350.0,2017-11-22 22:38:17,2017-12-07,2017-11-28 18:21:56,5,1,14
176ceeb8643366da493b896ac02ba4b5,a1c432ef869b7d93372a6e2a0f1a9dfd,SP,itapira,-22.43767152117306,-46.82978827787511,SP,-22.964435507357585,-46.53509019666396,65.91446830241246,1,1,145.0,12.51,300.0,2017-11-20 15:39:42,2017-12-07,2017-12-01 22:33:10,11,1,16
146344c554458a6d7e2f92948e52e8b8,83544d0319d25a8e7c587c7116a19907,SC,jaragua do sul,-26.47122175783341,-49.09410988715464,SP,-26.91181862157633,-48.65558858521831,65.56020503546803,1,1,27.5,9.94,525.0,2017-11-27 20:41:33,2017-12-11,2017-11-29 18:28:39,1,0,13
ed601eaed5611e4ce24cfb482cf2b7b3,a82bdf553fadc78cde56ecc961376472,SP,jarinu,-23.09784541994768,-46.71726009296573,SP,-23.65869024839867,-46.52249513292757,65.45474921060622,1,1,89.99,12.97,250.0,2017-11-24 19:29:33,2017-12-18,2017-12-12 16:27:41,17,1,23
8f684cba1286ba5b549d75dd493e599f,b80791f990004efa9e9ae711929a71ca,SP,santos,-23.98479796586644,-46.300849044480685,SP,-23.53944312906109,-46.71568599293085,65.0740925090479,1,1,89.99,9.44,500.0,2017-11-25 03:29:05,2017-12-12,2017-12-16 18:21:50,21,1,16
13c9b5d9c2ccb662b1d4e636b424de20,492275f120fd0402e55df89dafa24276,SP,itatiba,-23.002985032019456,-46.82360927106554,SP,-23.56072295337296,-46.63277989454088,65.00843307324313,1,1,19.99,7.78,100.0,2017-11-24 08:49:04,2017-12-08,2017-11-29 20:55:10,5,1,13
0a7dd1e47d756727fdfe4b0daf9a655b,d00f51a52d942dd722d22577d4f8c4cd,SP,santos,-23.966109471002326,-46.342983916995166,SP,-23.487188352501462,-46.69966864432453,64.45376829453518,1,1,210.0,14.02,2600.0,2017-11-25 12:55:03,2017-12-13,2017-12-03 18:37:40,8,1,17
a077228a07e8b9b735ffd87f50d423e1,28c1154b280de237fd5050b71fb67c0b,SP,sao jose dos campos,-23.24392398633624,-45.88750177901217,SP,-23.51503460560334,-46.44060207799066,63.99729515621178,1,1,14.99,7.78,200.0,2017-11-24 11:11:43,2017-12-08,2017-12-01 21:43:10,7,1,13
28618be7d166aad45ab14e9bca43cc19,0bb1934e205755a2bdf69b04687d6673,SP,guaruja,-23.99642825116864,-46.25935759909085,SP,-23.652442526788203,-46.75549168747648,63.32366989946468,1,1,69.0,7.78,250.0,2017-11-23 21:49:37,2017-12-07,2017-11-25 17:09:09,1,1,13
5312f3d56a531aaf51a7b9b3e38905cf,e66cf38a4613e6c515fa66440545edfd,RJ,rio bonito,-22.71104562596596,-42.62882877464098,RJ,-22.93534069637593,-43.186718398333056,62.3802261892655,1,1,259.99,19.26,3300.0,2017-11-27 21:54:52,2017-12-18,2017-12-05 18:03:14,7,1,20
b4e2b782ea1fa86d7abf9fc538af9005,e1c0318960b73aa3bd90b9500f7ba6fc,SP,guaruja,-23.98841078045477,-46.27151082894726,SP,-23.652442526788203,-46.75549168747648,61.8011837870474,1,1,49.0,7.78,150.0,2017-11-24 03:37:31,2017-12-08,2017-11-25 13:23:00,1,1,13
830f6ac44e90f0d692444fc8f861fd1a,a14033a8e28cf976d87b63aa00d6d34d,SP,sao paulo,-23.627382244243726,-46.69532863321602,SP,-23.516913648399584,-46.10417245526518,61.48796364838911,1,1,99.0,31.0,14500.0,2017-11-27 13:38:46,2017-12-14,2017-12-04 21:09:23,7,1,16
50c67fc0ce3ee7959b7dfeeabfbe6b78,4d69348be3bb86e3326bc320185c5438,SP,itatiba,-23.00961759851757,-46.85341848989477,SP,-23.50926448483579,-46.60351726922744,61.14289499660195,1,1,159.9,13.67,8200.0,2017-11-27 17:19:58,2017-12-11,2017-12-04 17:54:51,7,1,13
b0181a2b3c9f39595fb01f97519d015d,f7890ecdf565bc15a50ffb3743cdb0c8,SP,sao paulo,-23.476746708580965,-46.75670446794391,SP,-22.975945515326355,-47.00158571500767,61.05015707758,1,1,23.5,7.78,125.0,2017-11-20 18:34:17,2017-12-01,2017-11-30 16:33:54,9,1,10
3ea80782fbbd337428a6a454c4a297c3,753c1896b701191a973a7b3e7aded7b1,SP,mogi das cruzes,-23.51992999904818,-46.17713395622714,SP,-23.652442526788203,-46.75549168747648,60.75179850372243,1,1,88.0,7.87,250.0,2017-11-21 13:01:18,2017-12-01,2017-11-29 21:58:40,8,1,9
8aa5449c8eaae72c25e792d938fad002,7202f447b2ce41c395dffa31dfbe4351,SP,atibaia,-23.1219341924808,-46.56036576688009,SP,-23.65158034194123,-46.66804610713254,59.91055276873418,1,1,79.9,9.37,650.0,2017-11-24 09:43:57,2017-12-08,2017-11-28 19:51:44,4,1,13
adedc5c6c400a03abc3701e0bb8015d7,fd9c3aec3b78b92e89a8887c2643e1ea,SP,guaruja,-23.97649330770052,-46.26047178610568,SP,-23.56072295337296,-46.63277989454088,59.7728824065453,1,1,19.99,7.78,50.0,2017-11-25 15:30:59,2017-12-11,2017-12-05 20:24:58,10,1,15
5678b9b26584bd229904c764c3ede0cc,4b03aaf6722747883384c563c62a4720,SP,santos,-23.95688438718329,-46.32677018694087,SP,-23.575017565515587,-46.739824510602574,59.74860206519266,1,2,139.0,23.46,3070.0,2017-11-25 20:26:00,2017-12-11,2017-11-30 13:41:49,4,1,15
5d0ad02e43d4bb397662f816713655c2,18eaac5528b893d55513ab79c04577f0,SP,jundiai,-23.194530383237616,-46.896837001804485,SP,-23.69050632209016,-46.67948403830283,59.44064261848269,1,1,59.9,9.34,1000.0,2017-11-22 17:09:37,2017-12-04,2017-11-24 18:49:04,2,1,11
8d13e349d7439353a923d49cc2598833,8d4958b500ee23ac8441f07a1a672e30,SP,sao paulo,-23.5353915792314,-46.66753623925207,SP,-24.05485491923939,-46.54095807094582,59.17992961051041,1,1,29.99,8.27,250.0,2017-11-27 12:26:08,2017-12-11,2017-11-30 14:45:00,3,1,13
d1d4b9ca8be351af77736cab87df238e,a6ca4afebc562b754b8736ff2d5adf52,RJ,rio de janeiro,-22.888220297690363,-43.62938614464972,RJ,-22.53988593060518,-43.197575382221615,58.83836084593628,1,1,79.9,12.51,1200.0,2017-11-27 20:39:12,2017-12-11,2017-12-01 00:06:50,3,1,13
2a4315659861a015dd1f56bc705121d9,bc384df13ace1001c894117989ccfeac,SP,itanhaem,-24.179855538627187,-46.79049637055164,SP,-23.652442526788203,-46.75549168747648,58.753490599948776,1,2,58.0,23.7,500.0,2017-11-24 17:18:38,2017-12-14,2017-12-11 18:33:16,17,1,19
bd0b9d39fa302d80d7c2e9fdd92c3a8a,5ca12aded26b353f1a7363f0b1ff7b49,SP,jundiai,-23.18300381820934,-46.96922804883066,SP,-22.997187,-47.5061538506838,58.67854874756262,1,1,19.97,11.85,500.0,2017-11-24 09:02:58,2017-12-14,2017-12-05 19:27:05,11,1,19
103188b1afa4614c023b86344f79727b,3d7ded9f88ad6b06bc3f16ef0987fc54,SP,jundiai,-23.203641583674795,-46.87221486532687,SP,-22.686687402728204,-46.98315336058057,58.59438342739615,1,1,99.9,11.9,2500.0,2017-11-27 13:53:44,2017-12-11,2018-03-26 13:09:54,118,1,13
fd074331568837ca57c2d9c764788749,39e783e9b865e06b09aba599d5999411,SP,itupeva,-23.156299066198635,-47.04923371339494,SP,-23.50457924562872,-46.62369396003804,58.202939768857,1,1,179.0,20.13,8100.0,2017-11-21 20:51:20,2017-12-14,2017-12-27 20:58:29,36,1,22
417abe2ef3ebf13d2ce7606ebadbf834,477a484310a6e08c81b441229fa2c0fa,SP,sao caetano do sul,-23.64250107132555,-46.56140417485143,SP,-23.21130687949995,-46.88044951858166,57.95249514524638,1,1,58.9,14.13,7000.0,2017-11-26 22:59:43,2017-12-11,2017-12-03 12:43:34,6,1,14
9d70ddf4f9027ee7e5f0851c480d3fbe,3ededc1f808f7482c3a034e1aa27e494,SP,santos,-23.968041517066787,-46.305236791707486,SP,-23.531820448929544,-46.61097274285875,57.62866605669464,1,2,39.8,15.56,400.0,2017-11-22 15:36:42,2017-12-04,2017-11-25 00:25:53,2,1,11
bfe45a2590b88a391d11454e70a7d984,daf9c315a3cccc94ac74f780fafcdeb7,SP,campo limpo paulista,-23.20026337044312,-46.78186483246769,SP,-23.65869024839867,-46.52249513292757,57.43424520417528,1,1,89.99,12.97,250.0,2017-11-24 15:44:35,2017-12-18,2017-12-07 15:57:49,13,1,23
5c92503c98d68728d4c409d18b268c31,08a0ac1decaff11abb24f276429ee4bf,RJ,sao joao de meriti,-22.80084095480904,-43.363601080354286,RJ,-22.433722840932912,-42.97293424912493,57.2220165413268,1,1,599.65,12.94,460.0,2017-11-25 11:39:25,2017-12-12,2017-11-30 00:16:57,4,1,16
845d8a54af235bee2c6f64f11c13c9cb,5b1ec7f80273a8f34661d005f2f00071,SP,sorocaba,-23.439417904524205,-47.46771412254022,SP,-23.052705625933136,-47.83614945236365,57.148666720541925,1,1,89.8,24.94,4267.0,2017-11-24 12:58:55,2017-12-14,2017-12-07 17:49:03,13,1,19
343214a6de71b79c0166799ba08e148f,5b0e15a1202c729bb7584d363973411b,SP,taboao da serra,-23.6026934207006,-46.75612054704541,SP,-23.933241296527093,-46.32942742274111,56.88942271829629,1,1,49.9,9.27,350.0,2017-11-24 10:53:36,2017-12-08,2017-11-30 20:22:14,6,1,13
9e906dcb08be5abcfe04f3e3a9bbb8bb,9c000f06cc81959dd51932649049b358,SP,jundiai,-23.189527263550712,-46.91727596301613,SP,-23.50848147377229,-46.485872413266776,56.546353566035066,1,1,29.0,7.78,500.0,2017-11-26 09:36:14,2017-12-13,2017-11-29 21:52:59,3,1,16
3a119f52de09d1b2700815732def8b47,86e0f1f27a4905bbb04e1567c40af946,SP,santos,-23.98479796586644,-46.300849044480685,SP,-23.51253401672528,-46.501049539944844,56.32795715653404,1,1,19.99,7.78,100.0,2017-11-24 19:39:43,2017-12-08,2017-12-16 18:46:40,21,1,13
c1aee3898c27b4b86706a7a0259efd19,eb2a5bfb253eddfafaf07ae743a90b05,SP,sao paulo,-23.59776748765076,-46.64665271481336,SP,-23.516913648399584,-46.10417245526518,56.02003172128472,1,3,297.0,98.79,39600.0,2017-11-21 10:29:16,2017-12-06,2017-12-20 12:47:02,29,1,14
0be6d173c7061938d89152c036ac064a,095acc4e27efb00510101b9dbbfb4312,SP,jarinu,-23.09784541994768,-46.71726009296573,SP,-23.560313217871787,-46.50914934518004,55.64127028198707,1,2,31.98,23.7,300.0,2017-11-20 18:10:49,2017-12-07,2017-12-05 15:46:45,14,1,16
87af7bf20f2a742dbb71cdcf0f8475c8,04e9f1c738a73da01163495783f0a314,SP,campo limpo paulista,-23.211061972115367,-46.76376569389638,SP,-23.65869024839867,-46.52249513292757,55.5279030701148,1,1,84.99,12.93,600.0,2017-11-26 01:49:20,2017-12-18,2017-12-12 16:21:53,16,1,21
c32264206a3adeaf75964372f602b40a,54e1a362d386863805db2b1cef80cdd6,SP,sao paulo,-23.597977631686824,-46.680675694702494,SP,-23.11477517799753,-46.553324741832185,55.28006262762323,1,1,82.0,12.53,1060.0,2017-11-24 10:52:28,2017-12-11,2017-11-29 16:36:58,5,1,16
dbdcb70ae949e4cce08f59bfa7e4604b,26d5bedd5fb76310f6bcc9960496668f,SP,campinas,-22.861960983625707,-47.15246036234056,SP,-22.70928658782974,-47.66520568122805,55.23864782460179,1,1,144.9,14.41,2150.0,2017-11-26 22:32:30,2017-12-11,2017-12-07 14:58:45,10,1,14
0930362b6f24dc06ace9869ac3d05a72,570c80022b8e52b1c9ff467a601f9358,SP,vargem grande paulista,-23.6212805703204,-47.01055566117187,SP,-23.20712579877664,-47.30927660866177,55.22562031151209,1,1,98.9,14.09,23800.0,2017-11-24 10:16:53,2017-12-11,2017-11-26 14:28:26,2,1,16
f5194ba2a4560ffa0e87746852c61fc1,5210104bc6715b18253dec68af7376c7,SP,diadema,-23.69029792389557,-46.6296561291374,SP,-23.211061972115367,-46.76376569389638,55.016656045189954,1,1,19.9,11.85,300.0,2017-11-24 22:53:26,2017-12-14,2017-12-13 22:06:13,18,1,19
046023c2e3840562a6320b2bc22bda81,8159eb36033866531b9147d8e73ec16c,SP,barueri,-23.494285082872555,-46.87045613339008,SP,-23.20712579877664,-47.30927660866177,55.013013120531966,1,1,335.9,16.86,3300.0,2017-11-24 20:17:18,2017-12-08,2017-11-28 17:57:59,3,1,13
dc3adcf742779e0c8eb5bd587ed4ec57,a828c4f615a8dd8518659d867b3012bd,SP,itajobi,-21.31536280257076,-49.05537691243335,SP,-21.757690120914923,-48.82976816265947,54.439352638085126,2,7,635.38,92.18,9950.0,2017-11-25 12:14:42,2017-12-15,2017-12-13 09:32:16,17,1,19
8398bfef4b9c8fa47c4d2dc9fea8c42d,bac6a392af2adc51993284cd5a44c8f7,SP,itajobi,-21.31536280257076,-49.05537691243335,SP,-21.757690120914923,-48.82976816265947,54.439352638085126,1,1,232.0,17.25,2700.0,2017-11-26 16:50:52,2017-12-15,2017-12-11 19:44:52,15,1,18
48a043c45028f3caaabe84abb2316c51,8ccbf5bd9bdf5acf36344a7eae45eb63,SP,limeira,-22.55682570149749,-47.42307221908908,SP,-22.92492963558197,-47.0742943724681,54.35693441724523,1,1,419.0,12.15,567.0,2017-11-24 22:20:10,2017-12-08,2017-12-01 20:22:02,6,1,13
ef57c0c31600c0a1c7366ff29a71896a,11543382154fb169d777c611e577fb8d,MG,piumhii,-20.47008992478141,-45.96141713422533,MG,-20.94004902170557,-45.82696971616617,54.09584222841582,1,1,149.99,23.85,6550.0,2017-11-20 11:44:55,2017-12-08,2017-11-29 00:31:53,8,1,17
47607b002b56d0c23e24d91a519b0856,b6363f9f8f6d461980e9b5a6fbd0e168,SP,sao paulo,-23.488166129047897,-46.46938132278263,SP,-23.941438868717192,-46.30279503554525,53.17840706991144,1,1,74.49,9.94,850.0,2017-11-24 11:26:18,2017-12-08,2017-11-29 21:54:49,5,1,13
dbfc85111e9812da1a864f78aaf6d282,6f831ab314ae38169aef4169d06d2429,SP,sao paulo,-23.56127544240869,-46.461969257046256,SP,-23.41889183250616,-46.9591508819105,53.11699420811102,1,1,35.0,7.78,100.0,2017-11-22 11:56:01,2017-12-04,2017-11-24 13:18:14,2,1,11
8a375e54dcadd25fe7578ad54311a746,a994d209770941c5131c5c658f9370a5,MG,belo horizonte,-19.947433295314173,-43.92892576824973,MG,-19.989037300364373,-44.43044527644809,52.6176039057818,1,1,140.91,10.2,894.0,2017-11-25 17:31:34,2017-12-12,2017-11-29 21:57:09,4,1,16
350e81ea69628f5c056e29e198b2f5a2,51f407d9c0d2379f49ad0d507c855193,SP,sao vicente,-23.96954523993056,-46.371917161879885,SP,-23.652442526788203,-46.75549168747648,52.592058716016766,1,1,69.0,7.78,350.0,2017-11-24 01:36:00,2017-12-08,2017-11-27 21:52:53,3,1,13
a477cdebba202e2c15cae2e35dbac3b3,b7f50e32ef6cc9ed88e6db3fe26234f4,RJ,tangua,-22.73481094307214,-42.72257738332797,RJ,-22.93534069637593,-43.186718398333056,52.532283402470576,1,1,99.99,13.53,1500.0,2017-11-23 21:27:36,2017-12-11,2017-12-08 10:51:39,14,1,17
1ad675bff9dacbdbd5333b02fc828d92,f70e2487eb11214e14b72c1c6d340eee,SP,jundiai,-23.189527263550712,-46.91727596301613,SP,-23.503853294477462,-46.55491073216861,50.89364869021124,1,1,28.7,7.78,225.0,2017-11-27 22:00:14,2017-12-11,2017-12-06 22:33:18,9,1,13
1ab2b1793236a9b4f5033929476665de,743ba6970529f6e6ac1f5b501be6d573,SP,praia grande,-24.014540409660096,-46.43840702622771,SP,-23.5869802640594,-46.61564731057762,50.84728194155023,1,1,29.99,7.78,400.0,2017-11-27 17:31:28,2017-12-11,2017-12-06 19:22:35,9,1,13
521b27020c398e2a652901b3414c2f26,cebb25bccadd1098bb5f90c345cf3125,SP,jundiai,-23.172524723254675,-46.88719218616193,SP,-23.46873685567546,-46.51806246391887,50.05550981035336,1,1,117.3,14.43,4105.0,2017-11-27 12:10:10,2017-12-11,2017-12-05 20:58:49,8,1,13
7b2a882eef1edda20fe63ae4422c981a,f540a68b6e4b8004a59a062334c6c1fe,SP,mogi das cruzes,-23.540347864335267,-46.1912032852791,SP,-23.67008162864273,-46.66049702840489,49.945350678680335,1,1,248.99,35.91,18050.0,2017-11-27 15:14:40,2017-12-11,2017-12-06 16:07:57,9,1,13
5f69f6bf68dce110479aa0bb515b47c8,4cd274ce8ba240b1cff6480fa9911df1,SP,ribeirao pires,-23.75561364723873,-46.44141567257968,SP,-23.605705509290832,-46.898514000000006,49.44191304443866,1,1,30.0,8.72,550.0,2017-11-26 11:20:27,2017-12-12,2017-11-30 13:08:44,4,1,15
a92ba1a2eafba406c847277f7cc5911d,9e1de98c94e731918148fed7e3922843,SP,jundiai,-23.21130687949995,-46.88044951858166,SP,-23.5827745037509,-46.6204825896474,49.09147359942062,1,1,39.9,8.72,1300.0,2017-11-25 20:54:39,2017-12-11,2017-12-01 18:18:45,5,1,15
5f1ade32bfea596b4d1ef813fa5afb72,a0522bb0aa2334c442b05fe4c48eafa4,SP,suzano,-23.49777013105692,-46.31590179419777,SP,-23.11477517799753,-46.553324741832185,49.00538861115224,1,1,45.49,8.27,50.0,2017-11-23 04:01:05,2017-12-05,2017-11-27 18:24:25,4,1,11
96b58ad037abdd4b7ca509a3009cbbe7,554948f6a0ae8d35fb121314372077ab,RJ,rio de janeiro,-22.97261425561204,-43.190423239944565,RJ,-22.53988593060518,-43.197575382221615,48.12278285265998,1,1,59.9,12.48,431.0,2017-11-26 16:18:12,2017-12-11,2017-11-28 20:42:08,2,1,14
d0bd537e7e77a73e81af9b780f6a4c17,e20b0ccbb0f3f96b2dc7960d76b8ef3b,SP,santos,-23.97039046543373,-46.32234564570951,SP,-23.69050632209016,-46.67948403830283,47.83469293451053,1,1,39.9,8.72,570.0,2017-11-26 20:33:18,2017-12-11,2017-12-02 20:24:24,5,1,14
26d5ab0752e2de19eee25118f25ccb74,7b3a2b1682c37d9df9e836d397b963a1,SP,santos,-23.952467126839394,-46.31984960199666,SP,-23.56428872384441,-46.51904534753631,47.68704510916269,1,1,259.9,51.42,26700.0,2017-11-21 23:41:35,2017-12-01,2017-11-29 22:10:57,7,1,9
98d069c561ebb323c7a43ec817b36dd4,8f9c453d4c1deab9d6ed3da172b94200,RS,porto alegre,-30.04915427754058,-51.20163464829179,RS,-29.68584930081256,-51.46313816602653,47.62142342560978,1,1,199.0,13.1,1650.0,2017-11-21 18:09:39,2017-12-08,2017-11-26 18:37:21,5,1,16
03b769c4844b71608c388fcf6f4287d4,dbef5eb24f60585a8d9b2b118aee84de,SP,sao paulo,-23.59156958868079,-46.56773882448725,SP,-23.941438868717192,-46.30279503554525,47.33333065236769,1,1,36.49,9.27,200.0,2017-11-20 20:21:13,2017-12-01,2017-11-24 22:33:05,4,1,10
077b4b3a3d03fcdfce6a94e53ccdb3a9,787e333c11dbf966e21171853d71ff36,SP,itaquaquecetuba,-23.46492635230126,-46.339533835693445,SP,-23.652442526788203,-46.75549168747648,47.24708204582424,1,1,39.0,7.78,250.0,2017-11-26 21:00:43,2017-12-11,2017-11-30 21:18:43,4,1,14
7b636347d9f87d9b9a48755fd8495709,258539509521d87f8837ae036369880a,SP,barueri,-23.532058462021794,-46.88420792784153,SP,-23.502729436580296,-46.42199569191893,47.23936554251399,1,1,239.9,15.28,6600.0,2017-11-26 11:38:04,2017-12-11,2017-12-14 19:59:41,18,1,14
37e87d7b071633ba92f5ef06491b781a,d9172d48e1125063b3358551dadc0294,RJ,rio de janeiro,-22.964032519562604,-43.17619751998097,RJ,-22.53988593060518,-43.197575382221615,47.21386655293736,1,1,339.9,11.79,510.0,2017-11-23 23:28:31,2017-12-07,2017-11-30 00:42:59,6,1,13
32f1eaf64e65f64c1f57ef1612431740,7ee355befcd0785e65dd97657a04cd7e,SP,santos,-23.96402867998731,-46.33334224132954,SP,-23.595227193173283,-46.56076636913555,47.08770732377096,1,1,250.0,41.7,12900.0,2017-11-25 00:25:18,2017-12-11,2017-12-02 21:03:50,7,1,15
9ad64fee55d24429134f71a2955bc677,59f1d52390a00b2dd217bc83dea3aac0,SP,mogi das cruzes,-23.540672250614712,-46.179805717896826,SP,-23.537493461278807,-46.63974517262972,46.88853339740443,1,1,13.65,7.78,150.0,2017-11-25 19:08:13,2017-12-11,2017-12-01 18:33:54,5,1,15
34fa15662de2057126fbb0b0f1c1120f,d79f039ffbcb11e3ffe7410595788f03,SP,santos,-23.966109471002326,-46.342983916995166,SP,-23.595227193173283,-46.56076636913555,46.816980711112926,1,1,96.0,7.93,800.0,2017-11-27 20:41:04,2017-12-11,2017-12-15 00:34:10,17,1,13
0af93579d0c0b252568071928b2ad465,66236922649bc2679538f344caf5a5c0,SP,sales oliveira,-20.76675826112981,-47.840885277160055,SP,-21.177173112308903,-47.767232134697736,46.27234810350923,1,1,45.65,11.85,200.0,2017-11-24 13:14:40,2017-12-14,2017-12-06 22:04:33,12,1,19
77941f056519e1f7a848840651b359b2,f8ad6a093cf67d3c90f97bf70d2af76a,SP,sao vicente,-23.981413796790704,-46.46961670028374,SP,-23.58077681085173,-46.59210244184609,46.259380539262274,1,1,21.99,7.78,150.0,2017-11-26 13:11:16,2017-12-11,2017-12-18 19:23:00,22,1,14
d8869b7bf74e01d8de9c3f1a58352113,4ca10045434f2376d99eb463e97a6f2c,SC,navegantes,-26.89059349827484,-48.65193750938463,SC,-26.913134249178224,-49.113291279762265,45.8172173076427,1,1,77.9,12.8,1400.0,2017-11-24 15:41:03,2017-12-15,2017-12-04 18:18:03,10,1,20
2c7e89e493d79a803615950d27017f1f,e38d1d16f382a3c99f6da45b79418463,SP,santos,-23.95691508031017,-46.34623532292687,SP,-23.595227193173283,-46.56076636913555,45.760568550167925,1,3,98.97,28.02,2250.0,2017-11-24 10:18:10,2017-12-11,2017-12-11 19:09:48,17,1,16
f6519aa0bb0a6531345ac2e6fdbb2e0c,64a80bc56a3c3b8bebd2bcdf5a7d82b7,RJ,petropolis,-22.525005577255342,-43.211927387156415,RJ,-22.93534069637593,-43.186718398333056,45.7003737235737,1,1,69.99,9.54,1050.0,2017-11-23 23:47:43,2017-12-07,2017-11-30 18:57:19,6,1,13
e328e23027b916218c9fba2f6cf9b682,09d1727d1983e1c41381405fbe83753a,SP,santos,-23.966109471002326,-46.342983916995166,SP,-23.584135489908583,-46.49855968914825,45.327997282572994,1,1,45.9,8.72,150.0,2017-11-20 12:47:46,2017-12-01,2017-12-03 20:22:22,13,1,10
e7cae8a5597c537df32f554f5b938de1,36122b844a5f69861decff38a343c58c,SP,santos,-23.97084358728148,-46.30755936926548,SP,-23.62299459910628,-46.53766812565611,45.21246219581595,1,1,84.9,7.85,1300.0,2017-11-26 12:53:03,2017-12-11,2017-12-01 21:19:17,5,1,14
061b74bca735bb2c1953e40bc098101d,0c8050459705eab48d6faf4b118109be,SP,mogi das cruzes,-23.53435066619291,-46.21196340351685,SP,-23.4728523597005,-46.64749129087078,44.933994793801865,1,4,51.96,46.92,4800.0,2017-11-22 20:40:31,2017-12-07,2017-11-27 13:47:17,4,1,14
2599eb52c538919cec765e835585bfe9,d1cf3dcfd051e1c16ec0c3efce7a41ae,SP,sao paulo,-23.629380626839392,-46.616241219762166,SP,-23.933241296527093,-46.32942742274111,44.64676355477827,1,1,64.9,9.27,415.0,2017-11-24 20:50:40,2017-12-08,2017-12-04 19:04:24,9,1,13
e9b6e40d2bb6586f7be9c87170ceaacf,24e316e6677cf2d79c36e9d56314926a,SP,osasco,-23.503488109614054,-46.7987711273679,SP,-23.48488009615481,-46.36654993289185,44.1251119087728,1,1,196.99,29.75,16133.0,2017-11-27 20:04:48,2017-12-18,2017-12-20 17:47:00,22,1,20
9315b252c65baa9c508538ade0964778,551f48e94f1229ae6aa375480f198394,SP,sao paulo,-23.673717,-46.73802249785042,SP,-23.521808629753583,-46.34100219473756,43.83979409330304,1,1,74.9,25.04,12700.0,2017-11-26 21:48:17,2017-12-11,2017-12-01 20:49:45,4,1,14
46d7cf66dd7fcd0e6e42f3b736c02bfb,a5ae902c29eb236d0a9ce2052b2e4232,SP,mogi das cruzes,-23.52326624957938,-46.194662263967,SP,-23.50457924562872,-46.62369396003804,43.7940861353871,1,1,179.0,17.99,6600.0,2017-11-26 19:49:01,2017-12-18,2017-12-07 21:53:17,11,1,21
0c01eb5638db2110eb5a7d1c0581aa09,dd311e90965698c65649b0ee6793432d,RJ,rio de janeiro,-22.932084510675818,-43.17545342200936,RJ,-22.53988593060518,-43.197575382221615,43.66946358152638,1,1,69.9,12.48,1167.0,2017-11-25 13:12:30,2017-12-11,2017-11-29 20:22:06,4,1,15
a2719d5230c391aa396433b5cf6cc4d5,fc9d7084d2cc48f7ac064716b2e922d4,SP,campinas,-22.854677050233725,-47.05197199708997,SP,-23.21130687949995,-46.88044951858166,43.36615064707907,1,1,58.9,14.13,7000.0,2017-11-24 16:59:53,2017-12-08,2017-11-30 20:28:40,6,1,13
c1f81880aca45c52130764058999025e,cc665602c5a3f9487780d90695667353,SP,barueri,-23.496673832738004,-46.88135694345758,SP,-23.61528418040568,-46.47881749049814,43.09806833220134,1,1,99.9,11.9,1175.0,2017-11-24 13:04:14,2017-12-08,2017-11-30 19:14:10,6,1,13
684497197738631cbe11c77e531a3220,04d134f760aef9a8a167cb60f55b9261,SP,jumirim,-23.077888798867733,-47.79185695707955,SP,-22.70928658782974,-47.66520568122805,42.990974417180986,1,2,209.8,27.51,3250.0,2017-11-24 10:28:02,2017-12-19,2017-11-30 15:38:52,6,1,24
b93bb71b5e2443566763aab6cc80a84f,2c53d62bd0641d02ecee8feb1a196882,SP,jumirim,-23.077888798867733,-47.79185695707955,SP,-22.70928658782974,-47.66520568122805,42.990974417180986,1,2,49.8,23.7,400.0,2017-11-24 10:28:01,2017-12-14,2017-11-30 20:09:05,6,1,19
803b1bae34b452deca8621b507e483f4,ad9439bef45682118667887e90404479,SP,cubatao,-23.88071154548398,-46.41644242338826,SP,-23.51633441909516,-46.54744111705809,42.65584140333678,1,1,369.0,13.79,2000.0,2017-11-24 10:32:10,2017-12-08,2017-12-01 22:04:57,7,1,13
5fb4ea19db61afd32a7c48b4200b9455,42d652cc2f5e6c9c6c553bcd3a9b55a5,PE,panelas,-8.663873702374305,-36.00839195334091,PE,-8.28549499049085,-35.96625544535387,42.32823946020287,1,1,61.89,12.68,200.0,2017-11-24 15:03:08,2017-12-15,2017-12-13 18:17:09,19,1,20
570daa876f56bc4b6b5e503e01318c0e,b63e33229b055963236f49e39c1e8046,SC,blumenau,-26.96846929459052,-49.07617621406308,SP,-26.91181862157633,-48.65558858521831,42.16521964890084,1,1,72.48,9.94,800.0,2017-11-22 18:23:16,2017-12-04,2017-11-24 21:06:52,2,0,11
e0ad0779328f1dbbeaa5f2ae58ca67d1,d2ae704f9d199bd4f701a59c5f7bb914,SP,santos,-23.980397919787656,-46.30457088447668,SP,-23.65869024839867,-46.52249513292757,42.08413107232211,1,1,84.99,9.41,600.0,2017-11-23 13:36:00,2017-12-08,2017-11-26 16:49:57,3,1,14
ac149cc1646470fa003284a354a2b4f3,5fe6feaf063dd24de0c2a3b2c6e55efb,SP,santana de parnaiba,-23.462226420064173,-46.87189411306024,SP,-23.65869024839867,-46.52249513292757,41.77917706916326,1,1,56.99,8.72,250.0,2017-11-24 17:50:35,2017-12-13,2017-11-30 15:02:36,5,1,18
2a6fe3e9e5cc930c0033522f117c1a20,63e7cc7cc2eee233a612234966bac4aa,SP,barueri,-23.538023539179942,-46.88948064085956,SP,-23.49901135775293,-46.48301004717532,41.66936619508299,1,1,13.99,7.78,50.0,2017-11-26 14:36:30,2017-12-11,2017-11-29 16:43:51,3,1,14
55a8deb1ea82e104b019fa982402c685,7288a010258cab7db02ffe687e39847e,SP,mongagua,-24.11286319700736,-46.667482359857104,SP,-23.941438868717192,-46.30279503554525,41.65490215353806,1,1,36.49,11.85,200.0,2017-11-21 19:37:21,2017-12-07,2017-12-04 18:32:12,12,1,15
82c1f00b277333db6ce4f9eff5894903,44024df7d9bd0f986d18c27e73d39dd7,SP,mairinque,-23.54237168575625,-47.19010685592537,SP,-23.552859590255665,-46.78238998184588,41.577186210391766,1,1,79.0,16.18,2100.0,2017-11-24 21:51:21,2017-12-14,2017-12-06 21:41:52,11,1,19
c0717edb0763a89d97de0330cf4473f9,5c71d0d610fe93462d9040d9657d12f1,SP,cotia,-23.59674469900167,-46.91078004662704,SP,-23.68709504954123,-46.51769647631296,41.28151704787034,1,1,32.99,8.72,688.0,2017-11-27 20:08:09,2017-12-11,2017-12-01 17:58:25,3,1,13
c442abd5622d3602e7e1951edacfd007,48de0ee37af96ec27bed6414c071d5fa,SP,caieiras,-23.35178323711951,-46.74908560206152,SP,-23.65869024839867,-46.52249513292757,41.21237621099257,1,1,59.99,9.34,950.0,2017-11-24 19:05:35,2017-12-11,2017-11-29 18:10:00,4,1,16
3158067c30c82428202611ba4ee5d977,d2690de6c17e258b5cd23a7e6d33beb4,SP,sao roque,-23.523834992626043,-47.13097349778183,SP,-23.49166859722086,-46.7297613836344,41.06621001810326,1,1,99.9,13.25,2100.0,2017-11-22 08:11:52,2017-12-05,2017-11-26 18:04:02,4,1,12
f2773a0bd567f311e593f32952c57422,964f83e96d69b6e3c2a26da9e0fb42d2,SP,francisco morato,-23.28069898465243,-46.753894847759874,SP,-23.625852663887155,-46.61139748251486,41.03981493354257,1,1,27.99,7.78,250.0,2017-11-27 09:52:44,2017-12-12,2017-12-04 13:27:48,7,1,14
b390755d66d3ef7697796139c14782e3,aa79a2362592a54446b3ec3821f88924,SP,sao paulo,-23.475165108517537,-46.74099035789715,SP,-23.46492635230126,-46.339533835693445,40.96260766186924,1,1,129.99,13.46,1800.0,2017-11-25 13:12:09,2017-12-11,2017-11-30 21:37:47,5,1,15
68a9fce416cc56ce2950c32b7e70138e,ba054847454a0d2726f6e96f66cba531,SP,cotia,-23.605705509290832,-46.898514000000006,SP,-23.47177525660044,-46.52510527136021,40.875611135192685,1,1,88.9,9.44,675.0,2017-11-24 12:16:22,2017-12-08,2017-11-27 19:22:13,3,1,13
1963469800c298aa309f11cd40138411,2ae3c4ea3ec94a886974531fbd37faf8,PR,toledo,-24.719715,-53.75869646676048,PR,-24.95063281959432,-53.44820648244274,40.509219185188925,1,1,78.9,9.97,1044.0,2017-11-24 22:48:21,2017-12-08,2017-11-28 20:46:40,3,1,13
0847671e74f36253e410d74921dff936,88797eeedbc6f829464f79b5fb7dcd63,SP,praia grande,-24.014540409660096,-46.43840702622771,SP,-23.659182,-46.52514198029314,40.486840772759926,1,1,49.9,8.72,444.0,2017-11-25 22:11:45,2017-12-13,2017-11-28 16:38:29,2,1,17
d6abdb38c0ac915fac541669992e01fe,6e3cb440d03d4a7cbe98177f410330d8,SP,santos,-23.93404790861016,-46.35638087225176,SP,-23.62299459910628,-46.53766812565611,39.19935441151128,1,1,49.9,11.73,1200.0,2017-11-27 17:47:44,2018-01-18,2017-11-30 16:03:01,2,1,51
2e9a9304c77e1fd0d01352a9cca46f31,8dbd4ea7dc84915203eb642a97fdbd77,SP,embu-guacu,-23.83394350350837,-46.81523885752993,SP,-23.537163400080807,-46.61070457146976,39.02316319754751,1,1,89.9,11.83,1500.0,2017-11-26 21:20:20,2017-12-12,2017-12-06 16:55:01,9,1,15
b6d5def32b42c4da4683c57a8e43fbbb,21643e2f47403dc261b9e09bb5937c21,SP,sao paulo,-23.47846082653355,-46.74847335553123,SP,-23.48488009615481,-46.36654993289185,38.95760217845128,1,1,139.99,21.63,9725.0,2017-11-21 22:07:03,2017-12-07,2017-12-08 23:43:04,17,1,15
bee571b51c70e572478812165da701dc,928f402c4314a16a7d88c87b86eeb0ed,SP,barrinha,-21.191092394351536,-48.15669999462057,SP,-21.11263561449013,-47.79105569532287,38.90918572090631,1,1,107.0,13.77,1700.0,2017-11-24 20:39:01,2017-12-15,2017-12-04 18:07:03,9,1,20
788c740eb8e85e60ba673175e96f3a76,87e0d8c98901635a02de3d22ae4c2e84,SP,guarulhos,-23.435049027756925,-46.400103869005655,SP,-23.59896367055225,-46.735974015955925,38.79339707543966,1,1,10.9,8.72,200.0,2017-11-27 11:55:16,2017-12-11,2017-12-01 17:42:57,4,1,13
c186ebe3937470a2f562a2dc0bc74dd7,20b5aae6a3e31111009f9a7ecc31a232,SP,santos,-23.952467126839394,-46.31984960199666,SP,-23.65869024839867,-46.52249513292757,38.627966322398265,1,1,56.99,8.72,250.0,2017-11-27 13:33:35,2017-12-14,2017-12-04 20:33:19,7,1,16
46577915955882637e4399fae724c027,ac226e67c913e5f1039af998a59e538f,SP,campinas,-22.952602403831715,-47.19017722146181,SP,-22.740512158523465,-46.8958585777586,38.28516599611413,1,1,69.0,11.73,1800.0,2017-11-25 17:47:46,2017-12-11,2017-12-05 21:39:47,10,1,15
c833391c20c67e486071538365c1edae,abf36d4666c68c17927c23c39364fac4,SP,sao paulo,-23.74981810254469,-46.70140755620633,SP,-24.026457185123206,-46.47784669233656,38.24726530931711,1,1,11.9,9.27,500.0,2017-11-24 12:04:50,2017-12-08,2017-12-10 15:46:23,16,1,13
0c6829c9d92a6bb545d7bf1734d094c6,4adddc79dab2cd4d1dadc18dd4c1c14c,SP,sao paulo,-23.572296895507503,-46.51511003876939,SP,-23.406901724083777,-46.84254171963375,38.12128688976622,1,1,135.9,19.42,5700.0,2017-11-23 11:33:08,2017-12-05,2017-11-25 15:07:03,2,1,11
d56ddc412e7725060f044aa15d7073d3,4e2af509f129461427e30d1283e8e81b,SP,mairipora,-23.322352248071105,-46.58973137816835,SP,-23.65869024839867,-46.52249513292757,38.02243745821806,1,1,23.99,7.78,100.0,2017-11-27 14:09:30,2017-12-14,2017-12-07 15:17:02,10,1,16
bdacdd00dc1b07da7c9d22575092a286,da88fb151f2bfdf7e7c8da4c41dc67c1,SP,sao paulo,-23.51925662032773,-46.603201803912526,SP,-23.211061972115367,-46.76376569389638,37.98730738806948,1,2,158.0,27.14,12100.0,2017-11-24 18:56:42,2017-12-14,2017-12-12 22:33:30,18,1,19
99d4dd36318ceb97e9feda8baade3ce2,f77941001d3f0ca5fa211d79882c0cd1,SP,carapicuiba,-23.514729556227827,-46.837387403778514,SP,-23.71627032001268,-46.53725160684408,37.91142668535081,1,1,68.99,7.78,250.0,2017-11-24 21:13:38,2017-12-12,2017-11-30 12:14:06,5,1,17
8e7d1676080ba7cfedefb6f056abf4cf,3451eab46fcf247fa3d16b691855dfce,SP,cajamar,-23.40933531764341,-46.86393274903693,SP,-23.595227193173283,-46.56076636913555,37.1878610656812,1,1,250.0,30.12,12250.0,2017-11-25 00:50:18,2017-12-14,2017-12-13 19:04:46,18,1,18
e75c86c6a3956189c2c40685452ae75e,84ff6c64c583bdec4bc0b0d2296879da,SP,sao paulo,-23.456417526646074,-46.670301248234736,SP,-23.539820103990145,-46.31780434759043,37.12253224126943,1,1,90.0,8.82,1150.0,2017-11-20 13:11:11,2017-12-21,2017-12-18 17:19:09,28,1,30
ee6e534a07e12c5f2bf72cc7fc6873df,161b084b1da1063f12c806260be8b0fc,SP,embu-guacu,-23.83394350350837,-46.81523885752993,SP,-23.62299459910628,-46.53766812565611,36.72278662208818,1,1,49.9,34.69,22200.0,2017-11-21 20:36:39,2017-12-04,2017-11-24 14:47:17,2,1,12
db2471b04ede0dfe4af0853853885267,55007379dd2d99a14efabde99644dbb9,SP,guarulhos,-23.44238589286745,-46.52134273841536,SP,-23.11477517799753,-46.553324741832185,36.57482783148157,1,1,34.0,8.27,100.0,2017-11-26 11:07:17,2017-12-11,2017-11-30 14:15:00,4,1,14
dfb28e6c33c63302a23a2166674f1864,6906ffafae86e29b5702189e0f1442d4,SP,cajamar,-23.41413002450185,-46.83064187069481,SP,-23.618396640025374,-46.55132033264193,36.42778965600423,1,1,139.0,12.18,1800.0,2017-11-24 21:39:39,2017-12-08,2017-12-08 00:47:46,13,1,13
61a61f269ab4229725a40cba01e8b65c,10a1c1849bdaf9e98abf78bdc22894f6,SP,franco da rocha,-23.29878079685525,-46.75826570234644,SP,-23.552032416180964,-46.53746144532288,36.06302733658836,1,1,99.99,11.9,1200.0,2017-11-23 16:15:20,2017-12-07,2017-11-29 11:18:40,5,1,13
aff6796e5ce68e2c614234e4121fff13,4af4936564836bd2e5cf83863af7fa4b,SP,sao bernardo do campo,-23.735050545844533,-46.60793203465671,SP,-23.933241296527093,-46.32942742274111,35.89009433592332,1,1,14.9,9.27,150.0,2017-11-24 21:26:30,2017-12-08,2017-12-04 18:39:15,9,1,13
385419e97be72d63a6bf3c005c838df2,8cb56399bb0ca3ae0549dae672b8caa1,SP,sao paulo,-23.66145212432623,-46.78602165889549,SP,-23.49901135775293,-46.48301004717532,35.77470195451026,1,1,13.99,7.78,50.0,2017-11-22 14:05:45,2017-12-04,2017-11-27 16:56:35,5,1,11
7922e481eb24d257ec8c04c6ca0ce170,d37974b9f02387c679655b3e8cdc3cdf,SP,sao bernardo do campo,-23.71073461296093,-46.54928061402915,SP,-24.00920985345376,-46.41937090980433,35.72154431299256,1,1,185.49,9.04,2050.0,2017-11-20 17:47:32,2017-12-01,2017-11-30 13:41:17,9,1,10
d31df581f4efcfd5c6f523bb0fed1bc7,64c3b046e53fead1e450ccccfbe966a6,SP,embu-guacu,-23.83394350350837,-46.81523885752993,SP,-23.65869024839867,-46.52249513292757,35.60248322972232,1,1,58.99,11.73,200.0,2017-11-27 11:43:42,2017-12-13,2017-12-04 19:12:10,7,1,15
0e1c841770446e9becaf95190493901f,a15a26030fa0d12ade628812f725194c,SP,embu-guacu,-23.83394350350837,-46.81523885752993,SP,-23.65869024839867,-46.52249513292757,35.60248322972232,1,1,56.99,8.72,400.0,2017-11-27 18:23:01,2017-12-15,2017-12-04 11:19:11,6,1,17
0b1e1706859ca49fb88d353540f6eaa2,4eb714feafc09a68b40b7fbcf5f25eb6,SP,indaiatuba,-23.100387883175795,-47.206840322090166,SP,-23.21130687949995,-46.88044951858166,35.57555509826383,1,1,58.9,14.13,7000.0,2017-11-20 20:22:08,2017-12-01,2017-11-24 20:02:32,3,1,10
2daeb63be09fd5dc894a806f32559eef,618574d8de4772230f589e9e6bc858c2,SP,embu das artes,-23.651135718275818,-46.80456122439265,SP,-23.46873685567546,-46.51806246391887,35.554024403098474,1,1,143.8,16.71,5950.0,2017-11-27 17:46:48,2017-12-11,2017-12-12 13:07:22,14,1,13
726e25ef948fc66eb94deea5f2c65a89,1c0f684a7ac9b27286bab298a8e9af79,SP,sao paulo,-23.598429580068125,-46.642119317790986,SP,-23.46681894869581,-46.32457947955707,35.526475100994745,1,1,94.0,13.21,2500.0,2017-11-20 20:58:17,2017-12-01,2017-11-24 21:05:22,4,1,10
a8e8374bd84c7cc644b29dbfa3f02be0,c6652827d91312454561a09fa5529fc9,SP,sao bernardo do campo,-23.73653045823469,-46.594076434849086,SP,-23.42439868040567,-46.5276677164868,35.36114095858008,1,1,44.9,7.78,100.0,2017-11-23 14:34:25,2017-12-07,2017-11-30 14:19:44,6,1,13
bf43f434abcaa2f045548a0592ee5e3c,55fbffedf0cf0c4d22b8385523cc40f7,SP,ribeirao pires,-23.709006513460096,-46.42764497831902,SP,-23.652442526788203,-46.75549168747648,33.97259996041418,1,1,35.0,7.78,250.0,2017-11-20 19:52:38,2017-12-01,2017-11-23 21:31:48,3,1,10
901fa9040bdb5022b65e359c25dcf76a,57ce584c0a8742956ee423f2f0b488b4,SP,sao paulo,-23.592974196779963,-46.6395901820648,SP,-23.489821337123363,-46.95315217080441,33.96025521581789,1,1,699.99,13.09,3711.0,2017-11-21 17:35:26,2017-12-01,2017-11-24 16:10:10,2,1,9
0c2bbee72e02611ffd7ba4c1b30b7a18,d3a6688ba3e7d1f5775d0ae9b2992712,SP,embu das artes,-23.659432129479463,-46.80205033902703,SP,-23.61528418040568,-46.47881749049814,33.29031173878251,1,1,119.9,12.04,1100.0,2017-11-23 21:49:07,2017-12-07,2017-12-02 17:13:28,8,1,13
22e06cbdd9638e481433e910bdd56d40,040823cb5374775c7c43e8e33fc5016a,SP,sao paulo,-23.50392321954523,-46.66499887852776,SP,-23.521808629753583,-46.34100219473756,33.095303167423445,1,1,35.9,11.73,1000.0,2017-11-24 22:04:33,2017-12-08,2017-11-28 22:32:36,4,1,13
1e7666fef7090957578fd3a4b58cf9ba,6b699449bde9b5ed80852b326ee283e1,SP,sao paulo,-23.50122948542905,-46.644282319320205,SP,-23.72288454509784,-46.85659934471119,32.793509716333844,1,1,32.5,7.78,150.0,2017-11-24 10:32:08,2017-12-08,2017-11-29 18:02:31,5,1,13
1f9102e61cbd0d6147b706875c920a72,ea13ed4c5895346a9bc1edb29a2f26ec,SP,sao paulo,-23.498476313347588,-46.69549342492354,SP,-23.211061972115367,-46.76376569389638,32.71013702882101,1,1,29.9,12.69,250.0,2017-11-26 16:11:57,2017-12-15,2017-12-07 18:07:10,11,1,18
ef9c3f4c087b655a9255b0c846640e7c,c4a6eac004cba7cfbdfd86c647dcf9a7,RS,porto alegre,-30.20766674021869,-51.18171247085809,RS,-29.9154979313812,-51.14278755030342,32.70294756177738,1,1,129.8,24.47,7000.0,2017-11-27 07:47:10,2017-12-11,2017-11-28 21:42:27,1,1,13
ce6e8af063580cc9f902fd9c1d171c33,fc326475445a5ab9acd69c20f52633c8,SP,osasco,-23.50869652534535,-46.77773503719197,SP,-23.61528418040568,-46.47881749049814,32.691081487391536,1,1,149.9,12.25,1367.0,2017-11-24 11:34:58,2017-12-08,2017-11-30 20:27:53,6,1,13
dd1eff57387644bafd3823d2d49560b7,a6d1f7d3fee8f81223a0baf690ce7557,SP,carapicuiba,-23.57241932843741,-46.81889442976561,SP,-23.584135489908583,-46.49855968914825,32.67185351923222,1,1,45.9,8.72,150.0,2017-11-20 11:47:23,2017-12-01,2017-11-26 19:09:06,6,1,10
82a7cba8d70a10e7e0e44e41a30772f7,5e6283cd338ed4776861535ddee19b20,SP,osasco,-23.57297189117152,-46.79301217659699,SP,-23.49901135775293,-46.48301004717532,32.65556026667346,1,1,13.99,7.78,50.0,2017-11-24 14:09:36,2017-12-08,2017-12-04 20:18:40,10,1,13
844ec50f4de4b51c2905edc92cfff82d,c231d1c8dfe0c0c263f5276e21a21545,PR,curitiba,-25.38745985141605,-49.2428856313153,PR,-25.45040220122144,-49.56040541360136,32.647688866019784,1,1,229.9,23.16,9800.0,2017-11-24 08:39:30,2017-12-08,2017-11-28 23:41:34,4,1,13
66b83d9733e90962483e931e9c6fb3df,98dd276233e59f41f2a896b097c2cc8f,SP,sao paulo,-23.642033521236048,-46.75217512101102,SP,-23.41889183250616,-46.9591508819105,32.571384618945366,1,1,45.0,7.78,100.0,2017-11-24 20:25:38,2017-12-08,2017-12-01 14:22:45,6,1,13
88355d23a2bdd3a707ab181aef5411e8,b2d4e0ab0bb21afe0f13b00f7b824fad,RJ,rio de janeiro,-23.01048058728148,-43.334463714813374,RJ,-22.95316063657791,-43.02849945201626,31.963248538087942,1,1,79.0,12.01,850.0,2017-11-20 10:59:42,2017-12-01,2017-11-22 20:38:42,2,1,10
631e1f23f43b7ccee3a0792a1852c931,b58dcebd1080a35715998c1c6b9f4d81,BA,dias d'avila,-12.612797045607262,-38.30149629456411,BA,-12.89472449617752,-38.33875838605659,31.60829577173644,1,1,246.62,10.94,900.0,2017-11-24 01:39:47,2017-12-11,2017-11-30 23:47:05,6,1,16
88b40db56f2c37efbf1b4e83db2b40ac,b64d179608bdee7945afe4f46f62c2e1,SP,sao paulo,-23.56127544240869,-46.461969257046256,SP,-23.652442526788203,-46.75549168747648,31.57824378815356,1,1,29.0,7.78,200.0,2017-11-24 08:45:23,2017-12-08,2017-11-26 14:18:59,2,1,13
09245c021d29cc570d8d5ca0aefd0f22,979c7ddcdcad9c14ec457b91c223d5b5,SP,sao paulo,-23.487188352501462,-46.69966864432453,SP,-23.211061972115367,-46.76376569389638,31.39339169192829,1,1,54.9,12.72,600.0,2017-11-26 22:06:07,2017-12-15,2017-12-03 18:52:12,6,1,18
fa347fa4c2178db364a55330081ae2d1,9fb80d4cb0b26f8938d1dbba00c0348b,SP,suzano,-23.49463428019892,-46.27860253042024,SP,-23.694415753534567,-46.4961230557628,31.38129188604773,1,1,65.0,9.34,1000.0,2017-11-25 19:13:23,2017-12-11,2017-12-27 19:36:38,32,1,15
47de8637746123051630916b1ab338cf,0b39d705dbfe16398432a7a048591853,SP,santo andre,-23.669716903553663,-46.50581698955484,SP,-23.484744245568784,-46.7347960830412,31.106340601567123,1,1,159.0,16.82,2750.0,2017-11-21 13:56:43,2017-12-01,2017-11-25 15:42:19,4,1,9
c79387fbdb009010c07a17127bd21f0d,ec431dbed870929c480d45d44d20971e,SP,suzano,-23.54774980834696,-46.293749082625176,SP,-23.47872386955392,-46.58823999999999,30.992372872653178,1,1,64.9,7.78,200.0,2017-11-24 18:41:11,2017-12-20,2017-12-11 20:09:36,17,1,25
725c8fc9683d4ff47be7ba7dd796d979,182330337736a67c471fc5cbbe74dd22,SP,mogi das cruzes,-23.552717737001657,-46.200320606340384,SP,-23.51253401672528,-46.501049539944844,30.98234839647802,1,1,15.99,7.78,50.0,2017-11-26 12:29:26,2017-12-11,2017-11-29 14:47:10,3,1,14
3c057da49a74023e52c0ec5ba76843c0,e1cec7320862fd69efe785e3d8f90c1e,SP,sao paulo,-23.460492468492163,-46.66810763232154,SP,-23.717189479369523,-46.55358758458623,30.836901908359803,1,1,40.0,7.78,700.0,2017-11-22 13:53:31,2017-12-04,2017-11-29 17:48:21,7,1,11
81b1fd6b50d083d07912773bb6c8095c,6e438314a83b16bf069789bea2ce4596,RJ,rio de janeiro,-22.913903976123883,-43.59099140240968,RJ,-22.84258446627047,-43.303678777468456,30.48407520467551,1,1,29.99,8.9,450.0,2017-11-24 23:00:33,2017-12-14,2017-11-29 22:14:42,4,1,19
3a0fca622908ee6ccd5f9f2ff9e41d91,7022ca80e9e04a1471c83127cbb653a1,SP,sao paulo,-23.43404750501604,-46.7750641282929,SP,-23.53526522231519,-46.497580438802,30.45495608012693,1,1,35.99,8.72,575.0,2017-11-27 01:09:46,2017-12-11,2017-11-30 03:33:31,3,1,13
7ccc11577ae58791fde9fe83f4c7f106,b7dbc8874c0f2dca8ff7b3cbd24c4f00,RS,caxias do sul,-29.150934403460155,-51.20343852456362,RS,-29.15536700273888,-51.51516125561644,30.275033413595743,1,1,120.0,41.3,18100.0,2017-11-26 19:20:04,2017-12-12,2017-12-12 13:42:42,15,1,15
d2c8a179d7dd7749412fc021f8ce8212,1cdcff42fb99ee8d452a29856484240f,SP,guarulhos,-23.464392221253405,-46.54089662683938,SP,-23.652442526788203,-46.75549168747648,30.2600135507911,1,1,49.0,7.78,250.0,2017-11-24 01:13:00,2017-12-08,2017-11-26 13:56:55,2,1,13
b048658d074ad2c4863ea7021ddfe990,a2618f04f2eb07c068682d871cf7f5d9,SP,sao bernardo do campo,-23.68698516287448,-46.552552123595405,SP,-23.5534512513272,-46.80868874516693,30.02364878310086,1,1,189.9,17.03,5450.0,2017-11-24 11:42:09,2017-12-12,2017-12-01 13:38:39,7,1,17
30f8d07f72dd2d73a608b365a861f3e2,351a70ced211e5f92c119a0b7a72090b,RJ,rio de janeiro,-22.98083198763354,-43.49401087023982,RJ,-22.916833051618703,-43.21798092630852,29.145989582284678,1,1,16.9,7.94,100.0,2017-11-27 12:55:58,2017-12-11,2017-12-01 19:27:53,4,1,13
c8e3106879ca183126a8033f35d62bfe,ad5a008e1d77152cc956b926f893b603,SP,sao paulo,-23.552916506520862,-46.63970305438866,SP,-23.72288454509784,-46.85659934471119,29.07487999502456,1,1,32.5,7.78,150.0,2017-11-26 22:54:04,2017-12-11,2017-11-30 21:33:06,3,1,14
771596702a2e0245fb67b093182acb03,e16ec82ed66f16aa48f8bc6bbb287575,SP,sao paulo,-23.470207805989983,-46.67165343075192,SP,-23.678743908783414,-46.50281468519531,28.87518174277696,1,1,238.9,15.28,3600.0,2017-11-27 15:47:46,2017-12-20,2017-12-14 17:36:42,17,1,22
a6fe431baa19e8ce94388a492ac80d35,52fe8f0d46227cecc08e692dbe3c16fa,SP,sao paulo,-23.50926448483579,-46.60351726922744,SP,-23.46681894869581,-46.32457947955707,28.835419261638528,1,1,174.99,10.04,1350.0,2017-11-21 18:37:11,2017-12-01,2017-11-24 19:21:10,3,1,9
c639deb1d7acde15275d18404daa749a,44b3f562054b91c7cb2ce3e856461b67,SP,sao paulo,-23.67077393186277,-46.68567454056232,SP,-23.539675631138568,-46.44437114131387,28.58326420639515,1,1,24.0,7.78,200.0,2017-11-24 17:19:21,2017-12-08,2017-11-30 13:58:50,5,1,13
7031b05cc11f30cbe06d8ec8ab1b58b9,7b29a7ee094e5b0bea7fdec9439ce6ac,SP,sao paulo,-23.57130234332621,-46.47930265361119,SP,-23.75078457239132,-46.67886788439901,28.48535568157553,1,1,44.49,7.78,300.0,2017-11-25 10:24:17,2017-12-11,2017-11-30 16:48:35,5,1,15
e4a664fb766c91a75ec091362183c42f,cc3972519bcbe5e8a1ea0cb1c23a99de,SP,sao paulo,-23.61397075686712,-46.480166554677126,SP,-23.652442526788203,-46.75549168747648,28.37147337892366,1,1,49.0,7.78,250.0,2017-11-26 17:09:48,2017-12-11,2017-11-30 01:38:43,3,1,14
010078e0913f48d014483bd856c01ca1,cba40225005628d0bb62cc9d15c9333f,SP,sao paulo,-23.60574671038429,-46.65895225200536,SP,-23.48886692200935,-46.41156105828381,28.369970606643403,1,1,49.89,8.72,500.0,2017-11-26 14:52:03,2017-12-21,2017-12-05 22:13:43,9,1,24
ed63e82cc089fa6625b919b6533ff7bc,d62fe8fd4137b91ddd653cccd56811b1,SP,sao bernardo do campo,-23.685733850901705,-46.56158498222641,SP,-23.52828195706222,-46.77983133527613,28.302091933997414,1,1,179.49,9.45,550.0,2017-11-22 09:16:35,2017-12-04,2017-11-23 21:49:43,1,1,11
52d20325fb774c95fce2a21dd831fc67,45a487f7d6b7c0d34a76f91c45c060a0,SP,guarulhos,-23.4543169067459,-46.55061294677997,SP,-23.70171457660069,-46.51267210796927,27.77977606566374,1,1,79.5,13.11,2850.0,2017-11-25 13:20:07,2017-12-11,2017-12-01 13:18:22,5,1,15
ead6e94505588441e5b1137582a2a1b1,371d4dbc5b397a2d011aeeba1580f194,SP,guarulhos,-23.42197037246811,-46.43678375728547,SP,-23.65869024839867,-46.52249513292757,27.73435336205604,1,1,56.99,8.72,350.0,2017-11-26 15:24:50,2017-12-14,2017-12-11 22:07:45,15,1,17
22c3c17767ef06b388b1a0e1820d5338,05509281332c17164b8366e66f2a9ab6,SP,santo andre,-23.66666607132555,-46.54953674798031,SP,-23.42439868040567,-46.5276677164868,27.030986095652143,1,1,111.9,11.99,2550.0,2017-11-27 12:28:47,2017-12-11,2017-12-03 10:23:01,5,1,13
18167ddaf5805d7289af17daa51f35a3,98c39fc267125138d4b5a51bd2bb5e63,SP,suzano,-23.54774980834696,-46.293749082625176,SP,-23.66256651259204,-46.52741092389908,27.0151459478012,1,1,82.0,7.83,400.0,2017-11-24 18:41:11,2017-12-08,2017-11-29 22:18:52,5,1,13
0c33ff1cd479e404710b74a6077f6248,4b68278d4590a304f97e2943948c8d83,SP,sao paulo,-23.604240981678146,-46.693814186508185,SP,-23.563814008050084,-46.43270917051042,26.985548016851908,1,1,19.99,7.78,226.0,2017-11-26 13:10:46,2017-12-11,2017-12-01 20:32:17,5,1,14
4e2a8ecdaf9ce150d44ab12a6ea1c621,6ea3afed1e06ef8068705aac32a1cf9f,RS,porto alegre,-30.156396994952924,-51.1701265298801,RS,-29.9154979313812,-51.14278755030342,26.91572270959462,1,1,129.8,24.47,7000.0,2017-11-24 09:03:59,2017-12-08,2017-11-27 21:12:32,3,1,13
8d28e43aa8a24c8f9a2ac2358f86151e,15ae0cb93a9732892dbedd426f0e0e96,SP,sao paulo,-23.601389165964623,-46.70161204328015,SP,-23.437197,-46.51136742270183,26.637721369077017,1,1,69.77,7.78,100.0,2017-11-21 13:56:31,2017-12-01,2017-11-27 21:09:58,6,1,9
e0043b9e113bdc5f84b14893d62e00ac,567e09a51ff57f2f6ef54ef2dcb742e8,SP,santana de parnaiba,-23.45368695730606,-46.8821892773317,SP,-23.6140872536788,-46.68886585673923,26.580821038830862,1,1,159.0,12.32,1300.0,2017-11-24 12:00:57,2017-12-08,2017-11-30 19:26:44,6,1,13
aae84f9096ee934bec7b48604a47e6e1,d6a75734ce93d5310fc80deb80792687,SP,santana de parnaiba,-23.45368695730606,-46.8821892773317,SP,-23.6140872536788,-46.68886585673923,26.580821038830862,1,1,129.0,13.46,2000.0,2017-11-24 12:00:57,2017-12-08,2017-11-30 19:17:40,6,1,13
09d20920406c53e92821c0f4a82b3811,ef4330e4999fdb2780359307807093bd,SP,guarulhos,-23.413511273659765,-46.49633196703508,SP,-23.625852663887155,-46.61139748251486,26.36525468686861,1,1,17.99,7.78,150.0,2017-11-24 00:56:54,2017-12-08,2017-11-27 12:04:08,3,1,13
662c788b9c2ea48e41b682f578f481ec,f306df97ddae62e06c5c172fc27ea0e4,SP,sao paulo,-23.39851248542905,-46.75304297155057,SP,-23.499545409978776,-46.5194138057353,26.348040217778465,1,1,243.0,12.91,1000.0,2017-11-25 17:38:44,2017-12-12,2017-11-28 19:48:55,3,1,16
c48ec7c034c645ae4c720e62205e993b,240f2bd361ee42f7570caf78cd615dc3,SP,santo andre,-23.624257693591645,-46.51504239570952,SP,-23.46681894869581,-46.32457947955707,26.142400452414336,1,2,29.98,17.44,1100.0,2017-11-27 12:29:25,2017-12-11,2017-11-29 14:03:51,2,1,13
70303c8f09c18171b0c0b226b699436e,12c0a2ff9cb14a1215dd2b9b8616ce06,SP,santana de parnaiba,-23.4252098698804,-46.85684328117762,SP,-23.539439503750906,-46.63284391414975,26.138479661415776,1,1,14.9,7.78,250.0,2017-11-25 10:31:33,2017-12-11,2017-11-30 20:04:24,5,1,15
7cb46c0eb2855e57112f72215ac78d47,6e61720c966581034cb3b2be8178a409,SP,sao paulo,-23.73358660851753,-46.690567564804674,SP,-23.509170188181628,-46.75830543102605,25.890624206323377,1,2,898.0,86.2,42200.0,2017-11-22 08:33:09,2017-12-04,2017-11-28 13:15:11,6,1,11
07d9d11b0175952638ddd53d7855f8a7,a1c779cddccf5ffe60e543d3ce0dc477,SP,sao paulo,-23.54785986816893,-46.658684483755614,SP,-23.68591165811716,-46.45659004005863,25.6822826673403,1,2,69.56,17.44,400.0,2017-11-22 16:40:23,2017-12-04,2017-11-30 13:49:03,7,1,11
ad5425b24e9a5cadeaebcb9f6f8347f7,4d86f06c136243959cf7ca6229d2a684,SP,franco da rocha,-23.32258526807449,-46.71442798369574,SP,-23.45941114552623,-46.91651548402723,25.62889339687962,1,1,68.99,7.78,50.0,2017-11-21 21:20:41,2017-12-01,2017-11-25 16:37:47,3,1,9
1465a7b4d155c2736d2e73c53d7f0441,6faf168195ded35ec08a4de7b72d0953,SP,sao paulo,-23.494659558976306,-46.57459055245542,SP,-23.652442526788203,-46.75549168747648,25.450416916158712,1,1,29.0,7.78,200.0,2017-11-22 20:02:58,2017-12-04,2017-11-25 13:58:46,2,1,11
9edba4db56f4797983bd410419163414,cc932803d89b596be60618968c4cf2f7,SP,santana de parnaiba,-23.47245438500304,-46.84936849791564,SP,-23.537163400080807,-46.61070457146976,25.37765670304145,2,2,124.9,19.6,1750.0,2017-11-27 12:25:21,2017-12-11,2017-11-30 22:03:56,3,1,13
c87eec6cce9feaa006f84b7154c745cd,a444ac8a7f4353e5218cc4b2040775a8,SP,sao paulo,-23.656471699113137,-46.64723678831716,SP,-23.490514739107848,-46.47725188181562,25.311224940790755,1,1,49.9,23.11,1200.0,2017-11-23 21:52:19,2017-12-07,2017-12-02 02:36:34,8,1,13
0be58fa3e26bcefe9530b3e5ec888b7e,c2435f2aefcb4a3b7fbfdfa47db46af5,SP,guarulhos,-23.472728402995,-46.538989187344896,SP,-23.67008162864273,-46.66049702840489,25.197723771805165,1,1,166.99,13.72,2350.0,2017-11-22 10:58:57,2017-12-04,2017-11-28 19:57:08,6,1,11
80de45019ba6e7e9fed689c68e1d67e8,2f74e51046cbf8cfcc3b8c754e1e1fdc,SP,sao paulo,-23.545862025535225,-46.64865339647412,SP,-23.48886692200935,-46.41156105828381,24.99063888901952,1,1,49.89,8.72,400.0,2017-11-24 11:48:21,2017-12-20,2017-12-01 16:43:45,7,1,25
b4aa3480c0ed15b8bf7f9d32a64c2426,d950a3cf4d3d4765ff33d20db0e0e6e3,SP,itapecerica da serra,-23.710979053292142,-46.85103183305166,SP,-23.611654194010004,-46.63146857729816,24.94059943646422,1,1,199.9,12.6,1100.0,2017-11-27 00:27:50,2017-12-11,2017-12-02 01:12:46,5,1,13
f54e915fb2be62e8497873a69bfa151b,4f48eb37263de462dcd813b1213d1089,SP,sao paulo,-23.48124959991976,-46.59321373175024,SP,-23.69050632209016,-46.67948403830283,24.873732586747145,1,1,59.9,9.34,1000.0,2017-11-24 21:49:05,2017-12-08,2017-11-28 11:52:22,3,1,13
560dbca079541765d29129e9b652f8c2,0b7f21f33e24667de2d6258aa72ab369,SP,sao paulo,-23.57318784846209,-46.747718936724524,SP,-23.65869024839867,-46.52249513292757,24.83800787501642,1,1,53.99,7.78,200.0,2017-11-24 08:55:16,2017-12-11,2017-11-28 15:21:39,4,1,16
f5bbb2a9895fe8531e35393e1efd901c,73c96542370e29c3df46ca13fd868b31,SP,sao paulo,-23.50752226672053,-46.5073156363986,SP,-23.719823491922494,-46.564917738308495,24.325378645248616,1,5,45.0,58.650000000000006,5500.0,2017-11-25 05:34:43,2017-12-11,2017-11-30 21:41:39,5,1,15
e9a4388d99d4837e68ceefb1aa99b488,c13a85355f07a130c447f7f1085a81bf,SP,campinas,-22.91154216180968,-47.07547752994448,SP,-22.986269342347207,-46.85229042519152,24.316790264033457,1,1,65.99,9.34,500.0,2017-11-24 20:33:01,2017-12-08,2017-11-28 15:34:39,3,1,13
4bd80487e45eb96ed277f47d7b9dca63,b791f3a14af336adefada909e64691b1,SP,embu das artes,-23.64428184430716,-46.89710931622576,SP,-23.67008162864273,-46.66049702840489,24.269208655056687,1,1,494.99,14.67,1200.0,2017-11-25 08:05:08,2017-12-11,2017-12-08 16:57:45,13,1,15
4277dbc4f6e73a6cd3378628f7883f92,f58323e013370cea83bbb78d629c2a3a,SP,sao paulo,-23.52731184179699,-46.56207954119767,SP,-23.652442526788203,-46.75549168747648,24.12571176414098,1,1,69.0,7.78,350.0,2017-11-27 21:12:52,2017-12-11,2017-12-02 14:34:39,4,1,13
13ff6c4c055b81a28af3b21f157f4255,452bba6986ea29efd283237ca1ba0725,SP,guarulhos,-23.44540306189049,-46.54143494679429,SP,-23.65869024839867,-46.52249513292757,23.794899860494827,1,1,56.99,8.72,400.0,2017-11-24 11:27:12,2017-12-11,2017-12-04 16:23:44,10,1,16
3a7a99040c2a6fd18a04eb7bfb715822,6ab350dd23c967db53a819857522171a,SP,sao paulo,-23.473127074383964,-46.63734175243804,SP,-23.659182,-46.52514198029314,23.638519229066706,1,1,49.9,8.72,444.0,2017-11-27 00:09:44,2017-12-13,2017-11-28 17:57:06,1,1,15
792fd20f4c1379e85e6bd7ea35240248,34c7f6d763e368d684f4b4b9add0cd38,SP,sao paulo,-23.634475148991257,-46.73218860192456,SP,-23.70171457660069,-46.51267210796927,23.573085799718083,1,1,74.0,13.08,2300.0,2017-11-26 21:33:58,2017-12-12,2017-12-01 19:58:34,4,1,15
0e58e440db9719a92aae3d8ce4201168,7eb65253e071f9123cc70887599b39ee,SP,embu das artes,-23.669919328035405,-46.802391524496485,SP,-23.72650754342439,-46.57996607380704,23.5048975111275,1,1,34.54,7.78,1000.0,2017-11-23 18:20:53,2017-12-07,2017-12-03 16:54:35,9,1,13
3115a0ecede1ece608fb651ff9ebbe73,6e65cc8b1e891b75f2fdbf78446f4711,RS,sapucaia do sul,-29.810276619342403,-51.17247726935923,RS,-30.02058253621103,-51.1535145599737,23.456259588232022,1,1,97.0,9.89,900.0,2017-11-23 11:16:22,2017-12-05,2017-11-27 17:48:41,4,1,11
148a2bcb04ca38f2580d863dfd36b05f,b3698dc271a3175f13d5c4616e2dc0df,SP,sao paulo,-23.663960247092824,-46.69518833611286,SP,-23.473052978908186,-46.60034358604072,23.3252210002719,1,1,32.99,7.78,150.0,2017-11-24 13:39:59,2017-12-08,2017-12-05 16:48:50,11,1,13
070d0196420dc138bcfaa72cb10eea02,3bed766b475a1eb116f9bfa0121d75f4,SP,suzano,-23.63124008748658,-46.32745978585071,SP,-23.552032416180964,-46.53746144532288,23.141058304040573,1,1,144.99,12.22,1050.0,2017-11-25 13:10:33,2017-12-11,2017-11-29 04:28:50,3,1,15
9e7088941513acdd786e771544ff78a7,e71fe33c737841b5ecb75b8562490529,SP,poa,-23.522125006804814,-46.34902825051069,SP,-23.595227193173283,-46.56076636913555,23.06185089874921,1,2,65.98,18.68,1500.0,2017-11-24 21:33:41,2017-12-11,2017-12-06 16:57:53,11,1,16
ce9f67e52bc01bbf89c7ccc42923de1a,f21708444e76d160f1dd7f3beae7ed9b,SP,sao paulo,-23.703874271163937,-46.691080447983055,SP,-23.552032416180964,-46.53746144532288,23.021344779524256,1,1,129.99,12.11,1600.0,2017-11-20 12:47:40,2017-12-01,2017-11-22 17:31:34,2,1,10
762d133d5121c48c9e5c85be852eb0a6,72dedd2bb847fd4494d22b99a1e7a938,SP,sao paulo,-23.518119818590403,-46.411662038028695,SP,-23.539439503750906,-46.63284391414975,22.67379237037245,1,1,15.9,7.78,250.0,2017-11-23 09:13:22,2017-12-05,2017-12-04 13:59:34,11,1,11
55fe3844ec031c3bf60449b7e37d4d85,72f7c6ae75d7bb4765dc06b93e1dfd4b,SP,sao paulo,-23.74398649570083,-46.71031943672453,SP,-23.595227193173283,-46.56076636913555,22.48521038206441,1,3,115.2,28.02,4200.0,2017-11-22 16:19:20,2017-12-05,2017-12-01 13:57:52,8,1,12
467f3d18f63e2f01ade50df74d40457b,9b28e0736b3a594b4d253cb11227d360,SP,limeira,-22.56667829871647,-47.38666335498297,SP,-22.76691769750597,-47.38858556770016,22.26647879037203,1,1,49.9,9.09,400.0,2017-11-25 00:18:14,2017-12-11,2017-11-28 17:39:22,3,1,15
b7b11f6c6708310dfe528e5b729399a5,0d92a8c5b4ea740017de97793b717392,SP,sao paulo,-23.59564955453289,-46.64234378864907,SP,-23.437197,-46.51136742270183,22.108163122827143,1,2,99.54,15.56,200.0,2017-11-24 00:35:59,2017-12-08,2017-11-28 17:23:08,4,1,13
bb2683bb3a0698a14f77b5f8f3749a04,a8a05978d0c8cf453db5a3089314aa88,SP,osasco,-23.541535066149105,-46.79192572730685,SP,-23.7169581397296,-46.69411154232787,21.903928213501985,1,1,41.9,8.72,500.0,2017-11-24 22:12:33,2017-12-08,2017-11-28 19:27:52,3,1,13
c80a0f4c8860db02b33d08ecf2c6e03c,0ce599987d368a757f0818f3eef800e4,SP,osasco,-23.509647981958324,-46.78850494829349,SP,-23.689300411593344,-46.70065806950787,21.8902189838724,1,1,75.0,8.72,400.0,2017-11-22 18:43:55,2017-12-04,2017-11-29 22:48:29,7,1,11
42e5f73161b3e88fdadd792613be1da9,34a4d97b83f57da56a9bd770932ae017,SP,sao paulo,-23.5528355903399,-46.65316948972822,SP,-23.70171457660069,-46.51267210796927,21.88414370604801,1,1,98.0,13.24,2900.0,2017-11-25 14:15:57,2017-12-11,2017-11-29 18:29:04,4,1,15
5c1cabc415efcc828343f3b4b284b026,9675a538e974ae5f04d201698b7193e7,SP,mairipora,-23.322352248071105,-46.58973137816835,SP,-23.211061972115367,-46.76376569389638,21.660901701223217,1,1,79.0,13.57,5850.0,2017-11-24 21:53:00,2017-12-14,2017-12-05 21:08:55,10,1,19
1aa78d3a94e9d8054d63fd230c076bf6,07c7380ec99877459637515df52ee55a,SP,sao paulo,-23.531603642102844,-46.49171129724742,SP,-23.717189479369523,-46.55358758458623,21.577523583473788,1,1,299.99,10.91,2000.0,2017-11-24 18:49:41,2017-12-08,2017-11-29 17:09:17,4,1,13
39fc0202a3b70b2619a6f3e579beedeb,32c8f809c0e126b86603a26be33d683c,SP,carapicuiba,-23.53044287273509,-46.83324903547512,SP,-23.65158034194123,-46.66804610713254,21.56008376176213,1,1,79.9,9.37,650.0,2017-11-27 17:56:22,2017-12-11,2017-12-04 22:52:05,7,1,13
0efaa1dd18856769a1bcc489004fbe3b,a74fe4b2c5b909ee24bdcece5d4bf0f9,SP,sao paulo,-23.54361420483005,-46.68766584999129,SP,-23.60605079085408,-46.48964576276761,21.341906761453718,1,1,59.99,9.34,350.0,2017-11-20 10:59:50,2017-12-01,2017-11-24 17:39:27,4,1,10
aa8a0a13a82200ca731915b262113b2e,999ea745e15b6f7bcb451e51d1b9d64e,SP,sao paulo,-23.544184662502165,-46.63214268206478,SP,-23.70171457660069,-46.51267210796927,21.33001035758832,1,1,74.0,13.08,2300.0,2017-11-27 14:59:57,2017-12-12,2017-11-29 14:12:38,1,1,14
c0805c744ff47283d91804ab88a2e5c6,feb25a9935622c0e73e43acf72412f51,SP,sao paulo,-23.66615225087014,-46.78746324276619,SP,-23.539439503750906,-46.63284391414975,21.13597832121253,1,1,14.9,7.78,250.0,2017-11-24 14:43:03,2017-12-08,2017-12-02 01:54:38,7,1,13
2eb519d713a6e605650dd4bd730c17d0,2e71aa109599d6697fb5a51d88a4600d,SP,sao paulo,-23.53738472745108,-46.57701985457893,SP,-23.68122370760001,-46.712072181862766,21.098703316001934,1,1,399.0,11.61,600.0,2017-11-26 21:11:22,2017-12-14,2017-12-14 18:27:09,17,1,17
39d4caa5cd784e6ef7f07b8f325263c5,1aaa745c60b376fd11b24227bd16c93c,SP,sao paulo,-23.562466386346568,-46.660461365110514,SP,-23.75078457239132,-46.67886788439901,21.02377924984177,1,1,23.49,7.78,100.0,2017-11-22 14:16:50,2017-12-04,2017-11-25 16:13:10,3,1,11
46f294819f56193f9e3566a3cc3ac123,48c6b082b2b8491612d56021f6a29501,MG,ribeirao das neves,-19.77026405421772,-44.14373545403279,MG,-19.95254268289243,-44.196132792948255,20.996144232286365,1,2,59.98,16.22,350.0,2017-11-24 23:09:45,2017-12-08,2017-12-02 01:12:10,7,1,13
84effd777e819e984c091302a37641d4,9baa3ebdd47ab308b0a043a9ff5a9f10,SP,sao paulo,-23.53705271494464,-46.67955799932098,SP,-23.65869024839867,-46.52249513292757,20.95403454323988,1,1,6.0,7.78,50.0,2017-11-24 23:17:46,2017-12-12,2017-11-29 18:19:02,4,1,17
8aedd66eae5f4f4537a5eb29f68c2dfa,7dbec27f30126b986adc8caa927f7e76,SP,sao bernardo do campo,-23.70391676910317,-46.56633214006148,SP,-23.569882978500623,-46.71049857687159,20.923546014010483,1,1,35.0,7.78,100.0,2017-11-24 21:32:21,2017-12-08,2017-11-30 20:27:53,5,1,13
64cc5eadd86b15a6b38bddbeb61ef944,a1188e9345ab24476119f9fedd151813,SP,sao paulo,-23.594790614490144,-46.68693037996994,SP,-23.54241282514857,-46.49070640341336,20.829803262467816,1,1,18.0,7.78,150.0,2017-11-24 16:40:20,2017-12-08,2017-12-04 19:32:45,10,1,13
4f348896f3a3026792f1e8794746263d,930b16e4f16b2e13a346bd2c232ef0c6,SP,sao paulo,-23.54993737510817,-46.58443022898028,SP,-23.652442526788203,-46.75549168747648,20.82606221079453,1,1,29.0,7.78,200.0,2017-11-24 13:16:06,2017-12-08,2017-12-01 00:33:08,6,1,13
e95fc2995e8119f6216b0fed9887ef3b,97144965e658e088379f20e1b464cf2c,SP,itapecerica da serra,-23.72288454509784,-46.85659934471119,SP,-23.65158034194123,-46.66804610713254,20.77248843296745,1,1,69.99,9.34,500.0,2017-11-26 20:36:27,2017-12-18,2017-11-29 16:03:36,2,1,21
465b896aa34a4d4f8c359165ee6f066c,652590e825b424ac6fd3eb87ebe70f59,SP,sao paulo,-23.7169581397296,-46.69411154232787,SP,-23.537493461278807,-46.63974517262972,20.70988740176547,1,1,13.65,7.78,150.0,2017-11-24 16:15:05,2017-12-08,2017-11-30 19:34:51,6,1,13
442ec78ed357a4b45b7a0a5b67c2f050,9cc757866e6bd3ba3424621b7da03624,SP,sao paulo,-23.520577162201285,-46.539568461697165,SP,-23.50194772122327,-46.74115292908592,20.658419382824707,1,1,37.9,7.78,300.0,2017-11-24 22:24:43,2017-12-08,2017-12-08 19:03:33,13,1,13
9953a7ab74d92e52a8be42b9f3fc2e38,3bbbc47ac0d8276205240f0868fbf377,SP,sao paulo,-23.637621216486806,-46.73668171051419,SP,-23.717189479369523,-46.55358758458623,20.638019982004696,1,1,299.9,10.91,2000.0,2017-11-24 17:26:24,2017-12-08,2017-12-07 14:28:35,12,1,13
cf057afc06ce934f9899caadecdf409c,051a0fa5363efa358bb6b04123df227a,SP,sao paulo,-23.66530789869583,-46.73158235068379,SP,-23.48085590563506,-46.71032357035894,20.62424385025481,1,1,45.9,9.34,800.0,2017-11-20 11:46:16,2017-12-01,2017-11-25 17:42:16,5,1,10
abcb5732ae98a4a1c26bbab6f10d008a,1693c21263bef845b8651d7036f6bb49,SP,sao paulo,-23.44663095920133,-46.79984703565396,SP,-23.473052978908186,-46.60034358604072,20.56103368487915,1,1,32.99,7.78,150.0,2017-11-24 04:50:59,2017-12-08,2017-12-03 20:19:02,9,1,13
5b7ffb8d013b6d0b4ae7a8f454fa9bd7,48577f823aa2ebde3bda0767a3e1b925,SP,itaquaquecetuba,-23.46088010965037,-46.31708098228367,SP,-23.46873685567546,-46.51806246391887,20.51864431821229,1,1,80.4,13.12,4825.0,2017-11-20 21:52:34,2017-12-01,2017-11-25 03:10:23,4,1,10
5dbc20fb1b96be418fe609dd113655a8,1e04f6c665111394a7c7b9fa99e4d66f,SP,sao paulo,-23.61488328621765,-46.603165620234286,SP,-23.52828195706222,-46.77983133527613,20.41856910832985,1,1,179.49,9.45,500.0,2017-11-22 12:58:17,2017-12-04,2017-11-23 21:13:41,1,1,11
fefeb61b51f4a30efa5d44a833e3a797,29e994be5ff2076a7a75bf09f73a9735,SP,sao paulo,-23.635116922557604,-46.60340351304175,SP,-23.48085590563506,-46.71032357035894,20.32228354428728,1,1,39.45,9.34,800.0,2017-11-27 23:32:29,2017-12-11,2017-12-09 16:17:34,11,1,13
415c757c7bfdcb97055fb594b1672748,62c2c4e5b154ee57a365a112c97f9a65,ES,serra,-20.154449604793754,-40.26902634463907,ES,-20.27110455009337,-40.41523240211024,20.02521008583752,1,1,99.0,20.65,9000.0,2017-11-25 15:20:38,2017-12-12,2017-11-29 04:43:34,3,1,16
48b3645f62cbacd4396279c43e8fb4b2,c8acaa9e724e15c79813b36a6f243d1a,RJ,rio de janeiro,-22.95640160921003,-43.19436326643208,RJ,-22.970894018595992,-43.38784233625709,19.87440885010138,1,1,252.0,9.18,200.0,2017-11-20 15:58:23,2017-12-01,2017-11-23 17:51:48,3,1,10
54359cee0d9645cef070695ce5539d7c,b388b2797830d21dcad966b748af7a9a,SP,ribeirao pires,-23.65909305961592,-46.37122680474448,SP,-23.53092873105776,-46.50688497169482,19.854057259538084,1,1,44.99,13.08,2150.0,2017-11-25 00:32:14,2017-12-11,2017-12-03 11:09:03,8,1,15
984174bcd02edf2e6d81d8505a6f69d3,1e82f0d500dd0c3e22a04421762b7590,SP,sao paulo,-23.564759877604,-46.635579188729885,SP,-23.70171457660069,-46.51267210796927,19.71479861484849,1,1,79.5,13.11,2850.0,2017-11-25 23:44:22,2017-12-11,2017-12-01 20:06:43,5,1,15
f3ae56eac64675deaceadab284172cb6,068d6956b4f2f9a39cfb807516f55ecb,RJ,rio de janeiro,-22.81682138980902,-43.29352302276526,RJ,-22.870342477927228,-43.47241109832717,19.27316730364948,1,1,108.0,9.77,1000.0,2017-11-24 10:35:46,2017-12-08,2017-11-29 18:22:45,5,1,13
9c3baed00b2a9346c17579ea668f3029,b12da88cab7326387e8976dc76afcd77,SP,sao paulo,-23.582684685442945,-46.58240955675459,SP,-23.652442526788203,-46.75549168747648,19.264429146902994,1,1,39.0,7.78,250.0,2017-11-24 15:04:38,2017-12-08,2017-11-29 18:38:26,5,1,13
5074238c56f199449436a1260aead2fd,d4bb2e041f38325c883fb27e50d2b212,SP,sao paulo,-23.49341021371684,-46.74070280835593,SP,-23.65158034194123,-46.66804610713254,19.08298215951251,1,1,99.99,9.51,550.0,2017-11-25 10:00:53,2017-12-11,2017-11-30 18:17:12,5,1,15
e92b69e2e3106b4df04098d3f92d4c18,04ca69cc705242a6cb2465813eab22cc,SP,sao paulo,-23.594103513185964,-46.78596851762937,SP,-23.537163400080807,-46.61070457146976,18.95205199195152,1,1,89.9,11.83,1500.0,2017-11-25 00:12:11,2017-12-11,2017-12-05 18:42:23,10,1,15
f4e085544efde9d6743c281b3454a482,99807c5c57f7fc9155f43f804e1d2ccd,SP,sao paulo,-23.46085584124873,-46.651962577990645,SP,-23.625852663887155,-46.61139748251486,18.80704507366813,1,1,43.99,7.78,250.0,2017-11-21 07:13:41,2017-12-01,2017-11-23 14:28:31,2,1,9
3f27ed06b2513b7e6cad3d148e049bac,37901da82354e25caf037388d8138674,SP,sao paulo,-23.482295622540228,-46.647257882739886,SP,-23.62609284359048,-46.7441113627446,18.79168374300305,1,1,129.99,14.51,5250.0,2017-11-20 11:46:11,2017-12-01,2017-11-22 11:51:41,2,1,10
7d77fa53e7aaa8b90c3bf1d55392d432,60be6efd06ea26069011a291c11a36c1,SP,sao paulo,-23.65294351125273,-46.70332978893754,SP,-23.484018352761268,-46.69810605682614,18.791164198606047,1,1,59.9,7.78,100.0,2017-11-21 15:44:48,2017-12-01,2017-11-24 19:42:48,3,1,9
8b789ca665189f9775d769aae16cf24f,e13c22b9d062cfe08945c4f1de743846,SP,sao paulo,-23.53685195752789,-46.56762247403209,SP,-23.676289828452155,-46.6699021447429,18.681561787221373,1,1,57.39,9.34,200.0,2017-11-21 15:19:25,2017-12-01,2017-11-23 15:59:16,2,1,9
3e7a5341d84707eefa28c4d2273e60ae,823f621f5037d971a15b0cb861f8c554,SP,sao paulo,-23.577273911189312,-46.67300311656761,SP,-23.53526522231519,-46.497580438802,18.48070618108542,1,1,19.99,9.34,650.0,2017-11-24 10:31:52,2017-12-08,2017-11-27 19:12:49,3,1,13
719a96d91d44ae214ba638b02db33331,b5d5a9c1b46698fde8e82171124dcf4a,SP,santo andre,-23.673745717019944,-46.538310096716536,SP,-23.54716236816894,-46.65543934860632,18.453616880931115,1,1,19.9,9.34,800.0,2017-11-24 20:36:18,2017-12-08,2017-12-05 15:14:10,10,1,13
61460b6c5d52b8e307108f5412907a1c,b4211f38ade936b62d702e56ec4068da,SP,sao paulo,-23.57165985793082,-46.57823081295226,SP,-23.69066643075192,-46.70391215514457,18.41285530558733,1,2,150.0,26.16,5200.0,2017-11-21 15:27:11,2017-12-04,2017-11-24 22:33:58,3,1,12
7f73858012ce32efed89439a20062df2,0b55cee3f779e00e15de669f5da71d8c,SP,sao paulo,-23.60655887427145,-46.65669808902704,SP,-23.54241282514857,-46.49070640341336,18.3591991709934,1,2,57.8,15.56,400.0,2017-11-24 10:19:55,2017-12-08,2017-11-30 17:43:36,6,1,13
d108fd23680159d7981c0da9a46fba79,d4ff16ef57595838d5ee159d01d38c7b,SP,sao paulo,-23.53661063849616,-46.65758461809682,SP,-23.42439868040567,-46.5276677164868,18.20014563953873,1,1,113.9,12.0,3600.0,2017-11-25 16:40:53,2017-12-11,2017-12-01 01:27:49,5,1,15
4d88b32561e3cedfbea460ffd39810f2,54ff013a35a23a8a8a20d4ecd8493e7c,RJ,rio de janeiro,-22.989315173013143,-43.3536361326584,RJ,-22.93534069637593,-43.186718398333056,18.11293191387027,1,1,99.99,12.15,1400.0,2017-11-24 10:19:13,2017-12-08,2017-11-28 21:13:43,4,1,13
c4fef2621519c7ab7541140d3cbda9e1,b5990e25b793341673f2a60fa8c5368b,SP,sao paulo,-23.46356067886859,-46.58574627053405,SP,-23.48886692200935,-46.41156105828381,17.98676713414475,1,1,49.89,8.72,500.0,2017-11-24 12:55:33,2017-12-20,2017-12-01 23:56:48,7,1,25
f1b1b5d6b3ec1564b2c5ac226d0d62c2,91737efb8ad05ff2cbb2636368f10a4d,SP,sao paulo,-23.49135032445608,-46.74408610185243,SP,-23.652442526788203,-46.75549168747648,17.95031289977547,1,1,49.0,7.78,300.0,2017-11-20 22:39:54,2017-12-01,2017-11-25 12:22:50,4,1,10
5a94aa7bad40a2f6303210a8770843f6,e51f476da7f42d729739f0c7011c69fb,SP,sao paulo,-23.517237467029968,-46.48993605467713,SP,-23.66054561627915,-46.41114773801132,17.843495677512735,1,1,15.9,7.78,400.0,2017-11-23 11:03:54,2017-12-05,2017-11-26 16:34:09,3,1,11
dc0265afb5f2ff28de815a866decb5ca,7038125d2dd44ff468225fbf448194f3,SP,sao paulo,-23.50063490840948,-46.51611973688614,SP,-23.65869024839867,-46.52249513292757,17.58695745283461,1,1,84.99,9.41,600.0,2017-11-27 18:57:50,2017-12-12,2017-12-15 13:34:10,17,1,14
c3790de0460b30fb8acee5f277496b61,6d198b228f250337a9abb9444a40714f,SP,sao paulo,-23.59092601936203,-46.67522298903572,SP,-23.53142941993188,-46.51618034574991,17.508443306764388,1,1,30.0,8.72,200.0,2017-11-20 15:52:19,2017-12-01,2017-11-27 18:28:14,7,1,10
b7e0d9af89064d2bbc6b52c5dc4f6346,a701b36a1c16c14825fe0910734a9b31,SP,sao paulo,-23.466401539269448,-46.65869529017828,SP,-23.595227193173283,-46.56076636913555,17.460618062225514,1,1,32.99,9.34,950.0,2017-11-25 11:19:26,2017-12-12,2017-12-10 18:57:02,15,1,16
6d58638e32674bebee793a47ac4cbadc,2ba91e12e5e4c9f56b82b86d9031d329,SP,suzano,-23.539820103990145,-46.31780434759043,SP,-23.49901135775293,-46.48301004717532,17.44446390764296,1,1,99.9,7.95,125.0,2017-11-25 13:54:39,2017-12-11,2017-11-30 14:59:18,5,1,15
3e4875148a652a619d8615653b4c8e3c,64e2ba6c3e485261327eedd7e735765d,SP,sao paulo,-23.611877874849743,-46.51399733174157,SP,-23.676289828452155,-46.6699021447429,17.42097478723411,1,1,76.9,9.35,800.0,2017-11-26 15:05:37,2017-12-11,2017-11-29 12:36:47,2,1,14
ba8eb4091aebc4dee2157e8caff5e78e,f39825f1d3527bc322f6818ce03bd088,SP,guarulhos,-23.4312797463212,-46.53484499639333,SP,-23.584135489908583,-46.49855968914825,17.394820229772094,1,1,49.9,7.78,200.0,2017-11-26 13:20:55,2017-12-11,2017-12-01 19:48:20,5,1,14
a824faec1bb9e0196ae712df257ab203,9932c83505a04f3a77be0d19a98230b7,SP,osasco,-23.5534512513272,-46.80868874516693,SP,-23.537493461278807,-46.63974517262972,17.31280705606183,1,1,13.65,7.78,200.0,2017-11-27 18:40:21,2017-12-11,2017-12-04 15:37:47,6,1,13
7aac44d0de12f13cf2a5f9235a5a9e37,f946014b2c77923f0a5a49360495e1aa,SP,sao paulo,-23.5003299253419,-46.654473121847744,SP,-23.50848147377229,-46.485872413266776,17.215925302482013,1,1,120.0,9.66,700.0,2017-11-24 06:55:18,2017-12-13,2017-11-28 00:55:34,3,1,18
b5588f82c19d257d1b59252478f76ab2,4ec73a195462e949caf053148050c9f6,SP,poa,-23.532920937272795,-46.34951003996194,SP,-23.6598992288005,-46.44217136817417,16.98548276929178,1,1,79.9,7.81,275.0,2017-11-24 12:12:50,2017-12-08,2017-11-26 15:46:00,2,1,13
ff0e955a45ce7d823147bc51559f7b8b,7a6b44be52a308e29cfd7a159b53d917,SP,osasco,-23.557488055355257,-46.7969326156731,SP,-23.56072295337296,-46.63277989454088,16.735399545385434,1,1,19.9,7.78,200.0,2017-11-27 09:42:13,2017-12-11,2017-12-07 19:24:54,10,1,13
871785b214cc8a90e501c4a4200f25e4,66e2f80c06f37ad506fee5024dfd3ae9,SP,sao paulo,-23.53286949347912,-46.6574641552888,SP,-23.652442526788203,-46.75549168747648,16.6301736678177,1,1,55.0,7.78,250.0,2017-11-22 22:48:29,2017-12-04,2017-11-29 13:46:00,6,1,11
3ec6117e5d156dbc0eba20cf16eac9f3,c310be8c551f841b3cfd2f74f91941f3,SP,sao paulo,-23.685983586314865,-46.76084159443707,SP,-23.625852663887155,-46.61139748251486,16.62490707750869,1,1,24.99,7.78,275.0,2017-11-24 10:42:23,2017-12-08,2017-12-02 11:48:32,8,1,13
0d3a8a92f8bf8e1824f9460268920966,31e6809dc113df6b2a79119065ffa489,SP,sao paulo,-23.505814974224872,-46.70738708275697,SP,-23.625852663887155,-46.61139748251486,16.54910036496157,1,1,24.99,7.78,300.0,2017-11-27 12:32:41,2017-12-11,2017-12-04 14:12:04,7,1,13
a0b05780db06986cd81518fc9cc9b34d,e95ac603dd00da603acf38d05e55d781,SP,guarulhos,-23.44717026755726,-46.55796540833131,SP,-23.595227193173283,-46.56076636913555,16.465655623964345,1,3,98.97,39.24,1950.0,2017-11-24 19:58:16,2017-12-11,2017-11-29 20:37:08,5,1,16
2ae4b7aa9e05e499dc71a87e27f0017c,6eb39dd9d1e69c667575f339f084347e,SP,santo andre,-23.65218934609616,-46.53875018356984,SP,-23.537493461278807,-46.63974517262972,16.38794258971332,1,1,13.65,7.78,150.0,2017-11-22 19:42:41,2017-12-04,2017-11-28 20:32:13,6,1,11
aa4634ff761133d98df37cc039021823,7a0a62073458a64b47eefca7f10df997,SP,sao paulo,-23.612496531833948,-46.725576459201335,SP,-23.56788988703906,-46.57394821510183,16.227892245741515,1,1,13.6,8.72,700.0,2017-11-21 23:18:44,2017-12-01,2017-11-27 19:47:41,5,1,9
72074725a693246f2057f0d9e1c4398e,448f50c8bf267359741eba2a935b3f05,MG,nova lima,-19.99877763655249,-43.84730244118441,MG,-19.870106184913464,-43.91871377032721,16.137876390712606,1,1,399.9,26.36,12000.0,2017-11-24 19:07:33,2017-12-08,2017-12-14 20:37:29,20,1,13
39e5048b65d0f2dc06e626366773b715,be6fd14065c4c866425ed5d68cd15730,SP,sao paulo,-23.534514366639733,-46.417455631084266,SP,-23.595227193173283,-46.56076636913555,16.09119029105073,1,3,98.97,39.24,1950.0,2017-11-26 11:17:14,2017-12-12,2017-12-06 19:21:08,10,1,15
fff90cdcb3b2e6cfb397d05d562fd3fe,f6cc7b845fde9d4e71361fe6fcd7ef75,SP,sao paulo,-23.597426126839395,-46.63496154717532,SP,-23.61528418040568,-46.47881749049814,16.032952894303964,1,1,89.9,11.83,750.0,2017-11-24 09:03:47,2017-12-08,2017-11-29 02:24:25,4,1,13
43fa19cdae4655a407330330e95f5d18,2cde3641a0fa8cee74532f47099756d3,SP,praia grande,-24.014540409660096,-46.43840702622771,SP,-23.941438868717192,-46.30279503554525,15.99709971106262,1,2,64.98,19.88,756.0,2017-11-22 08:38:21,2017-12-04,2017-11-27 18:32:44,5,1,11
f5c4e614e3b4378699e9bb00061816a5,d9622c31104d945612cdb1e6aac3e8c2,SP,poa,-23.51677547628342,-46.33643354559392,SP,-23.54241282514857,-46.49070640341336,15.984305772676628,1,1,10.0,7.78,200.0,2017-11-23 22:13:26,2017-12-07,2017-11-25 17:52:17,1,1,13
f1c5e5967b0cd0144bd3b56958f7da43,af8172141c0b941edc73d75ad7264d84,SP,santo andre,-23.65218934609616,-46.53875018356984,SP,-23.6140872536788,-46.68886585673923,15.868207306195078,1,1,79.0,11.76,700.0,2017-11-24 20:40:15,2017-12-08,2017-11-30 12:18:46,5,1,13
0dd483f7dad813785dd28594b02aa623,f847cbd3cc47af2347769777223bf1ed,SP,osasco,-23.5358390052228,-46.76097421100975,SP,-23.65082394638204,-46.670710499451744,15.750432310039164,1,1,69.0,7.78,250.0,2017-11-27 23:02:54,2017-12-11,2017-12-01 14:21:32,3,1,13
f825879441f1f289d12c308982d24315,b2f83ff904c51add8370e2d197734831,SP,sao paulo,-23.608765540106177,-46.63849928504239,SP,-23.52551477827242,-46.513893895826776,15.715561111656164,1,1,184.99,10.11,538.0,2017-11-25 23:59:30,2017-12-11,2017-12-05 16:41:10,9,1,15
85111915ffa25daca9d9ebd027aca85b,03730c077a30dc8f5a02be8b1f5e3e7f,SP,sao paulo,-23.559614644180314,-46.7556109941716,SP,-23.676289828452155,-46.6699021447429,15.638608599608048,1,1,57.39,9.34,200.0,2017-11-24 12:13:21,2017-12-08,2017-11-28 15:09:59,4,1,13
a9433e2f724570bead3613996a8857f7,002fb8fc5ce64f8422fa2fe79986c783,SP,sao bernardo do campo,-23.727267000000005,-46.53310780249619,SP,-23.608557917740683,-46.613331924231765,15.523785861864404,1,1,59.9,7.78,150.0,2017-11-26 23:15:12,2017-12-11,2017-11-30 22:05:20,3,1,14
a62816c471ac76e802a3abdfad00b5af,882ee7ad589b742925f7252e68183344,SP,sao paulo,-23.49993667110052,-46.60575947002136,SP,-23.62299459910628,-46.53766812565611,15.342822788903597,1,2,69.8,18.68,600.0,2017-11-24 23:03:40,2017-12-08,2017-11-29 19:08:53,4,1,13
9aeecc9e1b5dc77872bddd35b141fd83,147bdb1d0e42e08333e0c2a3d960a3a5,SP,sao paulo,-23.540131152374624,-46.59570498750652,SP,-23.65869024839867,-46.52249513292757,15.147399419044968,1,1,23.99,7.78,100.0,2017-11-23 22:05:20,2017-12-12,2017-11-27 21:23:24,3,1,18
dde949eadfa9eaab6f60ca7dc63e7f51,8ee025b414f82db39d70f04a73c910d7,SP,sao paulo,-23.52747507863064,-46.483370916180974,SP,-23.65869024839867,-46.52249513292757,15.125338488194298,1,1,53.99,7.78,200.0,2017-11-24 23:41:58,2017-12-11,2017-11-30 01:51:59,5,1,16
2ab4524fd521bfb8a8ffc95ef44dd5ae,e1942da860849abd3a3425a102a2e18c,MG,contagem,-19.92918432637448,-44.11320547867971,MG,-19.87317844463038,-43.98240258909915,15.027187804204528,1,1,373.9,14.5,2300.0,2017-11-21 17:37:08,2017-12-01,2017-11-30 18:29:07,9,1,9
e5c270712fd21ebb7536fee6f08937d6,9dc2ad3665bc0cfff5b47d36822c215c,SP,sao paulo,-23.623320803220032,-46.6886157014975,SP,-23.501139521928536,-46.62721984347043,14.957834666317307,1,1,53.9,7.78,125.0,2017-11-27 11:21:06,2017-12-11,2017-11-30 20:27:56,3,1,13
e1f72316055b5f5da7834780f994d6c7,85e495405c453c08537f1eaf6aa7fa5d,SP,sao paulo,-23.46753400916093,-46.65078299639332,SP,-23.552032416180964,-46.53746144532288,14.89277227400747,1,1,72.99,11.73,1050.0,2017-11-22 21:20:30,2017-12-04,2017-11-30 01:18:56,7,1,11
b277c79061d5d57c196e249f373abccb,3d2a4d705b7d68ad838c79434ff1b628,SP,osasco,-23.530283855098546,-46.76773272202672,SP,-23.504398054538573,-46.624627022882166,14.872113987285228,1,2,42.3,26.16,11000.0,2017-11-26 20:21:31,2017-12-11,2017-12-01 21:59:39,5,1,14
09ed65e35d505a8ce95a82e5c0d1dff3,136650e7d6ed0da6d222b83fb59144ad,SP,sao paulo,-23.54361066874891,-46.42699216299266,SP,-23.595227193173283,-46.56076636913555,14.792904627206726,1,3,98.97,39.24,1950.0,2017-11-24 16:17:04,2017-12-11,2017-12-03 16:48:32,9,1,16
4590ed099269ca54d108cfeee1fcc542,e843321c206b7b731b5b8a7a0ff7b13e,SP,sao paulo,-23.64702435137628,-46.6663345453863,SP,-23.65869024839867,-46.52249513292757,14.707902037668044,1,1,57.99,11.73,1025.0,2017-11-20 19:19:07,2017-12-04,2017-11-23 17:07:14,2,1,13
e67a3047fa3e8b2aecd942f3b25b0e3f,5407ace33e0fa2c0cef7c6f1c13ba781,MG,belo horizonte,-19.93624791006412,-43.95773026201734,MG,-19.811156958250365,-43.98987161296759,14.309809100220566,1,1,54.0,12.23,1300.0,2017-11-23 20:32:36,2017-12-07,2017-11-28 13:21:41,4,1,13
b2f010584c935093cccdd49cfa916ed2,9c2337904acadc24d28193b1824a792c,SP,sao paulo,-23.555771764343227,-46.639553016612446,SP,-23.66148702746846,-46.56416174311855,14.042262971227384,1,1,16.0,7.78,50.0,2017-11-24 09:44:34,2017-12-08,2017-11-28 17:26:55,4,1,13
d8d5cc8b2d42cce90b7ea35e5691a7b1,ae0709e51a6229f894ccafc894ea4cfe,BA,salvador,-12.94459586795842,-38.45727952527265,BA,-12.89472449617752,-38.33875838605659,13.99121603755841,1,2,578.0,21.18,900.0,2017-11-25 00:23:14,2017-12-13,2017-11-29 20:17:02,4,1,17
04f2e760bb583d5d2f8b88e247d58d09,aec38d4420cfbed169a7d1e2163a8154,SP,sao paulo,-23.55329602553521,-46.49991048542904,SP,-23.447220663887148,-46.42751660713256,13.91471711426352,1,1,37.9,13.08,6150.0,2017-11-27 10:28:54,2017-12-12,2017-11-29 17:16:50,2,1,14
4fd902efd26ccffb79f2a7df0fdba36c,673d3b04bdc0ed94516bbc922c2160a8,SP,sao paulo,-23.60196241993187,-46.60860664946042,SP,-23.69066643075192,-46.70391215514457,13.839327602633904,1,1,85.0,14.2,3100.0,2017-11-20 19:31:42,2017-12-04,2017-11-23 20:59:07,3,1,13
e08046f2dbca22a1bdd54b791297e859,a1b774f7af3f80556742fe4763728bd4,SP,sao paulo,-23.614500614490147,-46.624386572854746,SP,-23.60605079085408,-46.48964576276761,13.760438209070252,1,1,64.99,9.34,3585.0,2017-11-24 12:20:00,2017-12-08,2017-11-29 01:08:29,4,1,13
3030ecce41acdc5bf51484698b3d8fe7,c9f6f241518c8603c0c46f0817ba487e,SP,sao paulo,-23.635821892449087,-46.6363522986324,SP,-23.552032416180964,-46.53746144532288,13.724084455249823,1,1,144.99,12.22,1050.0,2017-11-22 19:20:18,2017-12-04,2017-11-27 18:34:38,4,1,11
7208fb539f856e3b18b9642be7249e83,46cef9dfe70a564162da095c9dd35c37,SP,sao caetano do sul,-23.62198951485941,-46.57435280682671,SP,-23.680178204541587,-46.69191023495291,13.610187200647772,1,1,35.9,7.78,300.0,2017-11-24 21:23:38,2017-12-08,2017-12-01 19:33:31,6,1,13
8a12018fd6af932819b6e06b6e3eeba7,bdc70f91dc54953d1be0ef76d183c5d1,SP,sao paulo,-23.655385068555585,-46.66630482722604,SP,-23.71073461296093,-46.54928061402915,13.412098731981086,1,1,16.9,7.78,200.0,2017-11-24 23:40:31,2017-12-08,2017-11-28 22:27:41,3,1,13
56c31c03a2fc4a10abafed9320733788,8c847a3d8d8f7b7fde182ad0f4857b83,SP,carapicuiba,-23.526450404724507,-46.8459747507432,SP,-23.406901724083777,-46.84254171963375,13.297817880884844,1,1,109.9,14.37,1750.0,2017-11-20 11:27:55,2017-12-01,2017-11-22 22:46:46,2,1,10
25eb0761e1e9fbcf056d8d92a88caef8,8413e7c0395740d8043bf764b523efc5,RJ,sao goncalo,-22.871238117888137,-42.99391553889953,RJ,-22.89427492911236,-43.120283203407965,13.196627597804085,1,1,129.9,12.36,2900.0,2017-11-24 08:58:58,2017-12-12,2017-12-01 22:59:01,7,1,17
bdd991fac5f5716c8e330b2f8ec83e54,c5e38a5360ba207bf513b89b8a7845f0,SP,sao paulo,-23.532869922846064,-46.67041383714811,SP,-23.595227193173283,-46.56076636913555,13.151853238018068,1,1,69.99,8.74,2150.0,2017-11-24 00:11:07,2017-12-11,2017-12-06 18:49:04,12,1,16
fc71a3c2d48575dde21534b197ce5d2d,81491a87178be12ebe301758e85f9c55,SP,sao paulo,-23.49380745045876,-46.42588138343239,SP,-23.552032416180964,-46.53746144532288,13.089410993041266,1,1,144.99,12.22,1050.0,2017-11-22 19:38:27,2017-12-04,2017-11-30 15:19:07,7,1,11
6773a3b9580015122ad311ee0d507468,bbd2ce85dee0163916f807f9404282e6,SP,sao bernardo do campo,-23.661003174851423,-46.566641060072826,SP,-23.680178204541587,-46.69191023495291,12.934356594528223,1,1,35.9,7.78,300.0,2017-11-27 23:37:58,2017-12-11,2017-12-01 19:15:46,3,1,13
732cc391e9ed0eb247bc25c02a19af0e,423f4e3813558c94cb405a508fc9467d,SP,sao paulo,-23.592856012767616,-46.607743408967615,SP,-23.66897161033521,-46.70251155358061,12.838828945095802,1,2,369.98,24.98,2400.0,2017-11-24 16:39:08,2017-12-08,2017-11-28 19:06:47,4,1,13
cec16afc430b7b794fa8703b631f7d3d,6721658ca0e4a2bca6109b12f22ac8e4,SP,osasco,-23.518509814135804,-46.757253531767645,SP,-23.6140872536788,-46.68886585673923,12.709502560787246,1,1,79.0,11.76,700.0,2017-11-20 13:31:18,2017-12-01,2017-11-22 21:32:18,2,1,10
20530ee11f40ad96e576465649828c2d,7a7d13d8c12d08f68dcdd14385e7c1c1,SP,sao paulo,-23.570810444514542,-46.69077501106554,SP,-23.55643047625651,-46.56853012614689,12.561763238366224,1,1,110.0,8.96,1150.0,2017-11-24 22:33:04,2017-12-08,2017-11-27 18:39:02,2,1,13
9d6bbdf82f021b0245ce306927bf0487,eccc8b75339a4424b10ccf9a95e81191,SP,sao paulo,-23.651715093143583,-46.78865239355994,SP,-23.676289828452155,-46.6699021447429,12.398992055261727,1,1,78.09,9.34,300.0,2017-11-26 16:23:14,2017-12-11,2017-11-29 19:19:53,3,1,14
5ff620977c1907f6694bbbbc716cf0d3,9e068f35663b99bc508dcfea424d6833,SP,sao paulo,-23.63272085885393,-46.64053662698363,SP,-23.65869024839867,-46.52249513292757,12.365526555475384,1,1,56.99,8.72,250.0,2017-11-24 18:04:11,2017-12-13,2017-11-29 17:48:57,4,1,18
c17b02295ec6b4123fc72d0fa23f97d1,a553fc3da086e1b8754b66334d280126,SP,sao paulo,-23.530453669715538,-46.55620020996593,SP,-23.625852663887155,-46.61139748251486,12.007110533631437,1,1,24.99,7.78,300.0,2017-11-26 21:14:18,2017-12-11,2017-11-30 22:35:09,4,1,14
1e183518cf69a3f47a8f2de2105a1c16,2472db5dcd1737948d7c75037c8d9ebb,SP,sao paulo,-23.53051523397196,-46.560874950458754,SP,-23.539675631138568,-46.44437114131387,11.920607412633798,1,3,60.0,23.34,450.0,2017-11-22 20:58:02,2017-12-04,2017-11-28 19:39:58,5,1,11
4f4aeb2e42b27f98c78a2adb81030b3b,f6fc9313a57437bd8f40d476a6196b2e,SP,sao paulo,-23.56183531095864,-46.72746582199959,SP,-23.5869802640594,-46.61564731057762,11.733941742534268,1,1,24.99,7.78,300.0,2017-11-24 21:55:28,2017-12-08,2017-11-28 20:18:16,3,1,13
e4d23e4aa01e7ed940ad8a6c2e94934e,3444b6df29161fdf7e00469f6f79693d,SP,sao paulo,-23.596028548992976,-46.6757672267586,SP,-23.501139521928536,-46.62721984347043,11.65404079194149,1,1,72.62,9.34,825.0,2017-11-25 19:58:38,2017-12-11,2017-12-01 18:58:53,5,1,15
b9c0b1f4d54b647c2de2b065bf82adaa,3907d7c4513f0a3687e30d5106813a01,SP,sao paulo,-23.678865,-46.66797997446477,SP,-23.5869802640594,-46.61564731057762,11.524321831873689,1,1,56.99,9.34,850.0,2017-11-24 20:36:37,2017-12-08,2017-11-28 20:35:56,3,1,13
0c431e960acdfda9c7a640ee9bac19f0,1c244737574dde88c13a85c04017d496,SP,sao paulo,-23.47871554010618,-46.682536740637055,SP,-23.576826793496515,-46.71598858744651,11.430124979348909,1,1,96.99,9.49,900.0,2017-11-26 21:26:16,2017-12-11,2017-12-04 21:18:49,7,1,14
b5dd543f543e5ff34d1600de642c98bb,91f95abd4086c845a60d86f48179d134,SP,sao paulo,-23.572073904987,-46.58443814217496,SP,-23.659182,-46.52514198029314,11.415556507275278,1,1,109.9,9.65,526.0,2017-11-21 11:44:23,2017-12-14,2017-11-23 20:14:42,2,1,22
eeee9fc265c35c747336ac03cee7cbdf,b87a8d457532d41ceedd4d6550600edf,SP,sao paulo,-23.45571750693924,-46.62057718089615,SP,-23.437197,-46.51136742270183,11.329643191147635,1,1,49.77,7.78,100.0,2017-11-22 17:49:16,2017-12-04,2017-11-25 13:13:15,2,1,11
128b0ea85d39d2b96310b64dd5c8f096,df1c6f384ca58e9b6db35eb5e4ffc70b,SP,sao caetano do sul,-23.62399052207277,-46.566780988891495,SP,-23.531820448929544,-46.61097274285875,11.194725047174131,1,1,29.9,7.78,400.0,2017-11-27 15:22:59,2017-12-11,2017-11-30 16:45:33,3,1,13
74174e09b0021ebfcb7b5e9d115910b6,1ba29be14150bf12e5c0339e3cae00c9,SP,ribeirao pires,-23.701082861806448,-46.40281527086688,SP,-23.70171457660069,-46.51267210796927,11.185397836630887,1,1,79.5,13.11,2850.0,2017-11-21 20:56:07,2017-12-01,2017-11-23 22:24:53,2,1,9
a1244e1c9ad5fe2e15f97c9136ef70ab,2fd83e62488be87241b90a6e474eec0e,SP,sao paulo,-23.533195316406,-46.40526931161069,SP,-23.560313217871787,-46.50914934518004,11.010099578576575,1,1,35.0,9.34,450.0,2017-11-25 03:10:32,2017-12-11,2017-12-02 12:43:18,7,1,15
89b0e57c47e090334a13fad8d382246e,77e10fc2d1caedc97de8b3e10db7e69e,SP,sao paulo,-23.63622367596228,-46.68145676998096,SP,-23.58077681085173,-46.59210244184609,10.995361656190775,1,1,21.99,7.78,150.0,2017-11-21 16:22:07,2017-12-01,2017-11-29 00:39:07,7,1,9
1faffba7773fdbe7da8af6281414c3b2,34d1956f9f05d975aba125cf29e43403,SP,guarulhos,-23.477439993594697,-46.54168013488947,SP,-23.56788988703906,-46.57394821510183,10.58196865915041,1,1,199.0,23.98,11900.0,2017-11-21 17:00:21,2017-12-01,2017-11-28 23:29:53,7,1,9
0f32b97a3ceaa816f0ffa6af3ca4e0d6,a6b4224286518410d6a29b2b05d821b1,SP,sao paulo,-23.635116922557604,-46.60340351304175,SP,-23.717189479369523,-46.55358758458623,10.441288938375772,1,1,1175.0,17.04,6600.0,2017-11-20 16:14:24,2017-12-04,2017-11-28 00:42:49,7,1,13
93b5040a72c98334f61ea91b39165e95,06c02121d99b9b0f03afa31d5d2d305f,RN,parnamirim,-5.883279199078862,-35.211082702941724,RN,-5.790981405764958,-35.20214733888282,10.31053274765196,1,1,34.0,8.27,300.0,2017-11-27 23:23:49,2017-12-13,2017-12-04 18:21:34,6,1,15
f20387017913ada05e448bb9c9cfadb3,d87d1c08c59e86ce55b5a78f368898d1,SP,sao bernardo do campo,-23.66594814120814,-46.56460097155059,SP,-23.643597877315536,-46.66251227546312,10.277497063207282,1,1,387.2,38.81,24800.0,2017-11-24 19:52:19,2017-12-18,2017-11-29 20:18:42,5,1,23
a516c9c0848ac05520b05e9e06e981b8,02da7b02a5b13eaa8a12755d27593940,SP,sao bernardo do campo,-23.651999672624683,-46.57099474225144,SP,-23.61528418040568,-46.47881749049814,10.23909857990561,1,1,89.9,11.83,750.0,2017-11-24 18:51:52,2017-12-08,2017-11-28 19:18:42,4,1,13
338f1fcf8a4a0adce13c69c7c8a342bf,569c1a1374856d156162de1421ad9f59,SP,sao paulo,-23.54069263113856,-46.71195456743042,SP,-23.556328554532893,-46.61484561718798,10.05031439550583,1,1,147.14,13.58,2000.0,2017-11-24 10:48:36,2017-12-08,2017-11-30 21:52:58,6,1,13
05297254c9e41d34c1a38f75ca8656d9,0ad8985d712b965bef0db41bd4331248,SP,sao paulo,-23.61393187580963,-46.4649462867267,SP,-23.595227193173283,-46.56076636913555,9.982314528137628,1,1,32.99,9.34,950.0,2017-11-24 22:56:56,2017-12-11,2017-12-15 18:24:56,20,1,16
5c7ec55f4ff082a66c4ed58a2634af16,34fd70c1a2c8eb090994690ff3cfdd0c,SP,sao paulo,-23.61393187580963,-46.4649462867267,SP,-23.595227193173283,-46.56076636913555,9.982314528137628,1,1,32.99,9.34,950.0,2017-11-24 22:38:15,2017-12-11,2017-12-15 17:37:50,20,1,16
c277b80337c0ca11cae04fe7280ed4eb,deeda01436f945c1ac2891356603a066,SP,sao paulo,-23.738481942552912,-46.689273183045735,SP,-23.65158034194123,-46.66804610713254,9.901786508564562,1,1,79.9,9.37,650.0,2017-11-27 11:13:32,2017-12-11,2017-11-30 18:13:01,3,1,13
814a581bb15822a49e046f3f612e18e0,158bc68009baa9f898feec21017b7f67,SP,sao paulo,-23.58281256854772,-46.57116631907643,SP,-23.65869024839867,-46.52249513292757,9.786412758268384,1,1,56.99,8.72,375.0,2017-11-24 09:08:38,2017-12-13,2017-11-27 14:58:02,3,1,18
3afcb1b9c83fabca41c1668a879550a4,e5c92aca4cb7445d37790d511cf5bee1,SP,sao paulo,-23.54361066874891,-46.42699216299266,SP,-23.56428872384441,-46.51904534753631,9.660651117236249,1,1,120.0,15.6,4900.0,2017-11-22 13:21:14,2017-12-06,2017-12-01 16:57:05,9,1,13
ed2e531820c09c6a5dd68fe295484148,4e157f7a1f67d7f847355a56eadf0512,PR,maringa,-23.428044100216525,-51.95907151638488,PR,-23.43192619791517,-51.86456324999999,9.652008275342528,1,2,380.64,18.16,1700.0,2017-11-24 09:58:53,2017-12-15,2017-11-29 16:51:59,5,1,20
8c3b7297f4d519ec5e4dc1f72b6165b1,e45233d12353c37d9a47b0e9d1416ab1,SP,sao paulo,-23.60091260235952,-46.52095204524206,SP,-23.625852663887155,-46.61139748251486,9.623235555114569,1,1,27.99,7.78,350.0,2017-11-25 16:14:20,2017-12-11,2017-11-28 17:13:28,3,1,15
3810643193a6df6844afe68e876bae6f,ae23f008876c9059cad60166094f038d,SP,sao paulo,-23.542943311962603,-46.56697231986846,SP,-23.57130234332621,-46.47930265361119,9.476078124692547,1,1,39.99,13.08,2550.0,2017-11-25 10:07:56,2017-12-11,2017-12-04 21:03:45,9,1,15
8833f31fc345a814293e41677c701c27,9ee410cee2322bd96ad9ed1949a48333,SP,sao paulo,-23.56183531095864,-46.72746582199959,SP,-23.537493461278807,-46.63974517262972,9.34239774712519,1,1,38.9,9.34,600.0,2017-11-25 21:39:13,2017-12-11,2017-11-30 22:18:46,5,1,15
c1dafa077556522d38557ad3452e3ac6,c4f8ebdb558f6064130ea0b705f65997,SP,sao paulo,-23.49847853427779,-46.63638298557326,SP,-23.51633441909516,-46.54744111705809,9.28390378593161,1,1,155.29,12.29,2000.0,2017-11-27 15:54:16,2017-12-11,2017-11-29 20:16:42,2,1,13
29fbef181a9fb4263222cb6a7cc9938d,0657a45b970f96a857e7fb73053306ba,SP,sao paulo,-23.60622638109956,-46.68919941534446,SP,-23.537493461278807,-46.63974517262972,9.155076242419817,1,1,23.7,8.72,250.0,2017-11-25 14:17:31,2017-12-11,2017-12-01 18:42:09,6,1,15
7e28e4a5d04102555a032a3d0fa1a4dc,8feb6e34ca55c4b86c723f102421372b,SP,sao paulo,-23.660297088262432,-46.6795114173348,SP,-23.608557917740683,-46.613331924231765,8.862699602726527,1,1,299.9,10.91,1571.0,2017-11-20 12:48:28,2017-12-01,2017-11-23 22:29:07,3,1,10
9e98692197ace8ec15c6db45b5bfd9bf,80756c382faeafd4a091d7bd3565acb6,SP,sao paulo,-23.56783374937962,-46.698420577990646,SP,-23.5869802640594,-46.61564731057762,8.700137216866265,1,1,19.99,7.78,100.0,2017-11-25 20:35:35,2017-12-11,2017-11-28 20:11:01,2,1,15
075434afaadfb0809ecf3f095a372340,4175fbc781d0d74d0ab138c8b598611e,SP,sao paulo,-23.49364414071786,-46.62617257661918,SP,-23.48085590563506,-46.71032357035894,8.698922000457427,1,1,42.99,9.34,800.0,2017-11-24 11:05:50,2017-12-08,2017-12-06 15:57:23,12,1,13
082b1b681e5c80c5334f290e6d5a5405,27e0e2e588a88587fb90be5470fb57b2,SP,sao paulo,-23.5320353692798,-46.50988327171218,SP,-23.563814008050084,-46.43270917051042,8.623948666524866,1,2,39.98,15.56,650.0,2017-11-22 14:37:39,2017-12-04,2017-11-25 14:04:47,2,1,11
1b2cc19f566a98b30bf2cc0eb3028b39,cb9f7e754714c4507e19f30f716cf99d,SP,sao paulo,-23.55354482320256,-46.69092526464305,SP,-23.537163400080807,-46.61070457146976,8.377897350028714,1,1,89.9,11.83,1500.0,2017-11-25 11:05:56,2017-12-11,2017-12-04 20:52:09,9,1,15
a3f904ec7f40c56ce2987ccb9c73d4c3,cf5f546249072bc99cedea6d064c9d0b,SP,sao bernardo do campo,-23.71001453318128,-46.58174395098847,SP,-23.65869024839867,-46.52249513292757,8.304823620279628,1,1,84.99,9.41,600.0,2017-11-22 15:18:47,2017-12-05,2017-11-27 19:49:03,5,1,12
d91ebca111fb89e1ebbf4725da3120ea,308667a56967ca75ca916f6f143dcd27,SP,sao caetano do sul,-23.62399052207277,-46.566780988891495,SP,-23.584135489908583,-46.49855968914825,8.243709734794935,1,1,35.99,7.78,300.0,2017-11-20 11:44:44,2017-12-01,2017-11-25 12:14:52,5,1,10
8febb29840d98fdfb4f00b2b26e4000c,7f570d720bbdcb41c7d97a5562a4ea98,SP,sao paulo,-23.58451325367879,-46.64335150582838,SP,-23.553394260343893,-46.571846370102165,8.067498000615055,1,1,34.9,9.34,700.0,2017-11-26 22:38:55,2017-12-11,2017-12-01 18:18:43,4,1,14
e398683c47bda1cf86be8772a50b4579,edfdb3188ce423370b16e13803442935,SP,sao paulo,-23.657404633200304,-46.76845470635924,SP,-23.69066643075192,-46.70391215514457,7.541976858585129,1,1,49.99,8.72,500.0,2017-11-24 00:35:38,2017-12-08,2017-12-14 22:22:48,20,1,13
5cc09f9c0de29bf3a52fb5f7108c4cbf,8d096e5cdbd25cc368feccce3b1d94d7,MG,belo horizonte,-19.93379639993657,-43.93201556774707,MG,-19.867906407416527,-43.94863882589885,7.529962257521127,1,1,15.9,8.11,75.0,2017-11-27 13:49:33,2017-12-21,2017-12-18 20:08:13,21,1,23
a22866079d1960563c0bc524a13778e2,b30dd99d568f2a4d77c533d8c41e39d8,SP,santo andre,-23.63123167776561,-46.49590477892556,SP,-23.56836984105245,-46.52214825721335,7.483959412823243,1,1,36.9,9.34,600.0,2017-11-23 14:12:24,2017-12-07,2017-12-04 15:44:54,11,1,13
5cfe218ef53f58dbe18f7a105fc51209,06a35a1790491a7342f5c257605bad56,SP,campinas,-22.918822238624934,-47.0573636618776,SP,-22.854677050233725,-47.05197199708997,7.153972862434378,1,1,24.89,9.34,800.0,2017-11-24 14:39:09,2017-12-08,2017-11-29 15:36:00,5,1,13
a138937aa3e8370a29b43014b9dac5ea,2c032031470d729f0d39269f7ddeea0a,RJ,rio de janeiro,-22.877900431996657,-43.21692300502032,RJ,-22.93534069637593,-43.186718398333056,7.096889902192454,1,1,99.99,12.15,675.0,2017-11-24 14:24:18,2017-12-08,2017-12-05 18:17:01,11,1,13
5f28a9d35378818c5a8a1a56874c5a32,464374e2978f309e923b8abfd247e92e,SP,sao paulo,-23.56990599194992,-46.57176444240866,SP,-23.539439503750906,-46.63284391414975,7.087852884948392,1,1,49.9,7.78,400.0,2017-11-23 19:09:19,2017-12-07,2017-11-26 16:11:54,2,1,13
266d1afe42f1f376499cdd8e6df164d9,144756e897a43ed57c52f651e830977f,SP,sao paulo,-23.72450522592188,-46.69493934677728,SP,-23.67008162864273,-46.66049702840489,6.994316147264793,1,1,27.99,13.08,200.0,2017-11-24 21:20:50,2017-12-08,2017-11-30 17:42:08,5,1,13
52ed4ea43ae701531f7a3a18b16783f8,8625add91cf6b981e6fac5cd0b5d733e,SP,sao paulo,-23.57551453259957,-46.56613999999996,SP,-23.56072295337296,-46.63277989454088,6.988225413164173,1,1,19.9,7.78,50.0,2017-11-21 09:56:24,2017-12-01,2017-11-27 16:52:03,6,1,9
df2b5e7523f6848076e498618e1a00d6,16228502cd87d64e4d7561b8c62bf657,SP,sao paulo,-23.529689225085143,-46.56692372078599,SP,-23.51253401672528,-46.501049539944844,6.981916605808423,1,1,14.99,7.78,50.0,2017-11-24 15:29:38,2017-12-08,2017-12-11 22:07:01,17,1,13
ea33aded94976ddb4b9ff4eda6c2eac9,32a81f532a1fbf51f944327bfbc52152,SP,sao paulo,-23.597860271150555,-46.59939648144286,SP,-23.62299459910628,-46.53766812565611,6.882317898194453,1,1,139.9,9.79,450.0,2017-11-21 17:34:43,2017-12-01,2017-11-23 17:38:50,2,1,9
9635ce9faca001ffd1c913c8e55deaed,4541fb6085235c60a37508989a808894,SP,sao bernardo do campo,-23.669873809625333,-46.5888367256334,SP,-23.65869024839867,-46.52249513292757,6.87003750097923,1,1,84.99,9.41,550.0,2017-11-24 10:12:09,2017-12-12,2017-11-25 19:24:49,1,1,17
a7e6fba3426b2524d4ae03c6bcd147ee,10774c3bd46abb71735156fc85b987c4,RJ,rio de janeiro,-22.978469157654736,-43.23383336857298,RJ,-22.93534069637593,-43.186718398333056,6.802169858792116,1,1,750.0,32.26,17000.0,2017-11-20 22:30:23,2017-12-01,2017-11-29 00:53:33,8,1,10
3deae78fe543fe7c561f18a237ad309e,fc63101cdeb7148093b5bf42644568d5,SP,sao paulo,-23.59122514793121,-46.67113939301167,SP,-23.65158034194123,-46.66804610713254,6.718586302586181,1,1,69.99,9.34,500.0,2017-11-23 23:00:11,2017-12-14,2017-11-25 16:52:24,1,1,20
41ff2ba0d19e828f41b858fbf8b3c3cb,a34dce08d0cb004c3672fbaf8d6a56cf,SP,sao paulo,-23.53508762170351,-46.66150428628315,SP,-23.48535959449485,-46.624283978908174,6.706607530071935,1,1,34.9,7.78,255.0,2017-11-24 20:25:42,2017-12-08,2017-12-04 18:47:51,9,1,13
f1eb378be592a06b8c3c6006b7d7102e,02a9ffdc4269af810deeb20a32c8aade,SP,sao paulo,-23.49764613350449,-46.64891014738295,SP,-23.47872386955392,-46.58823999999999,6.535209680748478,1,1,49.9,7.78,100.0,2017-11-27 16:36:37,2017-12-21,2017-12-04 16:45:39,7,1,23
e0d591c33ad6eff1a3fef686cb08ad17,486a09b3981a40f3d2e61faf113c28b5,SP,sao paulo,-23.61491899417162,-46.48432734179698,SP,-23.65869024839867,-46.52249513292757,6.229421308978686,1,1,84.99,13.15,900.0,2017-11-26 19:08:06,2017-12-12,2017-12-01 21:04:02,5,1,15
a81ac812819d3c3e98ff62b3a8e4e75d,37e7c79dd2b11c3d0fdc8fd3b4981bf8,RJ,rio de janeiro,-22.981969840368173,-43.21999670107915,RJ,-22.93534069637593,-43.186718398333056,6.2042606802045945,1,1,399.99,16.7,3600.0,2017-11-23 06:34:25,2017-12-05,2017-12-27 16:18:37,34,1,11
1679d1eb7779b27771375628ff2f95f7,fdeef3ab1f545e40afb89b67d3979118,SP,diadema,-23.67810452296728,-46.60230578963004,SP,-23.625852663887155,-46.61139748251486,5.883474850407148,1,1,24.99,7.78,250.0,2017-11-24 09:33:45,2017-12-08,2017-11-30 23:16:48,6,1,13
121766cf55ce1689e216b6d3c4e95c72,c3a998f9bf142fb0f745c8a7ada028f2,SP,sao paulo,-23.606618678602327,-46.531079989728205,SP,-23.65869024839867,-46.52249513292757,5.855766769356981,1,1,84.99,13.15,900.0,2017-11-24 15:15:42,2017-12-11,2017-11-30 15:10:52,5,1,16
44184b5a59894faa452860c36d439ff4,d6828d471e2586ad672c9473ebcb282b,SP,sao paulo,-23.53455394976627,-46.68213637745976,SP,-23.576826793496515,-46.71598858744651,5.831046996654903,1,1,129.9,17.0,400.0,2017-11-23 09:49:45,2017-12-20,2017-11-27 18:58:54,4,1,26
8f1d6980e5537dd52cdd222e0794fdf4,38bb507d2633cb3070255ddf8b2daa5d,SP,sao paulo,-23.590002908130888,-46.62410069455826,SP,-23.54716236816894,-46.65543934860632,5.73533668287358,1,4,91.6,37.36,2400.0,2017-11-24 00:48:08,2017-12-08,2017-12-03 12:18:37,9,1,13
1b93c74fca59a2ccbd51e3fdcb15d36a,7c3f5c0a88de1382b659909c72030c1b,MG,uberlandia,-18.893222999999992,-48.28989571204341,MG,-18.917864434084464,-48.33131223723239,5.146836494386371,1,1,59.0,8.27,400.0,2017-11-24 19:08:11,2017-12-08,2017-11-28 18:57:08,3,1,13
4e36ca9de4b97cb87ff2c474107c28f1,577ece54796bd0f230d4df152b53536f,SP,sao paulo,-23.65297918624838,-46.71855136788047,SP,-23.69066643075192,-46.70391215514457,4.44792032862554,1,1,75.0,13.08,2600.0,2017-11-25 15:00:59,2017-12-12,2017-12-04 20:42:25,9,1,16
a435fd4d1e31fb6948a243c50533c1a6,262f9e6567891bd8c5bcdfe9aaa67e4b,SP,sao paulo,-23.593806586733223,-46.67685095129546,SP,-23.576826793496515,-46.71598858744651,4.412697849098221,1,1,109.9,9.58,250.0,2017-11-24 15:41:04,2017-12-08,2017-11-28 16:42:57,4,1,13
0d8da831bc2c714f49c5f8a7a3c98c3f,f36d332032fc3052fd5e3db3f5072bb2,SP,sao paulo,-23.55876919954993,-46.677437256997024,SP,-23.576826793496515,-46.71598858744651,4.412472400651736,1,1,129.9,9.72,400.0,2017-11-20 10:59:33,2017-12-01,2017-11-24 19:48:38,4,1,10
8866ae65c875985acc6fd5772fa8e4a9,79d8872425bf0cea7e133d08e0e45f1a,MG,belo horizonte,-19.8595462052484,-43.95570128711987,MG,-19.836541382739888,-43.92185549333488,4.367432984220155,1,1,56.0,12.23,850.0,2017-11-26 14:29:44,2017-12-11,2017-12-12 15:42:23,16,1,14
f3afa9dd5b20b5e021893b1993b7f019,d6df282804c3e29133e76d6440472810,MG,belo horizonte,-19.87317691534425,-43.93586893581568,MG,-19.836541382739888,-43.92185549333488,4.329305475903926,1,1,100.0,13.82,1150.0,2017-11-27 22:24:27,2017-12-11,2017-12-05 23:03:49,8,1,13
b850a16d8faf65a74c51287ef34379ce,1bd3585471932167ab72a84955ebefea,SP,sao paulo,-23.61763890592578,-46.6389807441141,SP,-23.5869802640594,-46.61564731057762,4.156253615629578,1,1,13.99,7.78,150.0,2017-11-22 20:01:53,2017-12-04,2017-11-27 18:49:13,4,1,11
867f0402e99cf24466e5ca3b48ff92fa,7bbdd0e5e266e1416ce3dfd8ce4785f2,SP,piracicaba,-22.724877662083816,-47.63063961609147,SP,-22.70928658782974,-47.66520568122805,3.946566338888501,1,1,169.9,14.58,2500.0,2017-11-20 10:59:15,2017-12-01,2017-11-23 22:14:10,3,1,10
8177a0e0feb7c7686cc5f777083f1575,d92deb7c086f0854bbf7bb5d662727c2,SP,sao paulo,-23.59067150136992,-46.61342743217374,SP,-23.56072295337296,-46.63277989454088,3.8703540000934,1,1,14.9,7.78,150.0,2017-11-26 10:35:07,2017-12-11,2017-12-05 22:32:48,9,1,14
5be9f28716d41efdbdcc2a0d0907c71c,c35f2f08e21cfb94b8a97a9f431133ad,SP,sao paulo,-23.52238459297996,-46.6458632305816,SP,-23.531820448929544,-46.61097274285875,3.708648602666433,1,1,32.9,7.78,300.0,2017-11-23 13:51:57,2017-12-07,2017-11-28 19:39:18,5,1,13
762e4a2e910d175a0fdabd749ae55d5a,21f420baf5412d045b0131e6a6960cbc,PR,curitiba,-25.45864601817763,-49.28623690529256,SP,-25.491008797391657,-49.28829274854292,3.604489629710888,1,1,40.0,12.23,1000.0,2017-11-24 21:05:51,2017-12-14,2017-12-06 22:10:29,12,0,19
d4a2243950b928b012d06a50b8dcbcb7,1f85bacdd00ea14684d2de1c26456f31,RJ,rio de janeiro,-22.967573222733552,-43.19036122807145,RJ,-22.93534069637593,-43.186718398333056,3.603450105550333,1,2,199.98,21.86,2000.0,2017-11-24 14:51:32,2017-12-08,2017-11-30 22:29:05,6,1,13
2306c7661204e073c32a8463bb750335,f2f91f1f95614f711a997ed12b5a4170,MG,belo horizonte,-19.87317844463038,-43.98240258909915,MG,-19.867906407416527,-43.94863882589885,3.579170355433264,1,1,31.9,8.11,200.0,2017-11-25 22:19:01,2017-12-19,2017-12-11 12:21:57,15,1,23
5e4d2d8a6589ec90d1c82d0c2cb55eb0,3df001627683ff649e8df47730d2b52c,SP,sao paulo,-23.62396075659299,-46.76073299999999,SP,-23.652442526788203,-46.75549168747648,3.2117169090657014,1,1,49.0,7.78,250.0,2017-11-26 15:51:16,2017-12-11,2017-11-30 01:14:36,3,1,14
4c2b907fb694dc3ec7affecb0725c420,584f21d934565995403bc7a53f41c764,SP,bauru,-22.33437119148644,-49.04433365394691,SP,-22.35957556793258,-49.05091136579618,2.883085624826626,1,1,209.9,19.3,6400.0,2017-11-23 23:58:14,2017-12-07,2017-11-28 19:24:37,4,1,13
8438c7840810d9cc49705bc3bd0d030d,f4b6ce96ee5563dab77fc5639fdd349e,SP,sao paulo,-23.604938004991663,-46.620605479906025,SP,-23.625852663887155,-46.61139748251486,2.5076953689553494,1,1,27.99,7.78,350.0,2017-11-24 01:58:41,2017-12-08,2017-11-28 00:42:02,3,1,13
3bf00487d4ab4ec12db62d8c542762c0,ad0d0fe3a014a0097abbde9323bce523,SP,sao jose dos campos,-23.22230412572855,-45.88797225437128,SP,-23.20414980599,-45.89810482431184,2.268752323267168,1,1,19.9,9.27,250.0,2017-11-24 22:24:34,2017-12-08,2017-11-30 22:58:26,6,1,13
3967044b1f033a8b079e050cf79b2586,820c452c2726206bf394e08cf36705c3,SP,sao paulo,-23.599338171244742,-46.57876904079865,SP,-23.595227193173283,-46.56076636913555,1.8905154598217224,1,1,32.99,9.34,750.0,2017-11-24 09:15:36,2017-12-11,2017-12-13 21:58:38,19,1,16
b81c2aa5803f123d1e472ddcbbbd17c3,06964eb3fa634f2cb61a6c454eb93a9f,SP,sao paulo,-23.66818986813936,-46.664808571816025,SP,-23.65158034194123,-46.66804610713254,1.876099175656441,1,1,69.99,9.34,500.0,2017-11-24 14:44:25,2017-12-15,2017-11-30 17:37:51,6,1,20
10cba569b211fc1a21ffeb58e821b038,fad8d229ff3512c069a5b776952e9cd4,RJ,rio de janeiro,-22.944469945322865,-43.184902217179285,RJ,-22.93534069637593,-43.186718398333056,1.032021911031889,1,2,139.98,19.08,2100.0,2017-11-26 20:44:04,2017-12-11,2017-11-29 21:28:41,3,1,14
6a87a0371f263aa8c1779c2c115c1427,4dbe5e9eb8cc354eb79fa6e9971d0a3d,MG,formiga,-20.46232843504684,-45.4307357978066,MG,-20.46232843504684,-45.4307357978066,0.0,1,1,74.82,8.27,600.0,2017-11-25 15:51:01,2017-12-11,2017-11-28 12:49:43,2,1,15
