order_id,customer_id,customer_state,customer_city,customer_lat,customer_lng,seller_state,seller_lat,seller_lng,distance_km,n_sellers,n_items,total_price,total_freight,total_weight_g,order_purchase_timestamp,order_estimated_delivery_date,order_delivered_customer_date,delivery_days,same_state,estimated_delivery_days
9b790ca446b8e28ce5e4382959f6b7df,ecc00bf7d2998377dad8e970fcf7beaf,RR,boa vista,2.8166644409254515,-60.75688968030348,PR,-25.670988301306544,-49.32726830743918,3398.4856046627337,1,1,219.9,37.31,730.0,2018-07-15 11:05:51,2018-09-03,2018-08-17 01:38:26,32,0,49
2889d7816934298a0f5a4a30ef3ffbc7,494fb0bd072cd8ccf901962d207864a8,RR,boa vista,2.808801918199655,-60.6803409946078,PR,-25.543616071325555,-49.1822929118818,3387.314436895612,1,1,129.0,33.79,630.0,2018-01-28 18:28:32,2018-03-22,2018-02-22 18:39:03,25,0,52
ecab90c9933c58908d3d6add7c6f5ae3,761df82feda9778854c6dafdaeb567e4,RR,boa vista,2.8166644409254515,-60.75688968030348,PR,-25.49968935607949,-49.33471232806277,3380.655450807604,1,1,30.1,33.24,850.0,2018-02-25 13:50:30,2018-04-13,2018-03-27 23:29:14,30,0,46
be5cae366c82f548c9a28b353ab44dd0,0d161cbc6e76ebb664969c45a8ef1862,RR,boa vista,2.8351098224276887,-60.67195186820219,PR,-25.459870002221702,-49.23095511119618,3379.2382591275154,1,2,403.1,96.42,3500.0,2018-06-07 13:40:18,2018-08-06,2018-06-18 15:08:53,11,0,59
f77eb63e272ad822e11bbf97da9c0edd,5621efcb03b89c9a3a23e0d9c9f56360,RR,boa vista,2.8341526287995062,-60.663875822829525,SP,-24.026457185123206,-46.47784669233656,3357.8978745488803,1,1,125.19,60.94,300.0,2018-06-02 14:45:21,2018-08-03,2018-06-25 15:12:37,23,0,61
cedca39b10d8d496f77547b16e2dbf56,5aff2745215911ee30d7fa346120ddbf,AP,macapa,0.0348929573776164,-51.062590688261295,RS,-30.030201334179605,-51.22766868774895,3343.1316507718248,1,1,129.9,33.8,1100.0,2017-05-23 01:48:54,2017-06-29,2017-05-31 14:35:07,8,0,36
14c9f30dcfd7bff68d5663ce8626cc19,c5a2778a8dbd64d32e3d0ee4995539a0,AP,santana,-0.0251960263474318,-51.17417928703045,RS,-30.074731899560035,-51.06708917888373,3341.3751686246537,1,1,259.9,32.49,300.0,2017-07-04 19:23:29,2017-08-09,2017-07-21 15:22:52,16,0,35
d3f9832594bb9037370cdf8bdcd052cd,1d63533f078557f7ef9ebece8482cc21,AP,macapa,0.0157486188778604,-51.08187131681625,RS,-30.00839962559865,-51.20149509977495,3338.556992662794,1,1,105.0,47.0,2800.0,2017-12-15 18:05:43,2018-02-14,2018-01-08 19:19:27,24,0,60
3a9e44b449e2ec9986a329724bc824eb,8e46c55f2293dfb57e5e70080db74fe9,RR,boa vista,2.823847652963506,-60.733886691477615,SP,-23.65869024839867,-46.52249513292757,3322.474267255348,1,1,84.99,27.44,600.0,2017-11-25 16:03:03,2018-01-12,2018-01-17 21:32:47,53,0,47
cdde87555bcd91df4fa4f191cbc77774,84874c595637bb7aea0323c01a7e9c92,RR,boa vista,2.824144071049988,-60.68863527744583,SP,-23.539820103990145,-46.31780434759043,3319.063804244495,1,1,199.0,28.24,1000.0,2017-10-16 15:57:54,2017-12-20,2017-12-26 21:34:13,71,0,64
0a80da8a2e86f5f401c7514602bc1105,351c4091b6f035cbc49b25c86db368fc,RR,boa vista,2.831294780921715,-60.72398782937559,SP,-23.5397205,-46.43633556480467,3315.548472613159,1,1,34.99,28.97,200.0,2017-03-24 16:48:47,2017-05-03,2017-04-26 13:52:15,32,0,39
4308f4544f700c2e5bc48a12f92b60ec,6dd615ab569bc60cb1cc7b468c11208d,RR,boa vista,2.821374037729382,-60.67224111828101,SP,-23.69066643075192,-46.70391215514457,3313.2340889569664,1,1,39.99,25.38,317.0,2017-09-27 12:56:26,2017-11-16,2017-10-14 13:53:49,17,0,49
d9f046249ca6beb35e2d00f2eecece56,bd5dca788b04c05cb9f4aa5101a163bc,RR,boa vista,2.8351098224276887,-60.67195186820219,SP,-23.595227193173283,-46.56076636913555,3312.4313387703023,1,1,70.0,32.63,1850.0,2018-07-20 12:14:10,2018-09-03,2018-07-31 14:42:49,11,0,44
b822f4f445ecd8a555f37cd6aef591ac,c5f01802e14689fa043dd02e57ee0477,RR,boa vista,2.8166644409254515,-60.75688968030348,SP,-23.53877907744238,-46.53850883971953,3310.5135168010765,1,1,18.95,28.97,275.0,2017-04-06 11:32:08,2017-05-16,2017-04-24 12:31:03,18,0,39
a65211639143a90d6cb4116d808b1823,b23f056c8604016df9fefaa92128ab42,RR,boa vista,2.831294780921715,-60.72398782937559,SP,-23.626508106304968,-46.72998537010217,3309.256734818951,1,1,699.0,31.95,5400.0,2018-04-02 20:55:25,2018-05-16,2018-05-26 01:34:22,53,0,43
61fba313862d5071658794c520745397,d398cd26a14e81d6a1b88c42b089a39f,RR,boa vista,2.821374037729382,-60.67224111828101,SP,-23.552032416180964,-46.53746144532288,3308.0632970550114,1,1,59.99,29.95,1000.0,2017-10-20 11:33:42,2017-12-06,2017-11-04 15:43:45,15,0,46
9b305f3b1cd4ea12832c2b90372b961e,99951d171be681b7a878c49cf72a32be,RR,boa vista,2.8341526287995062,-60.663875822829525,SP,-23.53142941993188,-46.51618034574991,3307.9838861125754,1,1,30.0,28.97,125.0,2017-04-29 18:13:42,2017-06-08,2017-05-26 00:41:17,26,0,39
ca1aeded94b48bff9b434a7512cee7ce,8e2f6ac5748f3612e7b6662b99f7a7c3,RR,boa vista,2.8341526287995062,-60.663875822829525,SP,-23.53877907744238,-46.53850883971953,3307.576469396964,1,1,16.5,25.38,350.0,2017-06-07 16:36:57,2017-07-14,2017-07-07 19:09:46,30,0,36
a7bc4bc04f601abb381b240812701777,40e7cb5ddc9d4a4b176615df6ec20877,RR,boa vista,2.808801918199655,-60.6803409946078,SP,-23.552032416180964,-46.53746144532288,3307.221799927136,1,1,69.99,30.02,1100.0,2017-05-12 21:25:41,2017-06-16,2017-06-06 17:22:18,24,0,34
8b5cf5ac7d33694c12564d2f8ca47535,f82d62c40f8aa96a0539ff63897cbdd5,RR,boa vista,2.8499466900018384,-60.71288683060469,SP,-23.537493461278807,-46.63974517262972,3306.40886505683,1,1,13.65,27.41,200.0,2018-04-27 15:35:47,2018-06-18,2018-05-29 22:36:49,32,0,51
3a9731efdd545919f0c6c36c8633b7fd,f141fbe08704cd463fd586a9d746b71a,RR,boa vista,2.823847652963506,-60.733886691477615,SP,-23.542520789115148,-46.63533516134283,3305.573954712622,1,1,23.9,28.97,175.0,2017-02-03 00:18:35,2017-03-28,2017-02-09 18:08:30,6,0,52
ee3322ff7174b7401b95b18fb8ea1e6c,1856438e1615630ccc65ed9a11394213,RR,boa vista,2.8129965381058715,-60.70111707720853,SP,-23.51633441909516,-46.54744111705809,3304.7245683827423,1,2,163.12,54.84,1500.0,2017-05-12 19:17:43,2017-06-16,2017-06-13 15:54:40,31,0,34
d6e32818428593eefe8ffd7e15acb83e,784210ee365c635556aeb69e14e072fc,RR,boa vista,2.8129965381058715,-60.70111707720853,SP,-23.542520789115148,-46.63533516134283,3302.8587133620617,1,1,39.7,29.32,175.0,2016-10-10 14:02:01,2016-12-16,2016-10-19 04:01:38,8,0,66
90423fbde022b7991066ba965cfe537d,8bca3a85b44a76353af3b18cffb13b2b,RR,boa vista,2.81134170530106,-60.71474074917087,SP,-23.537493461278807,-46.63974517262972,3302.6673716153487,1,1,13.65,25.38,200.0,2017-11-22 23:03:14,2018-01-05,2017-12-07 23:02:56,14,0,43
290edb448c965ba91dbda4de76074143,275796c941809c8006511c809600dfab,RR,boa vista,2.81134170530106,-60.71474074917087,SP,-23.53661063849616,-46.65758461809682,3301.6906956716484,1,1,45.0,25.38,250.0,2017-06-05 16:49:45,2017-07-12,2017-06-13 15:44:09,7,0,36
2fa29503f2ebd9f53deba187160f3202,5c42637f3e7e7c520282ae5c4faab832,RR,boa vista,2.7966428442744005,-60.68447146630186,SP,-23.62759432584107,-46.77943737316059,3301.511452560551,1,1,236.0,30.85,200.0,2017-03-31 15:03:51,2017-05-10,2017-09-19 18:24:46,172,0,39
1eeaec28c1a699b3b423fba26109e197,e6f7cbd1504efea2bf999b2fa1cb8679,RR,boa vista,2.8580783365107942,-60.66100251129764,SP,-23.437197,-46.51136742270183,3301.3345984246707,1,1,122.99,27.92,400.0,2018-03-06 09:30:25,2018-04-17,2018-04-03 22:08:44,28,0,41
d082758d583505f358d7893ac95d4f0f,3966c9281e8635cdcd8a77df973b7b35,RR,boa vista,2.821374037729382,-60.67224111828101,SP,-23.437197,-46.51136742270183,3298.2621105773505,1,1,122.99,27.92,400.0,2018-03-07 23:42:31,2018-04-18,2018-04-03 23:25:23,26,0,41
1b06aad4a90f552b892b8389166627bc,ee0ab5a9747a11f916fff4b4fc306ac0,AC,cruzeiro do sul,-7.625886788253401,-72.67098698091266,SP,-23.69050632209016,-46.67948403830283,3295.7950569246764,1,1,47.9,42.38,425.0,2017-12-25 18:23:53,2018-02-16,2018-01-08 20:40:31,14,0,52
1030193a05167a7f359eac22342727c7,e83f91be888c7639e7199ea309040d35,RR,boa vista,2.8129965381058715,-60.70111707720853,SP,-23.49166859722086,-46.7297613836344,3293.2189735252405,1,2,299.8,78.54,4300.0,2018-06-10 15:10:13,2018-07-31,2018-06-21 23:08:49,11,0,50
fe157fed1771944584f95dce138eefad,56a4d10644e5aa0b23861f9e90f37a8d,RR,boa vista,2.808801918199655,-60.6803409946078,SP,-23.49166859722086,-46.7297613836344,3291.768633687299,1,1,259.9,45.53,4450.0,2018-06-05 18:54:48,2018-08-06,2018-06-26 19:28:24,21,0,61
2bcf1f79964f8b4f4f62f19441601b1a,711fff4266b53bae9de25be1473dc0bc,AC,rio branco,-9.932676422427706,-67.81874322737896,BA,-12.89472449617752,-38.33875838605659,3228.216170160414,1,1,1200.0,51.7,2800.0,2017-09-03 02:42:26,2017-10-16,2017-11-09 01:33:48,66,0,42
75eea5833d9dc1ff4712cf962417ce1a,ac45d9f7d22771f974f9f713285cf06e,RR,boa vista,2.821374037729382,-60.67224111828101,SP,-22.92492963558197,-47.0742943724681,3220.428794376886,1,1,244.0,28.99,397.0,2018-06-16 14:01:39,2018-08-06,2018-07-11 20:08:43,25,0,50
60b7a154dfbcedf1c0b7b294d0cfae7b,66637c0e4a801a4cd3ba72818e7b5b11,RR,boa vista,2.8351098224276887,-60.67195186820219,SP,-22.8935112964107,-47.0800242164147,3218.4406496283277,1,1,29.99,25.38,150.0,2018-02-05 16:11:25,2018-03-27,2018-03-16 01:33:01,38,0,49
9fe28378e5a0c6b3f55ed7be6edf9ff4,15fb2f7d74eb50bf9a225a12250a54ae,RR,boa vista,2.808801918199655,-60.6803409946078,SP,-22.93106051096427,-47.111613736896366,3218.324464236397,1,2,336.0,121.82,12500.0,2018-07-16 09:08:18,2018-08-23,2018-07-25 16:12:43,9,0,37
af006979017f225d80e49985aed847b3,76cfe843e966f172cf2c2ec811e9da4b,PA,belem,-1.3415795569999318,-48.442214999999976,RS,-30.00839962559865,-51.20149509977495,3200.909583222392,1,1,99.0,34.46,1600.0,2017-03-29 16:53:32,2017-05-09,2017-04-20 10:09:24,21,0,40
eadf1db71815b513cf62a49e9c6416fe,c99c4573f69475e34c281d72617283ed,PA,belem,-1.4630158658030092,-48.48808887193567,RS,-30.074731899560035,-51.06708917888373,3193.11565838796,1,1,1199.9,41.29,900.0,2017-08-02 15:39:41,2017-09-08,2017-08-18 20:12:40,16,0,36
9ad9270de3bd98ce09213f047dc7a16d,fe12c203c95f0465d6ede6d584c40b81,PA,belem,-1.424274947256112,-48.473887637919226,RS,-30.015353525390992,-51.16292631709848,3191.849274959205,1,1,145.99,34.18,150.0,2018-04-27 22:15:18,2018-06-01,2018-05-24 19:38:49,26,0,34
7678a9ec36abfc35527725816936da8e,e8f66ba37c741a51f2b840dab001bcef,PA,belem,-1.3954044970858062,-48.46828552510252,RS,-29.97993039644497,-51.18803006826712,3191.4184654271908,1,1,66.9,33.36,800.0,2018-03-03 19:36:34,2018-04-06,2018-04-11 19:19:18,38,0,33
77625c9343b4dd4a9536f65e9ea50135,cf715977596afedab14869cb8d11d9e1,RR,boa vista,2.831294780921715,-60.72398782937559,SP,-22.75756675966071,-47.416027840450326,3190.790336801357,1,1,949.9,44.87,15800.0,2018-03-19 14:06:14,2018-05-02,2018-04-14 18:58:41,26,0,43
e9e55b29d529e773405084277bdf7659,0bb834758b9161844659f3d641da02af,PA,belem,-1.450322481641738,-48.45993694028527,RS,-30.00839962559865,-51.20149509977495,3188.692891345734,1,1,34.9,33.24,350.0,2017-08-12 11:21:24,2017-09-20,2017-08-23 18:24:14,11,0,38
8568864766afc1fb05611b15e7f7f83e,406300dc1b41b134fd12bedb592bd894,PA,belem,-1.4678821362744563,-48.474985155141965,RS,-30.015353525390992,-51.16292631709848,3187.007445077023,1,1,126.12,31.55,100.0,2017-11-06 21:32:10,2017-12-11,2017-11-23 18:26:58,16,0,34
b925013f2e110c15dd382961cf7e6538,f543d24d24bd70b892d97a064c5c0fa7,RO,porto velho,-8.756458065449426,-63.87552318025777,PE,-8.134782793932896,-34.93613699999999,3183.00244107092,1,1,149.9,36.6,533.0,2018-04-18 11:48:54,2018-06-04,2018-05-07 15:42:59,19,0,46
00c47fefb9a49baec12ab3654d7f548e,411373e81bbd24b0356ca1274e9c03fe,AP,macapa,0.0534539422786059,-51.05853619886202,SC,-28.47641771282199,-49.011778005554255,3179.8495000446305,1,1,199.0,67.69,1900.0,2017-12-06 00:08:49,2018-01-31,2018-01-16 21:05:08,41,0,55
feeb572a755207d889d166ca90221c84,757bbd8c61a5fd67d5b8c18efd987beb,AC,cruzeiro do sul,-7.625886788253401,-72.67098698091266,SP,-22.92925293639528,-47.56473142113667,3175.9670054805238,1,1,69.9,60.95,4500.0,2017-12-07 18:00:45,2018-01-30,2018-01-12 20:19:50,36,0,53
8d5e10fa7f259ed886ca55788bbf797d,abc04b2e7196b64e40603beb7d4d392e,RR,boa vista,2.821374037729382,-60.67224111828101,SP,-22.38402218078369,-46.9362356656652,3174.966283640605,1,1,289.9,144.86,7625.0,2018-03-01 12:36:08,2018-04-13,2018-04-09 18:05:39,39,0,42
2268107fccbaa5d8b921f82146286350,b3927569e0d789c9d5239fbdbaaed7ad,RR,boa vista,2.8580783365107942,-60.66100251129764,SP,-22.70928658782974,-47.66520568122805,3173.5520704119385,1,2,539.8,167.92,6800.0,2018-07-08 19:25:52,2018-08-20,2018-08-07 23:58:48,30,0,42
a89c99af44728fa4a6353bc609820a3d,495cbebb7b69df24dfd02552fb6e7cf8,PA,murucupi,-1.5654746249551983,-48.76087656864421,RS,-30.00839962559865,-51.20149509977495,3173.196504058171,1,1,129.9,32.23,800.0,2017-04-03 14:31:39,2017-05-12,2017-04-28 13:52:13,24,0,38
6696737f72902ca26a8bb47e22769841,d8c796eaa7b2ae7d0680e2efc8d62bb9,PA,marituba,-1.3667488537613912,-48.33865765202612,RS,-29.68584930081256,-51.46313816602653,3166.2358146396773,1,1,199.0,37.56,1950.0,2017-12-15 13:07:21,2018-02-07,2018-01-12 23:53:23,28,0,53
44a4b28fae9dd152c7102f54dcd723b9,041e732946d597aa439b595a2def33f3,RO,sao francisco do guapore,-12.060983879740572,-63.57193142137397,PE,-8.134782793932896,-34.93613699999999,3163.398442091257,1,1,189.9,82.49,600.0,2018-05-29 14:36:50,2018-08-06,2018-06-15 18:12:58,17,0,68
242e24b7eaa9f48cde9d679f8591124d,3197648bc591f89b9b15d647c1ee1c0e,PA,ananindeua,-1.3897412444852957,-48.38307505449787,RS,-29.68584930081256,-51.46313816602653,3163.204530251571,1,1,199.0,37.66,1950.0,2018-04-11 12:25:04,2018-05-25,2018-05-11 15:54:56,30,0,43
367d9f6d184cf1d060d92bdc71810d2e,75baf74d97b2339e14e57681073a42ef,PA,ananindeua,-1.3901238530552105,-48.41317148962709,RS,-29.68414434090604,-51.09436186244434,3158.907197471373,1,1,496.9,36.86,400.0,2018-07-21 11:21:29,2018-09-04,2018-08-06 13:06:43,16,0,44
3440f090efa1949bc4e9ebd0b89b2b6c,2acac3dfe4fa0e75b07461873a67e7e6,PA,belem,-1.342775871487156,-48.45931805179363,RS,-29.65213559472261,-50.57698899359471,3155.819295850661,1,1,39.9,29.55,200.0,2017-01-27 00:34:10,2017-03-09,2017-02-10 18:43:38,14,0,40
4bc129a90204375853b00493c4c57516,3d07b70ec10c036713bea645e03c229c,PA,belem,-1.4611951151826312,-48.478553025535234,RS,-29.68584930081256,-51.46313816602653,3154.271125131068,1,1,199.0,37.56,1950.0,2017-11-24 10:39:35,2018-01-11,2017-12-28 22:29:23,34,0,47
62da6eaeb0bb1013bcd1e66d7a93546e,db8e95a7c8bbe135f190cb4866fd2404,PA,belem,-1.4304219467078465,-48.44961712406944,RS,-29.68414434090604,-51.09436186244434,3154.098474083488,1,3,149.7,108.36,1350.0,2018-07-11 11:01:02,2018-08-13,2018-07-20 16:38:47,9,0,32
157728e3687cd5012c1e732721098570,0e068d477b784dc327ce26836411eb00,RR,boa vista,2.821374037729382,-60.67224111828101,SP,-22.412161929589875,-47.579265975561306,3145.514885337669,1,1,179.9,45.11,850.0,2017-07-17 06:53:07,2017-08-22,2017-07-25 19:19:32,8,0,35
f12cefe9433959386542247656221808,5d6d4a900e250bbef1deb1167433fbfc,AM,manaus,-3.077959452680455,-60.04996969793597,RS,-30.0046847216227,-51.19766065849146,3135.9331669227213,1,1,49.9,31.05,850.0,2017-03-30 17:31:18,2017-05-12,2017-05-05 00:13:07,35,0,42
1571408d523ba0bd850d9621252be53a,9eec05db89d3d8863da0018d2fac099d,AM,manaus,-3.110881107132557,-59.97937321227324,RS,-30.00839962559865,-51.20149509977495,3130.488225965611,1,3,315.0,132.09,8400.0,2017-07-06 08:10:59,2017-08-14,2017-07-19 15:57:32,13,0,38
94b9fdffc1d9b49273c91598fc0dc5e6,6236a1fd73ab92114378e88fe16698ea,RR,boa vista,2.823847652963506,-60.733886691477615,MG,-19.867906407416527,-43.94863882589885,3118.549323987319,1,1,26.9,28.97,250.0,2017-02-03 21:36:05,2017-03-30,2017-02-15 18:18:11,11,0,54
f49edcfe5848443af94ac0c4abfd567f,0f23c6bff75a40bdcb20ec9086522179,RR,boa vista,2.823847652963506,-60.733886691477615,MG,-19.867906407416527,-43.94863882589885,3118.549323987319,1,1,31.9,31.02,200.0,2017-06-27 14:42:12,2017-08-02,2017-07-18 19:32:03,21,0,35
dafd881e3f2e32e13a60a0bad4547004,8c1c0c6b377c877fa3f5323aa147029f,AM,manaus,-3.059873287709865,-60.007130863725536,RS,-29.68414434090604,-51.09436186244434,3106.0977036770378,1,1,139.9,34.36,50.0,2018-07-13 15:00:23,2018-09-11,2018-08-07 18:41:43,25,0,59
a61151bf7c6ab99c973aafb3382f4781,c8e41791508ca5cf1fe0d9d49c75cf31,PA,santarem,-2.4243989420876417,-54.71304339549161,RS,-30.074731899560035,-51.06708917888373,3098.5143842171387,1,1,40.9,54.02,100.0,2017-09-11 12:00:17,2017-10-17,2017-09-28 20:21:41,17,0,35
b67e88a088df905cb07564cd720a9711,b408e86f1975f2dd2cd34506f0b33329,RR,bonfim,3.3613470000000034,-59.833974553403806,PR,-23.382421483292536,-51.92932485314671,3094.7614176189536,1,1,89.9,81.79,353.0,2018-05-05 09:46:42,2018-07-02,2018-05-23 18:27:23,18,0,57
f6d370f76988ab29f282356a31b6af7c,b615633a738a73059b49ddadac8cf1e6,AM,manaus,-3.055875383071779,-59.94469350825209,RS,-29.68584930081256,-51.46313816602653,3093.251145167132,1,1,199.0,37.56,1650.0,2017-05-15 12:08:46,2017-06-26,2017-06-07 03:14:03,22,0,41
d8a3a8c458243721ca285392ac882c78,2abd673eabe8cbc837887bad6ebcffa7,AP,oiapoque,3.844931405069822,-51.83391721583143,SP,-23.546865429255,-46.93000464678376,3091.8731910470565,1,1,385.0,40.24,600.0,2017-05-14 22:39:17,2017-06-14,2017-06-14 08:38:54,30,0,30
f333088bba31372a0764adb36fd357b9,aea4f6f17bc15c55b15c503a4acddadc,PA,santarem,-2.4243989420876417,-54.71304339549161,RS,-30.00839962559865,-51.20149509977495,3089.476161694944,1,1,105.0,67.03,2800.0,2017-05-17 10:19:13,2017-06-26,2017-06-23 12:28:54,37,0,39
46aecd246f390bf2157edfeed11b5433,45b73da5b4052e86fc997f0716ff2bb7,AP,macapa,0.0534539422786059,-51.05853619886202,SC,-27.42147641216773,-48.42632113725541,3067.9806429913992,1,1,94.9,31.33,250.0,2017-09-14 09:36:29,2017-10-27,2017-10-03 18:33:06,19,0,42
bbac13f5b68d5b86c46f0a89a014b5e5,51e10aa40395951c6350f93ea1aa20f8,PA,ananindeua,-1.3692616173618282,-48.40803133305517,RS,-28.289927349145803,-54.26195206786057,3057.40810852762,1,1,478.04,92.67,1400.0,2018-08-05 09:52:46,2018-08-29,2018-08-17 17:58:48,12,0,23
2d16bf1b00214008228bd3b4cf16d256,fc215214c5e93ea60189282e63286806,AM,manaus,-3.093583074721783,-59.99983462745101,RS,-29.19022128139438,-51.23225297662016,3046.0263937819536,1,1,69.9,31.81,850.0,2017-04-01 18:33:06,2017-05-11,2017-04-13 17:37:15,11,0,39
a574fbd4ec3b7064ac9a3817ee71c044,fcb49f867923861e95f4c48620d14a21,PA,belem,-1.4350490220441132,-48.4687608538578,SC,-28.62278894415899,-49.02509319244567,3023.71549484482,1,1,69.9,56.38,600.0,2017-10-23 00:04:49,2017-11-30,2017-11-03 17:53:40,11,0,37
a72fc5669df669ab2c501cd323698fac,05ad4097a892d5d8163107dd0bc3ca2d,RR,boa vista,2.7715950678919,-60.73109948872563,SP,-21.757690120914923,-48.82976816265947,3019.0375088384903,1,1,69.9,47.02,1150.0,2018-02-27 21:15:55,2018-04-13,2018-05-12 19:38:34,73,0,44
796b04ac2c7b508683f6010238b991f1,b67cda5c14480b9958d2f1465fb3608c,AM,manaus,-3.086213133427183,-60.01020551636287,SC,-27.96798228874309,-48.680847136996434,3016.458154755126,1,1,439.0,78.2,9550.0,2017-11-20 20:34:03,2018-01-09,2017-12-22 20:52:22,32,0,49
5aea0e32c93560d6e8235be9954aba01,cd6042c2aa18ffe499a2bd2bbadc0c41,RR,boa vista,2.81134170530106,-60.71474074917087,SP,-21.364019805249217,-48.22883109179936,3012.202102350426,1,1,219.0,68.45,342.0,2018-03-09 20:09:13,2018-04-24,2018-04-18 22:56:41,40,0,45
cab041d8d606d6c9d3165da578795340,888d2ebe1af2a8c93c75dae5dfc23719,AC,rio branco,-9.968815683567623,-67.81115952484274,RJ,-22.748116157070065,-42.89099241735732,3007.070966891208,1,1,16.9,33.24,900.0,2017-05-13 13:16:20,2017-06-19,2017-06-02 14:28:53,20,0,36
6e8cdfac9a1f0a25230f4624a4d707f3,1c1569d6c160dbc103b50392ba28a01b,AP,macapa,0.0348929573776164,-51.062590688261295,SC,-27.00518824428508,-51.15087636295904,3006.7346684733766,1,1,79.0,75.99,250.0,2018-04-01 15:34:09,2018-05-24,2018-05-03 14:58:30,31,0,52
ee72ce44903a7907d3c84f46ef2dd863,0117fcfe90f5c0df487c5eb4ae067aff,PA,santarem,-2.426887126999578,-54.73083104396959,RS,-29.15536700273888,-51.51516125561644,2991.47314170492,1,1,80.56,89.88,1250.0,2018-07-25 13:15:31,2018-08-27,2018-08-11 17:57:36,17,0,32
6f51b9ddebdbc1c999a68bf0cabe83e8,f95bb63df8e45c05f3235752a62eb607,AM,manaus,-3.0966300000000047,-60.024462156531925,SC,-27.60742386873268,-48.5936448106241,2983.610088377088,1,1,21.5,33.53,100.0,2018-07-27 17:32:55,2018-09-12,2018-08-21 19:41:53,25,0,46
465bd6cdd5535737b0839fe6b722c9fb,19faaa8953bbd5166298b6f2a3f84298,AM,coari,-4.088142597733086,-63.14237405595736,RJ,-22.433722840932912,-42.97293424912493,2979.2937029803543,1,1,1190.65,68.39,683.0,2018-05-04 00:25:23,2018-06-27,2018-05-25 23:21:40,21,0,53
f4261614bd20d817d6bb3b181705d699,8a7bd75315cdfef62fd97d65526ecb9d,AM,manaus,-3.128660762613924,-60.02522960861586,SC,-27.543786658615705,-48.631972642506845,2972.3464139395755,1,1,59.9,33.31,700.0,2017-08-20 13:37:28,2017-09-27,2017-09-19 20:52:05,30,0,37
eb460891256759f5187cb3edc7a73c25,9394e1af2fb0cde9c2e21ec3ab3684a2,PA,uruara,-3.719253874282301,-53.740713158615925,RS,-30.00839962559865,-51.20149509977495,2935.4009180791327,1,1,36.9,31.67,200.0,2017-03-28 16:11:39,2017-05-05,2017-04-19 15:30:17,21,0,37
f948e30320e56a553862b62e5ec37efe,2bf0486fc0f5e5a9268f10be44770dcf,AP,macapa,-4.36737924474e-05,-51.08307205665668,SC,-26.24993381848348,-48.80571126263594,2929.0419871629683,1,1,177.99,57.14,950.0,2017-11-23 19:32:52,2018-01-12,2017-12-22 00:47:48,28,0,49
4de2e524ad6dfd8abeefa2b8aa37d4f4,7678332c9841a05031112bc423ee10f1,AM,manaus,-3.128660762613924,-60.02522960861586,SC,-26.993432999999943,-48.634162435885465,2917.365365291484,1,1,216.0,82.67,600.0,2018-05-14 15:14:04,2018-07-05,2018-06-06 16:11:52,23,0,51
43d7305914fd70e58c762b287e0cde53,1fb66ad268ada441d2005c9e0d598c82,PA,belem,-1.3226344565755994,-48.45055637325082,SC,-27.543786658615705,-48.631972642506845,2915.723166143453,1,1,59.9,33.31,700.0,2017-12-11 18:26:14,2018-01-19,2018-01-03 18:16:50,22,0,38
7fdefbf564eb66830407026a86005ce2,013bdb994a9c8f09fde3f5f543e698ad,AC,manoel urbano,-8.83893545814722,-69.26237687665842,SP,-23.67008162864273,-46.66049702840489,2914.4585977394468,1,1,194.99,53.72,2050.0,2017-09-01 11:37:28,2017-10-17,2017-09-13 22:52:54,12,0,45
38fd5de0bdcbb66b8c100656463bc730,8c1fc4f0160463f7192647792d749b83,PA,ananindeua,-1.359557305472045,-48.40294922075292,SC,-27.543786658615705,-48.631972642506845,2911.6557030860054,1,1,47.9,35.9,650.0,2018-05-14 12:20:42,2018-06-20,2018-06-04 14:22:34,21,0,36
16a73b59c868ed5c7152b96b0ebc7693,63e7a08af483dc834e72063957f82e52,RR,boa vista,2.8580783365107942,-60.66100251129764,SP,-20.815284251516896,-49.50746551808157,2899.451213588336,1,1,129.99,77.98,7600.0,2017-10-18 23:21:35,2017-12-04,2017-11-01 17:49:38,13,0,46
39d0be719247e3b3a38846ba810197ea,0f51eea87ae9e277d0f099d51637772d,PA,santarem,-2.4243989420876417,-54.71304339549161,RS,-28.289927349145803,-54.26195206786057,2876.51369195083,1,1,89.0,32.01,300.0,2016-10-04 16:02:18,2016-12-12,2016-11-07 16:55:57,34,0,68
4857ab4a4500b4de3c4bbf57b2e04789,fca23aa596e040551b4db9d6f46fde88,PA,belem,-1.4280537705001086,-48.46444616013624,SC,-27.15253242886683,-48.50464784416293,2860.434731356112,1,1,529.9,84.87,650.0,2018-03-26 16:17:48,2018-05-04,2018-05-14 20:41:14,49,0,38
d359e2c7de603d9b72bdfe2dc3840275,19dc2be7592f399eb8b754a5b44d847d,AM,manaus,-3.092198615875121,-60.065084750620365,RJ,-22.93534069637593,-43.186718398333056,2858.666144278327,1,1,299.99,34.02,1538.0,2018-06-05 22:33:06,2018-08-03,2018-06-11 21:04:12,5,0,58
a586da019f92d63ea627fb32eba2b776,5ae1be4283fb91cb5441d0b8f533eb1e,RO,cabixi,-13.494057754759387,-60.54399099092868,PE,-8.134782793932896,-34.93613699999999,2857.7451086960623,1,1,149.9,84.6,533.0,2018-04-03 12:23:56,2018-05-21,2018-04-28 11:38:42,24,0,47
f63bea61c8cd128d3e53d7c07d94a7ee,059095dc0717592b41cc47df0c7f1c6e,PA,belem,-1.4364370877284982,-48.45454573829979,SC,-27.00518824428508,-51.15087636295904,2857.637017551356,1,1,339.0,56.04,500.0,2017-11-24 15:07:55,2018-01-10,2017-12-13 22:03:53,19,0,46
cd43510a9992792a9e22f4e9f8d20f4b,fe415a5a1222df38b1fb1f504b06901d,AP,macapa,0.0496622616905618,-51.04861268455439,PR,-25.45795217485142,-49.30899607966408,2842.4676918264804,1,1,349.9,33.15,900.0,2017-02-02 18:46:27,2017-03-23,2017-02-21 11:57:50,18,0,48
b2dddd3ac6945bfb4a4a8b336d830a64,547d7962c21b9a177226c430300019ab,PA,sao miguel do guama,-1.6166569727096125,-47.47837325396073,SC,-27.15253242886683,-48.50464784416293,2841.567748926672,1,1,550.9,85.02,593.0,2018-03-06 18:38:25,2018-04-18,2018-04-04 22:19:12,29,0,42
321306819534558dae9c3a1a551e91c7,3304f410b0166209f4f630745838ff17,PA,belem,-1.3954044970858062,-48.46828552510252,SC,-26.913134249178224,-49.113291279762265,2838.277337460761,1,3,447.0,177.35,4100.0,2017-08-28 17:57:12,2017-09-29,2017-09-04 21:42:39,7,0,31
6a0b5fb923f32eb89950ee634a00bcab,4bdfe94fb04b8754cc3a5f283e26db9d,PA,belem,-1.4143021610625788,-48.44500122170078,SC,-26.913134249178224,-49.113291279762265,2836.2380083362027,1,1,22.9,29.55,400.0,2017-04-30 13:49:04,2017-06-16,2017-05-16 17:24:46,16,0,46
a409968a19f09aaa2d44cebcef64ff53,4871648597f5e905374f3740d8d3fff1,AM,manaus,-3.0663665728547644,-60.0601916424821,RJ,-22.90584639800333,-43.56728365029714,2832.280285881775,1,1,127.0,33.03,1900.0,2018-07-16 16:39:29,2018-08-22,2018-08-06 17:18:19,21,0,36
00602f25bffa1dcfb71e202fbf9824fb,d91dc5b08f5bb5e181a878580f4ec576,PA,belem,-1.4630158658030092,-48.48808887193567,SC,-26.913134249178224,-49.113291279762265,2830.7107235722933,1,1,39.9,54.02,700.0,2017-11-01 17:45:52,2017-12-11,2017-11-27 21:07:22,26,0,39
ddb4b2115723295bbe34444bbcb2c1d5,382b155c9a94793ddbd99d8f8b0887f8,AC,rio branco,-9.953949068166208,-67.85151076599993,SP,-23.773844999999945,-45.439882252898514,2829.7740630166795,1,1,159.0,61.39,450.0,2018-08-10 23:54:45,2018-09-20,2018-08-29 14:46:56,18,0,40
73558fe683b9ce228381cf2ca678d322,7f5f6d402a23a76d2efc737bbd3d7d1e,PA,belem,-1.3989051618096793,-48.45883297403209,SC,-26.825784077702185,-49.26999071426511,2828.6662364436665,1,1,126.9,32.21,900.0,2017-01-21 22:41:08,2017-03-16,2017-02-09 12:08:54,18,0,53
5051a95bc31ec72f803d5df48c2a695b,eb285763921cb3b806e3d925bf3ca94d,AM,manaus,-3.125955897664009,-60.01548212315564,RJ,-22.433722840932912,-42.97293424912493,2825.9569983944625,1,1,149.65,61.33,100.0,2018-06-13 18:06:38,2018-08-02,2018-07-03 18:04:02,19,0,49
e56a1cb152fd9b915de07e0f4f5b462b,1f468c5a64641a32137d557ade625dbf,RO,porto velho,-8.756458065449426,-63.87552318025777,BA,-12.89472449617752,-38.33875838605659,2825.243547455064,1,1,1299.9,44.46,2650.0,2017-09-06 09:52:56,2017-10-17,2017-10-05 19:03:52,29,0,40
e809e9009327e4a97a5ec915477b240a,02a9c98d09a951f9ae61e2f677922b1a,AM,manaus,-3.028084065204733,-59.95097898105776,RJ,-22.761224033831567,-43.45611220461891,2823.709337983654,1,1,169.9,26.22,500.0,2017-05-08 13:22:47,2017-06-12,2017-05-20 10:49:33,11,0,34
569e8d50e3105686d32f81ad1e012b23,0572b0398e8e296548ecc2ab61f79934,PA,belem,-1.450322481641738,-48.45993694028527,SC,-26.825784077702185,-49.26999071426511,2822.947755748795,1,1,23.2,29.55,200.0,2017-04-25 08:33:24,2017-06-09,2017-05-09 13:03:57,14,0,44
db0cf68d7b84f2563ba24fe7a111e2be,d7dc7ed62eed8f6c96f39cde34912389,AM,manaus,-3.125955897664009,-60.01548212315564,RJ,-22.873324823071552,-43.54420691023702,2822.843698070899,1,1,49.9,27.41,425.0,2018-04-14 22:35:36,2018-05-28,2018-05-10 22:48:37,26,0,43
452bc83e1374a9bcd2592f008c2a441a,17b7d1cd0035be7cd937e1f6aad3d33e,RO,porto velho,-8.74806526700877,-63.85918024193474,RS,-31.75145071204341,-52.32389889488712,2821.8113326996763,1,2,54.0,49.68,800.0,2017-03-27 13:50:43,2017-05-04,2017-04-07 21:55:54,11,0,37
f5c83dd6f7b7216161a3b9649cf9748a,7032b8d95a6f8535a1e760e0f1ff3be4,AM,manaus,-3.073823512767609,-60.00239053867972,RJ,-22.7352059141212,-43.45046817824559,2821.395535744838,1,1,58.35,32.33,1350.0,2018-05-16 11:00:39,2018-07-11,2018-06-19 17:32:54,34,0,55
4dcf0dcced3cfcb139316e2c821048e5,1ee0491f514e97b4cb72e860f1cd7f3e,PA,breves,-1.6830005529752632,-50.4798827216982,SC,-27.00518824428508,-51.15087636295904,2816.6083491501686,1,1,609.0,101.19,17600.0,2018-02-25 00:23:10,2018-04-16,2018-03-23 17:42:57,26,0,49
161dded9453a3c4d5b6fd484128249a3,90452d352349254ec634a77c0730f087,AC,rio branco,-9.977764499999996,-67.80800945129548,SC,-27.60033750241225,-48.50631021864472,2814.275087985617,1,1,173.67,39.66,2100.0,2018-07-25 16:21:06,2018-08-31,2018-08-08 00:17:52,13,0,36
afda537d43a9276025c26c4a47347548,717a3a9459f9006f23e24a684be8408b,AC,rio branco,-9.968815683567623,-67.81115952484274,RS,-29.9154979313812,-51.14278755030342,2812.3769781576857,1,1,109.9,30.3,3000.0,2017-07-24 21:38:35,2017-08-25,2017-08-08 22:31:55,15,0,31
185e7ea81e4cf0fc1d2f4e8e38e8e7e3,f23c4b530f6d7d421de1e38d3e0cc327,AC,cruzeiro do sul,-7.625886788253401,-72.67098698091266,SP,-22.111362492566023,-51.39854839493498,2789.829782421903,1,1,839.99,65.94,375.0,2018-05-28 22:39:59,2018-07-31,2018-06-18 22:12:25,20,0,63
ca2c921a5b9d60eba417d106c724c6f6,bf21cc881d27bf8909c3922d422cb20e,AC,rio branco,-9.9863541104064,-67.84345650615455,MG,-19.867906407416527,-43.94863882589885,2787.8482705117,1,1,27.9,31.02,200.0,2018-03-01 18:57:22,2018-04-17,2018-04-13 03:08:40,42,0,46
a7abe735fa002a72636ab38fcac70330,10ad09201fcc1c82d181ff7234bcdb3b,AC,rio branco,-9.968815683567623,-67.81115952484274,MG,-19.867906407416527,-43.94863882589885,2785.524381714868,1,1,31.9,31.02,200.0,2017-07-21 01:12:34,2017-08-24,2017-08-08 22:16:44,18,0,33
b8d8f5e99979f7cbf541344ae12c8cf4,8ff83690a72dc5589bc39742798a128b,AC,rio branco,-9.973390456997782,-67.84030356272721,SC,-27.15253242886683,-48.50464784416293,2785.17781368164,1,1,527.9,63.98,593.0,2018-07-29 21:05:16,2018-09-20,2018-08-15 17:07:32,16,0,52
bca58807bbe0c11fa3099e2328f62647,ded450170efe5531454485ca13120aca,AC,rio branco,-9.959850973898922,-67.80112499094008,MG,-19.867906407416527,-43.94863882589885,2784.97470096214,1,1,20.9,24.35,200.0,2017-02-10 13:17:53,2017-03-24,2017-03-09 19:46:01,27,0,41
e7deb83d07b89b75079627c99028d57a,f2a5ed507918ca3ac831b7d38590141f,AC,rio branco,-9.953949068166208,-67.85151076599993,MG,-19.966985233714336,-44.04692748788558,2784.314132365577,1,1,89.9,31.3,150.0,2018-01-31 00:35:11,2018-03-19,2018-02-15 01:12:09,15,0,46
682e90d16332af76ecbdaee2e0c74bf6,e335e7e1fffa9b705d3453abb49890a7,RO,ariquemes,-9.90767244370784,-63.02786959277813,CE,-3.717609207744237,-38.59975940119935,2781.931823600976,1,1,599.0,38.81,5250.0,2017-02-05 17:07:34,2017-03-15,2017-03-03 11:09:41,25,0,37
efbba0637ff7fe0491ef039d3cc3d586,78080be5a90a5c6c1238c4dfb20c99ad,AC,rio branco,-9.932676422427706,-67.81874322737896,MG,-19.88412914793119,-44.018138035188656,2781.8166705249487,1,1,129.9,68.56,1850.0,2018-06-28 17:51:59,2018-08-08,2018-07-10 00:04:45,11,0,40
d9644b981a4d023c5392dd06bfc8cdc0,5a0dc6805a195218a4e448653dee4740,AC,rio branco,-9.973390456997782,-67.84030356272721,SP,-23.933241296527093,-46.32942742274111,2757.8416370705672,1,1,12.9,42.38,100.0,2017-05-27 04:22:55,2017-07-12,2017-06-22 18:34:35,26,0,45
e494c29003c61332fdf1340bba650cd3,785f931e1fbc5a6c01782f59d9a2fe42,AC,rio branco,-9.953949068166208,-67.85151076599993,SP,-23.302661247830148,-45.97283979175633,2756.852349586593,1,1,45.0,42.38,367.0,2017-11-06 11:29:00,2017-12-15,2017-11-23 16:46:57,17,0,38
ac6e5268baf65f6d55e479e288bc67a6,017bd021539ebd414e15ef9aa11301ec,AM,manaus,-3.077959452680455,-60.04996969793597,PR,-25.55874002069342,-49.19617365714436,2755.8854048753647,1,1,99.9,30.34,1900.0,2018-03-29 13:02:53,2018-05-22,2018-04-26 21:46:53,28,0,53
1915364b68b7df0c42012aadca4bed47,3a8383a4e4a8cf4251ae0b1c1a696694,AM,manaus,-3.0185521961869064,-60.00433960958576,SP,-24.00920985345376,-46.41937090980433,2752.4641846284007,1,1,47.49,35.67,175.0,2018-02-15 21:07:30,2018-04-04,2018-03-28 20:44:32,40,0,47
009e11afa25aa95ae78e60a793995c9b,1b7c152aba1c7478309329cfec0bb5d1,AM,manaus,-3.0663665728547644,-60.0601916424821,SP,-23.82696887870072,-46.11866655620633,2751.8024906865053,1,1,30.99,34.15,625.0,2017-10-19 23:56:16,2017-12-08,2017-10-31 23:22:56,11,0,49
e6d0bbe2424dd2fc97db5851253f90d3,5880e46677c68394bda62479fd673340,AC,rio branco,-9.968815683567623,-67.81115952484274,RS,-29.17321497290207,-51.150660049195,2750.448155629974,1,1,109.18,44.61,900.0,2018-02-17 21:51:05,2018-04-06,2018-03-09 23:22:47,20,0,47
7e1d7adfaf4e026419cedeaed88f3a4b,a7a1f40697541672f4392767d549f9e5,AC,xapuri,-10.651999202226907,-68.50549419574297,SP,-23.48488009615481,-46.36654993289185,2745.6153028367585,1,1,189.94,108.36,11767.0,2017-11-14 16:05:37,2018-01-04,2017-12-15 15:15:10,30,0,50
0945dadba69dad599e42c31e78450de4,be33968269bf8c51037b65cdf4edff1b,RO,alto paraiso,-9.718396338768557,-63.3187935,BA,-12.89472449617752,-38.33875838605659,2745.322459650456,1,1,1200.0,60.76,2750.0,2017-08-29 15:20:56,2017-10-10,2017-09-25 18:10:20,27,0,41
89ab3deb002bd13b58edb1acb91cf903,c877712189c91e02b31a34e37974ebd7,AM,manaus,-3.116517581076696,-60.041714788649074,SP,-23.933241296527093,-46.32942742274111,2743.444645179618,1,1,49.0,24.84,250.0,2017-04-30 18:58:18,2017-06-06,2017-05-24 17:52:26,23,0,36
429f9f7849e2149c03ac3e4ba5659050,b5bc395b6c0cc16a6432e87867c0d5a8,AM,manaus,-3.0663665728547644,-60.0601916424821,PR,-25.45795217485142,-49.30899607966408,2742.434417925139,1,1,59.9,29.45,800.0,2018-04-03 14:23:55,2018-05-28,2018-05-04 10:16:48,30,0,54
c27185a2e9d628b1626fcff8538c876d,bfae4dcb0371d8a5a961d6f2658defc5,AM,manaus,-3.064025551070446,-60.0523435947833,PR,-25.44913988952431,-49.28810433527613,2742.380824759965,1,1,255.0,26.82,350.0,2017-08-11 19:18:12,2017-09-15,2017-09-06 19:25:10,26,0,34
8e89832cd01aae257e9608ce09e0caad,cc9122c06d57f4321e9125b1d81828bc,AM,manaus,-3.0082318365798293,-60.04466905258811,PR,-25.421727195669103,-49.347429710751655,2742.332102201794,1,1,149.99,88.96,11900.0,2018-04-09 10:47:49,2018-06-01,2018-04-21 16:28:41,12,0,52
b522474ba0639dd0385e4918d46ddcba,1dec5968d57ad73965f305ba85654eda,AM,manaus,-3.0966300000000047,-60.024462156531925,PR,-25.469632068671924,-49.29126078988983,2739.711485165805,1,1,55.9,27.24,187.0,2017-07-01 14:02:36,2017-08-08,2017-07-21 19:08:10,20,0,37
0323ff12c1df8a359930ac6b84a32653,bb3971094d7eb77b5347edf241a9f60e,AM,manaus,-3.102966513339147,-60.05059224140922,PR,-25.39994638870621,-49.24113271149516,2735.56977578978,1,1,87.0,27.67,300.0,2018-05-11 17:57:27,2018-07-02,2018-06-01 18:12:44,21,0,51
ef18166b5f1dfc60d75435c548674981,c0e2c21e84f18fe6c06cd6bf960cb016,RR,boa vista,2.808801918199655,-60.6803409946078,BA,-14.221024617359031,-42.78006679256768,2734.6444922887863,1,1,349.0,86.21,800.0,2018-07-23 20:42:29,2018-08-24,2018-08-03 19:03:55,10,0,31
049ac54eda25ad838a76c65dcfd27c9a,3707669efeae29044e39ea9b2bfa9f32,AM,manaus,-3.116954270663304,-59.96102321830459,PR,-25.469979548156257,-49.306212701915854,2734.176067906016,1,1,139.9,33.12,1550.0,2018-07-26 16:16:14,2018-09-11,2018-08-17 22:14:24,22,0,46
48b4f1f96d5ae13b404fe7d041a8d393,77151da438a727054ce6430fd175793a,AC,rio branco,-9.958477545576638,-67.828796737997,MA,-2.498944490930389,-44.244046363558766,2733.7615239849074,1,1,66.99,27.75,350.0,2018-08-09 13:41:59,2018-09-26,2018-08-24 16:44:28,15,0,47
b36eaea41e5f572de53b1c5095920461,41aaa75fc64433be3fef12bacbc653dd,PA,hidreletrica tucurui,-3.7553418784801456,-49.673347945937415,SC,-28.328199955080542,-49.17755227307007,2732.880918995098,2,2,339.89,85.77000000000001,6950.0,2017-04-15 16:06:20,2017-05-24,2017-05-10 11:37:36,24,0,38
ad7d812f43f6308a7105fecab91fe3c1,3743de9608dba0325a5534fff7c367d6,AC,rio branco,-9.959850973898922,-67.80112499094008,MG,-20.076917145110954,-44.57734014848548,2731.453931858307,1,1,809.1,52.16,3407.0,2017-05-02 16:01:55,2017-06-16,2017-05-22 18:03:52,20,0,44
f0cd3d160659eabeeb6afba44c0c04f7,24cfe14401b47e09e68d7d61040878b9,AP,porto grande,0.7087304780808059,-51.41029959770701,SP,-23.542559946996303,-47.45678295253622,2730.25994119644,1,1,29.99,34.15,800.0,2017-08-17 13:50:10,2017-09-28,2017-09-08 19:42:27,22,0,41
3b43ab87914ebf7fd563557362108ebd,cdecc5d1f7fc375b1138e8b5f496fd69,RO,porto velho,-8.764164534545648,-63.83987492344997,RJ,-22.312405010626904,-42.522234052750136,2729.6019520605896,1,1,2400.0,52.12,950.0,2017-11-30 19:58:04,2018-01-11,2017-12-18 22:12:52,18,0,41
9819957d2d80bb1cdb7774bb0b623d85,94906d652f7d1c9e4c4af604ede7784b,AC,rio branco,-9.958477545576638,-67.828796737997,SP,-23.641877043568627,-46.50196149610485,2726.271810872778,1,1,62.8,25.47,175.0,2017-08-16 01:09:56,2017-09-20,2017-09-19 16:58:41,34,0,34
b2345f8f3b34a4c0c28296057f032fb9,64049775f28b87ca247912183223bdd2,AC,rio branco,-9.958477545576638,-67.828796737997,SP,-23.65869024839867,-46.52249513292757,2725.411750919702,1,1,56.99,24.89,350.0,2017-03-02 01:37:02,2017-04-07,2017-03-20 09:37:27,18,0,35
62686dac3e596036e72fe0beb571e45e,c5bc17c73ffd41f07795aa3f5a5d1170,AC,rio branco,-9.958477545576638,-67.828796737997,SP,-23.65869024839867,-46.52249513292757,2725.411750919702,1,1,285.0,27.02,2500.0,2017-10-13 13:10:42,2017-11-27,2017-10-26 21:23:42,13,0,44
cd02e1b6a025f2d7003c4c8b2ef28baf,ca077dd95290191565abb393a580bbfc,AC,rio branco,-9.98108004049487,-67.82779562498857,SP,-23.638748764084585,-46.49231217591025,2725.3596140558247,1,1,79.0,27.4,3100.0,2018-02-19 13:38:51,2018-03-29,2018-03-08 19:45:24,17,0,37
52b5d9c64618868f5f1367c7934dbf1f,8a45f7d2b87f16a273fd86e9d5efc35a,AC,epitaciolandia,-11.026907031303129,-68.74077242151827,SP,-23.556328554532893,-46.61484561718798,2724.8163021427504,1,1,92.34,47.18,1050.0,2017-10-18 13:27:19,2017-12-01,2017-10-31 00:25:09,12,0,43
40aecb2022cf80ba1efc9b0ddf5cd690,061a531d906f4bfb762be36757e41f7b,AC,rio branco,-9.98108004049487,-67.82779562498857,SP,-23.65869024839867,-46.52249513292757,2723.82402692708,1,1,56.99,25.43,400.0,2017-07-17 18:19:50,2017-08-21,2017-08-02 21:23:26,16,0,34
d7c0a751614a0ef7306fb96836c0df57,2d02f670df520fb5c5c5a818a9486c47,AC,rio branco,-9.959850973898922,-67.80112499094008,SP,-23.5397205,-46.43633556480467,2723.8102534583613,1,1,19.99,25.38,100.0,2017-11-24 00:14:56,2018-01-04,2017-12-08 22:52:07,14,0,40
36d14b81ecf8040d8aba489adf111a94,6b4254cccae427caccdd90c738b60f31,AC,rio branco,-9.959850973898922,-67.80112499094008,SP,-23.5397205,-46.43633556480467,2723.8102534583613,1,1,18.99,24.35,150.0,2017-05-03 16:06:34,2017-06-07,2017-05-25 19:47:58,22,0,34
9682a979182968d8d0b1a356f8bb330e,d6e5a4173470d0e38dcff1153aba6397,AM,manaus,-2.973389492942136,-60.00682927953094,SP,-23.715550415200024,-46.54566744593705,2722.6755888963503,1,1,47.49,24.9,1170.0,2017-05-25 10:05:42,2017-06-29,2017-06-16 22:42:35,22,0,34
7ee7410ad49b716a783af62488071cb7,7534c433c432943e5dfe580148176282,AM,manaus,-3.059873287709865,-60.007130863725536,SP,-23.680028837713888,-46.35001180763909,2722.4616625633057,1,1,16.1,22.85,200.0,2018-05-01 22:57:16,2018-06-18,2018-05-25 23:28:30,24,0,47
e26e9f6ac81aba6e29fb44def001d695,254b177b6a8e7c54a3216c70c77453d4,AC,rio branco,-9.973390456997782,-67.84030356272721,SP,-23.54241282514857,-46.49070640341336,2721.727913620246,1,1,25.99,25.38,150.0,2017-06-23 04:46:53,2017-07-27,2017-07-04 15:33:27,11,0,33
e317f41180b8a6fa3ce86b6fba6ac3fa,6285f604fa70a13975a094497da3bf6b,AC,rio branco,-10.009721670581769,-67.78332046811606,SP,-23.70171457660069,-46.51267210796927,2721.297845800751,1,1,119.0,39.27,2900.0,2018-06-25 20:52:04,2018-08-03,2018-07-05 18:32:09,9,0,38
3c842261892c32fb5ce15222b72fa6e0,714f3ff34cd22b97f37d42bdef4bbc88,AC,rio branco,-9.94648593769115,-67.87907672592186,SP,-23.56788988703906,-46.57394821510183,2721.007567081283,1,1,549.0,69.6,9200.0,2017-04-18 13:05:04,2017-05-23,2017-05-05 16:57:48,17,0,34
a4e0f89a82f1347a0ec0c4a2f3bc2722,17c736f2e68e713ac4e1c9d0eedb4cf8,RO,porto velho,-8.756458065449426,-63.87552318025777,RJ,-22.82315308035935,-43.00198608019335,2720.2034910385423,1,1,129.0,23.62,400.0,2018-06-12 01:17:34,2018-07-24,2018-06-27 12:03:36,15,0,41
7f2527b00aba2c4ea2631cbf2a1d0f68,5a5f70fead43dc16ec4d5afed5281239,AC,rio branco,-9.958477545576638,-67.828796737997,SP,-23.552032416180964,-46.53746144532288,2718.1126963182214,1,1,99.99,30.23,4475.0,2017-08-04 17:09:51,2017-09-08,2017-08-16 21:36:34,12,0,34
93dc7c78fb2b4efe25f1ed813f84992a,9cca406efea111557fa977471c4985a0,AC,rio branco,-9.953949068166208,-67.85151076599993,SP,-23.51633441909516,-46.54744111705809,2717.539464886471,1,1,249.99,30.1,1150.0,2017-04-05 00:11:11,2017-05-12,2017-05-02 17:26:32,27,0,36
1fa40f202d5d233b6491e976c557b822,50fd5707c28d0a64dc20d67f937dd9ba,AM,manaus,-3.075075922009347,-60.03839115889549,SP,-23.68118030474924,-46.44412708563669,2717.4879016029386,1,1,28.9,21.15,600.0,2017-09-23 22:11:10,2017-11-13,2017-10-19 21:09:21,25,0,50
5f082c0821ef7e1812362878c7268aef,31dbc13addc753e210692eacaea065e4,AC,rio branco,-9.968815683567623,-67.81115952484274,SP,-23.595227193173283,-46.56076636913555,2716.2453063435605,1,1,250.0,93.08,13300.0,2017-11-18 00:58:41,2017-12-28,2017-12-29 01:48:17,41,0,39
1a9f85c859f73034acc85057b4899a8e,f34e32b8604090d1c2a7f3b04c834807,AC,rio branco,-9.968815683567623,-67.81115952484274,MG,-21.56909473160534,-45.41973753655698,2715.74625934799,1,1,300.0,61.27,2700.0,2017-07-06 17:11:14,2017-08-10,2017-07-31 22:42:33,25,0,34
7c294f26474f8acff99c9fb53540a110,4fdbd174794e301f8c0bca8b48fc2261,AC,rio branco,-9.932676422427706,-67.81874322737896,SP,-23.5308241992758,-46.564551750224425,2715.3591926474537,1,1,119.9,27.69,800.0,2017-07-12 18:18:00,2017-08-15,2017-07-28 19:18:59,16,0,33
3a387120748132611868e2e4707cdbaa,25dcca1d4dd5e5ae818c2eb083b3d177,AM,manaus,-3.0877671471577344,-60.03896737669516,SP,-23.54503306703846,-46.26184741683954,2714.5057997137314,1,1,1688.0,165.75,28300.0,2018-01-26 11:16:02,2018-03-19,2018-02-28 17:46:53,33,0,51
ce720cfa1cadab0ab4c19a956254d382,08420efd8b1c0be27393032e21a993ee,AC,rio branco,-9.94648593769115,-67.87907672592186,SP,-23.51652487318377,-46.62107903956914,2713.981229222812,1,1,50.0,27.2,990.0,2017-05-25 22:33:25,2017-07-03,2017-06-17 10:38:02,22,0,38
4d51303408e4b9b036532f0b2a7462e1,b50ff2e9f7bb2c795fdd768b3a3b205d,AC,rio branco,-9.958477545576638,-67.828796737997,SP,-23.5869802640594,-46.61564731057762,2713.192092960883,1,1,44.99,24.35,550.0,2017-04-21 21:43:06,2017-05-25,2017-05-09 13:22:23,17,0,33
088217fa841fd3da3004a1a7e1d525f8,fde6d4f410c038c07dc7d504cd4a540b,AC,rio branco,-9.995400464862191,-67.80786439396098,SP,-23.61325890813089,-46.59942309824574,2711.807312035896,1,1,148.0,38.83,9750.0,2017-09-20 19:08:10,2017-11-03,2017-10-11 00:23:46,20,0,43
4dcc004247da52d053a714e7af29450b,b4161ffae9931bb851955779d2cda207,AM,manaus,-3.077959452680455,-60.04996969793597,SP,-23.65869024839867,-46.52249513292757,2711.299694040248,1,1,59.99,26.97,950.0,2018-06-07 10:58:35,2018-08-08,2018-07-04 19:58:41,27,0,61
af3dd257dffa86d6481ea590556ca509,095d1ff35f7db6828a8438d87f9c1b9b,AM,manaus,-3.028084065204733,-59.95097898105776,SP,-23.65869024839867,-46.52249513292757,2710.361445574903,1,1,44.99,23.04,200.0,2018-07-20 12:27:41,2018-08-31,2018-08-09 20:46:39,20,0,41
5b829c37201779df841d79b1875ca7ef,e6aa3c4bea880edfc850c4647a575b5d,AC,rio branco,-9.995400464862191,-67.80786439396098,SP,-23.67008162864273,-46.66049702840489,2709.6481417019195,1,1,144.99,26.04,350.0,2017-11-27 19:57:02,2018-01-05,2017-12-14 01:09:55,16,0,38
f53fee7428c6bc090f954df111b6e0f0,69898b8f33773019ae266bf85a55c934,AC,rio branco,-9.959850973898922,-67.80112499094008,SP,-23.59032952255033,-46.63175129640077,2709.4423917916,1,1,289.0,29.3,450.0,2018-07-26 16:26:25,2018-08-28,2018-08-06 21:44:38,11,0,32
feec317d7127a4dc69cfb507f08c8759,8a0108267d9258a0ec9f74381bc9b0de,AC,rio branco,-9.968815683567623,-67.81115952484274,SP,-23.69066643075192,-46.70391215514457,2709.072360225339,1,1,69.9,35.85,2600.0,2018-03-04 23:38:00,2018-04-11,2018-04-02 22:41:33,28,0,37
678f8df5b1e3e9e562a7587b5a1143ba,7a366704a9562a585054e6a2c02f33b8,AM,manaus,-3.036739499999996,-59.9333634360253,SP,-23.795197084253825,-46.7384060589763,2708.8901055131964,1,1,149.0,30.45,1750.0,2018-01-11 18:04:09,2018-03-02,2018-02-11 16:36:26,30,0,49
a00687a01571352d823a005e4f3f457e,ab62508ada9024382f392f57310f8791,RO,porto velho,-8.753266768130358,-63.90610729536063,RS,-30.03336443104038,-51.23063954079865,2708.830561499871,1,1,79.99,29.81,450.0,2018-07-28 14:37:35,2018-08-21,2018-08-10 20:48:45,13,0,23
c3ea5c5d0f6da616026d4cee6df674a5,0928350f4927941ebeaf342287da507c,AM,manaus,-3.0724082704714504,-60.085930766838864,SP,-23.55366239523337,-46.4506999200761,2708.455995650251,1,1,169.99,34.85,3950.0,2017-06-25 22:58:15,2017-07-28,2017-07-01 11:47:58,5,0,32
f4e27ab53e927651894a4f69500baf5b,99291abf619e4c6b0d633ba7ba55caad,RO,porto velho,-8.743945699931716,-63.89648266653547,RS,-30.00839962559865,-51.20149509977495,2708.378707378252,1,1,79.9,26.3,500.0,2017-02-08 13:50:59,2017-03-21,2017-02-22 10:25:50,13,0,40
12f3b807beab1531c618404375262147,a2d755d99c00b6bc5c1a081f184ac4c3,AC,rio branco,-9.973390456997782,-67.84030356272721,SP,-23.537493461278807,-46.63974517262972,2708.318309792798,1,1,13.65,25.38,200.0,2018-02-11 22:31:31,2018-03-23,2018-03-16 00:57:17,32,0,39
d16d1a7491ec2a06c392744f9177d1ef,26f7e20b9ebc14b0de484d49ccb2305f,AM,manaus,-3.143672022465794,-60.00848736904943,SP,-23.6598992288005,-46.44217136817417,2707.4121289176883,1,1,94.9,25.15,400.0,2017-04-20 11:09:34,2017-05-31,2017-05-04 22:46:45,14,0,40
bf9567549d60532065bb1d8563a8dff4,fbc9cae9491fdb57ad460f1282a36bd8,AM,manaus,-3.0724082704714504,-60.085930766838864,SP,-23.69066643075192,-46.70391215514457,2706.422540798959,1,1,110.0,34.76,3500.0,2018-05-01 11:42:22,2018-06-14,2018-06-01 22:31:45,31,0,43
0b7cb1c7ea62d95ba39702f4ae850108,2d618e470c95c9b425cbb0cbc42683dd,AC,rio branco,-9.968815683567623,-67.81115952484274,SP,-23.473052978908186,-46.60034358604072,2705.9188084417,1,1,74.99,27.58,250.0,2018-04-10 18:21:13,2018-05-21,2018-06-21 23:06:47,72,0,40
6808f7954e27254ceae6640f4e903775,2201362e68992f654942dc0067c1b716,AC,rio branco,-9.968815683567623,-67.81115952484274,SP,-23.473052978908186,-46.60034358604072,2705.9188084417,1,1,49.9,25.38,300.0,2017-06-19 12:31:58,2017-07-21,2017-07-07 21:38:21,18,0,31
717650ea3d3e58b21de8c7205ce480cf,72819a9cc7032acbfb6c3fd6dcdc26d0,AM,manaus,-3.0082318365798293,-60.04466905258811,SP,-23.52551477827242,-46.513893895826776,2705.909687910393,1,1,179.99,23.58,600.0,2017-12-23 19:44:17,2018-02-16,2018-01-31 23:45:08,39,0,54
1fffb8b3f671b92497da76aacd6abc72,ff361c0d307ae1d980189154e73fadc5,AM,manaus,-3.0724082704714504,-60.085930766838864,SP,-23.595227193173283,-46.56076636913555,2705.8774733405785,1,1,150.0,32.85,3800.0,2018-04-26 23:47:49,2018-06-12,2018-05-23 20:31:54,26,0,46
a9fa4232de4a87398cfab2a5bcbecc56,27e430dc15333a6d9626d282c13c6035,RO,porto velho,-8.765998858024522,-63.89314474007578,RJ,-22.890307860955573,-43.226249737290175,2705.5406865867903,1,1,190.0,23.83,122.0,2018-04-04 21:49:52,2018-05-07,2018-05-06 16:50:49,31,0,32
7a9f31f6c0e36f4e6fb8d27c49c18fd6,4db09730e85cacf07aa9c7ce98ee2a16,AM,manaus,-3.077959452680455,-60.04996969793597,SP,-23.5397205,-46.43633556480467,2705.400893710575,1,1,29.99,24.35,100.0,2017-02-18 12:27:48,2017-03-31,2017-03-16 09:28:00,25,0,40
f00cdb8585a46952303de92749d24590,16aba5570b45f6b4c9204407132e2cae,AC,rio branco,-9.958477545576638,-67.828796737997,SP,-23.652442526788203,-46.75549168747648,2704.620455870532,1,1,29.0,27.41,250.0,2018-04-12 17:16:59,2018-05-22,2018-05-05 20:11:43,23,0,39
94b4af903ad83ece478fc0ae73a4c893,b8f2c8f6b0844b257350dc9aa1e823bd,AM,manaus,-3.0303365029141816,-59.99532417346644,SP,-23.625852663887155,-46.61139748251486,2704.576743109224,1,1,49.99,21.15,250.0,2018-01-21 13:53:27,2018-03-13,2018-03-02 00:48:50,39,0,50
573a63f55da869597574d6ce4e1719a3,3b84c81b13c1c7278b099793e720998f,AC,rio branco,-9.973390456997782,-67.84030356272721,SP,-23.48485715377393,-46.64938031668012,2704.522637148204,1,1,243.5,35.63,1600.0,2017-04-09 19:12:02,2017-05-23,2017-05-18 14:29:40,38,0,43
c4250307d08bb97eee63ea4bf7565329,0c851ae2a8765037fce6c6482ce93c8b,AM,manaus,-3.090370143632046,-59.94561284367245,SP,-23.641877043568627,-46.50196149610485,2703.7544351634706,1,1,180.0,22.06,200.0,2017-11-27 14:20:47,2018-01-12,2018-01-04 00:17:11,37,0,45
1205025dd1d1757c82bc1f437bcc39c5,e5f0eed3e5dfedc38c8e05a13322a7c9,AM,manaus,-3.0185521961869064,-60.00433960958576,SP,-23.552032416180964,-46.53746144532288,2703.673969132212,1,1,209.99,30.88,2100.0,2018-02-25 20:29:45,2018-04-11,2018-03-07 21:48:32,10,0,44
f5ac6a806078f4dfd6e72e601f8aa3ba,5da179829d2103e0bd3f9fb2add6cb93,AC,rio branco,-9.958477545576638,-67.828796737997,SP,-23.530825010964268,-46.69727096142303,2702.85685034137,1,1,510.0,38.93,3300.0,2018-01-16 11:20:57,2018-03-01,2018-01-29 22:05:10,13,0,43
cb7c80837141a1e309f7ab01576e8a48,469aeb5870fb8934c9d14e8f8f036fda,AM,manaus,-3.140989627531882,-60.00320246863639,SP,-23.68900946168367,-46.588955377806016,2701.5784478197274,1,3,134.67000000000002,73.44,2349.0,2018-03-18 22:36:24,2018-05-03,2018-04-24 16:29:09,36,0,45
f8d323a2702fed37f0229965f7e9f8b3,6238211c5b1c7812db24bd1aeb5fbc4e,AM,manaus,-3.073823512767609,-60.00239053867972,SP,-23.625852663887155,-46.61139748251486,2700.837190562624,1,1,29.99,21.15,300.0,2017-12-09 23:22:15,2018-01-30,2018-01-16 20:29:15,37,0,51
fb8bdcd57010a0af8738fad1e866b8b9,62d3febe33264f1fde72007055f55035,AM,manaus,-3.108286608243403,-60.03607427442437,SP,-23.623587681372296,-46.592986335199136,2700.3382299869263,1,1,240.0,24.18,6000.0,2018-04-16 17:46:55,2018-05-29,2018-05-17 12:26:42,30,0,42
f4729db51fa0b1eb9738b7bcbb3379d8,40774a54de330e5e8dbc37c03f64b625,AM,manaus,-3.0658138896791245,-59.94391750145709,SP,-23.585414301690825,-46.51531241854688,2700.04157835116,1,1,24.9,22.85,150.0,2018-05-06 11:47:35,2018-06-14,2018-06-08 20:48:37,33,0,38
13651aa318d6af9df5257a5dfdc20f3c,07a41bea02321e3258b602c6f8dd4ff4,PA,belem,-1.1534346150384038,-48.46652652582367,PR,-25.425232732442744,-49.1892961563067,2700.014082715766,1,1,33.33,27.2,600.0,2017-12-05 13:56:28,2018-01-15,2017-12-28 20:29:09,23,0,40
a3629884bf8956b0f572069b8a20cc55,6b04ea93ce93cef2a5fbdfe302e21331,AC,rio branco,-9.958477545576638,-67.828796737997,SP,-23.72288454509784,-46.85659934471119,2699.796968517334,1,1,65.99,25.49,350.0,2017-10-03 13:26:21,2017-11-17,2017-10-14 00:27:42,10,0,44
6f30b59ca40f5851d931d146ef6868d0,25cd69ec3b9ed53e0dffdc108ae9094f,AM,manaus,-3.0966300000000047,-60.024462156531925,SP,-23.56428872384441,-46.51904534753631,2699.6026710320016,1,1,69.9,24.84,1200.0,2018-07-01 18:43:37,2018-08-22,2018-08-07 19:18:43,37,0,51
1ed68006f84c01fff1085e2f43ef641c,51944d02eda1cbb54ba49ef747c2a4c1,AM,manaus,-3.110843262840195,-59.98664053025275,SP,-23.55366239523337,-46.4506999200761,2699.0479745036,1,1,126.99,32.33,3250.0,2017-05-11 20:22:04,2017-06-12,2017-05-24 01:37:55,12,0,31
e167e5fec8b22247c94da22647f1d19c,1c60500fec405139b425e44a16d37a0a,AM,manaus,-3.075075922009347,-60.03839115889549,SP,-23.53877907744238,-46.53850883971953,2698.99271353593,1,1,8.5,21.15,100.0,2017-05-27 19:13:02,2017-07-03,2017-06-19 19:42:42,23,0,36
335874150963b28de5e55b480495739e,9906c44b485432db112526c0a5c2f24d,AM,manaus,-3.093583074721783,-59.99983462745101,SP,-23.595227193173283,-46.56076636913555,2698.9025017730164,1,1,150.0,44.97,3800.0,2018-08-01 11:55:07,2018-09-20,2018-08-21 19:41:50,20,0,49
41bf1169cb9e21c201df1aedbcdb6b1f,eb49614e45790ac166f91bcbcc1a9014,AM,manaus,-3.125955897664009,-60.01548212315564,SP,-23.5397205,-46.43633556480467,2698.848954792402,1,1,19.9,24.35,100.0,2017-02-08 17:25:18,2017-03-21,2017-02-15 10:24:53,6,0,40
033a79557b0d234035b38da3be948574,c4d145f0b58cc33b0c5a5a21e2ee6c4e,AM,manaus,-3.073823512767609,-60.00239053867972,SP,-23.538359210932555,-46.50664480099833,2698.8340637958468,1,1,35.0,24.35,3400.0,2017-02-06 14:56:20,2017-03-27,2017-02-17 18:17:51,11,0,48
b874cad37f8aaecad0e9de14008e516b,e65dc14fa4982b68b349c8e855abb66d,AM,manaus,-3.116443196314572,-59.996414200386646,SP,-23.5397205,-46.43633556480467,2698.6424244367413,1,1,19.99,21.15,50.0,2018-01-15 09:47:18,2018-03-06,2018-02-18 17:14:57,34,0,49
3282d3194ddf7794d2ac89795ed74cd1,d2890e0b74569896e5ddc38bb7eee8ff,AM,manaus,-3.110843262840195,-59.98664053025275,SP,-23.5397205,-46.43633556480467,2698.605928726593,1,1,189.9,22.13,300.0,2017-07-29 23:37:55,2017-09-01,2017-08-07 18:22:34,8,0,33
7c38c132d8ee69d411b7a3eae6035211,2df620b15dbcdb7972cd6e800a5dce1e,AM,manaus,-3.119930384379292,-60.02410188784899,SP,-23.69066643075192,-46.70391215514457,2698.361949797989,1,1,89.9,32.65,2600.0,2018-07-11 18:26:53,2018-08-17,2018-08-03 19:21:59,23,0,36
4d830da4d207262a3965ac4429084d52,1672e3890be47a86ba6c69b56a523f50,AM,manaus,-3.0724082704714504,-60.085930766838864,SP,-23.63260424617697,-46.76020040743839,2697.8626653598053,1,1,50.0,22.85,283.0,2018-06-09 13:39:44,2018-08-01,2018-07-03 20:10:50,24,0,52
2c757e77a76180de84c39b8afdcdcb72,a61d13deb7a717bec19cb03347937748,AM,manaus,-3.0966300000000047,-60.024462156531925,SP,-23.53092873105776,-46.50688497169482,2697.252393633151,1,1,49.9,23.07,150.0,2018-08-14 16:18:52,2018-09-28,2018-08-23 18:16:54,9,0,44
f9c3b3bf31139769a9952d2228555efd,511d7f5921a8a64e099b90c651decc2e,AM,manaus,-3.073580053277962,-60.067811545941545,SP,-23.62609284359048,-46.7441113627446,2697.0352557488395,1,1,29.99,21.15,483.0,2018-02-20 15:50:52,2018-04-05,2018-03-17 19:28:41,25,0,43
b1873e7f1c0220c132db2642ecf2bf1b,389efb68674e38efb4ce37a9b72ca36f,AM,manaus,-3.1010726158751267,-60.01313590674589,SP,-23.54731833297689,-46.52155376768715,2696.826962818836,1,3,405.0,83.16,5400.0,2018-07-16 18:55:19,2018-08-22,2018-08-07 11:20:45,21,0,36
403ce7c187ea2be61ea4f564d3c71688,3bc3f6b21973b0d9ada8987209ea389d,AM,manaus,-3.110843262840195,-59.98664053025275,SP,-23.625852663887155,-46.61139748251486,2696.4087052960485,1,1,29.98,21.15,250.0,2018-01-30 11:14:56,2018-03-20,2018-03-02 20:07:52,31,0,48
2474ce847af8cf0b009c669d1896837a,b64a501ff90c1cc90a37033b845f8307,PA,santa isabel do para,-1.2998814205764289,-48.16014012499999,PR,-25.52536946374326,-49.27333069441405,2696.3938376998863,1,1,84.9,29.62,900.0,2018-06-06 17:59:07,2018-08-02,2018-06-28 18:31:16,22,0,56
7646f2fa9419a132d8ff5528846a48d3,b9374bfb8d4215e1fc67d31d2be24191,AM,manaus,-3.070631858126976,-59.95512123362571,SP,-23.54731833297689,-46.52155376768715,2696.3718535630783,1,1,399.0,146.08,30000.0,2018-03-03 22:28:24,2018-04-16,2018-04-29 21:12:32,56,0,43
8489131c7dcc42a6d6d7df1be6802643,4993c7497504a9d16889ddf05e10be7e,RO,porto velho,-8.765998858024522,-63.89314474007578,RJ,-22.970894018595992,-43.38784233625709,2696.355909920287,1,1,120.0,23.34,150.0,2018-03-26 23:19:00,2018-04-26,2018-05-11 11:42:34,45,0,30
6c714ec645881d7a96e3193eb2fb10f3,0e4c745efdd0bf2b7dc380ef27da4844,AM,manaus,-3.134712358503767,-60.02204119747245,SP,-23.56836984105245,-46.52214825721335,2696.04204704395,1,1,89.9,24.63,588.0,2017-04-25 00:15:22,2017-05-26,2017-05-23 23:42:10,28,0,30
598b41f7e6530d25a72da2cc18223cf7,516a60cbb0bc2784ea93313fed99ea77,AM,manaus,-3.0724082704714504,-60.085930766838864,SP,-23.537493461278807,-46.63974517262972,2696.02863669285,1,1,18.0,22.85,150.0,2018-04-06 23:51:05,2018-05-18,2018-05-08 13:41:40,31,0,41
498d5619e926bbb085a837fb42842db6,d29aad7b71bac81447fbf7941cef2968,AM,manaus,-3.070631858126976,-59.95512123362571,SP,-23.552032416180964,-46.53746144532288,2695.889047519855,1,1,129.99,25.46,1600.0,2017-05-31 14:46:58,2017-07-05,2017-06-22 22:39:43,22,0,34
9804b55805c8c19afdf0e9af3e494a0b,6392803bb7bf94fdb660b2a57c149457,AM,manaus,-3.093583074721783,-59.99983462745101,SP,-23.54953451762937,-46.54078188711117,2695.8626586306536,1,1,72.9,24.64,550.0,2018-06-03 13:58:14,2018-08-02,2018-06-11 17:12:06,8,0,59
740f8abb6f201b7c667c76ec32c2a94b,22498777e8676fd97e50612eb6bfbc59,AM,manaus,-3.0658138896791245,-59.94391750145709,SP,-23.604938004991663,-46.620605479906025,2695.8053871281363,1,1,199.08,24.11,350.0,2018-07-28 18:16:37,2018-09-14,2018-08-15 12:09:32,17,0,47
77ed96472e1b12ffadfab397ab0b6ffc,e7a950744db9737695ce38bdbb86a2d1,AM,manaus,-3.0966300000000047,-60.024462156531925,SP,-23.59032952255033,-46.63175129640077,2695.49890633162,1,1,24.99,22.9,150.0,2018-07-25 23:48:33,2018-08-31,2018-08-02 15:12:32,7,0,36
63dba135b96cf8bb30f38a43bc02eae9,b4b65d711eb28e9b20f7ecbf040c384b,AM,manaus,-3.119930384379292,-60.02410188784899,SP,-23.54953451762937,-46.54078188711117,2694.7620587992724,1,1,59.9,24.91,550.0,2017-04-24 23:09:44,2017-06-02,2017-05-10 20:58:02,15,0,38
83d500e46a95c23dd67eb3cadbd1bd13,c70141a09d453bc56c7365eafc37d38d,AC,rio branco,-9.973390456997782,-67.84030356272721,SP,-23.5534512513272,-46.80868874516693,2694.364113784161,1,1,189.9,51.18,5450.0,2017-09-24 01:25:32,2017-11-09,2017-10-14 16:48:57,20,0,45
d14be34d97ddedb3f0b7379757f862ae,1b82007e71296201322c8a836ad49a8f,AM,manaus,-3.0724082704714504,-60.085930766838864,SP,-23.559352218708508,-46.70449000429918,2694.3112900665296,1,1,50.4,23.07,350.0,2018-07-14 14:46:54,2018-08-24,2018-08-07 17:43:53,24,0,40
47796e6b4e22f9fff93a657a183ff912,6c8c605045c020dda4236ffeea583444,AM,manaus,-3.083167089647404,-59.9712443842942,SP,-23.55952156657444,-46.57892119374014,2693.927794268243,1,1,54.4,24.51,800.0,2018-03-12 17:19:51,2018-04-23,2018-04-16 15:06:34,34,0,41
a85429530fd3281381e34d128b357d91,71e5bce2e825f8bc773f6c355b6ef33a,AM,manaus,-3.070631858126976,-59.95512123362571,SP,-23.54682895530619,-46.56705535720467,2693.710172218758,1,2,171.79000000000002,51.07,1000.0,2017-03-10 21:50:49,2017-04-12,2017-04-05 02:23:43,25,0,32
9747f2b4defc1357fd6645a4acf8e0e2,58c1e87744d4fb452bea6a8e3b578f69,AM,manaus,-3.125955897664009,-60.01548212315564,SP,-23.53877907744238,-46.53850883971953,2692.8381728511968,1,1,13.98,24.35,275.0,2017-04-26 13:26:49,2017-05-29,2017-05-24 02:27:52,27,0,32
1bf68d6f3bd856a3f205fdd8767fad08,8b96783ff4d45cc3be95581b5eb0226a,AM,manaus,-3.059873287709865,-60.007130863725536,SP,-23.537493461278807,-46.63974517262972,2692.6891406232007,1,1,12.9,21.15,150.0,2017-11-29 23:06:35,2018-01-17,2018-01-09 18:50:06,40,0,48
316c1fa727d9048a98c36aefbfd84e19,19cc846bb81d9669e98a8f410820fe0e,AM,manaus,-3.110843262840195,-59.98664053025275,SP,-23.5869802640594,-46.61564731057762,2692.5918666177463,1,1,17.99,24.35,300.0,2017-04-03 13:52:26,2017-05-09,2017-04-28 14:52:42,25,0,35
0b8315fe345e3639eb0a1a2d6e122d36,32d35b37495c90b91603ed706ff912d6,AC,rio branco,-10.03238143386627,-67.80076984584876,SP,-23.72288454509784,-46.85659934471119,2692.390619707628,1,1,159.99,27.97,750.0,2017-10-01 09:57:51,2017-11-16,2017-10-17 20:55:38,16,0,45
366df9c0b0d5d46f8afc476dc4ca7671,53996870173a3a001a1fb56ef00b9150,AC,rio branco,-9.968815683567623,-67.81115952484274,SC,-26.488493474897464,-49.08236411518263,2692.0802393800823,1,1,36.9,42.38,275.0,2018-01-11 14:50:57,2018-03-01,2018-01-30 22:42:50,19,0,48
99f59289c097596a1a30bd181430f2b0,f21af0b30cca19e2f168e1cc62a12623,AM,manaus,-3.1247225728547536,-60.037316038338936,SP,-23.491422931732863,-46.50280828642738,2691.958831880062,1,1,540.0,52.49,11200.0,2018-02-16 13:18:52,2018-04-10,2018-03-21 00:36:40,32,0,52
228733587bbf9886c728aa6bad66fe57,7cec1a9545939929a4a4261575ed421b,AM,manaus,-3.108128684581665,-60.062148660280464,SP,-23.537493461278807,-46.63974517262972,2691.263034414336,1,1,14.4,21.15,150.0,2018-03-02 19:14:43,2018-04-13,2018-03-29 18:48:57,26,0,41
787948cceabfd5a5dfde3e8d693e0303,c2b0ab58b7187c26170b62adcb523f87,AM,manaus,-3.083167089647404,-59.9712443842942,SP,-23.56072295337296,-46.63277989454088,2690.948694698686,1,1,24.9,21.15,50.0,2017-11-05 12:08:40,2017-12-19,2017-12-04 23:48:40,29,0,43
87f41ac2bb62582fa23ddb02b79ef724,fe15b3297ddaaa9458ae5489b2bd8791,AM,manaus,-3.073823512767609,-60.00239053867972,SP,-23.56783374937962,-46.698420577990646,2690.520079322549,1,1,149.9,29.4,1700.0,2017-02-17 15:15:26,2017-03-30,2017-03-16 17:16:26,27,0,40
eb4d305848989350701a75e1cb3c0a93,00e200fe66bc8553bd83681887d6176f,AM,manaus,-3.125955897664009,-60.01548212315564,SP,-23.51633441909516,-46.54744111705809,2690.266356173784,1,1,48.85,26.09,150.0,2017-04-20 09:57:34,2017-05-24,2017-05-02 14:33:30,12,0,33
ff978de32e717acd3b5abe1fb069d2b6,82808ea6794ed5643bd23f65508aed70,AM,manaus,-3.0920355,-59.92157474999999,SP,-23.59032952255033,-46.63175129640077,2690.04725287321,1,1,27.99,21.15,100.0,2017-12-12 09:50:42,2018-01-31,2018-01-15 21:12:27,34,0,49
335f7b1126543ca03f8bd08b7f78c5e5,2223ffe5b1560249d128c769de3e6db6,AM,manaus,-3.134712358503767,-60.02204119747245,SP,-23.6357493322177,-46.73784151540766,2689.8396427075327,1,1,185.0,22.09,300.0,2017-05-29 13:32:24,2017-07-03,2017-06-07 04:04:51,8,0,34
8dcdf2ba21745811aaad2fd3ebfc0360,a380a86d2b46332db9750f4d27e2e44b,AM,manaus,-3.028084065204733,-59.95097898105776,SP,-23.47504935443472,-46.59203962461768,2689.491475451452,1,1,76.0,24.88,1100.0,2018-07-04 03:04:34,2018-08-16,2018-07-30 15:03:55,26,0,42
00ef7ed06a55243f3e6a9d373a89eb14,30c93f8296b9a02c0eec5de60b94f98c,AM,manaus,-3.075075922009347,-60.03839115889549,SP,-23.473052978908186,-46.60034358604072,2689.397964110349,1,1,54.99,21.18,250.0,2018-01-12 16:43:52,2018-03-05,2018-02-15 19:33:02,34,0,51
b4e517beb22f957e76469c4b7eed9f8b,75356ef942799219979533e3b50950de,AM,manaus,-3.119930384379292,-60.02410188784899,SP,-23.50596583126541,-46.57852189203073,2688.589845018633,1,1,699.99,25.7,200.0,2017-12-13 14:45:31,2018-02-01,2018-01-16 20:33:35,34,0,49
44900db49b182f4c5488152220bed716,2dc0c12730d20a4eb7d97b60c47c5fa4,AM,manaus,-3.0658138896791245,-59.94391750145709,SP,-23.541700665229538,-46.65257086372554,2688.156087842932,1,1,59.9,24.77,850.0,2018-08-05 12:37:17,2018-09-17,2018-08-29 13:52:28,24,0,42
4e71d6b2e9f221c46838b30c18443f84,db1b14bc26ae944bdf0cec69ccf63398,AM,manaus,-3.140989627531882,-60.00320246863639,SP,-23.51633441909516,-46.54744111705809,2688.129140389062,1,1,57.17,26.14,767.0,2017-04-16 19:58:37,2017-05-24,2017-05-02 15:54:03,15,0,37
a46e7f3658f8b1ede78bcb17c859655b,bd349dd644a066ec91473cb64c5921a2,AP,macapa,0.0534539422786059,-51.05853619886202,SP,-23.71627032001268,-46.53725160684408,2687.751370233574,1,1,210.0,26.06,1150.0,2018-04-10 19:41:37,2018-05-28,2018-05-03 12:51:45,22,0,47
af429aa4c68dea6ce6863e63c261fd6c,6735b40b16578deeea15f31bd8ccb2db,AM,manaus,-3.1114496668412768,-60.00652042749148,SP,-23.576826793496515,-46.71598858744651,2686.992973864035,1,1,169.99,25.54,200.0,2018-07-23 17:40:17,2018-08-29,2018-08-29 18:31:41,37,0,36
55090b3dd39aed5a2019b57cce6b174d,8caa2b611962f72d9905feffb8501593,RO,porto velho,-8.74806526700877,-63.85918024193474,RJ,-22.53988593060518,-43.197575382221615,2685.73465002673,1,1,99.9,25.19,341.0,2017-01-27 09:33:01,2017-03-17,2017-03-13 13:22:34,45,0,48
29ce31378acbd5bc48a0518e3770eb8c,5894393ffe7a7ef175d8da5852e807a4,RO,porto velho,-8.793428082580107,-63.886633778724615,RJ,-22.53988593060518,-43.197575382221615,2685.093163779307,1,1,355.9,26.98,600.0,2017-04-10 11:42:14,2017-05-16,2017-05-19 13:44:11,39,0,35
1e5958074c0e0c8c32ca98a2155b4ac9,11b6651e83500aee07a2a5b39c329ad1,PA,belem,-1.2965393083559276,-48.481815575596045,PR,-25.429797282820697,-49.26145886594724,2684.798039228055,1,1,87.0,38.4,2650.0,2017-12-09 06:52:41,2018-01-17,2018-01-13 12:52:04,35,0,38
50ed3915a15313618b11ab959726de8c,588e867141b52512293f6fc59ec00bf0,AM,manaus,-3.116954270663304,-59.96102321830459,SP,-23.537493461278807,-46.63974517262972,2684.6098378622014,1,1,13.65,21.15,200.0,2017-11-21 20:41:25,2018-01-03,2017-12-27 21:46:56,36,0,42
523e4c5c14788a136fa42fa8fadbb06d,67546a73c9ca51d064c316a7fb0c7c05,AP,macapa,-4.36737924474e-05,-51.08307205665668,SP,-23.75078457239132,-46.67886788439901,2683.3948895444414,1,1,67.49,22.97,250.0,2018-06-09 15:08:13,2018-07-30,2018-06-27 11:52:29,17,0,50
61f7e7ef2c1d5d0d982e76485fd6bde1,0218c9f09de820db4903ff5ef7d27b86,PA,ananindeua,-1.3472829402922597,-48.39942593160029,PR,-25.45795217485142,-49.30899607966408,2682.757420999516,1,1,370.0,28.85,750.0,2017-04-20 01:24:55,2017-05-29,2017-05-09 08:52:08,19,0,38
a3309e7ee5cbc991563c83bc0c41d694,a69d0bacb0c135ea37032600687cd693,PA,ananindeua,-1.359557305472045,-48.40294922075292,PR,-25.469979548156257,-49.306212701915854,2682.7052919373546,1,1,99.9,29.97,2500.0,2018-05-16 15:07:42,2018-06-19,2018-06-07 16:36:35,22,0,33
8df2f7a8d9fb8958675f795e2f71f27d,b55b2ee30245e129386c1777d67377cd,AC,rio branco,-9.98108004049487,-67.82779562498857,MG,-22.27164789897835,-46.16555647382263,2681.663410440221,1,1,48.9,56.24,600.0,2018-01-11 17:49:35,2018-03-06,2018-02-05 22:52:05,25,0,53
a800ac0385a83264291f978ab075dd68,929cb7b1618f0d99c7814d79b0c5b7cc,AC,rio branco,-9.968815683567623,-67.81115952484274,SP,-23.546865429255,-46.93000464678376,2681.101502221692,1,1,45.0,25.38,175.0,2017-05-14 15:05:45,2017-06-14,2017-05-27 05:34:55,12,0,30
6648a06c491fb09866fe9080f43894c3,8f882292339b2d49db7de97b3d9d06c2,PA,belem,-1.361716564256415,-48.43256870522104,PR,-25.45795217485142,-49.30899607966408,2681.0265535344847,1,1,309.0,27.9,600.0,2017-03-18 21:15:14,2017-04-27,2017-04-04 12:52:47,16,0,39
f0ef9b99abb2937dd8698615e6c2f909,66aedbf6febb5a9634fc13fc728f9ae5,PA,marituba,-1.3667488537613912,-48.33865765202612,PR,-24.95820451399403,-53.46130455981301,2680.2951544337966,1,1,79.0,42.58,400.0,2018-02-02 22:08:02,2018-03-16,2018-02-28 17:36:14,25,0,41
5d9eaab2f0968ee661d96ba4afdf807d,0c09a5955ceae2f951a26b5f0f562c84,AP,macapa,0.0348929573776164,-51.062590688261295,SP,-23.66666607132555,-46.54953674798031,2680.1459493719794,1,1,949.9,99.63,8800.0,2018-07-05 21:53:02,2018-08-20,2018-08-10 16:21:54,35,0,45
940fe99b486fcc37068908e4ca885d03,206aeae1efb26ffc5afbe8787ceb542d,AP,macapa,0.0335411401319673,-51.07000546471101,SP,-23.69066643075192,-46.70391215514457,2679.7813677057547,1,1,130.0,16.2,1600.0,2018-05-09 23:18:53,2018-06-20,2018-05-30 16:48:32,20,0,41
40eb3456ddb929efd347db4817460755,a4c73cf63d6be08d070b33ab1c99f76f,PA,belem,-1.305752648883505,-48.47019886164806,PR,-25.38745985141605,-49.2428856313153,2679.0457442904703,1,1,34.0,25.38,400.0,2017-08-04 14:40:50,2017-09-08,2017-08-28 15:07:40,24,0,34
4b42a606687e048a7a33669b84bf8690,ca54a515b761ade8c4c0e1bd239d5001,AM,manaus,-3.119930384379292,-60.02410188784899,SP,-23.48085590563506,-46.71032357035894,2678.6908744732827,1,2,95.8,49.38,1600.0,2018-07-28 22:23:02,2018-09-20,2018-08-17 21:03:11,19,0,53
c337be7e160adf73d51a64678b8f7ede,883b1629cc252925fa1737723aa8e0c1,AM,manaus,-3.090370143632046,-59.94561284367245,SP,-23.605705509290832,-46.898514000000006,2677.8685303123407,1,1,36.0,22.67,800.0,2017-09-12 14:51:37,2017-10-26,2017-10-09 17:03:27,27,0,43
27d7ae4ad298e3686566ac8e9ff928e5,47ae8245cfea34ac0c57a04fb956a80a,PA,marituba,-1.3667488537613912,-48.33865765202612,PR,-25.431155907508472,-49.28552783051147,2677.765556533354,1,1,140.0,26.01,170.0,2017-08-24 13:41:22,2017-10-03,2017-09-29 17:48:31,36,0,39
ba91b4b93947b208ec698475173402b7,ff84a9059c97689052afa88a20cfc52b,PA,ananindeua,-1.3958285454550172,-48.417600697330144,PR,-25.45040220122144,-49.56040541360136,2677.55163239824,1,1,219.9,89.83,9950.0,2018-07-23 20:29:21,2018-08-23,2018-08-07 20:14:00,14,0,30
0f7aa32fdabc5a9e10d0e9da37110525,7ca7b507bcd23c39aad8c8b60041567b,AP,macapa,0.069916676324915,-51.050223044367854,SP,-23.61325890813089,-46.59942309824574,2676.937165888436,1,1,200.0,32.84,9750.0,2017-08-08 11:27:03,2017-09-14,2017-08-25 19:33:58,17,0,36
e122415106f4ed9ba92695a54bca9889,c2d5fb9a087c1037c2d97f1494722beb,PA,belem,-1.4042792828206936,-48.45004791348576,PR,-25.45795217485142,-49.30899607966408,2676.231362134127,1,1,624.75,29.4,500.0,2017-11-01 23:43:51,2017-12-08,2017-11-25 17:29:47,23,0,36
63a3eb68025b31c84a0bfca8a8b27ec3,b34dffef04a2e8ecce637601e7733dfd,AC,senador guiomard,-10.155794459924604,-67.7344385851842,SC,-26.24993381848348,-48.80571126263594,2676.1619066509197,1,2,355.98,90.2,1900.0,2017-12-22 12:36:18,2018-02-19,2018-01-05 22:17:04,14,0,58
5d79b555805a2c67a647b4f2ed28891c,d9e37b93fff8ef5386bfbb36695cc072,AM,manaus,-3.143672022465794,-60.00848736904943,SP,-23.502394833746912,-46.739281462404,2675.853022872393,1,1,79.9,25.11,1600.0,2017-09-26 12:25:18,2017-11-13,2017-10-19 21:22:32,23,0,47
37fef9185066b091254533c2192edd72,cd281c1a7d26cd29a3ed4b029fce7270,AC,rio branco,-9.968815683567623,-67.81115952484274,SP,-23.489821337123363,-46.95315217080441,2675.832246102889,1,1,961.6,33.58,500.0,2017-05-14 19:52:34,2017-06-14,2017-05-26 17:07:50,11,0,30
d84ff9150e7677a1de43990fff1868ef,67a649e6933ac4df07ddd1f379a6c773,PA,belem,-1.4143021610625788,-48.44500122170078,PR,-25.45795217485142,-49.30899607966408,2675.13616425236,1,1,129.0,30.43,1450.0,2017-12-18 08:28:13,2018-01-24,2018-01-26 19:12:13,39,0,36
cd0c854775bce057e6a7e27c79a58f00,4b11226427fb245d9d0cb91d0a339e81,PA,ananindeua,-1.3901238530552105,-48.41317148962709,PR,-25.43366888971728,-49.26893094975684,2675.09440315808,1,1,113.0,30.32,16283.0,2017-12-18 14:36:09,2018-01-30,2018-01-09 19:52:09,22,0,42
2d394ce1703ceeb355e2446e4a7a6bf4,bb4bd9ae44df35a367e6adb8d37faf6f,PA,belem,-1.4150699999999945,-48.47545681482746,PR,-25.45795217485142,-49.30899607966408,2674.93975346335,1,1,349.9,31.98,900.0,2017-12-11 13:19:11,2018-01-22,2017-12-29 21:37:56,18,0,41
ea47d67848331b928432c6a94c2f543a,4dc69f5a7144b4414b97fbe35696af97,AP,macapa,0.0348929573776164,-51.062590688261295,SP,-23.625852663887155,-46.61139748251486,2674.484768268468,1,1,49.99,21.15,250.0,2018-01-20 02:48:11,2018-03-14,2018-02-21 21:22:17,32,0,52
1da98926fa18dc5eb9045bb6c5a1e8cf,fd3ed16e8a4cacb3738e83046d328ba2,AP,macapa,0.0348929573776164,-51.062590688261295,SP,-23.625852663887155,-46.61139748251486,2674.484768268468,1,1,39.9,21.15,183.0,2018-01-13 00:42:29,2018-03-07,2018-01-31 18:22:24,18,0,52
90e9fedce3a3026eee0c15d3a566dbf1,0bdb2764e5b4a297f0d500d8458c8593,PA,belem,-1.4002461618096758,-48.44022998211082,PR,-24.95820451399403,-53.46130455981301,2674.4248462102773,1,1,179.0,49.86,2950.0,2018-05-13 19:06:39,2018-06-21,2018-06-06 21:24:34,24,0,38
d74d2985a4c187334dc59722076a2e5f,5f49d01f1579c231565f6629a6cb3c0f,PA,belem,-1.450322481641738,-48.45993694028527,SP,-25.488089427175264,-49.21799046960302,2674.11273472547,1,2,191.8,65.62,3400.0,2018-08-09 20:36:13,2018-09-05,2018-08-25 00:46:26,15,0,26
97faaf59adcfe5fa3297328ab6ace15d,4f378face3cd0133931de16d0a2658aa,AP,macapa,0.0534539422786059,-51.05853619886202,SP,-23.584135489908583,-46.49855968914825,2674.10098791514,1,1,39.0,22.99,150.0,2018-07-11 10:13:01,2018-08-23,2018-08-14 18:17:25,34,0,42
44d1b486970419d4e0ed66e154ece21f,34f3948e492c28ed80ffb26eb73c25cb,PA,belem,-1.399689882965613,-48.4802832356454,PR,-24.95820451399403,-53.46130455981301,2673.6220070107825,1,1,689.89,48.68,1500.0,2018-02-08 16:51:09,2018-03-20,2018-03-08 03:08:26,27,0,39
2b4525a187e754cd2c55f847056c76a9,1610c3067030b9cb7ded18bb06f49057,AP,macapa,-4.36737924474e-05,-51.08307205665668,RJ,-22.870342477927228,-43.47241109832717,2672.983034905225,1,1,108.0,27.61,1000.0,2017-12-25 13:45:13,2018-02-20,2018-01-24 15:52:38,30,0,56
c98034f8df920ed8ca430c1105e3b600,97b1940e2aae6798a81d3a4015508078,AP,macapa,0.017590757722418,-51.06984770300997,SP,-23.652442526788203,-46.75549168747648,2672.879373455116,1,1,78.0,23.27,250.0,2018-07-11 10:12:08,2018-08-20,2018-08-01 20:33:07,21,0,39
270405232941d7da4e2b02fb8580f571,95d1f99786856f94ec5bcd00146d0e06,AP,macapa,0.0348929573776164,-51.062590688261295,SP,-23.595227193173283,-46.56076636913555,2672.130751733056,1,1,75.0,44.45,2550.0,2018-07-06 16:02:38,2018-08-22,2018-08-02 19:11:44,27,0,46
fb34891f680ec3b5b3b0dd8d9f863d2a,0ecf71ef2f6132b279632dbc3d72e2fd,PA,belem,-1.4150699999999945,-48.47545681482746,PR,-25.429797282820697,-49.26145886594724,2671.645424641416,1,1,57.0,40.86,6250.0,2017-11-04 17:16:38,2017-12-07,2017-11-22 22:57:41,18,0,32
724b19e5eca8ec552146bf7904b4cbeb,9e0773fb262bb0872dddbb606ccf3fb7,AP,macapa,0.0534539422786059,-51.05853619886202,SP,-23.56428872384441,-46.51904534753631,2671.529797970732,1,2,59.8,28.0,17500.0,2017-08-08 09:02:22,2017-09-26,2017-09-04 20:07:59,27,0,48
dcd7ba3b58ccb67686e71ad6439ee17a,bbaae092a3ff8f60678b288009bbbfe1,AP,macapa,0.0157486188778604,-51.08187131681625,SP,-23.627382244243726,-46.69532863321602,2671.309472151628,1,1,199.0,23.71,1000.0,2018-01-02 16:11:58,2018-02-22,2018-01-16 01:06:19,13,0,50
30eee244a7d32cac1de9617e4b9ae312,0e87f7e6262f9b3ad93cb19a32bd4a1f,AP,macapa,0.0348929573776164,-51.062590688261295,SP,-23.59032952255033,-46.63175129640077,2670.212532227156,1,1,99.0,23.41,450.0,2018-08-16 08:17:15,2018-09-12,2018-08-30 21:32:40,14,0,26
349af77e71491a1aed28d6bf0528e09b,b37a5547791aeb5ac5d9ca955d0bc6fb,PA,belem,-1.4630158658030092,-48.48808887193567,PR,-25.45040220122144,-49.56040541360136,2669.751964348155,1,1,109.9,25.8,6300.0,2017-09-30 22:59:50,2017-11-09,2017-10-23 18:07:12,22,0,39
782c1d4000bc7ae3d9aef9046000c4f6,bb0fb987d35e39b8ad2cdaaebf190962,PA,belem,-1.438117507213356,-48.46256080593268,PR,-25.43366888971728,-49.26893094975684,2669.5839373274075,1,1,399.0,90.92,14650.0,2018-07-28 08:35:29,2018-08-22,2018-08-07 18:21:58,10,0,24
0a308be0b454b3664e06318c9bd6a5be,68914b86fecc505772fc79427f0cbb29,AP,santana,-0.0555782389418831,-51.159710249999975,SP,-23.64250107132555,-46.56140417485143,2669.3041191418106,1,5,199.95,124.2,500.0,2017-02-28 22:12:55,2017-04-07,2017-03-16 13:42:06,15,0,37
f13b936aa2436a99f17881708a7505b7,6086de7e1996b90bb8a753cd7f83d252,PA,belem,-1.4615863106800238,-48.50251610355552,PR,-25.45707628282069,-49.21746171856179,2669.2774090974785,1,1,193.0,30.88,1100.0,2018-01-06 12:06:22,2018-02-21,2018-01-23 23:48:51,17,0,45
b27d51cc8af8e7572e42389489c8f748,e92f92603c0c6dbdeb7b081068de681f,AP,macapa,0.0365398249813861,-51.090970333831336,SP,-23.5677241043626,-46.61119233625707,2668.8777005700936,1,1,199.99,27.95,1053.0,2018-05-04 15:30:39,2018-06-20,2018-05-22 19:41:18,18,0,46
af92012b9c9ebac7f18b1a219e2474fc,beb1179c24f5eb219e9906c440fc59ff,PA,belem,-1.4564705087998835,-48.47931988606284,PR,-25.44705916143232,-49.17742951409481,2668.6814809073817,1,1,559.9,162.08,26950.0,2017-04-20 15:12:24,2017-05-26,2017-05-07 12:03:09,16,0,35
eb6e0e93afa55d94898504b3bf14dfff,6ee4303f27dc03360f9f7fba88cc644a,PA,belem,-1.447242809963,-48.475744038952335,PR,-24.95820451399403,-53.46130455981301,2668.53187070696,1,1,179.0,83.1,2950.0,2018-04-19 13:14:24,2018-06-01,2018-05-21 18:04:19,32,0,42
9a3966c23190dbdbaabed08e8429c006,3be2c536886b2ea4668eced3a80dd0bb,PA,belem,-1.4549937799064998,-48.47203605785113,PR,-25.43724391095644,-49.28084304815626,2668.1140624298387,1,1,3980.0,62.74,800.0,2017-02-04 18:54:15,2017-03-31,2017-02-09 13:37:54,4,0,54
ce85845ca7d1014cbae2bddabe1d468c,430b71cd7a955a7232bea5a2911b8271,AP,santana,-0.044094312862081,-51.16386937055873,SP,-23.652442526788203,-46.75549168747648,2667.910950198584,1,2,127.0,42.5,650.0,2018-01-20 22:25:35,2018-03-19,2018-01-31 00:16:49,10,0,57
e3457b638ebc9288bdb7aeaf57d6847a,59f09ab2a6c3bcfa191cc3f9f9a3d756,AP,macapa,0.0335411401319673,-51.07000546471101,SP,-23.53526522231519,-46.497580438802,2666.841710576204,1,1,14.99,21.15,97.0,2018-01-22 16:35:39,2018-03-14,2018-02-22 08:36:48,30,0,50
0f070c89e1bd81ad150167f1c656a49b,24c62f7eb78d839d81364907596e4e94,AP,macapa,-4.36737924474e-05,-51.08307205665668,SP,-23.5869802640594,-46.61564731057762,2666.7330851088914,1,1,49.99,21.15,200.0,2017-11-24 16:30:49,2018-01-11,2017-12-19 17:41:48,25,0,47
c11a68c413a5bab666d3afe5a3ed7ef5,b7a710ed2201bd2cbe88944e34b40bcc,AP,macapa,0.0335411401319673,-51.07000546471101,SP,-23.54682895530619,-46.56705535720467,2666.724434773268,1,1,44.95,21.15,250.0,2017-10-01 16:34:38,2017-11-22,2017-10-24 17:50:44,23,0,51
98a2198fe7cdc41447b479d9220f0371,03952dd46963b39ab13db3f9ab54bfd0,PA,belem,-1.4647367971318463,-48.49291550542435,PR,-24.95820451399403,-53.46130455981301,2666.254099713207,1,1,373.4,44.64,483.0,2017-06-02 14:48:34,2017-07-07,2017-06-16 13:45:36,13,0,34
9c42ac16775e4ac28e09a13003f10eda,0332dcf396bf54bbc8e16e5e7c4c8d84,AP,santana,-0.0251960263474318,-51.17417928703045,SP,-23.5397205,-46.43633556480467,2664.274873844066,1,1,32.99,24.84,100.0,2017-03-22 10:40:00,2017-04-26,2017-03-27 13:14:23,5,0,34
f8f8dec47bdff39b27b7f270c51977a5,0a7067041afc571451c8425a1e7027f9,AP,macapa,0.0348929573776164,-51.062590688261295,SP,-23.51299004413122,-46.55062107126777,2663.3586388828403,1,1,88.0,27.17,550.0,2018-04-13 16:44:53,2018-06-04,2018-05-12 01:03:47,28,0,51
ba2e16aeb4e0a8e7f3d8eaf0ed7589e2,ddfe6fa346e2662d9327d02b663e7a98,AP,macapa,0.017590757722418,-51.06984770300997,SP,-23.537493461278807,-46.63974517262972,2662.5357743293785,1,1,13.65,21.15,150.0,2018-01-24 13:08:48,2018-03-16,2018-02-23 01:08:50,29,0,50
8bd3b0d275f7d6d8686ddb86f88a71f6,c1c43a59da4d71581ded4e06a39bb37c,AP,macapa,-4.36737924474e-05,-51.08307205665668,SP,-23.51633441909516,-46.54744111705809,2660.369814138286,1,1,75.0,29.94,2150.0,2017-11-04 11:58:49,2017-12-20,2017-11-27 21:02:25,23,0,45
af3ad705f2a257c863532e7fec91462e,9131058bc0fd58a4fd04dbc141c4aa5b,PA,belem,-1.4524922226603307,-48.49572567751135,PR,-25.365851732303263,-49.18582840154509,2660.073865667726,1,1,249.0,26.77,600.0,2017-11-13 14:52:21,2017-12-18,2017-12-01 19:13:56,18,0,34
cde4bb15a5b59e10abcebe554d23d654,39e96546821aeddc8e6a2ccacd765d4d,AP,macapa,0.0348929573776164,-51.062590688261295,SP,-23.49166859722086,-46.7297613836344,2657.5579470111666,1,1,99.9,30.11,950.0,2018-01-18 16:57:06,2018-03-12,2018-02-14 22:17:06,27,0,52
26091f048710af6fa1c6d4f39d4897a5,84f28ac55d936946d201442e1a1e9058,AP,santana,-0.044094312862081,-51.16386937055873,SP,-23.491422931732863,-46.50280828642738,2655.368309817532,1,1,239.0,24.17,8150.0,2018-03-25 14:24:34,2018-05-18,2018-05-09 21:43:50,45,0,53
454fc309e2afec5ce697014d9193afbc,2f317c9ccc4b07db3391be0c01ac4a3d,AP,macapa,0.0534539422786059,-51.05853619886202,SP,-23.44892457252735,-46.729024114345926,2654.858780158668,1,1,99.99,24.83,400.0,2018-05-30 15:31:58,2018-08-02,2018-06-29 17:52:10,30,0,63
0e8b07d6fde25fe5cd3d67ad93943b4e,fc88f088d243fe889616273a5256d9a9,RO,porto velho,-8.724112910851458,-63.87637371278655,SC,-27.57709679120212,-48.4319211335045,2650.332959175989,1,1,349.0,29.5,200.0,2018-03-26 16:14:32,2018-05-04,2018-04-07 01:05:05,11,0,38
46e986bd2d3cdddfbc642749d67b4777,c998be2593cc44f760130bd79c8353f4,AP,santana,-0.0448957785525829,-51.1728839876273,SP,-23.302661247830148,-45.97283979175633,2646.469464929653,1,1,75.0,25.02,200.0,2017-03-20 07:34:21,2017-05-02,2017-05-03 12:58:53,44,0,42
59242532335f9d910b9f7d22be39bb59,3fcc0ad6fc4d2cb5b8ab39309e1ac335,AM,urucurituba,-3.1290281963597573,-58.15597737093593,SP,-24.026457185123206,-46.47784669233656,2640.3919781779214,1,1,120.9,38.99,200.0,2018-08-03 13:56:23,2018-09-26,2018-08-28 09:18:30,24,0,53
387dbd8ab95a2cea602adfc5434f7258,0df19a6654aeb18d2951d9e08ce18145,PA,santarem,-2.447185399027492,-54.707503128964376,PR,-25.55874002069342,-49.19617365714436,2636.6958187450814,1,1,299.9,89.11,8650.0,2018-02-27 16:23:22,2018-04-04,2018-04-07 00:21:14,38,0,35
72f13434d0258f5c25927d2b4d5b2c1e,d7b7917cfa60997e23f7bb56c0055729,AC,rio branco,-9.959850973898922,-67.80112499094008,SP,-22.92492963558197,-47.0742943724681,2633.2087501919686,1,1,189.9,26.36,438.0,2017-06-12 15:37:15,2017-07-17,2017-07-13 13:47:29,30,0,34
57be20dc5f786ed372add8e3f28be447,30e7b476534296021a9f7e0c289c6a86,AC,rio branco,-9.959850973898922,-67.80112499094008,SP,-22.881152314602136,-47.05060719525074,2632.9019541430243,1,6,479.4,167.04,4800.0,2018-07-26 13:13:19,2018-08-30,2018-08-09 13:59:42,14,0,34
8a8bf0059b86c0231bacf33f3dedcba2,4104c2e389807d2511cd9c3874b748f1,AM,manaus,-3.0877671471577344,-60.03896737669516,SP,-23.0047822119904,-46.84075801381677,2631.411663669696,1,1,280.0,33.4,3500.0,2017-08-21 02:29:52,2017-09-25,2017-09-14 20:49:49,24,0,34
679783b320e587d8e1c9e0dcb2421539,305f736d2711641a06f6a9c9bd837b00,PA,abaetetuba,-1.7225254382817428,-48.88243257718304,PR,-24.944530275318872,-53.49093617539968,2629.111270564737,1,1,134.99,68.09,1550.0,2018-08-01 23:01:03,2018-09-05,2018-08-20 21:56:48,18,0,34
c439a063d60f29fa2a257b40cef5c379,fec991b4de20b2284f4c441df760a6ed,RO,porto velho,-8.764164534545648,-63.83987492344997,SC,-27.543786658615705,-48.631972642506845,2628.76100397113,1,1,59.9,27.27,700.0,2017-09-26 22:22:38,2017-11-07,2017-10-18 21:37:57,21,0,41
b4c80521e552d11e209d1388067ce814,3a486addcf71802e8445e303ab0a09e3,AM,manaus,-3.0082318365798293,-60.04466905258811,BA,-12.89472449617752,-38.33875838605659,2627.939322963794,1,1,1340.0,44.74,2800.0,2017-11-09 22:15:55,2018-01-02,2017-12-12 22:46:51,33,0,53
10adafadd4cc3289bff103ee8d2db9a0,1495c7e441ebb6a484fd2c4859c02850,AM,manaus,-3.0663665728547644,-60.0601916424821,SP,-23.20712579877664,-47.30927660866177,2626.530838810503,1,1,135.9,48.39,3400.0,2017-09-11 19:02:55,2017-10-25,2017-10-06 20:00:17,25,0,43
645f607d5609144dd5eb78fe1c5a22d4,c7ef249622117e641738a76505595318,AP,macapa,0.0335411401319673,-51.07000546471101,SP,-23.21130687949995,-46.88044951858166,2624.071739823444,1,1,56.5,34.39,7000.0,2018-03-23 20:17:59,2018-05-10,2018-04-24 15:42:37,31,0,47
0b372cdcdd4134fc5f7695426339ce84,cfeea068ddb39d98dc66cd1804936dbe,AP,macapa,0.0926862742327877,-51.05732958179381,SP,-23.193263808211693,-47.27517269663572,2621.355083643191,1,1,99.99,57.47,1700.0,2018-06-26 22:00:12,2018-08-17,2018-07-13 10:32:57,16,0,51
7074777048d6873978e44c5b4b7bc3b2,eb51998e3c8848abaeef8f557a8e2db1,AM,manaus,-3.116443196314572,-59.996414200386646,SP,-23.20712579877664,-47.30927660866177,2618.1456487727173,1,1,109.9,32.37,2300.0,2017-04-09 16:48:34,2017-05-16,2017-05-11 22:11:19,32,0,36
1c5dded30baeb7f5dabbd1e613c76164,37bf6ca0a677445a3f521046ba630f78,PA,santarem,-2.4321998178687787,-54.7057758458764,PR,-25.39393168621084,-49.34352887039064,2616.9814269175054,1,1,289.0,173.02,12125.0,2018-06-13 19:10:21,2018-07-27,2018-07-09 19:28:43,26,0,43
6c8c2eaa3f73e88dd6dec1b8e00648e3,2939201dbb94797337b7e580fb86cd32,AM,manaus,-3.116443196314572,-59.996414200386646,SP,-23.13387984873623,-47.22675819555469,2615.99613774554,1,4,169.2,91.4,1000.0,2018-06-05 16:09:34,2018-08-07,2018-07-03 18:02:18,28,0,62
89be631fd4bcaeb41bbc2f969b37aecf,41a940125f7b30d8219a2672baba478c,AP,macapa,0.0335411401319673,-51.07000546471101,PR,-23.43192619791517,-51.86456324999999,2610.652124267345,1,2,1358.24,116.84,3700.0,2018-01-02 11:07:23,2018-03-07,2018-01-26 13:22:57,24,0,63
d86ec98154cea8b1c374cb343e2e0e4f,7393605d0effa0bc6bbc2b5026a1790e,AP,laranjal do jari,-0.8430552172804349,-52.52025344078563,SP,-23.608557917740683,-46.613331924231765,2610.338525437209,1,1,109.9,38.32,900.0,2017-10-23 21:58:26,2017-12-14,2017-11-10 02:51:48,17,0,51
907029a0ebab7f19cb8ae765d479df14,3c45f5b7e406047d482a6d79c17c8b1c,AM,manaus,-3.0724082704714504,-60.085930766838864,MG,-22.27164789897835,-46.16555647382263,2610.175728187703,1,2,101.8,88.42,2150.0,2017-08-13 16:21:46,2017-09-18,2017-08-17 19:12:16,4,0,35
a3c1d266558d811517afe798d1fad42c,1e51b91a1bb6df445cc3a0295863e235,AM,itacoatiara,-3.131788629139772,-58.43168683049284,SP,-23.625852663887155,-46.61139748251486,2609.0885269657424,1,2,57.98,35.0,600.0,2018-02-26 17:54:40,2018-04-12,2018-04-13 22:56:30,46,0,44
17b64a39e956f1ff14d42a2f76a37305,6b170d60eabcac609caaaf419e9e57f1,AM,manaus,-3.0724082704714504,-60.085930766838864,SP,-22.611004585010026,-46.70334132489496,2607.8710540381003,1,1,289.0,82.19,2965.0,2018-01-19 15:56:19,2018-03-22,2018-02-08 23:54:29,20,0,61
4fc50cd371b22d084ba692f7bfc7ca6d,1434c23ad06a9986f1b2d77ac7a96b7f,AM,manaus,-3.116954270663304,-59.96102321830459,MG,-20.50506397453669,-43.85750364588822,2604.3618415427127,1,1,580.27,47.91,1100.0,2018-02-17 21:17:51,2018-04-09,2018-03-28 23:15:38,39,0,50
4edb2debfd66979e4c68897c768c36b8,d2c78743698d2e9cd2fad65c21ffb46e,AP,macapa,0.0365398249813861,-51.090970333831336,SP,-23.0047822119904,-46.84075801381677,2602.974777821092,1,2,399.8,66.4,4700.0,2018-04-03 21:14:21,2018-05-17,2018-04-25 12:18:45,21,0,43
ceb9b6d878227743fd57f4f50dff13c3,54ab397e856d6388c4a65fb0952688eb,AP,laranjal do jari,-0.8430552172804349,-52.52025344078563,SP,-23.544184662502165,-46.63214268206478,2602.9282760889464,1,2,208.9,69.06,300.0,2017-11-29 15:52:39,2018-01-24,2018-01-03 19:38:56,35,0,55
c5732e63477fd9b1c12f62ad4472fc6c,3dfe77e7e9e11249eab5f54ff0c8e26d,AP,macapa,0.0335411401319673,-51.07000546471101,SP,-23.0047822119904,-46.84075801381677,2602.2469195614594,1,1,99.0,30.1,7050.0,2018-01-18 01:16:32,2018-03-12,2018-02-16 17:47:06,29,0,52
2655c643248fa1a5ef168d2f6fc64fe7,9ece767cb4769a7f387567c6f1f06d35,PA,juruti,-2.1553397213432355,-56.09095459568192,SP,-23.62299459910628,-46.53766812565611,2599.192693296883,1,1,49.9,25.63,1100.0,2018-01-05 19:24:31,2018-04-03,2018-02-02 12:42:58,27,0,87
725d5b45e6010a8d3da5106833e22bd0,343dab1ad2a9c810659ad6892e7e4158,PA,santarem,-2.4243989420876417,-54.71304339549161,RJ,-22.93534069637593,-43.186718398333056,2597.2314525015686,1,1,299.99,54.46,1582.0,2017-11-29 11:20:20,2018-01-03,2018-01-24 01:27:36,55,0,34
4d59685727333d1dbcbbcfd3f0795423,91b908a3599b613c9ebc32c50fcc1b3a,AC,rio branco,-9.98108004049487,-67.82779562498857,PR,-25.404808855812814,-49.34650105482136,2596.3391005616068,1,1,179.9,39.05,5600.0,2017-05-29 18:49:51,2017-07-03,2017-06-22 15:48:06,23,0,34
e80da12103a938ccc9958f2c1ea95f92,adbb6cf458f5e432340801c4bb8c16ff,AC,rio branco,-9.973390456997782,-67.84030356272721,SP,-22.75756675966071,-47.416027840450326,2596.1760453334787,1,1,388.0,38.08,13100.0,2017-12-14 02:42:14,2018-01-31,2018-01-10 21:35:40,27,0,47
20c950b58c4d3cf3df11b319f493242c,d0e4ede0ade3adc750a7caa060dfb000,PA,tucurui,-3.83448713047708,-49.67879798413284,SC,-27.15253242886683,-48.50464784416293,2595.847015636321,1,1,1499.9,64.17,633.0,2017-12-20 20:51:14,2018-02-07,2018-01-22 18:56:52,32,0,48
78fd4a4b2afff4fcbca37fab3ed1b0e6,53e9e25ac4476a44af787bfebcbb08d5,AM,manaus,-3.0303365029141816,-59.99532417346644,SP,-22.82219330991709,-47.27062894035096,2592.828247991117,1,1,579.9,24.86,322.0,2017-08-24 14:34:50,2017-09-28,2017-09-26 17:53:26,33,0,34
a3761cb6b3883a498fb7fdc5833dcfc7,55df82d9ca2503a4c310c29711f5bf99,AP,macapa,0.0926862742327877,-51.05732958179381,SP,-22.8935112964107,-47.0800242164147,2591.906447645676,1,1,24.99,22.85,125.0,2018-03-13 19:06:38,2018-04-25,2018-04-11 14:58:32,28,0,42
c53650d065ed0639a5181397ce08c423,b9fa68d5a325ea422f38f683138653a2,AP,vitoria do jari,-0.9293544523166704,-52.42070307009303,SP,-23.503853294477462,-46.55491073216861,2588.685175741661,1,1,85.95,51.32,775.0,2018-07-15 11:02:40,2018-08-31,2018-08-23 19:12:00,39,0,46
e49d2358f7bb8587895c7cb6cd635396,4f219dce05e4878040dbfaa3308573d1,AM,manaus,-3.108286608243403,-60.03607427442437,SP,-22.82219330991709,-47.27062894035096,2587.7207453765377,1,1,138.9,21.77,178.0,2018-02-24 02:03:17,2018-04-13,2018-04-06 20:47:37,41,0,47
5b265b1557d0d44a32df50b4fbf98c7b,dcdc259ec5bacca962c1ea9ba705b4b1,PA,tucurui,-3.775561036948699,-49.67211441089512,SC,-26.993432999999943,-48.634162435885465,2584.0662589902104,1,1,1209.0,92.01,538.0,2018-05-29 10:04:54,2018-07-27,2018-06-26 11:03:35,28,0,58
4849762eab16354ac93fa3f76324ae57,1dd28f92d803938f46bada3f189cd5e9,AM,manaus,-3.125303496537552,-59.99704032361936,SP,-22.82219330991709,-47.27062894035096,2583.866589572801,1,1,159.9,25.61,200.0,2017-03-13 00:40:20,2017-04-13,2017-04-04 22:10:06,22,0,30
1b6a74c497e59ff5342e7a1adcff98af,65a6f4c14c4f4d24b78e093371a0e0ae,AM,manaus,-3.140989627531882,-60.00320246863639,SP,-22.82219330991709,-47.27062894035096,2582.723604117912,1,1,109.9,23.49,250.0,2018-07-01 09:42:47,2018-08-16,2018-07-23 17:24:49,22,0,45
93feaaf6bcd5ebfd8e50ddca7a8e3d0a,3114d637f54a47ad83603a3cbfccb511,AM,manaus,-3.116517581076696,-60.041714788649074,SP,-22.780028847256126,-47.301545526454255,2581.600411354976,1,1,42.9,23.02,250.0,2018-07-20 21:19:51,2018-08-31,2018-08-16 21:59:01,27,0,41
db65bf4cccb652a88bf890bd8a69cdc8,a3fd85d47dab4959cc2103f846c3de65,RO,ariquemes,-9.912030288047893,-63.04099949999999,RJ,-22.27253137206716,-42.53044578660735,2581.376879100668,1,1,284.0,39.54,1200.0,2018-02-23 20:39:32,2018-04-03,2018-04-02 19:38:31,37,0,38
11d7140d6b8215c6277987fe827e932b,a5a43c1ea3080ebec9a85b2367a8ceb1,RO,porto velho,-8.756458065449426,-63.87552318025777,SP,-26.91181862157633,-48.65558858521831,2577.0043311124023,1,1,48.65,46.88,1200.0,2017-06-10 23:12:16,2017-07-17,2017-07-03 13:03:28,22,0,36
36b33af016121e29d4fa1c46c492f656,b84cb4040b31f3a096842f90baa6523c,PA,altamira,-3.213472184911058,-52.22607822070709,SC,-26.23130557769997,-49.41256940245791,2576.999397882264,1,1,115.99,110.32,5350.0,2018-03-15 15:24:15,2018-04-19,2018-05-08 22:48:21,54,0,34
f25ddb6cd62d720a5d91fff80467930a,b482b6eb1e1daa52fc0b17faea2cfb4d,AM,manaus,-3.108128684581665,-60.062148660280464,SP,-22.75756675966071,-47.416027840450326,2574.95292259799,1,1,388.0,32.13,10750.0,2018-01-13 13:19:46,2018-03-08,2018-01-19 23:47:21,6,0,53
ce5fa76be23d99133bb5c88b56ee3a79,6c085bf1ce3e86479e1645ee53449953,PA,bonito,-1.3641416075358304,-47.30706678944424,SP,-24.49815873105776,-47.844494347330354,2573.034210517157,1,1,255.0,27.07,331.0,2018-02-04 17:11:24,2018-03-21,2018-03-01 18:29:37,25,0,44
7355fd322343b5e2adebd1f0c88e0e33,0f835d3a44bfc8601fe5825f921ede8d,AP,macapa,-4.36737924474e-05,-51.08307205665668,SP,-22.72279273828824,-46.846086231074864,2567.9139896687466,1,1,126.0,133.39,9550.0,2018-05-07 10:43:14,2018-06-21,2018-05-29 14:38:54,22,0,44
2d7aa84a54a8c03cbfbb2cfd8ae0307d,4f8516b15cc479017fc06b893d7ecc70,PA,belem,-1.424274947256112,-48.473887637919226,SP,-24.49815873105776,-47.844494347330354,2566.59088878801,1,1,357.0,39.19,450.0,2018-06-08 09:39:44,2018-07-24,2018-06-23 01:58:23,14,0,45
a2e1586a9d74f3d08df52b4eea515b6c,0a44d5a0e291790b28962484733083ad,AM,manaus,-3.0082318365798293,-60.04466905258811,MG,-19.894223410208355,-43.930916412170255,2565.821640493361,1,1,41.79,27.57,100.0,2018-07-28 21:03:38,2018-09-05,2018-08-02 19:11:42,4,0,38
f4d812e53e87755d0f4210f23caef13c,e6546445d69085e73903bd5d839b24d5,AP,macapa,0.017590757722418,-51.06984770300997,SP,-22.743238334049245,-47.3155351887966,2563.2839287565384,1,1,589.99,67.62,9950.0,2017-05-08 16:25:25,2017-06-12,2017-05-22 11:36:36,13,0,34
503a416fb4261893e74138567c7138a5,51f1a09c5cf431a3ffb2ac3d0ac7a73e,AM,manaus,-3.0268935473195366,-59.97679977921401,PR,-25.442762067969603,-54.40078556444748,2562.8807457370485,1,1,149.9,27.31,900.0,2017-03-12 12:24:51,2017-04-13,2017-04-05 17:27:51,24,0,31
f34349c1787f5a47ace7555af961a47b,0bd97783f923de852985314ab0ef2f53,PA,quatro bocas,-2.417669777351,-48.1968627599099,PR,-25.43727033166945,-49.211700622251776,2561.967575635343,1,1,410.0,55.23,2650.0,2018-01-06 13:59:12,2018-02-21,2018-01-24 08:16:59,17,0,45
2148d1d6458e2aed4af9ddd978c48ac3,862619252ab047cfee12fbe748562b50,PA,santarem,-2.4243989420876417,-54.71304339549161,RJ,-22.433722840932912,-42.97293424912493,2560.5280375826305,1,1,139.65,43.01,100.0,2018-01-29 11:01:51,2018-03-08,2018-03-07 00:28:54,36,0,37
6b3138748728fe92cf423b0abf199c8b,bfff9bd5326ab677cf86986235912397,PA,novo progresso,-7.038047820297005,-55.41769157488372,RS,-29.67745825880729,-51.05918890980452,2558.3449819367133,1,1,829.0,38.95,360.0,2018-03-14 10:12:48,2018-05-16,2018-05-03 00:27:38,49,0,62
0724f5287d69b7a3fbcf9ab02054ca4a,49af8d1256e91058af5b255f4fbc0e6d,AM,manaus,-3.053774873137828,-60.03024449167827,MG,-19.836541382739888,-43.92185549333488,2557.1226540222583,1,1,45.0,27.2,450.0,2017-12-02 13:51:42,2018-01-22,2018-01-05 23:42:32,34,0,50
1972a123466d40a62224630f7d0de530,0f41a66a477328c778e98eacb6a6867b,AM,manaus,-3.073823512767609,-60.00239053867972,SP,-22.70928658782974,-47.66520568122805,2556.295748189664,1,1,129.9,35.53,2000.0,2017-02-06 17:06:53,2017-03-27,2017-02-17 21:37:42,11,0,48
3ee8494bb94ea023beadcd0783c9d8d7,9cd516c73a329f061611ae45ecbbe580,AM,manaus,-3.073823512767609,-60.00239053867972,SP,-22.70928658782974,-47.66520568122805,2556.295748189664,1,1,84.9,29.52,1700.0,2017-02-06 14:56:21,2017-03-27,2017-02-20 19:37:51,14,0,48
497e5e92e62cf84d974cd4345971f57a,7ca37e6a93a56f66b7752682d60ba176,AP,macapa,0.0348929573776164,-51.062590688261295,SP,-22.70928658782974,-47.66520568122805,2555.6209532585262,1,2,199.8,74.25999999999999,2600.0,2017-06-16 13:45:02,2017-07-20,2017-07-11 21:06:38,25,0,33
d3d9a3b1f8ed4b6c67d57a9c413582c9,2034c4457dc67217f6b9db8b09efd0a8,AM,manaus,-3.073823512767609,-60.00239053867972,MG,-19.867906407416527,-43.94863882589885,2553.8755747684145,1,1,29.9,25.38,100.0,2017-11-15 23:41:18,2018-01-09,2017-12-14 19:41:29,28,0,54
74bc5cd043ebb6cf75b835d27249782f,702e22d4fab7c9b8456e82a4596f66af,AM,manaus,-3.128660762613924,-60.02522960861586,MG,-19.867906407416527,-43.94863882589885,2551.026518037812,1,1,54.9,29.91,1050.0,2017-07-17 12:16:11,2017-09-12,2017-08-08 18:43:03,22,0,56
ef631f2168b86a6efd53a9fdfb9d4699,c02a6990593c8e099095ecef024194ea,AM,manaus,-3.090370143632046,-59.94561284367245,MG,-19.867906407416527,-43.94863882589885,2548.304226193526,1,1,46.5,25.38,600.0,2017-12-28 00:19:16,2018-02-20,2018-02-07 02:32:39,41,0,53
3db0dfe8a379d76e5c29f635c277325f,76840b8dc90860dadc2888c03309569e,AM,manaus,-3.119930384379292,-60.02410188784899,MG,-19.88174280762465,-44.00906911296093,2548.2753371716003,1,1,28.9,25.38,150.0,2018-01-24 04:17:11,2018-03-15,2018-03-05 15:19:46,40,0,49
7a1fadde9a014947dc553d03acec903c,1157f1b869ab1f5edbbdfaec8169a3f3,AM,manaus,-3.125955897664009,-60.01548212315564,MG,-19.88174280762465,-44.00906911296093,2547.138064375248,1,1,28.9,27.41,150.0,2018-05-08 21:49:05,2018-06-21,2018-05-30 16:33:19,21,0,43
e12aeddf85ba20f8e2d865a28b32fbd8,595713cd04130c26109cc971921fe409,PA,sao joao de pirabas,-0.7719884999999979,-47.17777032325635,SP,-23.63615153482605,-46.59924965557727,2543.144472304409,1,1,129.9,29.31,1400.0,2017-09-12 09:32:47,2017-10-17,2017-10-18 23:09:01,36,0,34
f54121f8a2be85c0f0014bd1ea6c9136,1adcc89514838ce6dab7b1d17e3a721d,PA,curuca,-0.7353836432310166,-47.85367412294094,SP,-23.56127544240869,-46.461969257046256,2542.559963473666,1,1,254.9,27.06,300.0,2017-09-19 18:31:39,2017-10-26,2017-10-10 19:59:13,21,0,36
a0b49a0330e926df75d422934cc90cf8,2dbd11cc486db94c38e7e831243c7596,PA,curuca,-0.7353836432310166,-47.85367412294094,SP,-23.56127544240869,-46.461969257046256,2542.559963473666,1,1,254.9,27.06,300.0,2017-08-03 21:31:40,2017-09-11,2017-08-18 12:43:42,14,0,38
89035fb6f9ed1693ad716ef81c18cdb2,ac9d00289136be90ac64557222f2e9fd,PA,curuca,-0.7353836432310166,-47.85367412294094,SP,-23.56072295337296,-46.63277989454088,2541.477092328735,1,1,14.9,25.63,150.0,2017-09-21 22:00:15,2017-10-31,2017-10-13 21:37:47,21,0,39
3473b2ac470644fed5ff35254ec7a759,6bbc9cd236c6f405b18a5245b1a6b636,RO,porto velho,-8.756458065449426,-63.87552318025777,SP,-22.577450868185096,-44.96144299160366,2536.7474451876683,1,1,67.9,34.28,418.0,2017-12-20 11:12:59,2018-02-02,2018-01-13 14:29:26,24,0,43
e3a851896a5960f36443bee36f006936,796a96842a5cc545311f8736eb0f0ad9,PA,monte alegre,-2.00144797576012,-54.06969363333113,SP,-23.652442526788203,-46.75549168747648,2533.001894100314,1,2,98.0,51.26,400.0,2017-11-12 22:54:54,2017-12-21,2017-12-07 01:33:35,24,0,38
30290113513bda95268bb542dfa87acb,ecd4901725ab74781a930b41d7417b01,RO,ji-parana,-10.872179979929086,-61.97444969522167,ES,-20.27110455009337,-40.41523240211024,2530.9412508543483,1,1,99.0,89.82,9000.0,2017-10-21 22:17:06,2017-11-29,2017-10-30 21:41:37,8,0,38
1fb19f4cd7486d32cfc488577cc28235,2009e285643a9f9aaa39ab0b1a680882,AM,manaus,-3.108286608243403,-60.03607427442437,PR,-24.95820451399403,-53.46130455981301,2529.566443245843,1,1,343.4,26.89,483.0,2017-02-02 11:15:31,2017-03-13,2017-03-01 06:37:41,26,0,38
e7fbf44c317d9ac6b87b0330fed92f1b,6725a79a0ae85fed5b3a06610875fdf9,PA,marituba,-1.3667488537613912,-48.33865765202612,SP,-24.026457185123206,-46.47784669233656,2527.595512147523,1,1,14.9,25.63,150.0,2017-08-15 20:44:02,2017-09-19,2017-08-31 20:06:48,15,0,34
aca6f9ca2dac5791ddb1f8d760ec394b,09451703baf04a7c8144b467d5e0ff69,PA,ananindeua,-1.3780668052861371,-48.41891390691916,SP,-24.026457185123206,-46.47784669233656,2527.040481635092,1,1,115.0,25.3,300.0,2017-02-17 12:04:05,2017-03-30,2017-03-28 13:49:56,39,0,40
3cd82d2cfb48466fdfcb8594444e211d,b9b46d7c1bc9f38ccf4a1ec449d90317,PA,belem,-1.410813482918884,-48.47097587344905,SP,-24.05485491923939,-46.54095807094582,2526.4583630965794,1,1,33.2,25.63,250.0,2017-08-30 11:52:46,2017-10-03,2017-09-18 21:17:51,19,0,33
b56c143bc1ca0cee7345b354671f1e2d,b6ead1303ba468d8d5d31a465edd6670,PA,santarem,-2.4243989420876417,-54.71304339549161,SP,-23.70171457660069,-46.51267210796927,2525.065425621048,1,1,990.0,104.37,17100.0,2017-02-17 10:53:20,2017-03-30,2017-03-20 10:14:30,30,0,40
c50e38fc8b688b01c6a4109a6e075977,3db8f291923971467c299f44c051a6e9,AM,manaus,-3.073823512767609,-60.00239053867972,MG,-20.076917145110954,-44.57734014848548,2524.658847283342,1,1,277.0,48.47,800.0,2017-11-12 00:19:02,2017-12-29,2017-12-07 20:42:17,25,0,46
e623ce1206781e57a58020bca18aeb28,6d71f3c2700fcf29edc036e602af2088,PA,santa isabel do para,-1.2998814205764289,-48.16014012499999,SP,-23.933241296527093,-46.32942742274111,2524.425198246316,1,1,49.0,25.63,250.0,2018-01-30 23:41:41,2018-03-13,2018-02-21 17:19:12,21,0,41
3f49c44f8daf2224823379331514a723,af0e505d980484f4c3e56e8b818127a8,AM,manaus,-3.086213133427183,-60.01020551636287,MG,-20.076917145110954,-44.57734014848548,2524.170702841594,1,2,541.8,96.86,3600.0,2017-09-20 11:21:14,2017-11-13,2017-10-21 03:56:50,30,0,53
5e793b3edb0a058ff685ad346ce284de,f0737b94fe6941ef04bd183d84e8b284,PA,belem,-1.3989051618096793,-48.45883297403209,SP,-23.97221168082404,-46.314586513330205,2520.631632132663,1,1,52.99,28.77,900.0,2017-10-16 19:15:56,2017-11-16,2017-11-06 20:44:04,21,0,30
60064a8ef6cf5a49ed3b7edbc7fd9eb6,acdd98a7de2d5524730599eef83725c9,PA,santarem,-2.4243989420876417,-54.71304339549161,SP,-23.7169581397296,-46.69411154232787,2519.892501837429,1,1,41.9,25.63,500.0,2018-03-04 10:08:00,2018-04-04,2018-05-03 16:06:04,60,0,30
df7e288b85ef0dd4db4c94c910b31057,c126ca07a884e33a2fd2d6c927cb9f80,PA,braganca,-1.058127716055135,-46.7672559623839,SP,-23.717189479369523,-46.55358758458623,2519.677971952742,1,1,59.0,25.69,600.0,2018-01-03 20:15:58,2018-02-15,2018-01-17 21:03:47,14,0,42
e282dabaac0b31c7da8a0896fd56e7f3,63851348e2dae0893a180d516a13ebb3,PA,belem,-1.311891948319029,-48.45705445526978,PR,-23.622154732271355,-52.46925317823966,2518.195224005521,1,1,199.9,43.43,600.0,2017-11-25 17:00:57,2018-01-10,2018-01-08 22:45:34,44,0,45
61a029ab4f9a513d4ed1c5b3a5d4f125,dfcac2db95fccbb746eb05650547ed2b,PA,belem,-1.305752648883505,-48.47019886164806,SP,-23.82696887870072,-46.11866655620633,2517.0239510131883,1,1,26.99,24.84,100.0,2017-03-15 14:36:25,2017-04-18,2017-03-27 15:18:21,12,0,33
8c3337e8848790574f8d28f6591afbb3,39dc149fdb93549f7445ba0f18056f99,PA,belem,-1.4630158658030092,-48.48808887193567,SP,-24.00920985345376,-46.41937090980433,2516.8931728148746,1,1,64.49,37.36,450.0,2018-08-03 16:04:18,2018-08-27,2018-08-13 21:09:51,10,0,23
2567c0e99db4aabbc90fedb36d8de1c2,debc1e05c1064a78d0fc863eff89d3c8,PA,augusto correa,-1.0236595690611228,-46.63736106957848,SP,-23.652442526788203,-46.75549168747648,2516.23809323442,1,1,59.0,24.9,300.0,2017-03-25 14:04:56,2017-05-03,2017-03-30 14:38:13,5,0,38
9a3deccd2b0279aa76825542a6146030,ccd1069d389fdc3a3b3f0845e3515334,RO,porto velho,-8.753266768130358,-63.90610729536063,MG,-21.1242815973938,-44.24866664599798,2515.644285600172,1,1,99.7,42.73,400.0,2017-05-16 17:43:56,2017-06-20,2017-05-31 14:48:09,14,0,34
599647f3b1e2a0c0f0d2471bf9e9e353,9a493d06db3cccbef739e29498c2b176,PA,santarem,-2.439879662901709,-54.72446419914522,SP,-23.62299459910628,-46.53766812565611,2514.801301532264,1,1,34.9,26.89,300.0,2017-05-18 08:42:35,2017-06-22,2017-06-28 15:38:47,41,0,34
89b158fc23656141a5e33e93954d025b,93a8571aba21529cf631be8c49e279df,PA,vila dos cabanos,-1.51493676095094,-48.68840034785219,SP,-24.026457185123206,-46.47784669233656,2514.4490300696884,1,1,193.25,38.04,300.0,2018-03-24 16:38:22,2018-05-15,2018-04-18 00:56:57,24,0,51
83ea47ad24b5fce57aa5ade0fd069c94,6e8a9c87724e18b7e567193cdd3e4b45,AM,humaita,-7.512400983285715,-63.02912856503356,SP,-23.65869024839867,-46.52249513292757,2514.342520237347,1,1,23.99,34.15,100.0,2017-09-26 01:25:02,2017-11-30,2017-10-13 18:32:35,17,0,64
0778921b814304f85cb9188625e50625,1108051163387bf4b98f729ba303f2ff,PA,ananindeua,-1.359557305472045,-48.40294922075292,PR,-23.622154732271355,-52.46925317823966,2513.97908359424,1,1,101.9,44.56,1000.0,2017-10-29 13:46:57,2017-12-13,2017-12-02 15:09:01,34,0,44
c3911802445a557d4e9a4c2f2328de0c,914863a1fcd2e6a74c2ce3b8ff7f95bb,PA,santarem,-2.426887126999578,-54.73083104396959,SP,-23.625852663887155,-46.61139748251486,2513.927471584449,1,1,24.99,25.63,300.0,2018-02-27 10:48:17,2018-04-02,2018-04-20 12:42:49,52,0,33
b9f99c9c33ee2bec41a8a975e57fb7b0,bdacae7fad7179f4a2c9b5790b76460e,PA,santarem,-2.4243989420876417,-54.71304339549161,SP,-23.625852663887155,-46.61139748251486,2513.523543861409,1,1,27.99,25.63,200.0,2018-01-20 12:36:52,2018-03-01,2018-02-05 17:22:34,16,0,39
5691d5b2dc401642dfe8f226d5bff11a,e548ae5960bdd8a3ef1dc2a5740d54f4,PA,santarem,-2.426887126999578,-54.73083104396959,SP,-23.521808629753583,-46.34100219473756,2513.4777605577387,1,1,35.0,26.89,700.0,2017-09-11 15:15:42,2017-10-11,2017-10-05 17:35:20,24,0,29
166456efeff39afc75c0ae8580db1318,5601306a3ab8ff0784dfb5fab690bde1,PA,belem,-1.4293625810490702,-48.48511736671568,SP,-23.933241296527093,-46.32942742274111,2513.0590254016274,1,1,49.0,24.84,250.0,2017-03-24 20:06:57,2017-04-28,2017-04-12 07:55:48,18,0,34
c0b2c20ed167622980ba4586d4f60168,39d06b1f324058984a562362a55f9b1f,PA,santarem,-2.4243989420876417,-54.71304339549161,SP,-23.5397205,-46.43633556480467,2511.235718333387,1,1,21.99,37.04,100.0,2018-03-22 20:38:37,2018-04-23,2018-05-07 12:31:03,45,0,31
ec9e84c39657229cb100e43cff1e533f,30e72f956b5a6cb7870d3de8f8ea98f7,PA,santarem,-2.4243989420876417,-54.71304339549161,SP,-23.5397205,-46.43633556480467,2511.235718333387,1,1,29.99,25.63,100.0,2017-06-09 10:54:14,2017-07-14,2017-07-05 13:47:45,26,0,34
5ad67427b38c94669fc35ffc73bce412,10dbdfe9635224a0a2662d03219fc1bf,RO,porto velho,-8.756458065449426,-63.87552318025777,SP,-24.026457185123206,-46.47784669233656,2509.8803137400087,1,1,172.39,51.93,150.0,2018-08-14 11:09:51,2018-09-11,2018-08-24 00:46:29,9,0,27
9702b284912de5c57518af9f8220246c,678613e53fedd1b361741cc7e3cab048,PA,santarem,-2.426887126999578,-54.73083104396959,SP,-23.54241282514857,-46.49070640341336,2509.8595528445258,1,1,19.9,37.05,150.0,2018-08-03 00:08:00,2018-09-14,2018-08-24 15:03:53,21,0,41
da205e39e5c9572ab09b0f2ee02e7c04,20a73b83014dca8ee7bfe6fc4a4692b0,PA,braganca,-1.058127716055135,-46.7672559623839,SP,-23.62923449486411,-46.69206963543343,2509.8056533754007,1,1,169.0,37.87,350.0,2018-06-04 15:01:08,2018-07-26,2018-06-20 18:04:10,16,0,51
f5299daf77d8dc1c9630692065eeeb57,7ec3f2352e9adbb54e274886e56f4a7c,PA,santarem,-2.4627966032938424,-54.71176719507015,SP,-23.625852663887155,-46.61139748251486,2509.4547166835387,1,1,39.9,25.63,183.0,2017-11-25 13:50:11,2017-12-29,2018-01-08 18:53:05,44,0,33
5921c611401f52ff910cf826ea169367,543498dc5e59976cbd3821712ab1a847,RO,porto velho,-8.764164534545648,-63.83987492344997,SC,-26.28722555453289,-48.850959075076446,2509.0851768252915,1,1,104.99,35.35,6133.0,2017-03-06 00:43:52,2017-04-06,2017-03-21 12:27:54,15,0,30
41c4425628d692f2d1b59c3c6702429e,f6ad5197bd024e5869639d4891a326ce,PA,santarem,-2.426887126999578,-54.73083104396959,SP,-23.552032416180964,-46.53746144532288,2509.0791697406776,1,1,229.99,34.06,2150.0,2018-02-13 17:27:56,2018-03-20,2018-03-14 22:11:23,29,0,34
19247443a7dfd6e4475b0e9b3fae86de,db44d450b483eeccdc0873434be0b954,PA,capanema,-1.192443826559555,-47.17718301409897,SP,-23.75078457239132,-46.67886788439901,2508.9477655051023,1,1,76.49,25.82,450.0,2017-09-22 16:15:54,2017-11-01,2017-10-05 19:45:52,13,0,39
f77fe87685972d2d1a7ff6600f590d59,8435e0e187d4a9a24ca9df8649e2bc9e,PA,santarem,-2.426887126999578,-54.73083104396959,SP,-23.48488009615481,-46.36654993289185,2508.690470667574,1,1,179.96,61.49,11700.0,2017-03-23 11:59:45,2017-05-11,2017-05-05 13:44:05,43,0,48
0f73f6f7bc587a2cf7cdd6584359b1ce,543fe571670733f7c842eca3ba61b294,PA,santarem,-2.447185399027492,-54.707503128964376,SP,-23.5397205,-46.43633556480467,2508.644792497956,1,1,18.99,25.63,183.0,2017-07-06 12:12:39,2017-08-09,2017-07-13 18:53:57,7,0,33
17c059796a89b5b4c53113de933500c1,044d7def82c6fd78156eb55c3135edef,PA,belem,-1.4702139225576074,-48.49028477130817,SP,-23.933241296527093,-46.32942742274111,2508.5863456067123,1,1,99.0,25.18,283.0,2017-03-18 22:02:18,2017-04-24,2017-03-28 12:36:49,9,0,36
5cdad9598ab8686c137c2ad8c24d4803,72835445167408da77e382199e203451,PA,santarem,-2.447185399027492,-54.707503128964376,SP,-23.652442526788203,-46.75549168747648,2508.351372229807,1,1,29.0,25.63,200.0,2017-11-06 16:46:47,2017-12-07,2017-12-12 01:12:19,35,0,30
fb43fd15582708b731c65d9ffe35a5f0,ec9dfbd6b5010c0bb5164e740e002d6d,AM,humaita,-7.512400983285715,-63.02912856503356,SP,-23.54241282514857,-46.49070640341336,2507.942467758594,1,1,25.99,24.84,150.0,2017-04-25 19:37:11,2017-05-26,2017-05-05 12:13:37,9,0,30
2929e8208718655c26082e7331ef49e4,57841269df64fd5c9ba421df2e89a4bb,PA,santarem,-2.4243989420876417,-54.71304339549161,SP,-22.49841879739165,-44.12527158572528,2507.6245807311475,1,1,42.9,44.2,550.0,2017-09-27 12:32:34,2017-11-03,2017-11-07 22:31:47,41,0,36
8b267a755ea7f8e11012c8d4cb85e7b3,616077b2a7c75e09c541623ceb18c22a,PA,santarem,-2.4321998178687787,-54.7057758458764,SP,-23.48488009615481,-46.36654993289185,2507.169733184961,1,1,89.99,25.12,9200.0,2017-02-10 11:58:00,2017-03-30,2017-03-21 08:45:40,38,0,47
c1d2b34febe9cd269e378117d6681172,8912fc0c3bbf1e2fbf35819e21706718,PA,santarem,-2.439879662901709,-54.72446419914522,SP,-23.48488009615481,-46.36654993289185,2507.0899696705574,1,2,225.98,49.8,17366.0,2017-11-09 00:50:13,2017-12-19,2017-11-28 00:09:50,18,0,39
4bcb885df76e020744aa9357b997e5ea,9ad494e70597481a9f88df9037f1105b,PA,santarem,-2.44616630933031,-54.73932873943061,PR,-24.95820451399403,-53.46130455981301,2506.9711632035837,1,1,69.0,60.54,250.0,2018-03-17 10:46:13,2018-04-25,2018-05-10 19:48:37,54,0,38
04011f820bf820fa27cf4cc1fc06d3be,512ab098fa4d12ef6885a8ccedc02eaf,AM,manaus,-3.000384104736524,-60.03954313798552,PR,-24.711842042036658,-53.74670231468031,2506.6590538042456,1,1,19.9,25.38,100.0,2017-10-23 12:48:12,2017-12-12,2017-11-23 23:10:00,31,0,49
08a19256bfef2a2b1f0fc654723a9c71,8e75040b2365871c96071a3baa129e93,RO,porto velho,-8.764164534545648,-63.83987492344997,SP,-24.026457185123206,-46.47784669233656,2506.491581619476,1,1,89.19,51.34,150.0,2018-07-01 22:41:26,2018-08-09,2018-07-10 15:28:37,8,0,38
845c454659dd4b14bf2cad50319cb032,b1161707c5b3711b7cf6213c114c91b2,AC,brasileia,-11.008821270686092,-68.74819146362037,SP,-21.177173112308903,-47.767232134697736,2506.4051099708886,1,3,59.7,79.83,2100.0,2017-02-18 13:14:13,2017-03-31,2017-03-20 14:08:13,30,0,40
07f375fa02d74b14cf7562276d6932f1,0c001e52f187db590c01e00cb5b8a1d2,PA,igarape-acu,-1.1294227759055562,-47.62124810775538,SP,-23.652442526788203,-46.75549168747648,2506.183814727997,1,1,69.0,25.76,250.0,2017-11-28 10:22:52,2018-01-05,2017-12-15 19:49:24,17,0,37
fb6a38c6d83a99a085e448f590cbc1d9,fd26478ce236861caceac8d463ce0325,PA,belem,-1.1634100884567873,-48.472131807526,SP,-23.625852663887155,-46.61139748251486,2505.751228590472,1,1,29.99,17.63,350.0,2018-03-01 10:31:34,2018-03-29,2018-04-02 15:02:44,32,0,27
12126a7699ca7a88dd86dd3f52bc8baa,47bc31402bfc32ea5b1ad9390d88c676,PA,santarem,-2.4243989420876417,-54.71304339549161,SP,-23.302661247830148,-45.97283979175633,2505.138147787353,1,1,27.0,24.84,210.0,2017-05-01 12:38:57,2017-06-06,2017-06-01 16:34:33,31,0,35
c76f38f0e25b96b00a706d619332b544,6997da0b64aa6a0eb501e839a6e6900d,PA,augusto correa,-1.0236595690611228,-46.63736106957848,SP,-23.552032416180964,-46.53746144532288,2505.06393243684,1,1,129.99,29.31,1600.0,2017-11-20 20:52:42,2017-12-27,2017-11-25 05:58:30,4,0,36
b40d597f0eb58c117cb5d9e424f10426,22a4b8a7912abc2b02051dca85e02564,PA,santarem,-2.439879662901709,-54.72446419914522,SP,-23.576826793496515,-46.71598858744651,2503.3615532801377,1,1,165.0,39.2,225.0,2018-05-13 16:04:51,2018-06-13,2018-06-19 20:16:35,37,0,30
0f1e7bf8658039bb445eae8393801c9c,a08364b857475227d6659db0c604ac14,PA,santarem,-2.4243989420876417,-54.71304339549161,SP,-23.537493461278807,-46.63974517262972,2503.3232132909934,1,1,13.65,25.63,200.0,2018-01-09 21:25:42,2018-02-09,2018-01-24 21:22:33,14,0,30
4abc781b3e88962a7e098bcb42ed44c6,dd9013b8f9a0b85bc923959071a8b800,RO,porto velho,-8.756458065449426,-63.87552318025777,SP,-23.30395324646543,-45.96258897068984,2500.907292206683,1,1,77.5,51.04,300.0,2018-04-24 17:13:31,2018-06-05,2018-05-09 21:06:10,15,0,41
99917575a602235938d9572d18ad0caf,e14fffe9e8a1c37261430c6f9c7a96b1,PA,santarem,-2.4243989420876417,-54.71304339549161,SP,-23.5003299253419,-46.654473121847744,2498.9280012030667,1,1,16.9,26.89,680.0,2017-10-14 20:22:17,2017-11-16,2017-11-13 20:09:42,29,0,32
210cf7d3028086f57d41f03d2a240390,f17cb09a8980e4f5a0a6b4df4707c089,PA,augusto correa,-1.0236595690611228,-46.63736106957848,SP,-23.489821337123363,-46.95315217080441,2498.355405374744,1,1,159.0,37.8,333.0,2018-04-20 17:03:32,2018-06-01,2018-05-10 20:52:14,20,0,41
8d866309dfbf9649da64bd53a80c7b7e,f3476f906a037c2c993fe44405c22a6c,PA,tracuateua,-1.0775817424355298,-46.90421469930169,SP,-23.53877907744238,-46.53850883971953,2497.882528762393,1,1,13.98,25.63,225.0,2017-05-16 18:49:55,2017-06-20,2017-06-12 16:14:51,26,0,34
db5be41fbd2f5f305ddc8ca9c3dc473e,8c60cbeede31c2cc774d1e3077ae9c2b,PA,santarem,-2.426887126999578,-54.73083104396959,SP,-23.50592881681004,-46.72415478475394,2497.313610938412,1,1,13.9,25.63,250.0,2018-01-30 14:32:13,2018-03-08,2018-03-07 17:33:10,36,0,36
1e65b448bd96abe8434d64bc0ae4d609,7ef506b26788845ee213aa6914da6ff0,PA,castanhal,-1.295270747671003,-47.92742500328391,SP,-23.7169581397296,-46.69411154232787,2496.7173243294264,1,1,32.9,25.63,500.0,2017-08-21 17:06:20,2017-09-25,2017-09-15 19:07:56,25,0,34
9951d6a662cb9e7b5bb442786dbf34fe,52bc5e1b29d38cb00e8cbea4a919f65c,PA,belem,-1.3077635083242125,-48.48288393904238,SP,-23.66148702746846,-46.56416174311855,2494.2068706550244,1,1,325.0,19.55,400.0,2018-01-29 22:57:14,2018-03-06,2018-03-07 15:32:13,36,0,35
dbea19894046e3141b3de68811a7c958,63b26070f0bbae150fbdf658b6a8a089,PA,braganca,-1.058127716055135,-46.7672559623839,SP,-23.48488009615481,-46.36654993289185,2494.115565323509,1,2,159.98,113.62,23760.0,2018-04-15 12:14:23,2018-05-29,2018-05-17 18:22:57,32,0,43
9013af48700a7fbe4c74378aa6d08ba8,707831c8480919ed888f1b026854eaf1,PA,belem,-1.3107899999999404,-48.45849068508537,SP,-23.65869024839867,-46.52249513292757,2493.716700342927,1,1,19.99,17.63,100.0,2017-06-20 09:39:27,2017-07-27,2017-06-29 13:27:25,9,0,36
b0ee8cb0ccd868a2b5fd4b0f66bea08a,3b5595f4f91fa8f27d5d3a7ff2dd0831,PA,belem,-1.3305794145588172,-48.44138395726809,SP,-23.681296676530906,-46.61260506653087,2493.087443705552,1,1,28.0,19.04,300.0,2018-04-14 20:31:48,2018-05-21,2018-05-09 19:03:20,24,0,36
27b01bbc397d9282e115008e0d914f2c,b73808a9b8c9bab42e9f738c8f2b16ad,PA,belem,-1.3558068753822978,-48.46602787996992,SP,-23.71037572883606,-46.69372522654224,2493.0391362514056,1,1,29.9,26.09,850.0,2017-02-01 17:39:57,2017-03-22,2017-02-16 13:28:11,14,0,48
30d2a2368488274228f1d64c2ab3231e,ac57edb936ba767e31cdfd3d727932d6,PA,ananindeua,-1.3692616173618282,-48.40803133305517,SP,-23.717189479369523,-46.55358758458623,2492.996033101978,1,1,450.0,23.2,3350.0,2018-06-01 01:47:21,2018-07-19,2018-06-26 00:12:44,24,0,47
b5946695c1837e21323da65699b4e187,c5591b513c6105e3a30573e90938b384,PA,ananindeua,-1.3383317204210916,-48.40517111782293,SP,-23.68900946168367,-46.588955377806016,2492.9759356021277,1,1,44.89,20.4,783.0,2018-04-15 18:30:42,2018-05-22,2018-06-08 17:25:53,53,0,36
e776b74b3a3d027e47ecd39ea6a1d737,8a9e5e2eddfde9d630fed631e77effe7,PA,ananindeua,-1.352870982970248,-48.39185700220565,SP,-23.72288454509784,-46.85659934471119,2492.926148938001,1,1,69.99,19.18,350.0,2018-05-09 13:10:20,2018-06-12,2018-06-19 20:21:16,41,0,33
374bf858fdba6e44eed4fe7871a61dfe,c69b77c1f493621d22d5197faa4f21ca,PA,belem,-1.399689882965613,-48.4802832356454,SP,-23.75078457239132,-46.67886788439901,2492.893695921748,1,1,80.49,20.61,417.0,2018-04-07 13:32:16,2018-05-14,2018-05-01 00:48:40,23,0,36
08d9736edf0d305e722fce35c395b8f6,d83f6c677e1ab91b5c1b97fd4b63f43b,PA,belem,-1.3254677594756874,-48.44760860677624,SP,-23.6598992288005,-46.44217136817417,2492.861531746533,1,1,89.9,17.91,363.0,2017-08-15 12:10:27,2017-09-19,2017-08-29 22:22:46,14,0,34
f597f78ae625c3e106ebe17e6e0cdeff,73d3b4069b0e042ecda8c77884a5474a,PA,belem,-1.2965393083559276,-48.481815575596045,SP,-23.652442526788203,-46.75549168747648,2492.815779230801,1,1,55.0,17.67,350.0,2017-11-16 00:03:35,2017-12-15,2017-12-06 17:07:42,20,0,28
e1a8489fda3f7a66e003134d7b4e6a59,ca691979fbbfdef74e179bf46526cf9c,PA,braganca,-1.058127716055135,-46.7672559623839,SP,-23.473052978908186,-46.60034358604072,2492.490988803017,1,1,42.99,25.63,200.0,2017-06-06 10:36:52,2017-07-11,2017-06-22 15:19:46,16,0,34
c78b7d2ec9206abfd9d1853a97deaa07,9f32bc5bf706650e3d9b5b10a200945f,PA,santa isabel do para,-1.2998814205764289,-48.16014012499999,SP,-23.65869024839867,-46.52249513292757,2492.4427069184558,1,1,19.99,24.84,100.0,2017-04-22 22:48:28,2017-05-30,2017-05-03 12:32:50,10,0,37
843c4657d0e36a64ee5819729168339d,ed0d1253fed97fe35c2ac3c747e76147,PA,castanhal,-1.290480535385357,-47.93972163838792,SP,-23.67008162864273,-46.66049702840489,2492.31391521234,1,1,146.99,33.48,2425.0,2017-11-03 21:08:04,2017-12-11,2017-11-27 23:53:01,24,0,37
0ec7299d65db721d9a6b5c95c2ff494a,51ff0c33aa4696c23727652d9868dfc5,PA,belem,-1.3305794145588172,-48.44138395726809,SP,-23.663992368861425,-46.5384039775232,2491.815386281008,1,1,49.8,19.04,400.0,2018-05-11 16:51:46,2018-06-07,2018-06-08 22:03:02,28,0,26
a1ecf6ff2702a73805ca6ffa3771ab05,8af31be19cce9c206cf14041082401d9,PA,belem,-1.305752648883505,-48.47019886164806,SP,-23.652442526788203,-46.75549168747648,2491.700824055102,1,1,55.0,24.39,250.0,2017-03-27 13:55:05,2017-05-03,2017-04-05 12:23:08,8,0,36
0583457e98d0d734222af5237cd8fa94,ebac8d83849c9bd3204e23675e26a5e5,PA,belem,-1.305752648883505,-48.47019886164806,SP,-23.652442526788203,-46.75549168747648,2491.700824055102,1,1,49.0,19.04,250.0,2018-04-10 15:25:53,2018-05-11,2018-04-17 18:56:42,7,0,30
46c0b3ab3b1d05b0f8af19f0100a33c4,6a8f01843537891ff93700664ca11c7b,PA,castanhal,-1.29937627146222,-47.940607615063925,SP,-23.66148702746846,-46.56416174311855,2490.974134920216,1,1,330.0,39.22,400.0,2018-08-18 18:37:12,2018-09-19,2018-08-28 19:30:41,10,0,31
56a4b8bc220c0a92f54ecb2e2ba0029e,9e0343bea00991ed1a866327ae1998ea,PA,mojui dos campos,-2.681821177397352,-54.641590541463295,SP,-23.65869024839867,-46.52249513292757,2490.630362790901,1,1,84.99,27.13,550.0,2018-01-09 23:11:54,2018-02-23,2018-01-31 19:13:15,21,0,44
0ef8647af5bc37a0a511a194ae927e09,fed5b2be11a3c585de69796e97435b53,PA,braganca,-1.058127716055135,-46.7672559623839,SP,-23.45571229502572,-46.74349258148175,2490.499093312378,1,1,88.6,29.02,2600.0,2017-06-07 09:59:22,2017-07-12,2017-06-28 13:43:59,21,0,34
48dcae389be2ddd6ad3ba930055ebe4f,51ca168d7521026309599e5567efe070,PA,belem,-1.4304219467078465,-48.44961712406944,SP,-23.75078457239132,-46.67886788439901,2489.230862951047,1,1,40.49,17.63,200.0,2017-10-06 10:50:26,2017-11-10,2017-10-24 20:07:52,18,0,34
c15337f7b22d68e4ea7e1c0a483041f7,1cf7b72c52c53a47f871764a9b092860,PA,ananindeua,-1.3472829402922597,-48.39942593160029,SP,-23.65869024839867,-46.52249513292757,2489.146957039971,1,1,56.99,24.89,400.0,2017-04-23 00:32:25,2017-05-26,2017-05-15 16:46:57,22,0,32
c4e337a93ed5684e96de89aec8e02625,4f86c0e6b849509ccd3f8314c3c6bdf7,PA,ananindeua,-1.3692616173618282,-48.40803133305517,SP,-23.69050632209016,-46.67948403830283,2488.987827760595,1,1,19.9,17.63,250.0,2017-08-12 22:26:29,2017-09-18,2017-08-21 19:20:04,8,0,36
c3b39606c48fa29506dbe170a4f54562,7ca97a8f748763692686642e9b617ff7,PA,ananindeua,-1.3692616173618282,-48.40803133305517,SP,-23.69050632209016,-46.67948403830283,2488.987827760595,1,1,159.9,21.39,725.0,2018-08-14 18:08:59,2018-09-03,2018-08-28 23:34:41,14,0,19
08ec1f862c4cca80515d39b2787601f4,107a43f9c1860b4116fbf0519f888c3c,PA,castanhal,-1.29937627146222,-47.940607615063925,SP,-23.652442526788203,-46.75549168747648,2488.827062183079,1,1,29.0,25.63,250.0,2017-11-05 01:06:20,2017-12-12,2017-11-30 19:44:35,25,0,36
f6bf3b24291e3adaf0840193cedbf844,6f299b8ed3366569b07fdff803f6f691,PA,belem,-1.379962477927227,-48.44989717037183,SP,-23.68900946168367,-46.588955377806016,2488.743905485738,1,1,199.89,23.46,2134.0,2018-04-17 16:36:25,2018-05-18,2018-05-25 16:26:45,37,0,30
dec16dbd1d355316783dfd6844e61a2f,aeb3f13efa29908738bd76e97ded252c,PA,ananindeua,-1.3782860858117,-48.37442732161299,PR,-23.553891310373,-51.46333120412408,2488.1921356319967,1,1,169.99,68.33,1450.0,2018-06-15 23:14:19,2018-07-31,2018-07-07 15:51:05,21,0,45
d6ba22d8529806979d963f00e0698039,0d8c2b410b5954297eb4323ad13db551,PA,ananindeua,-1.359557305472045,-48.40294922075292,SP,-23.67008162864273,-46.66049702840489,2487.912702805022,1,1,194.99,25.81,2050.0,2017-10-06 19:51:19,2017-11-10,2017-11-10 22:57:50,35,0,34
84b178ef93e0b367f901d4263bee2a3a,8bd6f9ecf9c13775a1f0079510aad4fa,PA,belem,-1.4537426852674302,-48.4881708871833,SP,-23.737994885999967,-46.442775024999946,2487.673278977662,1,1,109.7,19.68,400.0,2018-07-31 11:12:17,2018-08-22,2018-08-09 18:34:33,9,0,21
576b3b33dc81c4368f8256613418a197,74d42649584dc3dca22a3f1f27232c53,PA,belem,-1.379962477927227,-48.44989717037183,SP,-23.673745717019944,-46.538310096716536,2487.498797264847,1,1,49.9,19.04,550.0,2018-05-26 12:04:00,2018-07-19,2018-06-22 19:32:01,27,0,53
1d92d2ce1ae2e0510b5ce50c5be578c6,f4cfdc08099c49123ea4fb6f32bb603b,PA,ananindeua,-1.36348899786207,-48.37545212840183,SP,-23.65869024839867,-46.52249513292757,2487.1417845483534,1,1,84.99,25.04,900.0,2017-11-30 23:22:00,2018-01-08,2017-12-21 21:23:50,20,0,38
38aa97b92f4bf145ebb05ef8fac968ce,4e989a498f4bbc6d8ebea20b82dcd07e,PA,belem,-1.428168145680862,-48.467978469761576,SP,-23.71627032001268,-46.53725160684408,2487.037811018547,1,1,39.99,19.19,150.0,2018-06-26 09:51:24,2018-07-27,2018-07-05 19:32:15,9,0,30
4ed918415e66ffe7823d3e8de95e0f71,a665a1314241703415ff8050078a480b,PA,belem,-1.4002461618096758,-48.44022998211082,SP,-23.68709504954123,-46.51769647631296,2486.827271325243,1,1,93.99,21.06,1255.0,2017-12-29 21:12:22,2018-02-06,2018-01-19 18:22:48,20,0,38
d9fc4886cbdda945f7974e3857807bff,48dc172fdec2d72357655991793aa15e,PA,ananindeua,-1.3472829402922597,-48.39942593160029,SP,-23.652442526788203,-46.75549168747648,2486.539801523883,1,1,29.7,17.63,500.0,2017-05-19 19:43:43,2017-06-23,2017-06-02 13:53:40,13,0,34
9bad44921c98e1f220a667504bcffb9e,c5de7db594b246f428940ced283125bd,AC,rio branco,-9.958477545576638,-67.828796737997,MG,-19.60437246547611,-46.9261106671303,2486.533826981486,1,1,399.0,49.3,7200.0,2017-03-05 14:28:33,2017-04-06,2017-03-27 14:28:53,22,0,31
f18f5dcedf8a6caf530bf0cad9937b4f,d48b4e169e5bbf1d2a8a8e74bf4c1f87,PA,benevides,-1.360109219877263,-48.2486033064625,SP,-23.65869024839867,-46.52249513292757,2486.4565011524096,1,1,58.99,20.81,200.0,2018-02-26 15:18:18,2018-04-05,2018-03-19 20:46:42,21,0,37
a28f923e467a199f1c999037c871c9b1,a280ca247884f51fa75900e6cd4b17a3,RO,porto velho,-8.746094662607277,-63.84689845216302,SP,-23.68591165811716,-46.45659004005863,2486.093890067276,1,1,44.99,22.67,500.0,2017-11-28 01:18:59,2018-01-05,2017-12-16 14:31:00,18,0,37
0627a80d6b5c65e9b212271f845e34da,d94f717fa5e77c3d7b16ee7cccdfe45e,PA,castanhal,-1.295270747671003,-47.92742500328391,PR,-23.39024472026485,-51.44794255178546,2486.014082837769,1,1,33.8,42.38,200.0,2017-10-30 22:57:51,2017-12-08,2017-12-15 02:55:01,45,0,38
d1ec7466f63d4130fa5536cc1cc69229,a7dac20486c0e91d1e34ae9f1c92cde8,PA,ananindeua,-1.3782860858117,-48.37442732161299,SP,-23.65869024839867,-46.52249513292757,2485.492547966292,1,1,89.99,19.17,250.0,2017-11-23 16:22:58,2017-12-28,2017-12-14 19:08:57,21,0,34
759ef6eef7b8279539f81a2663c2f500,dbdc5f4edc37f3f149e239e4a3880a97,PA,belem,-1.4042792828206936,-48.45004791348576,SP,-23.69050632209016,-46.67948403830283,2485.447700045157,1,1,84.9,19.5,500.0,2018-06-22 08:59:23,2018-08-01,2018-07-14 16:12:19,22,0,39
db207002d58fe7f53935e30c37bbe862,400d5d5faea0c6f2ed476d635680373e,PA,belem,-1.4042792828206936,-48.45004791348576,SP,-23.69066643075192,-46.70391215514457,2485.264805809856,1,1,390.0,29.39,2100.0,2018-08-01 21:27:39,2018-08-29,2018-08-09 16:08:29,7,0,27
41d12841c459809ff4d25ee0c8313de2,c542f5de0865b9e0e437c70dea50727c,PA,ananindeua,-1.359557305472045,-48.40294922075292,SP,-23.652442526788203,-46.75549168747648,2485.2053106346084,1,1,29.0,19.04,200.0,2018-03-30 15:17:21,2018-04-30,2018-04-20 23:51:54,21,0,30
53e1b8f33e706e740dc7fb9005d242a0,83363e2b97e2a94fef272c583596704b,RO,porto velho,-8.736170472807165,-63.8785628959824,SP,-23.71627032001268,-46.53725160684408,2485.122261787498,1,1,22.49,22.85,300.0,2018-06-10 18:02:30,2018-07-19,2018-06-28 21:28:45,18,0,38
24d96d6845bf5f0eb587c745f06b871b,12cda441a80c2b74b985dc0c412c26d4,PA,ananindeua,-1.3607272834138184,-48.39092888914455,SP,-23.652442526788203,-46.75549168747648,2484.9833207391603,1,1,49.0,17.63,250.0,2017-09-19 13:36:00,2017-10-18,2017-10-11 19:32:42,22,0,28
b6d51ca2b26deb9b9bc37e6b3ea34244,96f63dc8d7bbb192d25213b41a5b2b08,PA,ananindeua,-1.36348899786207,-48.37545212840183,SP,-23.64855809755326,-46.66211575714125,2484.855920925432,1,1,65.9,26.72,650.0,2017-02-13 23:24:18,2017-03-24,2017-03-01 10:13:52,15,0,38
25cb912c6742e486c6988aaf2c8f221b,ee3462376b2201e5a972bcf476c08479,PA,belem,-1.3966454480720782,-48.48741902563791,SP,-23.65869024839867,-46.52249513292757,2484.4653000179096,1,2,113.98,35.36,500.0,2018-02-18 07:40:25,2018-03-26,2018-03-23 17:16:56,33,0,35
8119174bd1dd63d869875de9844752a8,3a5cad64482bcecb235e7542db8448f1,PA,belem,-1.3749308605339845,-48.461891447746005,SP,-23.652442526788203,-46.75549168747648,2483.962092546275,1,1,39.0,17.63,200.0,2017-10-27 17:57:33,2017-11-29,2017-11-29 17:09:24,32,0,32
481fc532b3f80d9dea57e91dbbcf7119,26fa92624a59797dda22be2e952140ee,PA,belem,-1.444996720209064,-48.48452464695026,SP,-23.70171457660069,-46.51267210796927,2483.935588277724,1,1,94.0,29.14,3300.0,2018-08-09 11:48:38,2018-09-04,2018-08-21 02:22:14,11,0,25
b6830fb4fc4fc7ef2c897fe89e621f3b,efd274c2baeddc84242184d09c8e6a07,PA,marituba,-1.3667488537613912,-48.33865765202612,SP,-23.652442526788203,-46.75549168747648,2483.92208521083,1,1,44.0,17.63,250.0,2017-12-06 15:39:55,2018-01-16,2017-12-26 17:47:05,20,0,40
e3143ad1af7d0f2878a66a1cd565e4a2,b0f994938a75bb0c6a523fee2e7c5746,PA,marituba,-1.3667488537613912,-48.33865765202612,SP,-23.652442526788203,-46.75549168747648,2483.92208521083,1,1,29.0,19.04,250.0,2018-03-07 13:34:46,2018-04-10,2018-03-29 19:33:01,22,0,33
c1f9d94c449d29a907aaf5963c2fc4f1,f4b8696f625adaeef763cc9cd712c921,PA,belem,-1.4371287096488243,-48.48804837806534,SP,-23.68591165811716,-46.45659004005863,2483.6151967401684,1,1,39.99,20.4,500.0,2018-05-08 16:59:38,2018-06-05,2018-05-21 22:06:31,13,0,27
d53709cd2507666542fcf8f6120b99f0,cb14befe7de8c963c81f4a6fc8fae5e0,PA,santa maria do para,-1.347212062466243,-47.57414276696964,SP,-23.65869024839867,-46.52249513292757,2483.5103496590928,1,1,19.99,24.84,100.0,2017-02-08 23:17:10,2017-03-24,2017-03-02 07:23:39,21,0,43
4214cda550ece8ee66441f459dc33a8c,be4ecdb7c9401fd98ed01456634cfcb2,PA,pacaja,-3.83403952496045,-50.63720488520979,PR,-26.04712240654954,-53.05466810926139,2483.3921938042936,1,1,132.68,37.89,3045.0,2017-03-21 17:39:19,2017-04-25,2017-03-30 15:05:20,8,0,34
133d08a542c28f4400480b9483517c32,81341fe38e3655b59db49c85c8d23d5b,PA,belem,-1.2975210000000033,-48.47028615999202,SP,-23.552032416180964,-46.53746144532288,2483.345499963928,1,1,62.99,22.72,1250.0,2018-07-21 22:54:08,2018-08-16,2018-08-07 14:45:31,16,0,25
8e238195658d4539944106a75adb0d60,2cb5c5492e971898f891f51efdf57042,PA,santa barbara do para,-1.2305180682644596,-48.29370779522394,SP,-23.48488009615481,-46.36654993289185,2483.282420137335,1,1,179.96,65.49,12275.0,2017-04-23 20:30:30,2017-06-08,2017-05-15 15:08:41,21,0,45
c0b6014ad171bec4bcab3532b8b79e2d,3dcf34bd872a344edc8884f373459a4c,PA,belem,-1.424274947256112,-48.473887637919226,SP,-23.69066643075192,-46.70391215514457,2483.24332576073,1,1,210.0,52.69,9450.0,2018-01-28 13:52:09,2018-03-06,2018-02-20 23:48:30,23,0,36
3315a8038d5ead17040d6658a1377c7f,fbb26f2f32dc98bef32f0bcbbe89800c,RO,porto velho,-8.743945699931716,-63.89648266653547,SP,-23.65869024839867,-46.52249513292757,2483.0622496655974,1,1,23.99,22.89,100.0,2018-07-13 12:19:32,2018-08-14,2018-07-30 14:48:49,17,0,31
196a79cd1b9ff7ad77dfaa9d4c46d04c,7fef0997cc98db48b91fdcb9841e909c,PA,belem,-1.4042792828206936,-48.45004791348576,SP,-23.66897161033521,-46.70251155358061,2482.871652641244,1,1,369.95,22.99,1100.0,2018-02-05 10:36:40,2018-03-13,2018-03-06 21:38:42,29,0,35
7611315a76580a81e6f86cd62f4ad994,012b69962ffef2be728865fe6a90359c,PA,belem,-1.4042792828206936,-48.45004791348576,SP,-23.66897161033521,-46.70251155358061,2482.871652641244,1,1,369.95,22.99,1100.0,2018-02-05 10:10:23,2018-03-13,2018-03-06 20:18:50,29,0,35
cfe7f525524a8cd367ada41bddf72f11,cd799fe9c246bf43b019cca3406afca9,PA,belem,-1.3415795569999318,-48.442214999999976,SP,-23.595227193173283,-46.56076636913555,2482.788318942172,1,1,196.8,28.04,2125.0,2018-07-16 17:36:32,2018-08-15,2018-07-25 17:44:53,9,0,29
16f4c47c722704ef26d0f086cb75d213,b0611a1d4bd46ccceae275caf19d304c,PA,belem,-1.4280537705001086,-48.46444616013624,SP,-23.69066643075192,-46.70391215514457,2482.746378341684,1,2,139.8,49.88,5200.0,2018-01-05 22:38:43,2018-02-14,2018-01-27 17:56:48,21,0,39
dfbf71de5b6a2870e87371cdadeb828a,6db6743bb811ce44727fe1176ae8f64d,PA,belem,-1.3346684976054082,-48.47478039263629,SP,-23.5869802640594,-46.61564731057762,2482.4454697487786,1,1,24.99,19.04,250.0,2018-05-30 00:26:40,2018-07-18,2018-06-30 17:35:34,31,0,48
224a57164e7d58e7d551cdc70d6d902d,29ee61d7bce36b9cf564afc6bede150f,PA,marituba,-1.3667488537613912,-48.33865765202612,SP,-23.62299459910628,-46.53766812565611,2482.3814127286983,1,1,29.9,20.75,650.0,2017-12-15 13:07:21,2018-01-26,2018-01-19 14:07:49,35,0,41
b17db006a1076de65b757bf690c24d16,bc234186a35ceb9253c70df723a54219,PA,belem,-1.4304219467078465,-48.44961712406944,SP,-23.69066643075192,-46.70391215514457,2482.3622019733943,1,1,29.0,19.11,500.0,2018-07-16 17:16:35,2018-08-09,2018-07-27 18:36:45,11,0,23
e2493d49c7ac426207fb7575814ebbd4,660e0dca520294ab5ff435d0298627f9,PA,belem,-1.3749308605339845,-48.461891447746005,SP,-23.625852663887155,-46.61139748251486,2482.213883816835,1,1,27.99,17.63,300.0,2017-12-04 17:16:55,2018-01-09,2017-12-21 21:17:08,17,0,35
c93fec125b9d71dea70c1fd543683ef3,abd5239bc1c0c611f80ef3c3d2e6ae9d,RO,costa marques,-12.434282677826095,-64.22742616074173,RJ,-22.870342477927228,-43.47241109832717,2482.05730321339,1,1,105.0,53.09,1000.0,2018-07-24 23:07:46,2018-08-29,2018-08-20 13:08:51,26,0,35
691ae3791090baa73a918bece7c1d443,50f4ec7d46a714a53d430d880a9636f5,PA,belem,-1.379962477927227,-48.44989717037183,SP,-23.63632147654225,-46.694586027208665,2482.01313501007,1,1,127.99,18.18,300.0,2017-08-01 13:13:42,2017-09-04,2017-08-09 19:54:39,8,0,33
96df7a5f865a5f48c7637407b4f55be6,6a26e32a65e1655aaa042050e407e825,PA,belem,-1.438117507213356,-48.46256080593268,SP,-23.69050632209016,-46.67948403830283,2481.7994991419587,1,1,69.9,19.18,450.0,2018-05-25 10:42:57,2018-07-13,2018-06-13 19:32:19,19,0,48
33d2c0186ded7aca630c76c5c9aff5c3,73ea21eca3b58ea2cd51a2b9b0de4ef9,PA,ananindeua,-1.3488461957285132,-48.42074650415709,SP,-23.595227193173283,-46.56076636913555,2481.7948591961995,1,1,276.0,19.21,2125.0,2017-08-30 15:46:25,2017-09-29,2017-09-13 22:37:05,14,0,29
e9d9941f914d3f702a186f0176ae231f,10c91c2f8ca8aa4c02286033c86da784,PA,belem,-1.3954044970858062,-48.46828552510252,SP,-23.652442526788203,-46.75549168747648,2481.7425510124403,1,1,49.0,19.04,250.0,2018-03-11 19:26:45,2018-04-10,2018-04-24 22:43:37,44,0,29
a48183f8e066f2c15072a58ff763cccb,0f8de29544ff9f26453be9d5b3f730fa,PA,belem,-1.4364370877284982,-48.45454573829979,SP,-23.69066643075192,-46.70391215514457,2481.735457569086,1,1,39.99,17.63,317.0,2017-12-03 23:21:05,2018-01-09,2017-12-20 23:52:51,17,0,36
73f48668570ed56f695a820d9fad1642,ea0bd9cdf7439fda31f46c19f009fa10,PA,belem,-1.4364370877284982,-48.45454573829979,SP,-23.69066643075192,-46.70391215514457,2481.735457569086,1,1,69.9,25.04,2600.0,2018-04-10 10:40:01,2018-05-15,2018-05-10 21:34:43,30,0,34
e1b0785b334a4a0b4229eb5aa137fcf7,5fd33934ba472fec76798db3d0856e15,PA,ananindeua,-1.3897412444852957,-48.38307505449787,SP,-23.652442526788203,-46.75549168747648,2481.704803252164,1,2,58.0,35.26,400.0,2017-08-16 16:37:51,2017-09-20,2017-08-28 20:53:52,12,0,34
41272756ecddd9a9ed0180413cc22fb6,914991f0c02ef0843c0e7010c819d642,PA,belem,-1.3077635083242125,-48.48288393904238,SP,-23.54241282514857,-46.49070640341336,2481.6904667572994,1,1,25.99,17.63,150.0,2017-10-12 20:29:41,2017-11-13,2017-11-01 21:23:05,20,0,31
0b13a698a0b7a62e8ec891081558b7aa,c9889c41f5b9cb77189f1af324eb1fe6,RO,mutum parana,-9.295210662863695,-64.54620566428042,SP,-23.64855809755326,-46.66211575714125,2481.420631914894,1,1,39.9,22.67,800.0,2017-12-22 22:03:05,2018-02-02,2018-01-17 18:48:25,25,0,41
5a91aca4cab56a1119249a6ab5d41318,e1c828a8bb2e4d96ea7ab8542865f103,PA,belem,-1.4549937799064998,-48.47203605785113,SP,-23.69177231154794,-46.54454980744708,2481.322191495826,1,1,144.9,27.67,2750.0,2018-06-14 19:28:13,2018-07-19,2018-06-28 15:34:52,13,0,34
0838c36e9894cf5d929f58210d5b5bb0,365adfcd960eaab19ba5e79e34d30b03,PA,belem,-1.2975210000000033,-48.47028615999202,SP,-23.5534512513272,-46.80868874516693,2481.220618463172,1,1,79.9,25.01,1150.0,2017-06-13 11:22:36,2017-07-18,2017-06-27 13:34:31,14,0,34
2ba9cedfe4113e91c29c82f4be24687d,7050e4e1b338bf7e54a532ff0f6710a4,PA,ananindeua,-1.3694336117911656,-48.39723369515284,SP,-23.6195253805182,-46.66576230763491,2481.124574520049,1,1,65.0,19.37,50.0,2018-07-08 18:12:48,2018-08-06,2018-08-01 15:04:49,23,0,28
da5ab50c359023c436f7965980c2470a,6adf590fdc1f4f88daaecf7138410e19,RO,porto velho,-8.765998858024522,-63.89314474007578,SP,-23.65869024839867,-46.52249513292757,2481.096491403125,1,1,84.99,22.91,600.0,2017-12-12 14:12:20,2018-01-23,2017-12-28 19:55:16,16,0,41
09357f9fdde223052006f3bae0367a29,bb61dd665fdad27f2cd99dbc0d3f34f0,PA,belem,-1.2965393083559276,-48.481815575596045,SP,-23.537493461278807,-46.63974517262972,2481.041734753485,1,1,13.2,19.04,200.0,2018-04-28 20:03:25,2018-06-04,2018-05-24 13:12:41,25,0,36
42d99f88e122c545af5b33aff4bec141,553aadd42b8ea44fb45880816dc859d8,PA,belem,-1.4293625810490702,-48.48511736671568,SP,-23.67008162864273,-46.66049702840489,2480.8574894469984,1,1,169.99,29.24,2425.0,2018-03-28 15:13:30,2018-04-26,2018-04-12 16:02:47,15,0,28
dac3cf54f4d52017ab99420c95845083,a1d77a9088348b107655d10e8fc7f020,PA,belem,-1.2965393083559276,-48.481815575596045,SP,-23.52551477827242,-46.513893895826776,2480.8380411540024,1,1,119.99,20.0,800.0,2017-01-30 19:43:17,2017-03-21,2017-02-09 11:08:58,9,0,49
25002fcfee05773be1d9bfe045b95fec,8d1d9151c6eb5fb90b19d52e8b337e2f,AC,rio branco,-9.958477545576638,-67.828796737997,SP,-20.537686764158725,-47.432176672899125,2480.2442560777336,1,1,220.7,68.69,1850.0,2018-08-21 16:31:46,2018-09-24,2018-08-28 20:50:58,7,0,33
275116adf4704cb53a1108b906bd2434,5a2e16b4fd69014e83f7fc6de7e5cc20,PA,belem,-1.4371287096488243,-48.48804837806534,SP,-23.65869024839867,-46.52249513292757,2479.9849711547936,1,1,84.99,20.64,600.0,2018-06-11 10:55:45,2018-07-16,2018-06-25 21:21:45,14,0,34
f3a3becaf45a4f7799cd93b1fdeea2c7,f85c1412c63126bbfaa30cac5590c0aa,PA,belem,-1.4350490220441132,-48.4687608538578,SP,-23.66148702746846,-46.56416174311855,2479.973007716399,1,1,330.0,21.22,400.0,2018-08-06 13:20:42,2018-08-24,2018-08-20 21:41:34,14,0,17
ecd8ba33ab5ecfaf1e454c1ff3889b27,fa77b18f726edd2bfde260da2cc2dbba,PA,belem,-1.4150699999999945,-48.47545681482746,SP,-23.64855809755326,-46.66211575714125,2479.9611146407847,1,1,49.9,17.63,500.0,2017-08-05 11:54:07,2017-09-13,2017-08-21 21:25:54,16,0,38
3bb5b510c269261066a258389a2e00d7,df356d484fd5d357a5db8a7cf0da84f5,PA,belem,-1.4371287096488243,-48.48804837806534,SP,-23.66148702746846,-46.56416174311855,2479.91536046598,1,1,330.0,21.22,400.0,2018-08-02 12:05:27,2018-08-23,2018-08-10 22:26:23,8,0,20
773dbd4b995047ec62ab094f9aa257dd,d4a3674bf4aab598bbbb403358c656b8,PA,belem,-1.3077635083242125,-48.48288393904238,SP,-23.537493461278807,-46.63974517262972,2479.8066541250478,1,1,13.3,17.63,175.0,2018-02-14 21:37:54,2018-03-19,2018-03-14 20:17:23,27,0,32
07680abcc9878ad415215bf0945baf7a,9fd29314a799da1d88ba45fc957b84cf,PA,belem,-1.4364370877284982,-48.45454573829979,SP,-23.65869024839867,-46.52249513292757,2479.755939479487,1,1,56.99,17.68,400.0,2017-06-12 15:06:54,2017-07-18,2017-06-28 14:57:55,15,0,35
8054d343a41978d8c122045b28eb5e00,10a59de74df59fc077830fdd95db4a56,PA,belem,-1.4364370877284982,-48.45454573829979,SP,-23.65869024839867,-46.52249513292757,2479.755939479487,1,1,44.99,19.23,200.0,2018-07-31 15:54:10,2018-08-24,2018-08-07 18:40:56,7,0,23
a8a6ba331df6f7b1106abbc30489c428,a2a44c984bec2185bc06c123ec57454f,PA,belem,-1.4564705087998835,-48.47931988606284,SP,-23.69066643075192,-46.70391215514457,2479.718365619556,1,1,69.9,25.04,2600.0,2018-04-01 18:33:04,2018-04-30,2018-05-04 23:13:48,33,0,28
be72c04d946d396d2383f4fd49a4f19f,8014a34d9ec8a6f03af220e2bbdc522d,PA,belem,-1.4364370877284982,-48.45454573829979,SP,-23.66148702746846,-46.56416174311855,2479.692871709992,1,1,330.0,21.22,400.0,2018-08-13 10:16:55,2018-08-31,2018-08-28 18:08:22,15,0,17
bdc82a7dd7a5afa642e590e280475da0,33dc04a1e7c748a2722c3f87f5b23416,PA,belem,-1.438117507213356,-48.46256080593268,SP,-23.66148702746846,-46.56416174311855,2479.5777064791287,1,1,330.0,21.22,400.0,2018-07-28 13:27:34,2018-08-20,2018-08-09 18:27:50,12,0,22
9a87b7f9b871b4725233e41e08811caa,560c13ab2e56044eec5b75a29e759272,RO,guajara-mirim,-10.78071026459307,-65.32923213534946,SP,-23.302661247830148,-45.97283979175633,2479.5529201588447,1,1,69.0,24.97,283.0,2017-04-25 16:36:37,2017-06-02,2017-05-11 16:54:35,16,0,37
feb4e69949791cedc24d210212eb73ce,99a24036cf2d3673ae33a0c9399d4834,PA,belem,-1.3305794145588172,-48.44138395726809,SP,-23.552032416180964,-46.53746144532288,2479.421935636962,1,1,229.99,22.01,2800.0,2017-08-23 18:31:06,2017-09-27,2017-09-06 22:23:52,14,0,34
37e3f45ce799c1dcf6c173ed83e1cf7a,09ee0d14edaef21ad79e2b2f4b348b84,PA,ananindeua,-1.3692616173618282,-48.40803133305517,SP,-23.595227193173283,-46.56076636913555,2479.421324990584,1,1,120.0,52.06,9550.0,2018-02-25 13:57:23,2018-03-28,2018-03-23 20:55:34,26,0,30
2640b5421e2a450c8276a27da5ea7d2f,f8b6903b805687276fb7542e9416a3ba,PA,ananindeua,-1.3472829402922597,-48.39942593160029,SP,-23.585994911737565,-46.73472062372479,2479.333265994312,1,1,389.0,21.26,200.0,2017-08-27 20:47:17,2017-09-26,2017-09-12 17:55:45,15,0,29
12479ce4b03d722018ec07e6471083c3,ae5ff20a1d69718fe7d1386408013ee3,PA,belem,-1.4537426852674302,-48.4881708871833,SP,-23.68238004482371,-46.70868636150384,2479.136437744891,1,2,390.0,20.0,1000.0,2017-07-16 06:48:51,2017-09-04,2017-07-31 19:54:14,15,0,49
93670a5c977fd8e687b42178388d9ce7,39dea79a06151bc11ae1cbad542257fa,PA,belem,-1.399689882965613,-48.4802832356454,SP,-23.6203394454671,-46.59886224271452,2479.1287206718057,1,1,17.0,19.04,161.0,2018-08-17 14:33:23,2018-09-14,2018-08-28 18:15:50,11,0,27
14a2ad28d59053cc7bf0e2b40660294f,b4f3c061fef15631681969b9aaacfffd,PA,belem,-1.444996720209064,-48.48452464695026,SP,-23.65869024839867,-46.52249513292757,2479.080685046022,1,1,19.99,17.63,100.0,2017-07-07 12:05:48,2017-08-15,2017-07-17 20:23:28,10,0,38
e0fd296b15be54dfdffe8accfcd8620e,48fa9cb2371de8de60287de50f79c74e,PA,santa isabel do para,-1.2998814205764289,-48.16014012499999,SP,-23.50884795522316,-46.15160477799565,2479.000689455223,1,2,202.9,42.22,2000.0,2017-07-13 07:04:49,2017-08-16,2017-07-26 00:05:53,12,0,33
70a4b21bf18001a99d94bf894697b8c1,ef5c01ebdd912188ba1f81f4a6b9a902,RO,porto velho,-8.753266768130358,-63.90610729536063,MG,-19.923338955306185,-43.9480192209302,2478.9512648797736,1,2,174.0,55.78,450.0,2018-08-03 12:30:36,2018-08-24,2018-08-20 20:52:57,17,0,20
75434d9f9fce6b4c6cd9f4736db6fa16,0dcd9c0288e566a80542ac0834dd7c42,PA,ananindeua,-1.3500748612737503,-48.38562663245958,SP,-23.585994911737565,-46.73472062372479,2478.916373598905,1,1,269.0,20.42,300.0,2017-08-04 19:31:30,2017-09-12,2017-08-23 14:34:11,18,0,38
15fdda39515f8ebe0bc8d067fa136a83,1f91e5b12976cbf0cc92a143dda96e0f,PA,belem,-1.4280537705001086,-48.46444616013624,SP,-23.638748764084585,-46.49231217591025,2478.8429675820407,2,3,161.9,87.67,3150.0,2018-06-05 18:15:38,2018-07-24,2018-06-19 23:29:49,14,0,48
9e6e27636992efb64ea41832caa1ecd2,294224ab77ae8aaa31754ec26833ad8e,RO,porto velho,-8.753266768130358,-63.90610729536063,SP,-23.556657205788905,-46.48867468378657,2478.6672840703345,1,1,168.1,37.55,4650.0,2018-04-30 16:52:39,2018-06-01,2018-05-21 17:28:51,21,0,31
7f9cfd88530c3c6d0ce6084b27ef46ff,9b678f5f6f471e1282c0524ebbefa782,PA,belem,-1.444996720209064,-48.48452464695026,SP,-23.66897161033521,-46.70251155358061,2478.641348618278,2,2,1267.2,74.06,20550.0,2018-08-13 23:03:46,2018-09-18,2018-08-22 21:51:25,8,0,35
bde8c7ae87400615f77bc90cfe254f38,d7b72444b3db886d81d0baedba5e3300,PA,belem,-1.4562147327025412,-48.45270671133473,SP,-23.68238004482371,-46.70868636150384,2478.5697311691124,1,1,155.0,19.63,500.0,2017-12-10 11:01:24,2018-01-16,2018-01-03 13:39:10,24,0,36
47ea87f2edc83b2d8da91f354ed05d63,f2861e3de3138b106780d63e73262b89,PA,belem,-1.3749308605339845,-48.461891447746005,SP,-23.582441147931224,-46.50717982944775,2478.3338638873256,1,1,550.0,188.65,30000.0,2017-02-13 16:25:07,2017-04-04,2017-03-13 15:05:18,27,0,49
077a6d2bd20a77531ca2dcf84f5c5d0e,5c3cb5ad39b8fee43aa5c64898cb49b3,RO,porto velho,-8.724112910851458,-63.87637371278655,MG,-19.91558677880999,-43.93935572078599,2478.3287865437446,1,1,29.9,27.49,250.0,2018-06-12 00:17:26,2018-07-19,2018-07-11 19:52:37,29,0,36
42cf52638c4c3e8d85390b79d1bf7998,fe11aa1e04561d1a152e302449bc045d,PA,belem,-1.3254677594756874,-48.44760860677624,SP,-23.535045041635392,-46.52052953531651,2478.3148442262595,1,1,175.0,29.71,3350.0,2018-07-24 07:23:58,2018-08-17,2018-08-01 18:59:03,8,0,23
84295d74f40adb034c954659df22fded,7c2df1f7ce2d2e1cac99169abaca6b31,PA,ananindeua,-1.3692616173618282,-48.40803133305517,SP,-23.59032952255033,-46.63175129640077,2478.275927531948,1,1,58.99,19.1,100.0,2018-06-06 11:10:35,2018-07-24,2018-06-25 17:05:39,19,0,47
db7f637a76e327e531bc84d186cc4f6a,ac334569be5669338a82dbf924288282,PA,belem,-1.450322481641738,-48.45993694028527,SP,-23.66148702746846,-46.56416174311855,2478.201604291634,1,1,330.0,14.7,400.0,2018-05-03 08:52:41,2018-06-04,2018-05-29 22:16:35,26,0,31
71fecd3061e596fd59e65e9d62886535,7ad00854738c8fc46b6bf4c6974cfc49,PA,vila dos cabanos,-1.51493676095094,-48.68840034785219,SP,-23.70171457660069,-46.51267210796927,2478.166183737417,1,1,93.0,47.09,2850.0,2018-05-08 14:17:52,2018-06-12,2018-05-22 19:08:28,14,0,34
4b6ef1d41ce53f5304987adf5842578e,48c044cb2a969ea6fad27f27a645851f,PA,belem,-1.428168145680862,-48.467978469761576,SP,-23.652442526788203,-46.75549168747648,2478.106428921187,1,1,56.0,17.67,300.0,2018-01-16 15:32:22,2018-02-20,2018-01-30 01:48:46,13,0,34
e4a4e438b4d2f4b43f3831c332beb438,c442790b98d80265e810032f3cad5308,PA,belem,-1.4280537705001086,-48.46444616013624,SP,-23.652442526788203,-46.75549168747648,2478.090800480068,1,1,49.0,19.25,250.0,2018-08-03 10:26:41,2018-08-31,2018-08-23 03:28:33,19,0,27
cb92b276a7de36c49df850016137384e,0dc7871245a2049358cfa65402287376,PA,ananindeua,-1.359557305472045,-48.40294922075292,SP,-23.585994911737565,-46.73472062372479,2477.999311576219,1,1,339.0,28.63,200.0,2017-04-10 12:56:29,2017-05-16,2017-04-26 13:24:19,16,0,35
8d07b1d889f9478843ef1881587a5bd2,1752f1f3bfa32411eee01caf092db06c,PA,ananindeua,-1.3488461957285132,-48.42074650415709,SP,-23.569882978500623,-46.71049857687159,2477.7339669640915,1,1,37.5,17.63,100.0,2018-02-18 14:07:08,2018-03-22,2018-03-19 21:39:47,29,0,31
1a102760523f4d9dfac2d4fab47dbeea,d8724f5c495f80e4e4cf56b8be67668d,PA,belem,-1.444996720209064,-48.48452464695026,PR,-23.45755697213253,-52.03958779913393,2477.509338978912,1,1,1380.0,101.03,8400.0,2017-03-17 18:38:06,2017-04-25,2017-04-17 10:43:55,30,0,38
beb200af87856babdcd5d936fa928d41,c9004dd2575225ba9a571106e0f575ae,PA,belem,-1.4608350968321056,-48.49793840862653,SP,-23.66148702746846,-46.56416174311855,2477.377402786238,1,1,330.0,19.53,400.0,2018-04-09 15:04:25,2018-05-14,2018-05-07 21:16:46,28,0,34
ad263bc9111c1e0cbb780c4b7c1009e6,990bde3076343bfd17ad481ad171ba5e,PA,belem,-1.4042792828206936,-48.45004791348576,PR,-23.42843316855792,-51.91774739994137,2477.3516771827904,1,1,16.9,42.38,150.0,2017-07-27 22:14:32,2017-08-30,2017-08-25 15:54:59,28,0,33
7477146d0d3adc1305846034436657ec,e4a55eed69fa7e98992be7fdc783a67d,PA,belem,-1.4350490220441132,-48.4687608538578,SP,-23.652442526788203,-46.75549168747648,2477.3495876900083,1,1,95.0,19.36,350.0,2018-03-25 18:29:20,2018-04-24,2018-04-24 20:08:41,30,0,29
c455e8ff84c22c9e3b3e1f5c8c8ef95c,19cb26eb0a9a6980367bc7952ee138ff,PA,belem,-1.4350490220441132,-48.4687608538578,SP,-23.652442526788203,-46.75549168747648,2477.3495876900083,1,1,49.0,17.63,200.0,2017-05-30 08:13:45,2017-07-04,2017-06-09 23:54:50,10,0,34
fa3bef56b181acc039313f37d131a068,a57281cbee552d26ef69b249c2eadbc0,PA,belem,-1.438117507213356,-48.46256080593268,SP,-23.64855809755326,-46.66211575714125,2477.29663103693,1,1,49.9,20.62,800.0,2018-07-31 13:46:00,2018-08-30,2018-08-15 01:06:41,14,0,29
42f0558cf0b5c9b1fa75df04ca0e901e,573e35a0db27b8a9cc744cd73c74f3d3,PA,belem,-1.4630158658030092,-48.48808887193567,SP,-23.65869024839867,-46.52249513292757,2477.1167144580936,1,1,84.99,19.13,550.0,2017-10-25 14:09:16,2017-11-29,2017-10-31 18:53:37,6,0,34
f046d54c32beae04f22c7f3232425f54,88a9bef2169cc0595576e122ff55c20d,PA,belem,-1.4364370877284982,-48.45454573829979,SP,-23.652442526788203,-46.75549168747648,2477.0819658071987,1,1,49.0,17.63,400.0,2017-11-07 16:09:29,2017-12-07,2017-11-25 15:54:45,17,0,29
41b5ca83bef6301acf0208d83596fade,a1d79dad5150f0021ad8bc433364aa4f,PA,belem,-1.444996720209064,-48.48452464695026,SP,-23.6360890320561,-46.47833511144606,2476.988569028272,1,1,44.99,20.4,925.0,2018-04-08 09:41:45,2018-05-09,2018-05-03 20:15:43,25,0,30
a39dde177899dc1b42c696690b2d7166,86b2c88f97d0b9b421b8bd62be63faae,PA,belem,-1.438117507213356,-48.46256080593268,SP,-23.652442526788203,-46.75549168747648,2476.959577637312,1,1,39.0,17.63,250.0,2018-01-02 22:59:30,2018-02-06,2018-01-19 01:22:10,16,0,34
053228d082dcc4c3730e511ecd4c9fa0,2c0bc44acb0f7e0523edb387e6bd1fdc,PA,ananindeua,-1.3500748612737503,-48.38562663245958,SP,-23.552032416180964,-46.53746144532288,2476.770447255686,1,1,85.99,22.88,1200.0,2018-07-31 11:38:33,2018-08-17,2018-08-20 14:08:46,20,0,16
2484292effef815afca81d5c348d769b,25b570ea7cf3fd1d72a66fdaaa7ca352,RO,porto velho,-8.802065344725001,-63.86504975308944,SP,-23.48488009615481,-46.36654993289185,2476.4218440778504,1,1,189.99,70.14,15200.0,2018-01-16 01:55:33,2018-04-05,2018-03-07 20:38:40,50,0,78
c2546b80d080e344c3698d9d75bd439f,3aaf1aed94e3b857dca44be88ad136c7,PA,belem,-1.4702139225576074,-48.49028477130817,SP,-23.65869024839867,-46.52249513292757,2476.3393275150893,1,1,49.99,19.04,250.0,2018-04-19 10:38:49,2018-05-29,2018-05-29 17:07:56,40,0,39
e7ae5aa5c6aee358cae7da910d48fe36,f612c18e7425b557b4137950a546bd13,PA,belem,-1.428168145680862,-48.467978469761576,SP,-23.62003247100232,-46.56402747612388,2476.1380572293706,1,1,26.9,17.63,114.0,2017-06-13 09:46:55,2017-07-18,2017-06-27 15:46:38,14,0,34
f7ef6a6afaeb05b9f32f440bf4ef732f,5aa439f5f53153b4ba0aca0c5a39fcf6,PA,belem,-1.4478332105285268,-48.49009678052688,SP,-23.652442526788203,-46.75549168747648,2476.1042416444525,1,3,156.99,52.95,750.0,2017-09-30 19:28:10,2017-11-06,2017-10-13 17:33:17,12,0,36
7af96e4998e17a87ca43a79b93e112c9,1c00c415c262d2dc99886b3b272bbd4f,PA,belem,-1.4564705087998835,-48.47931988606284,SP,-23.641877043568627,-46.50196149610485,2476.08890465634,1,1,62.8,24.93,175.0,2017-04-07 19:18:25,2017-05-15,2017-04-20 12:45:43,12,0,37
d62c14881563a74903e7d10f685406aa,67588b81dcadc1a20b20aac2ca3ed209,PA,belem,-1.4564705087998835,-48.47931988606284,SP,-23.641877043568627,-46.50196149610485,2476.08890465634,1,1,62.9,24.93,175.0,2017-01-19 16:02:47,2017-03-13,2017-01-30 12:31:58,10,0,52
a72a09d3c6862bd7535300edd0e6a932,14f9483490b8850a399998a0d4bbcff9,RO,porto velho,-8.753266768130358,-63.90610729536063,MG,-19.867906407416527,-43.94863882589885,2476.080366434041,1,1,20.9,24.35,150.0,2017-02-21 13:30:34,2017-04-05,2017-03-04 11:57:38,10,0,42
34a9f5d9dc692eef97911d47564b1af1,13ad98a83a2c1cefcf679eee57dee7bc,PA,ananindeua,-1.352870982970248,-48.39185700220565,SP,-23.5397205,-46.43633556480467,2476.0548211810687,1,1,18.99,17.63,75.0,2017-06-08 09:29:48,2017-07-13,2017-06-19 13:12:10,11,0,34
f36a1eff2af8e26d62b33c28ead8063b,225f19f6a66d9619acd23171fe3863f2,PA,belem,-1.3107899999999404,-48.45849068508537,SP,-23.48488009615481,-46.36654993289185,2475.941398881953,1,1,179.99,56.78,11875.0,2017-08-22 20:25:19,2017-10-02,2017-09-15 18:20:10,23,0,40
2dfa14496bfd2a02b3ab479a58171bc6,4ffa18f06f372757ff064031b407d0ca,PA,belem,-1.3954044970858062,-48.46828552510252,SP,-23.59032952255033,-46.63175129640077,2475.887851648243,1,1,59.99,19.33,150.0,2018-06-12 22:14:49,2018-07-17,2018-07-02 11:14:32,19,0,34
dbf2c0164b592abca90f6c6817f37a9b,b67442bfea418c7574cb711bf521d040,PA,ananindeua,-1.359557305472045,-48.40294922075292,SP,-23.552032416180964,-46.53746144532288,2475.870218171312,1,1,139.99,16.13,1050.0,2018-04-28 19:08:05,2018-06-01,2018-06-05 00:03:06,37,0,33
c5715ae9ef034f7036a9de7a5e9d858b,f7f51e7729ab96c512a283d4a190a07b,PA,belem,-1.4143021610625788,-48.44500122170078,SP,-23.608557917740683,-46.613331924231765,2475.770637110885,1,1,299.9,20.64,1571.0,2017-09-15 21:22:31,2017-10-16,2017-10-04 21:04:27,18,0,30
b14b0dde0afd46bc7023f812bccb6abe,b371150a5f99910091a68eda2d4c6d9d,PA,belem,-1.4350490220441132,-48.4687608538578,SP,-23.625852663887155,-46.61139748251486,2475.6091493579315,1,1,29.99,19.04,350.0,2018-06-07 21:04:21,2018-07-18,2018-06-13 19:12:15,5,0,40
076204e886f6d81145cf693a72794765,58c2ff35edc0c22c7430228ce542743f,PA,belem,-1.450322481641738,-48.45993694028527,SP,-23.652442526788203,-46.75549168747648,2475.5849784864267,1,1,95.0,19.58,350.0,2018-07-23 09:45:44,2018-08-16,2018-08-08 19:15:50,16,0,23
ae5c6e1388284e38412e62dd4bdbd966,e1df9d888af96ac730386f4b80ef546f,RO,porto velho,-8.791017512963279,-63.88475287954359,SP,-23.619856449730182,-46.52845844242909,2475.3166494786137,1,1,258.3,24.13,875.0,2017-07-08 14:21:09,2017-08-11,2017-07-18 20:33:00,10,0,33
9a0a6c39b6be7e1b0f796b6005d52ac4,c852de8b3ffc76d74b6a201e22a92f30,RO,porto velho,-8.781370392339342,-63.9079719805536,SP,-23.75078457239132,-46.67886788439901,2475.2107445590545,1,1,27.49,21.15,160.0,2017-09-27 11:10:04,2017-11-03,2017-10-06 22:47:57,9,0,36
82721df8ff0f0ce187f64c59238e585b,9923fd1dde6b0f2423bc9fb3e1573687,PA,ananindeua,-1.36348899786207,-48.37545212840183,SP,-23.552032416180964,-46.53746144532288,2475.195382389817,1,1,99.99,26.96,1200.0,2017-04-17 12:15:30,2017-05-22,2017-05-03 08:55:52,15,0,34
7eb21cb5cc11e7dfa780480f4f6606df,90b7c81dee4b49059a84be99b44b5a4c,AC,rio branco,-9.973390456997782,-67.84030356272721,SP,-21.11263561449013,-47.79105569532287,2475.08604125813,1,1,119.99,47.37,1500.0,2017-06-02 15:37:31,2017-07-10,2017-06-16 15:56:40,14,0,37
05248f2049e2194bcb2108983868308f,aa606152f23a5fa9ba3d0b87f7a492e8,PA,belem,-1.4564705087998835,-48.47931988606284,SP,-23.652442526788203,-46.75549168747648,2475.0589780460946,1,1,55.0,17.67,150.0,2018-01-16 23:18:27,2018-02-20,2018-01-29 18:58:35,12,0,34
5e526b01963709e583bfc89cac4d9f2a,62c77341170e799a09752c9d636074f7,PA,belem,-1.3346684976054082,-48.47478039263629,SP,-23.50848147377229,-46.485872413266776,2474.9216683802,1,1,120.0,19.38,700.0,2018-02-07 20:48:21,2018-03-20,2018-02-23 23:11:57,16,0,40
4599caaeb7614fc2c3aa1d74531005e1,6b7d1dd42181e388028e9ac8d8045168,PA,belem,-1.457164065064475,-48.46290168439191,SP,-23.652442526788203,-46.75549168747648,2474.8499260255226,1,1,29.0,17.63,250.0,2017-09-06 12:12:25,2017-10-05,2017-09-21 12:40:25,15,0,28
f5eb2c9c8751b09f7637a10a9c40aef2,dad721ade2b490dbcc54e62212129467,RO,porto velho,-8.765998858024522,-63.89314474007578,SP,-23.56836984105245,-46.52214825721335,2474.8156065912144,1,1,1164.9,114.2,17163.0,2017-12-11 11:18:46,2018-01-18,2017-12-22 23:28:37,11,0,37
b161deecd4d00e692166e541a2bff028,dad907e170748a35ef4e92238b7308f3,AC,rio branco,-9.968815683567623,-67.81115952484274,SP,-21.165370022730333,-47.79714447071386,2474.770462615203,1,1,276.14,45.78,615.0,2017-08-22 22:03:32,2017-09-26,2017-09-05 22:33:55,14,0,34
17a26e220cbf382a115a06e6ca2d227d,050302e24b5fbdcd27170334fce45f0c,PA,belem,-1.438117507213356,-48.46256080593268,SP,-23.63260424617697,-46.76020040743839,2474.72282091899,1,1,54.9,17.66,283.0,2018-02-03 11:34:46,2018-03-14,2018-02-26 23:29:00,23,0,38
8bd98fd451da26c29d29a56507b168a4,3aca5bf74140f4549d0d2414606f554f,PA,belem,-1.3749308605339845,-48.461891447746005,SP,-23.552032416180964,-46.53746144532288,2474.6905360223777,1,1,99.99,24.7,1200.0,2017-04-23 16:41:17,2017-05-25,2017-05-09 12:41:37,15,0,31
0933defa4766a375397a4b9c9eaec017,95ef78f863e47449662a81f5d637d09d,PA,belem,-1.4143021610625788,-48.44500122170078,PR,-23.41653142414265,-51.88744482632261,2474.532811623372,1,1,59.9,42.45,156.0,2017-12-23 17:20:36,2018-02-06,2018-01-17 01:16:47,24,0,44
0eb4df6bfdca047c300acf9d25b04391,2aa931dd6ed277f3b1a2462e80d59fc5,PA,belem,-1.4042792828206936,-48.45004791348576,SP,-23.5869802640594,-46.61564731057762,2474.5145215405205,1,1,69.99,17.77,200.0,2017-11-19 14:10:05,2017-12-19,2018-01-17 21:05:00,59,0,29
766e7d95f42217e02fa7c85a8c97a862,8411dca0406fccfdcbdfd5dbb2df3fce,PA,belem,-1.405299280405649,-48.43285456068321,SP,-23.59032952255033,-46.63175129640077,2474.4884296533173,1,1,39.0,19.18,400.0,2018-08-02 15:02:10,2018-08-30,2018-08-14 23:32:52,12,0,27
3f78a6201286f6b6bcffb1a2b883b1f5,c1f3a8a08aa2c796bec1efbd3d573382,PA,belem,-1.4371287096488243,-48.48804837806534,SP,-23.62609284359048,-46.7441113627446,2474.44691721052,1,1,69.89,22.55,3625.0,2018-03-08 19:20:03,2018-04-06,2018-04-02 22:50:06,25,0,28
4471fc5ecfbb3b7fec1044fc6e6f6851,50756c38c6f7edeeacaaa63c6682ddb0,RO,porto velho,-8.764164534545648,-63.83987492344997,SP,-23.57130234332621,-46.47930265361119,2474.3336345255293,1,1,38.5,22.99,430.0,2018-08-08 18:02:19,2018-09-06,2018-08-16 15:04:06,7,0,28
706b9cbda5d9ac137f8b484774d4c2a9,1d7bb00981fead08b27fee0a49a69e5a,PA,belem,-1.447242809963,-48.475744038952335,SP,-23.625852663887155,-46.61139748251486,2474.318420526548,1,2,49.98,35.26,200.0,2018-01-04 21:37:47,2018-02-08,2018-01-20 15:22:29,15,0,34
691123bd7667e28df807da5274073e1f,a02c2320d8817ed7627ed4135a5cb33c,PA,belem,-1.447242809963,-48.475744038952335,SP,-23.625852663887155,-46.61139748251486,2474.318420526548,1,1,24.99,17.63,275.0,2017-12-15 13:55:36,2018-01-22,2018-01-10 21:08:53,26,0,37
e2cb8763d4216d9a23fd322ac9fec713,7adfc76578b9a1d88f2b3f7b45d00e7f,PA,ananindeua,-1.352870982970248,-48.39185700220565,SP,-23.539439503750906,-46.63284391414975,2474.310251183905,1,1,1599.0,58.11,4600.0,2017-11-06 15:07:34,2017-12-08,2017-11-23 22:43:04,17,0,31
744dddb0362cbcb141adaed27f19cb3a,08c07e9a2ca88f8c94694bd4972a4eed,RO,porto velho,-8.765998858024522,-63.89314474007578,MG,-19.867906407416527,-43.94863882589885,2474.121312250101,1,1,69.9,26.3,1200.0,2017-03-08 19:30:26,2017-04-18,2017-03-18 09:21:56,9,0,40
edee5e7cf341c4b22a2cf863e94670b2,0a03d3b2becf1e6ede584a394d562c45,PA,ananindeua,-1.3488461957285132,-48.42074650415709,SP,-23.529755043568628,-46.61758376741302,2474.052618348147,1,1,999.99,79.72,17600.0,2017-09-16 08:25:27,2017-10-31,2017-09-26 21:16:46,10,0,44
f538203e8721d06d7984cee6e148b9f0,e91ecbc9e1c67b0102b5a56e41965770,PA,ananindeua,-1.352870982970248,-48.39185700220565,SP,-23.537493461278807,-46.63974517262972,2474.0376667423343,1,1,13.65,17.63,150.0,2017-11-24 19:47:22,2017-12-27,2017-12-19 21:08:54,25,0,32
4983a642ae6d4ab0094e98bb201bd10b,588082ffda9076b85db042299827aaac,RO,porto velho,-8.753266768130358,-63.90610729536063,SP,-23.625852663887155,-46.61139748251486,2473.77151545772,1,1,19.89,21.15,150.0,2017-12-05 16:04:37,2018-01-12,2017-12-21 20:53:49,16,0,37
70a1ce56d693a1a8142d48883989f08f,786a8055ff0d4ba3059cbd34e1fe64fc,RO,porto velho,-8.743945699931716,-63.89648266653547,SP,-23.625852663887155,-46.61139748251486,2473.73087285524,1,1,21.99,22.87,300.0,2018-07-18 17:02:27,2018-08-15,2018-07-28 17:51:07,10,0,27
6a9dce70e1b41a16991dad71dcd0411c,971fd009ce5e29b97e62d92f418138f4,PA,belem,-1.4350490220441132,-48.4687608538578,PR,-23.42843316855792,-51.91774739994137,2473.663046189849,1,1,18.9,42.38,150.0,2017-11-28 09:31:07,2018-01-04,2017-12-14 01:19:11,15,0,36
ecb17a16374a8822430c8edb3358a407,fc983c513a5b593a724e389bf39f98a0,PA,ananindeua,-1.3694336117911656,-48.39723369515284,SP,-23.543666339719525,-46.57580075340465,2473.467125131997,1,1,105.0,20.78,450.0,2018-03-11 20:43:59,2018-04-10,2018-04-26 20:58:35,46,0,29
d0a75d6eda61b8a7261946b34ffb350c,69e68f1d0a346b425f7a59e1773a8d10,AC,rio branco,-9.98108004049487,-67.82779562498857,SP,-21.172213467107177,-47.82413717277396,2473.4274221317705,1,1,220.0,61.6,258.0,2018-04-20 14:44:50,2018-06-11,2018-05-18 08:18:40,27,0,51
94e43121a0232434f1ee7c1888f2cce5,340fcfd738e48095daf5a9afec990096,PA,belem,-1.444996720209064,-48.48452464695026,SP,-23.441645336112845,-45.077753319947206,2473.339247645973,1,1,38.86,24.84,200.0,2017-02-28 17:39:47,2017-04-04,2017-03-13 07:06:42,12,0,34
ec3a75fb0ac595e461765d2d854b1d08,14308d2303a3e2bdf4939b86c46d2679,PA,belem,-1.4630158658030092,-48.48808887193567,SP,-23.630074627531883,-46.591863296722536,2473.3191258546613,1,1,59.9,24.42,600.0,2017-03-15 21:04:08,2017-04-26,2017-04-05 11:07:12,20,0,41
116debdd5705aaa51630c3e292565d06,eff65eeeea88dd72b5d427f2071b3751,PA,belem,-1.4478332105285268,-48.49009678052688,SP,-23.60605079085408,-46.48964576276761,2473.294504134553,1,2,49.98,37.78,700.0,2017-08-04 15:56:10,2017-09-08,2017-08-16 18:44:09,12,0,34
839603976328ab364c4ff2b4d806de8f,337900928f7a941ef7365f079cd36830,PA,ananindeua,-1.3472829402922597,-48.39942593160029,SP,-23.51253401672528,-46.501049539944844,2473.1459274923864,1,1,29.99,17.63,50.0,2018-02-13 22:57:20,2018-03-19,2018-03-19 23:41:28,34,0,33
eb93e1cf85b4a7ca753e6b6bca9cb1bf,0750772d41a8b042cde18f59e30522b5,PA,belem,-1.4562147327025412,-48.45270671133473,SP,-23.625852663887155,-46.61139748251486,2473.1234822296333,1,1,27.99,19.04,300.0,2018-05-29 19:11:09,2018-07-17,2018-06-20 23:02:35,22,0,48
337ace5c193fb745fca018fd1e542c9c,040eba6a84cd4b4eb4ec87a825439c72,PA,belem,-1.457164065064475,-48.46290168439191,SP,-23.625852663887155,-46.61139748251486,2473.1066255840915,1,2,49.98,35.26,700.0,2018-02-07 00:57:03,2018-03-15,2018-03-12 14:18:53,33,0,35
6ad06dae8c55ae30d1fcfa46008fba6e,b09afa5147b68db7b31ca6feb6d96b96,RO,porto velho,-8.756458065449426,-63.87552318025777,MG,-19.867906407416527,-43.94863882589885,2473.044837257943,1,1,31.9,25.38,300.0,2017-08-31 14:01:38,2017-10-16,2017-09-14 18:57:00,14,0,45
e0614e688d081a4fde76eae315bf2101,bd5c7a1c15c5bcacfd42c6edc9e8209c,PA,ananindeua,-1.3848929999999946,-48.42501605894997,SP,-23.54953451762937,-46.54078188711117,2472.95019011528,2,2,269.85,54.74,15600.0,2018-03-02 07:19:00,2018-04-04,2018-03-28 21:14:21,26,0,32
25f6a84bb4462034741cec7bbc139f9c,8e68059b819a389508e2a37f46343e60,PA,belem,-1.4608350968321056,-48.49793840862653,SP,-23.631595900080804,-46.70029133611285,2472.8746020996687,1,1,62.0,17.71,2300.0,2017-05-19 20:19:38,2017-06-23,2017-05-30 15:06:35,10,0,34
1afefea8a6500c83df5bfc6e4f2eec4a,4daaa55d5d0c4a008456666b94e9506a,RO,porto velho,-8.756458065449426,-63.87552318025777,SP,-23.50848147377229,-46.485872413266776,2472.861798284699,1,1,35.0,21.15,500.0,2017-08-04 21:20:54,2017-09-12,2017-08-17 18:12:45,12,0,38
2a86b167faca061eb024043376211562,aebbcf055af0fcf7d6be0c24d3add3d2,PA,belem,-1.4371287096488243,-48.48804837806534,SP,-23.59505531279932,-46.54072370468582,2472.770607304955,1,1,40.0,17.63,200.0,2017-08-18 18:56:28,2017-09-22,2017-08-29 16:44:36,10,0,34
06ba77893723a9357f7e681bf336fb2c,993422eff8c6cfaca2c04adf2b097296,PA,belem,-1.424274947256112,-48.473887637919226,SP,-23.59032952255033,-46.63175129640077,2472.7356755437936,1,1,44.99,19.23,250.0,2018-07-18 12:13:41,2018-08-13,2018-07-30 23:45:58,12,0,25
d2f67144a4e6d027140260ae9ed6b648,3114d3d76bf813b06638b17da57a21cd,PA,belem,-1.4280537705001086,-48.46444616013624,PR,-23.41381714101661,-51.907055066426544,2472.7246641273478,1,3,533.7,90.54,3300.0,2017-03-10 09:07:24,2017-04-12,2017-03-27 13:48:09,17,0,32
4c5ad8021308604b11f7badf742189dc,30263a0dd35e8aa7df79414030756e15,PA,ananindeua,-1.3694336117911656,-48.39723369515284,SP,-23.53142941993188,-46.51618034574991,2472.6300043425244,1,1,8.5,17.63,300.0,2017-10-26 14:21:25,2017-11-28,2017-11-13 19:07:35,18,0,32
87b21a3c8c5c692b05dba19b9350a544,3083eb7eb7faf63e84cc78dfbd011e2f,PA,belem,-1.438117507213356,-48.46256080593268,SP,-23.595227193173283,-46.56076636913555,2472.268451326735,1,2,228.0,44.28,6200.0,2018-05-14 16:12:13,2018-06-11,2018-06-06 00:12:53,22,0,27
f1b4852f185fc393a2dd79d83f079119,de4c6d1ed7169e53de42d5897f6e0c60,RO,porto velho,-8.74806526700877,-63.85918024193474,MG,-19.867906407416527,-43.94863882589885,2472.020652859626,1,2,55.8,50.76,450.0,2017-06-18 17:15:05,2017-07-21,2017-06-27 17:32:18,9,0,32
5d300afae7f792b2a15b92b523a65a8f,4970cda49cb6e78d40d9316b5e8e6d87,PA,belem,-1.3989051618096793,-48.45883297403209,SP,-23.552032416180964,-46.53746144532288,2472.005904290403,1,1,75.99,28.88,1050.0,2017-02-13 16:12:43,2017-03-24,2017-03-01 11:16:06,15,0,38
cfc77d77eddda18d8d9eca3140e2fc6b,29e7c4e7a698937d2b7ebcaaee702c47,PA,belem,-1.399689882965613,-48.4802832356454,SP,-23.57241932843741,-46.81889442976561,2471.9892722248524,1,1,78.99,17.83,130.0,2017-11-25 10:27:31,2017-12-29,2017-12-19 20:58:57,24,0,33
ab61bc2f1cfb5d35ddec00c374c09970,7961bd238ef76f1e6defc5e33bc9457d,PA,belem,-1.3077635083242125,-48.48288393904238,RJ,-22.93534069637593,-43.186718398333056,2471.9310730852944,1,1,149.99,26.08,800.0,2017-11-13 09:06:38,2017-12-13,2017-12-11 18:37:39,28,0,29
d07ea9203ae0a6ea15a2eacc87b4c0f7,2de12a5fa829fedc2d04da8db32bae05,PA,ananindeua,-1.359557305472045,-48.40294922075292,SP,-23.50848147377229,-46.485872413266776,2471.504359368228,1,1,16.1,17.63,100.0,2018-02-15 08:21:05,2018-03-22,2018-03-11 13:18:49,24,0,34
2bc7d8434e38fd99e69b2d4b88f7c638,8de64fc8fa179ff773b31c717f5fc995,PA,ananindeua,-1.359557305472045,-48.40294922075292,SP,-23.50848147377229,-46.485872413266776,2471.504359368228,1,1,15.0,17.63,100.0,2018-02-15 08:21:04,2018-03-23,2018-03-11 19:51:37,24,0,35
1c05452697a356ff98c4c3391e207ab6,43467feeda727a70fbb9a44eaa75bbae,PA,castanhal,-1.295270747671003,-47.92742500328391,SP,-23.49166859722086,-46.7297613836344,2471.502630514889,1,3,599.7,115.62,10950.0,2018-01-22 13:20:56,2018-03-06,2018-02-07 19:51:50,16,0,42
6f54e5fd939df1228bb8df39c2f1341e,f95b3c9f2f18db3d9e17cfdc0808d89d,RO,porto velho,-8.756458065449426,-63.87552318025777,SP,-23.525103133365025,-46.517596219721725,2471.4955344051104,1,1,749.9,27.97,850.0,2018-07-27 15:54:52,2018-08-22,2018-08-06 16:32:27,10,0,25
68709f86fb9eba39721082ba8fcb7047,62eaff9c562f9d1b880ecb6be6054df7,PA,belem,-1.4371287096488243,-48.48804837806534,SP,-23.5869802640594,-46.61564731057762,2471.2038709173776,1,1,99.5,59.85,3715.0,2018-07-31 09:21:47,2018-08-29,2018-08-09 02:16:35,8,0,28
0b5cd7d1cb05a215bfb3aafadaab5a1c,0e9c4e44b69e8121a012447298f5e71a,RO,porto velho,-8.7834799537233,-63.87764436074195,SP,-23.54394711019097,-46.51740469900167,2470.916484153692,1,1,9.99,24.35,767.0,2017-02-22 18:56:05,2017-04-04,2017-03-10 07:27:38,15,0,40
9fff263519b16922d71e07a6706a0ef8,fda0335b2cc8ceacf98e89f40daaa7cc,PA,ananindeua,-1.3897412444852957,-48.38307505449787,SP,-23.53968594087948,-46.54635608021235,2470.906169185676,1,1,99.0,26.95,1600.0,2017-02-25 10:09:02,2017-04-03,2017-03-14 10:46:02,17,0,36
c58baaf50e63ac84717a1bc9c0a9c991,f06cdfa88172522eef1fff025ea01d0b,PA,castanhal,-1.290480535385357,-47.93972163838792,SP,-23.473052978908186,-46.60034358604072,2470.813840952399,1,1,49.9,24.84,200.0,2017-03-20 23:16:55,2017-04-24,2017-04-05 15:08:06,15,0,34
4ff4e765fb57ce1bc954bf8138e14013,6c82552a00f0aa4e44f4d14f483c27d9,PA,ananindeua,-1.3488461957285132,-48.42074650415709,SP,-23.491422931732863,-46.50280828642738,2470.809832975855,1,1,259.99,65.38,5575.0,2018-06-29 14:27:08,2018-08-06,2018-07-14 11:56:32,14,0,37
fc673f244cbed55f48d925a2f75e42ea,fa7256ca985236e438321af2f1128658,RO,porto velho,-8.756458065449426,-63.87552318025777,SP,-23.58759692255761,-46.58181527338564,2470.7655211577417,1,1,98.99,27.46,1400.0,2018-07-31 16:32:47,2018-08-24,2018-08-09 15:58:54,8,0,23
8a199f2aee407c4c7741874bb2394650,79cd1f04940ab24d2c19981dd840479a,PA,belem,-1.4647367971318463,-48.49291550542435,PR,-23.428044100216525,-51.95907151638488,2470.633834453951,1,1,949.9,104.73,2533.0,2018-01-08 12:49:06,2018-02-19,2018-01-30 22:48:15,22,0,41
caeaea502e2e79a553edccabb2b65378,ffcf601742639fe15057352054f9e8fe,PA,belem,-1.3966454480720782,-48.48741902563791,SP,-23.552859590255665,-46.78238998184588,2470.503882680296,1,1,78.0,19.09,3213.0,2017-12-28 21:30:04,2018-02-06,2018-01-05 19:24:00,7,0,39
9e784561e351e3749a4dc15902d0e7ad,ce7d16764477add502f5571e29f6dce3,PA,marituba,-1.3667488537613912,-48.33865765202612,SP,-23.51253401672528,-46.501049539944844,2470.4544606220275,1,1,29.99,24.84,50.0,2017-04-12 21:35:27,2017-05-23,2017-04-27 12:12:11,14,0,40
09afbfa0da8baf5f4eb28c82f7209afd,a3986b549407adaa2cbef268e6e930ff,RO,porto velho,-8.756458065449426,-63.87552318025777,SP,-23.622498976710943,-46.61784924409308,2470.362577036098,1,1,99.9,25.25,625.0,2018-01-20 16:17:30,2018-03-02,2018-02-19 19:28:58,30,0,40
2d106554b0848ac94107eeee022b7fb2,8c5d01807e2be214929eef7f44ff5a26,PA,ananindeua,-1.3780668052861371,-48.41891390691916,RJ,-22.918123077163223,-42.81760650604593,2470.3159616385174,1,1,29.9,25.38,200.0,2017-11-21 23:13:30,2017-12-22,2017-12-11 22:23:00,19,0,30
08d48caf3c6278c63213deae0000975a,1970ae021f65edd548c338b11bdd98a7,PA,ananindeua,-1.359557305472045,-48.40294922075292,SP,-23.499545409978776,-46.5194138057353,2470.214726085685,1,1,213.0,21.89,1000.0,2017-09-18 10:44:44,2017-10-18,2017-09-25 11:42:15,7,0,29
4cc22fa6b7267027aac4151271636112,d2352eb89c2f0a1e01fca14e007aeb87,PA,belem,-1.342775871487156,-48.45931805179363,SP,-23.48922197668648,-46.66064224952385,2470.1961505311847,1,1,78.9,22.83,1750.0,2018-08-14 19:39:04,2018-09-12,2018-08-24 00:06:59,9,0,28
098e78dea9fc1a1e1e49c220f27dcea4,4a6ed71930a8dcd917e76a360713582c,PA,belem,-1.361716564256415,-48.43256870522104,SP,-23.48488009615481,-46.36654993289185,2470.0472316090536,1,2,225.88,91.12,14996.0,2018-06-16 08:33:44,2018-08-03,2018-07-11 17:44:59,25,0,47
875e0781ef9c68f87a5d998f87502891,25444fc37980f07edb5b68ee7de4468b,RO,porto velho,-8.756458065449426,-63.87552318025777,SP,-23.56788988703906,-46.57394821510183,2470.00976154507,1,1,570.9,56.85,9200.0,2017-06-13 03:31:45,2017-07-18,2017-06-29 17:02:43,16,0,34
a5c92ed5822736c294fa82e58e18fcc5,54acd3c8fe76a1805d6fe6d9a326f203,PA,belem,-1.4042792828206936,-48.45004791348576,SP,-23.53877907744238,-46.53850883971953,2469.853758234895,1,1,11.99,17.63,275.0,2017-06-09 09:55:08,2017-07-14,2017-06-22 16:10:42,13,0,34
7cbdd21eaf3b8934a3b11338c0f3aa7f,de7921534c6d469a9015ea7ae903bf49,PA,belem,-1.4042792828206936,-48.45004791348576,SP,-23.53877907744238,-46.53850883971953,2469.853758234895,1,2,23.98,35.26,550.0,2017-07-22 00:55:46,2017-08-25,2017-08-07 22:04:45,16,0,33
96cd7d516765eee5049d171debc21ebd,69e15a390ddbb4802714da5f52b14287,PA,belem,-1.4350490220441132,-48.4687608538578,SP,-23.56127544240869,-46.461969257046256,2469.81314005527,1,1,129.9,18.19,300.0,2017-11-20 11:27:15,2017-12-21,2017-12-19 01:09:21,28,0,30
e8ea9d1180aed78c71b3a9361bcdb9cb,add72ef6c37408eddeec3a287b2eba21,RO,porto velho,-8.743945699931716,-63.89648266653547,SP,-23.49189491395926,-46.54629394463038,2469.5286407151366,1,1,120.0,34.83,16550.0,2018-03-11 23:42:04,2018-04-13,2018-04-14 16:03:16,33,0,32
f52ed0bde654bdeeaca2b4d0ad7e6c33,0ffc0c85f45a4f828918ccc403f4ba87,PA,belem,-1.4350490220441132,-48.4687608538578,SP,-23.571578567026386,-46.62022212163139,2469.519394688438,1,1,897.0,26.55,700.0,2018-08-01 18:14:28,2018-08-29,2018-08-09 17:12:40,7,0,27
917ca364b9fb9460dee6ea613ee2a5ab,85c01e2393b32c57d22f4db20020da31,RO,porto velho,-8.74806526700877,-63.85918024193474,SP,-23.56788988703906,-46.57394821510183,2469.362004353336,1,1,399.0,92.36,9200.0,2017-01-25 15:12:59,2017-03-16,2017-02-15 19:12:52,21,0,49
429d5f4eb3474a4b3e21cc1129787f74,2d5c589cb3b6d04dcaff177fb7013097,PA,belem,-1.3346684976054082,-48.47478039263629,RJ,-22.937430121847743,-43.176862902706524,2469.2850676993626,1,1,165.0,33.3,2500.0,2018-07-07 19:30:58,2018-08-07,2018-07-23 16:26:33,15,0,30
f1340835d29043d62518455ea808c84e,659e17d303758fa459f2b37ef353f5c4,RO,porto velho,-8.765998858024522,-63.89314474007578,SP,-23.51633441909516,-46.54744111705809,2469.180669997915,1,1,90.0,22.95,750.0,2017-06-13 11:11:47,2017-07-18,2017-06-29 15:27:46,16,0,34
6dccfb3ecc8d480f75f2b28c745a30fd,a271f133c963082ed1c5e69bc0deb70e,RO,porto velho,-8.793428082580107,-63.886633778724615,SP,-23.625852663887155,-46.61139748251486,2469.130733559765,1,1,29.99,21.15,300.0,2017-10-26 00:04:59,2017-11-30,2017-11-10 22:47:57,15,0,34
b0e3741786fa0967a1df53f4f0565013,290f50187878d65a9f8bb34374afc31c,PA,belem,-1.4678821362744563,-48.474985155141965,SP,-23.595227193173283,-46.56076636913555,2469.0809989248696,1,3,98.97,56.67,4200.0,2017-11-25 03:47:40,2017-12-29,2017-12-07 20:25:36,12,0,33
081f94ba9d60353dcfa2200cf9bf42cc,3b4e6709397878a5a0887e037e31691e,PA,belem,-1.438117507213356,-48.46256080593268,SP,-23.576826793496515,-46.71598858744651,2468.898513742972,1,1,119.99,21.24,887.0,2017-12-22 01:08:40,2018-01-31,2018-01-05 21:33:40,14,0,39
900dccc7efc408e86f24916af7c1c080,3a6e442f93b75147358099fa79ac5358,PA,belem,-1.438117507213356,-48.46256080593268,SP,-23.566130045419925,-46.58206228129149,2468.855989755035,1,1,136.0,19.64,1150.0,2018-03-21 13:53:21,2018-04-19,2018-04-13 00:38:30,22,0,28
55ceb70ebd207c9b9b99d516c1455c41,bb057009d6f61e78d6199046a4150cb3,PA,belem,-1.428168145680862,-48.467978469761576,SP,-23.552032416180964,-46.53746144532288,2468.84566002762,1,1,69.99,20.89,1050.0,2017-08-25 12:39:34,2017-09-29,2017-09-11 17:52:45,17,0,34
5d1e025052895991d3f50688be8f626e,c16c09ea771d1b0231309f1320ebb264,RO,porto velho,-8.756458065449426,-63.87552318025777,SP,-23.64855809755326,-46.66211575714125,2468.7010357630725,1,1,53.9,21.18,500.0,2018-01-28 11:07:48,2018-03-08,2018-03-14 19:19:29,45,0,38
867a96f5ffe70eb3e90140ff7c81cfc6,0fae07bb4b1670e3da7d768c54f59464,PA,belem,-1.424274947256112,-48.473887637919226,SP,-23.54241282514857,-46.49070640341336,2468.696763368848,1,1,25.99,17.63,100.0,2017-10-26 08:39:55,2017-11-28,2017-10-31 23:58:43,5,0,32
2a3f0a5fbf1d28387b5aea5308d6fd4e,e6bd83a6d5519bed82eff1ea0b4898af,PA,belem,-1.4042792828206936,-48.45004791348576,SP,-23.52551477827242,-46.513893895826776,2468.6074981683423,1,1,229.99,25.61,433.0,2017-02-03 22:18:03,2017-03-24,2017-02-16 12:44:12,12,0,48
615915458e5cdf8939ae422e043ca879,abbbbf3b358a480884af84bee14b9102,PA,belem,-1.4304219467078465,-48.44961712406944,SP,-23.552032416180964,-46.53746144532288,2468.429862224858,1,1,89.99,22.69,1200.0,2018-04-21 17:05:02,2018-05-28,2018-05-29 16:36:41,37,0,36
1f484f0337419fecf42ab5861ff70ceb,734ce03875efaf7de6dbe878382fcfd0,PA,belem,-1.3305794145588172,-48.44138395726809,RJ,-22.93534069637593,-43.186718398333056,2468.4252979416474,1,1,259.99,28.67,2550.0,2017-10-17 19:08:50,2017-11-16,2017-11-10 23:04:35,24,0,29
711446e2cbe250789dc7b3ecdfce793c,61dfb2ae9399454cb12545524d192978,RO,porto velho,-8.756458065449426,-63.87552318025777,SP,-23.69066643075192,-46.70391215514457,2468.379404095632,1,1,160.0,27.89,1400.0,2018-07-04 21:03:18,2018-08-06,2018-07-13 17:12:35,8,0,32
f08527d5eca32c6e47ff0739e7d3a9ee,19a711e98604319cc859cd5ddf70c1b4,PA,belem,-1.444996720209064,-48.48452464695026,SP,-23.576826793496515,-46.71598858744651,2468.317333293924,1,1,169.9,19.73,550.0,2018-01-11 10:38:51,2018-02-14,2018-01-25 23:56:52,14,0,33
02b8fcdd1bd75d7d5861f407dde29768,947460703c5712189a4e5b5cfff686bc,RO,porto velho,-8.802065344725001,-63.86504975308944,SP,-23.49901135775293,-46.48301004717532,2468.1033730698628,1,1,13.99,22.85,50.0,2018-05-15 11:12:08,2018-06-13,2018-06-02 16:03:15,18,0,28
867b39e996af1e8e8a013206d83c98a4,3291b733686f451af69be3f5f0add95b,PA,belem,-1.3989051618096793,-48.45883297403209,SP,-23.51253401672528,-46.501049539944844,2467.963740749669,1,1,119.99,19.38,700.0,2017-11-27 21:54:47,2017-12-28,2018-01-07 14:59:13,40,0,30
a601d022409232a8c75200e448dfb843,6b77feae2a3a39a0b0385e67ff194277,PA,belem,-1.444996720209064,-48.48452464695026,SP,-23.539820103990145,-46.31780434759043,2467.9070630864558,1,1,81.0,19.11,1000.0,2017-08-09 13:27:11,2017-10-03,2017-08-21 21:57:41,12,0,54
711b60257ae1101653980689f190b6fe,ce187102c45754efa0d436f8157f01c7,PA,ananindeua,-1.3782860858117,-48.37442732161299,SP,-23.499545409978776,-46.5194138057353,2467.887748848921,1,1,213.0,18.37,1000.0,2018-05-11 12:58:20,2018-06-11,2018-06-06 19:56:54,26,0,30
07a3ecc544326f0c462c5423eaca1812,7ecab6f3f9ab08d676b6b9984779c9e0,PA,belem,-1.4503886539307662,-48.49785505509548,SP,-23.576826793496515,-46.71598858744651,2467.8308402683733,1,1,165.0,18.43,325.0,2017-08-07 15:15:48,2017-09-11,2017-08-18 15:43:57,11,0,34
3b6521c57fb29190883e68aaccc86cde,f42ccd297946628a53e061e56e6ae0ae,RO,porto velho,-8.736170472807165,-63.8785628959824,SP,-23.62099491618096,-46.67398141326677,2467.636061695071,1,1,262.0,26.38,1200.0,2017-12-13 17:49:36,2018-01-23,2018-01-03 22:44:43,21,0,40
c51780a93b9e9a0fcebc1e1470f64916,09e9e2fce62bc2e62fe05b73fe573de0,PA,belem,-1.428168145680862,-48.467978469761576,SP,-23.531411577298154,-46.43911116645511,2467.478821125088,1,1,200.0,25.85,2800.0,2017-12-14 20:24:06,2018-01-19,2018-01-09 23:51:45,26,0,35
336aa930110aba578d1a4471144a3271,2ea8cbe1f839c962bfb37e6a617c45a3,PA,ananindeua,-1.3848929999999946,-48.42501605894997,SP,-23.48488009615481,-46.36654993289185,2467.406647417706,1,2,139.96,94.82,21000.0,2017-07-09 10:02:44,2017-08-17,2017-07-21 19:34:42,12,0,38
09722e140e3e1e92b67fd75e2b14b6fb,4f4f005f13bc7a3845163497199c2b00,PA,belem,-1.4280537705001086,-48.46444616013624,SP,-23.53968594087948,-46.54635608021235,2467.378339179526,1,4,396.0,105.72,8000.0,2017-03-04 14:28:13,2017-04-06,2017-03-14 11:22:10,9,0,32
c298ba9441739fbb485aba00696cb44e,8a3f38933c6e9caee7791fe2441b3c3e,PA,belem,-1.428168145680862,-48.467978469761576,SP,-23.53526522231519,-46.497580438802,2467.3549641102086,1,1,19.99,17.63,200.0,2017-12-23 11:01:46,2018-02-01,2018-01-09 20:19:44,17,0,39
ff92e046b12e7380a5a54db4e3fdf615,ab9be535b07b4c39dfb0f40494bc9d97,PA,marituba,-1.3667488537613912,-48.33865765202612,SP,-23.4906802649172,-46.58362085789716,2467.334570561562,1,1,12.9,19.04,320.0,2018-07-10 12:09:23,2018-08-08,2018-07-20 17:14:43,10,0,28
ae9da8a9447f05b1310ecf197fca8bb5,f1442ab94c95e9913594b849c1e217fe,PA,belem,-1.4143021610625788,-48.44500122170078,SP,-23.53640941742172,-46.67218459893824,2467.2773285803864,1,3,570.0,60.06,1050.0,2018-04-08 07:57:38,2018-05-08,2018-04-30 22:46:46,22,0,29
77c820f0779ad518a4a2c6ddba08477c,826edf98e54310d36fac3342e624dab7,PA,belem,-1.457164065064475,-48.46290168439191,SP,-23.56428872384441,-46.51904534753631,2467.1113298790788,1,1,249.9,87.37,19800.0,2017-10-17 23:40:33,2017-11-21,2017-11-13 19:42:08,26,0,34
a9d5a5f1ce00ef0a80bd1f6e66b291a2,92f640eaa92da7fa7edc6ea1cdd54814,PA,belem,-1.4630158658030092,-48.48808887193567,SP,-23.54503306703846,-46.26184741683954,2467.1042895758837,1,1,1326.0,150.8,30000.0,2017-12-27 13:04:55,2018-02-02,2018-01-09 22:10:36,13,0,36
c21f62eab437a5529f7dd3076e7da0e4,49de7e22a4f0bc177da828cd0866d59a,PA,belem,-1.4478332105285268,-48.49009678052688,PR,-23.382421483292536,-51.92932485314671,2467.0472172650334,1,3,384.0,128.79,564.0,2018-01-29 16:45:03,2018-03-15,2018-03-05 18:51:33,35,0,44
7bbaf5678aa799c667b939cb8a8b0294,36bebcb0ffc46c9e5f46a67ebc358010,PA,barcarena,-1.5080751406619344,-48.62332303710737,SP,-23.608557917740683,-46.613331924231765,2466.987553083677,1,1,129.9,39.18,1200.0,2018-06-30 17:59:29,2018-08-08,2018-07-11 18:46:40,11,0,38
d1c60fd7acd42b1d2e2aecfeff348b23,6ecd184747f5f3fbb14e113c9bd9c6d8,PA,belem,-1.4364370877284982,-48.45454573829979,SP,-23.54682895530619,-46.56705535720467,2466.966208099694,1,1,49.99,17.63,250.0,2018-02-18 09:31:03,2018-03-22,2018-03-21 00:02:46,30,0,31
c7fda56679ce4368d59d2d9511b3c19d,6565af20feeebef7ba6555d673c9b418,PA,belem,-1.4478332105285268,-48.49009678052688,SP,-23.552032416180964,-46.53746144532288,2466.868560440072,1,1,159.99,23.4,1400.0,2018-08-06 20:11:35,2018-08-29,2018-08-16 20:25:36,10,0,22
e93a08b4b8bec070a829d321c8172c49,5f6c68f6eed9f11f14dae6a843a4a756,PA,belem,-1.4549937799064998,-48.47203605785113,SP,-23.547626832361928,-46.41823026242136,2466.5418753666336,1,1,69.9,17.77,700.0,2017-05-31 12:15:03,2017-07-05,2017-06-09 20:19:51,9,0,34
32386e3cef2cb1882324612240a96cad,20ee45e58e3b3e73a33674d983b710ce,PA,belem,-1.4364370877284982,-48.45454573829979,SP,-23.53877907744238,-46.53850883971953,2466.3302569744183,1,1,11.99,17.63,275.0,2017-05-27 21:48:49,2017-07-03,2017-06-07 14:50:26,10,0,36
6e92a04973cb201200ecb4d6f82bb5bd,dc74aac682ad015d9b0e0fa85182e16f,PA,belem,-1.4537426852674302,-48.4881708871833,SP,-23.56072295337296,-46.63277989454088,2466.304218053224,1,1,24.99,17.63,100.0,2018-03-02 17:45:24,2018-04-02,2018-04-11 17:52:32,40,0,30
3eb2926661890add37ff467c6c5ead88,919e71e89a5acd45b0d25d59583b63e1,PA,belem,-1.447242809963,-48.475744038952335,SP,-23.54241282514857,-46.49070640341336,2466.169230780634,1,1,17.0,17.63,275.0,2017-07-09 09:48:45,2017-08-11,2017-07-17 18:04:05,8,0,32
36e138bc060bf5e8b34ff5a25cdef48c,4d31a630dc3cd14ed82fe2930834841b,PA,belem,-1.4350490220441132,-48.4687608538578,SP,-23.541598503606675,-46.62414668982417,2466.163794066212,1,1,152.99,25.07,550.0,2017-04-02 15:25:31,2017-05-12,2017-04-12 18:09:07,10,0,39
f73aa9d9da868421ed166e66df561602,26cf824d990f4e2e89a215ab62b61873,RO,porto velho,-8.736170472807165,-63.8785628959824,MG,-19.846563799218984,-44.02754145235257,2466.103998113784,1,1,59.9,27.48,500.0,2018-05-07 08:48:34,2018-06-11,2018-05-23 16:48:27,16,0,34
7b511d9d317e777fb4552fa4c7dc717e,f08b3962307cba722fa392226a16c26b,PA,belem,-1.4478332105285268,-48.49009678052688,SP,-23.54682895530619,-46.56705535720467,2466.0221799598303,1,1,139.99,19.52,700.0,2017-07-10 12:23:45,2017-08-11,2017-07-21 16:43:37,11,0,31
9eddcb9c8cbfd8719bbc6b147ef32735,ba11fbc3a42907d4018c0dee4ea35969,RO,porto velho,-8.743945699931716,-63.89648266653547,SP,-23.542520789115148,-46.63533516134283,2465.9963306613686,1,1,23.9,24.35,225.0,2017-02-04 12:28:55,2017-03-15,2017-02-20 15:45:36,16,0,38
8d4109569482ba175b5497482e79522a,efa62c03d176d71ec447fd71f55dc12f,RO,porto velho,-8.802065344725001,-63.86504975308944,SP,-23.67008162864273,-46.66049702840489,2465.9853744364536,1,1,169.99,30.6,2250.0,2018-01-01 19:50:28,2018-02-08,2018-01-19 20:25:41,18,0,37
28389b71d3f42441624656e3b733ca4e,1c973f73641c8efd98efd0eabf3a082e,PA,belem,-1.428168145680862,-48.467978469761576,SP,-23.532644063015663,-46.62071847530148,2465.9575183680167,1,1,239.9,20.59,400.0,2018-07-19 16:16:23,2018-08-14,2018-07-31 00:06:38,11,0,25
5c0e380378173f527a28ef4ee84cd65f,3f94bcd8f02a112df65eb3f1957f1d75,PA,belem,-1.4537426852674302,-48.4881708871833,SP,-23.54953451762937,-46.54078188711117,2465.888894672008,1,1,48.9,37.9,1750.0,2017-06-07 07:58:09,2017-07-10,2017-06-28 12:32:01,21,0,32
2f83083c33a1f0bd8f5c9a4ac807ff0a,08c7e9277e931b338a239e83980b067d,PA,belem,-1.444996720209064,-48.48452464695026,SP,-23.54919071579432,-46.64818240521669,2465.830465067941,1,1,159.0,27.77,2500.0,2018-07-19 00:27:48,2018-08-14,2018-07-30 18:16:50,11,0,25
b810ef1d201da0f2a60f1f79675f9d3a,da44295f56502a7dea82924018b264a3,TO,araguaina,-7.1997960234950895,-48.20951846307901,RS,-29.15536700273888,-51.51516125561644,2465.796373397633,1,1,129.0,85.61,6450.0,2018-04-23 11:42:08,2018-05-28,2018-05-10 22:44:59,17,0,34
51b293b7ef9af17da9a922ce4069c202,81807f6e141a41c8b2005b775042a5f4,PA,belem,-1.4280537705001086,-48.46444616013624,SP,-23.54142641046816,-46.77556079199594,2465.6241052400733,1,1,113.4,18.07,300.0,2017-11-25 09:27:31,2017-12-29,2017-12-07 19:15:09,12,0,33
f96dfec9545ecebba08048ed870746bf,970515eb16061ca18073f474826785ef,PA,belem,-1.4702139225576074,-48.49028477130817,SP,-23.576826793496515,-46.71598858744651,2465.569252133634,1,1,119.99,21.24,887.0,2017-12-11 11:00:50,2018-01-16,2018-01-15 23:33:23,35,0,35
6529605bc64275a6d53b085062f39d98,ab9c9ce20060a9d3aaf8071ac7d04674,PA,belem,-1.4608350968321056,-48.49793840862653,SP,-23.552032416180964,-46.53746144532288,2465.500061912116,1,1,118.99,21.23,1600.0,2017-08-02 18:10:20,2017-09-05,2017-08-09 20:10:13,7,0,33
c097e1a4e7912ab6cb8d54df8de9b73e,4ae327c54f9fbb1bd9dfab1e5ea6a238,PA,belem,-1.438117507213356,-48.46256080593268,SP,-23.537493461278807,-46.63974517262972,2465.1804672823346,1,1,21.9,19.04,150.0,2018-05-14 21:18:41,2018-06-12,2018-06-01 20:21:29,17,0,28
4bc6bfbf65a140de5b9803eefad6ef41,915859a34b24020b5b9fd32c8ac40f0d,PA,belem,-1.4611951151826312,-48.478553025535234,SP,-23.5397205,-46.43633556480467,2464.8679094334398,1,1,27.99,24.35,300.0,2017-04-08 22:27:52,2017-05-16,2017-05-02 15:07:49,23,0,37
27de70aab873d2512659020719964c2a,3de38d0a33d028dfbcf7579f55303287,PA,belem,-1.447242809963,-48.475744038952335,SP,-23.539439503750906,-46.63284391414975,2464.5579662148148,1,1,44.0,19.04,200.0,2018-05-17 16:37:29,2018-06-22,2018-06-09 14:22:02,22,0,35
0960eb7bc90d80c2f02eddc17c25ee2f,0daa7bd937255d73f48e190e51151a17,PA,belem,-1.450322481641738,-48.45993694028527,SP,-23.541598503606675,-46.62414668982417,2464.394119316522,1,1,40.0,24.8,200.0,2017-10-05 10:40:02,2017-11-13,2017-10-27 19:22:05,22,0,38
2d79c4e3754b1f344d6695435b1a92a6,e0cebe0f49ba41391a103c4958449eca,PA,belem,-1.450322481641738,-48.45993694028527,SP,-23.541598503606675,-46.62414668982417,2464.394119316522,1,1,40.0,17.63,200.0,2017-07-26 16:20:12,2017-08-30,2017-08-09 10:45:58,13,0,34
b016e83fc2a89900d779cb964fe867fd,c796c3a313dd75ad22941134a3f004ee,PA,belem,-1.4143021610625788,-48.44500122170078,SP,-23.48488009615481,-46.36654993289185,2464.343937701582,1,1,149.94,58.85,11700.0,2018-07-16 21:58:19,2018-08-28,2018-08-08 15:08:49,22,0,42
c3d9e402b6a0fbe2a5f7fc5b41117c38,5720a15d022c09d2634c71c80c8d4102,PA,ananindeua,-1.3848929999999946,-48.42501605894997,SP,-23.484744245568784,-46.7347960830412,2464.1381497938314,1,1,189.0,48.45,2750.0,2016-10-04 10:16:04,2016-12-08,2016-11-08 10:41:54,35,0,64
e4a657b5747128e2b9e52f25e8255155,dc2b3dcd05d1ae7b7e07fb6ac14bc26b,PA,belem,-1.444996720209064,-48.48452464695026,PR,-23.421459816219063,-51.42339861868795,2464.129042677455,1,1,110.0,67.69,6200.0,2018-04-09 21:14:06,2018-05-16,2018-05-25 20:41:48,45,0,36
52a17b4eb2b183eebabe108b91962001,e3dc903c745deeb6a71693af97133ab5,PA,belem,-1.4564705087998835,-48.47931988606284,SP,-23.54549460399061,-46.650239412718506,2464.0862630419488,1,1,37.99,20.75,1250.0,2018-01-12 23:58:44,2018-02-16,2018-02-08 23:25:41,26,0,34
db5f60962b917b4dd9d73efd3e121ff6,40803048d3a6898a71048ad33d7166de,PA,belem,-1.424274947256112,-48.473887637919226,SP,-23.50926448483579,-46.60351726922744,2464.001494860236,1,1,81.9,22.63,1350.0,2018-03-17 01:58:13,2018-04-17,2018-04-28 14:57:57,42,0,30
199252c8392d7a5363c63e239086c091,49486aba6317107740a2b48f3b175671,PA,belem,-1.4564705087998835,-48.47931988606284,SP,-23.539439503750906,-46.63284391414975,2463.5661379541684,1,1,79.9,19.1,2200.0,2017-12-11 15:10:00,2018-01-16,2017-12-27 17:38:00,16,0,35
1688c2ea4929b519cfc4653742e736ec,4cbce741dce59bb0b8e5ec5cf3c4b054,RO,porto velho,-8.756458065449426,-63.87552318025777,SP,-23.551666072162263,-46.64123080586009,2463.545638199093,1,2,48.0,45.78,400.0,2018-06-26 11:12:16,2018-08-03,2018-07-05 21:05:29,9,0,37
5a4fb5816ef33f8e7514eb2719b794ea,d0351c04e02774821a6b7119ad0ae8df,PA,belem,-1.4549937799064998,-48.47203605785113,SP,-23.537493461278807,-46.63974517262972,2463.3911933722266,1,1,13.3,17.63,175.0,2018-01-15 20:07:42,2018-02-19,2018-01-26 23:48:59,11,0,34
a653bb2e2418fd13d746e3639879aa83,404e9aa29dd2f4f68be287245f0e1e50,PA,ananindeua,-1.352870982970248,-48.39185700220565,SP,-23.429413786427386,-46.49734932542269,2463.284979273637,1,1,979.0,49.3,7350.0,2018-05-09 10:34:53,2018-06-12,2018-05-28 13:51:17,19,0,33
126571e0640aed9ed9166104b8605bf8,a814d900341ec8788f9787e402d25b17,PA,belem,-1.438117507213356,-48.46256080593268,SP,-23.527214475445724,-46.7315398082117,2463.272336821205,1,1,41.9,17.63,50.0,2018-03-02 13:46:47,2018-04-02,2018-03-21 15:27:25,19,0,30
5772e7bcf14445f0aecc59de975ecaef,7b3e9422b4c8dcb4f68ce2a0227a1959,RO,porto velho,-8.802065344725001,-63.86504975308944,SP,-23.46873685567546,-46.51806246391887,2463.2093200515988,1,1,147.9,34.7,7150.0,2017-07-26 14:41:36,2017-08-29,2017-08-11 17:50:17,16,0,33
3ca9bfb188b7a5dee65700923d088502,5eff91883bfa0e1c833a292e1a30e0bf,PA,belem,-1.4280537705001086,-48.46444616013624,SP,-23.48488009615481,-46.36654993289185,2463.0123821787056,1,1,196.99,65.5,16133.0,2017-11-28 12:25:35,2018-01-09,2017-12-19 01:05:54,20,0,41
710a55479936de44ffc31ad83de75285,0e222df71329466b86b2351431a67fe0,RO,porto velho,-8.74806526700877,-63.85918024193474,SP,-23.551666072162263,-46.64123080586009,2462.900207855836,1,1,28.9,22.92,200.0,2018-07-05 08:55:50,2018-08-07,2018-07-14 17:54:49,9,0,32
89126186f0b78662f15170c9e65ee9bb,cd3d0bb78975094b490171b65bca8c64,PA,belem,-1.4615863106800238,-48.50251610355552,SP,-23.53661063849616,-46.65758461809682,2462.6721822608447,1,1,120.0,19.38,500.0,2018-02-14 19:09:14,2018-03-19,2018-03-15 01:06:49,28,0,32
fd905a86dde23ea43876bd2c8f266221,e16470b87375801e2d9e881764b7305e,PA,belem,-1.4647367971318463,-48.49291550542435,SP,-23.523957293092487,-46.46187852233399,2462.623199770419,1,1,388.9,22.77,651.0,2018-06-08 10:50:41,2018-07-24,2018-06-29 22:18:57,21,0,45
21068b8eb0d85fa340b2cfaecaec42a8,99e39303c6136e74340a46d9b858b3de,RO,porto velho,-8.765998858024522,-63.89314474007578,RS,-28.28834453416741,-52.79139806482223,2462.538419986759,1,1,169.9,61.47,450.0,2018-06-14 22:43:46,2018-07-30,2018-06-27 17:08:43,12,0,45
f4b5549e1f7d4f62f52b0512657744c3,7542eb12d0319a6d3341f982a9a45433,PA,belem,-1.468376488458801,-48.46416098230457,SP,-23.539439503750906,-46.63284391414975,2462.114803583711,1,1,47.99,19.04,400.0,2018-05-05 17:40:40,2018-06-13,2018-06-05 20:39:03,31,0,38
cb6c4a73c3a96d368b2eb15d29d0a243,b493af162186d2b09bb066045b51650a,PA,belem,-1.4678821362744563,-48.474985155141965,SP,-23.537493461278807,-46.63974517262972,2461.9879301751685,1,1,18.0,19.04,150.0,2018-05-10 12:00:17,2018-06-11,2018-05-29 20:16:43,19,0,31
21938ab3a8cc42a797d428700bcf04ee,e20180b079f2d5685df5563e2483450b,PA,belem,-1.4364370877284982,-48.45454573829979,SP,-23.48488009615481,-46.36654993289185,2461.986098363461,1,1,159.94,40.39,12650.0,2018-01-21 21:10:31,2018-03-16,2018-03-06 21:49:32,44,0,53
bb4eb3e71b30365a580e5a718bd8d1ae,e15fc5eebbb46681049d28f79fde5419,PA,belem,-1.4549937799064998,-48.47203605785113,SP,-23.51633441909516,-46.54744111705809,2461.8653199639234,1,1,151.72,23.34,200.0,2018-07-24 08:10:01,2018-08-22,2018-09-01 01:22:46,38,0,28
3dc1f7f4445977c3aab08a1398b06fd2,f4db3c45bb179f36429fb704d9554ccf,PA,ananindeua,-1.359557305472045,-48.40294922075292,PR,-23.312292978422285,-51.36473900914616,2461.848578422376,1,1,79.9,29.49,200.0,2017-04-28 21:01:41,2017-06-05,2017-05-16 13:58:01,17,0,37
f2e7c5a142f10116a1e657090e50e83a,2ff40950a6ed1f599cdc0ef052862ca6,PA,belem,-1.373444999999998,-48.43720384510427,SP,-23.436518883014024,-46.555788787339054,2461.6749412766208,1,1,299.99,28.76,1700.0,2018-06-12 21:50:27,2018-07-23,2018-07-04 18:05:41,21,0,40
4f917f92cc24478eff10b08c7a8d0d3c,e94bc388ebb638442a3002cb89b303f8,PA,belem,-1.4042792828206936,-48.45004791348576,SP,-23.464392221253405,-46.54089662683938,2461.593124090424,1,1,25.9,19.09,268.0,2018-08-14 06:25:24,2018-09-06,2018-08-27 20:41:47,13,0,22
b836e1c1c40c654579a704da62705543,76a9635a8a8946b470a9ad3ed3362951,PA,belem,-1.468376488458801,-48.46416098230457,SP,-23.52770504385709,-46.549672594101146,2461.549977269094,1,1,119.9,23.12,1533.0,2018-08-01 13:18:49,2018-09-03,2018-08-21 12:37:35,19,0,32
e3f7a673dd1981e0d7b330c8a7220220,8daafb5e7776c08e384b8bdd6b708dfc,PA,santa isabel do para,-1.3071067045415337,-48.04169270069524,RJ,-22.93534069637593,-43.186718398333056,2461.4189566781647,1,1,299.99,28.36,1600.0,2017-01-24 09:04:09,2017-03-15,2017-02-06 11:23:58,13,0,49
f83c68e578bac1175f2406be22ffa402,ab42f0d79cbb06a620ad8cdf613aaa04,PA,belem,-1.447242809963,-48.475744038952335,SP,-23.48488009615481,-46.36654993289185,2460.9993651491022,1,1,192.99,133.81,17000.0,2018-03-11 11:00:55,2018-04-26,2018-04-11 01:06:31,30,0,45
d4b9a0a5998cc96610a91b5de647f440,59b5afd367220e7d7e8b23cf010e44c7,RO,porto velho,-8.74806526700877,-63.85918024193474,SP,-23.652442526788203,-46.75549168747648,2460.990023950351,1,1,56.0,21.19,300.0,2017-09-24 01:16:02,2017-10-31,2017-10-09 18:33:56,15,0,36
e563afc47cb5fafb2ed8869e9e822e38,9e0e1eb6448467c246211a9688efeb47,RO,porto velho,-8.74806526700877,-63.85918024193474,SP,-23.652442526788203,-46.75549168747648,2460.990023950351,1,2,48.0,45.7,300.0,2018-03-16 15:44:57,2018-04-18,2018-04-10 21:34:47,25,0,32
4a5ae0241cc3b71a2ebeaafdac23168f,e1f84ac160ef6931ca5a907ff08ca26a,RO,porto velho,-8.74806526700877,-63.85918024193474,SP,-23.652442526788203,-46.75549168747648,2460.990023950351,2,2,68.9,55.3,450.0,2017-06-03 14:21:12,2017-07-10,2017-06-14 16:42:36,11,0,36
b67f6518481ab5413b3ef3c6790bd80a,404b2eb61444fc048a4f341afcbc0177,PA,belem,-1.4500624701799327,-48.46672072479669,SP,-23.508732635581964,-46.61831878642738,2460.8913299170795,1,1,75.0,17.81,350.0,2018-02-08 19:56:39,2018-03-14,2018-03-07 23:54:50,27,0,33
13990518755c419d33e4fb67c28e843f,bb6fbf6fc0129c677084ae0f9e41e356,PA,belem,-1.4537426852674302,-48.4881708871833,SP,-23.49901135775293,-46.48301004717532,2460.832992295921,1,1,98.9,17.97,100.0,2018-02-03 15:45:11,2018-03-13,2018-03-02 22:19:08,27,0,37
3e7b10e577a57c52ab3232d3137bf444,caaf57c5210b87023c43e7d82c1b130b,PA,belem,-1.4537426852674302,-48.4881708871833,SP,-23.508732635581964,-46.61831878642738,2460.671683391631,1,1,120.0,19.53,350.0,2018-04-06 15:28:46,2018-05-11,2018-05-10 15:32:04,34,0,34
49410e2fb311cf8b70baeea98a3cdbf1,973d4d86f73cebd0e362b5e7b1ff21b6,PA,ananindeua,-1.36348899786207,-48.37545212840183,RJ,-22.916833051618703,-43.21798092630852,2460.4657802516986,1,1,19.9,27.42,100.0,2018-08-01 22:05:17,2018-08-29,2018-08-13 12:03:53,11,0,27
f26fa27bb0f1337c570d70e32fc2e413,d8d77a2b743c3bb40884334bb157954d,PA,belem,-1.4293625810490702,-48.48511736671568,SP,-23.48162735997463,-46.61653928504239,2460.360163566263,1,1,9.9,19.04,125.0,2018-07-12 16:22:47,2018-08-07,2018-07-24 23:40:44,12,0,25
232ea59cdf4f9ff14bad61399d646d7c,34eb26c3f18b5b9033447908332a0043,PA,bonito,-1.3641416075358304,-47.30706678944424,SP,-23.47872386955392,-46.58823999999999,2460.250304493718,1,1,49.9,25.63,100.0,2017-05-16 22:03:39,2017-06-30,2017-06-09 05:13:01,23,0,44
1b90f9331b9a9fa6f2563ea6a3bacf1b,3a488b62b5f838611ddd622f945fdf0e,PA,belem,-1.4549937799064998,-48.47203605785113,SP,-23.48488009615481,-46.36654993289185,2460.104054310061,1,2,239.88,73.72,15026.0,2017-07-27 18:53:08,2017-09-05,2017-08-14 19:32:47,18,0,39
7dc612f01ed1ea109cca1490c9e59a7d,1f36b92329b44c41b271497703be85e6,PA,belem,-1.447242809963,-48.475744038952335,SP,-23.49189491395926,-46.54629394463038,2460.061761756097,1,1,105.0,19.71,4800.0,2018-05-10 17:44:55,2018-06-11,2018-05-28 20:58:27,18,0,31
941019ce2dd2c6e0283d3dd469b1c5a0,d115aaf6fb79cd479663952ea015e1f5,PA,belem,-1.4630158658030092,-48.48808887193567,SP,-23.48488009615481,-46.36654993289185,2459.3759283532386,1,1,139.97,92.35,7563.0,2017-03-27 14:36:39,2017-05-16,2017-04-27 14:07:10,30,0,49
81197e2ef0c78f09e8ffd8a87efaf57b,243e878db91f17c94ef54a3338315e1e,PA,belem,-1.4630158658030092,-48.48808887193567,SP,-23.48886692200935,-46.41156105828381,2459.3707385548823,1,2,211.2,38.56,1650.0,2017-11-27 09:14:52,2018-01-10,2017-12-28 19:50:10,31,0,43
718260f4f9c54fa6e56cfc5d2389e563,e2510bf12e9b671330c78abaf435ee61,PA,belem,-1.455279677674414,-48.49656796100467,SP,-23.50592881681004,-46.72415478475394,2459.352498671034,1,1,114.9,21.2,1200.0,2017-12-19 13:01:19,2018-01-24,2018-01-05 22:16:33,17,0,35
c68f9fba87fb85ad8be4ae66379b138c,05389eed76026df7e3492a16dc57733c,PA,belem,-1.4143021610625788,-48.44500122170078,SP,-23.45787959727913,-46.602366377287325,2459.1712660401704,1,1,179.0,18.53,150.0,2017-09-30 12:48:45,2017-11-06,2017-10-20 23:21:19,20,0,36
7cf158d0e4744ba4ce58e5a9be631f7e,8558227007218197a4d8ac26e41ab22f,PA,belem,-1.4042792828206936,-48.45004791348576,SP,-23.437197,-46.51136742270183,2458.849613356732,1,1,157.77,18.38,450.0,2018-01-13 09:31:19,2018-02-19,2018-02-08 02:23:53,25,0,36
32744f120083b73a94a86096a61ca1c8,2bdb1510d7fa5e2e324f53d7b0ecb0d8,PA,belem,-1.4350490220441132,-48.4687608538578,SP,-23.48085590563506,-46.71032357035894,2458.7004687516915,1,2,95.8,40.79,1600.0,2018-04-07 12:55:00,2018-05-08,2018-04-25 18:30:49,18,0,30
ac58bda50dfac642d4f72dbf95a1c179,dadfaecf6c09eda0dcbe4e61de02f4fe,RO,porto velho,-8.74806526700877,-63.85918024193474,SP,-23.542514413266773,-46.69163303274858,2458.2730845198257,1,1,25.9,21.15,100.0,2017-09-17 22:57:10,2017-10-19,2017-09-26 20:32:51,8,0,31
0d902dd22c7c40a55b0edbd70ab87fc3,a9558995b6d102f6216229476ff11b3b,PA,belem,-1.4042792828206936,-48.45004791348576,SP,-23.429413786427386,-46.49734932542269,2458.116659497377,1,1,159.0,21.16,550.0,2018-05-04 10:32:08,2018-06-07,2018-05-24 18:32:00,20,0,33
271c268d4d21a60bfad6ddb92be3ba3b,6d2eff8b896317be39088c57f793c025,PA,belem,-1.4150699999999945,-48.47545681482746,SP,-23.437197,-46.51136742270183,2457.888343491228,1,1,69.77,17.77,100.0,2018-01-11 22:16:27,2018-02-15,2018-02-07 01:04:27,26,0,34
f7e13134cbda2f29f8690ed0dcb2e480,31cfcb9600cd06fceaf0839ab20c061a,RO,porto velho,-8.74806526700877,-63.85918024193474,SP,-23.48485715377393,-46.64938031668012,2457.574849926945,1,2,298.8,74.75,9600.0,2017-03-27 03:02:50,2017-05-09,2017-04-29 12:30:06,33,0,42
bb4bca7a32efb68689c2d0d08fcd6c64,250dbd896bca419115897d25600ef772,PA,sao sebastiao da boa vista,-1.7159217919779817,-49.53153469978126,SP,-23.652442526788203,-46.75549168747648,2457.4886885591704,1,1,129.0,38.95,250.0,2018-03-09 00:35:06,2018-05-10,2018-03-22 17:31:23,13,0,61
6700e629f418ddeb79399ea782299e0b,e288e444e861a640a1180abf998c44a6,PA,belem,-1.447242809963,-48.475744038952335,SP,-23.48085590563506,-46.71032357035894,2457.4065645987507,1,1,45.9,18.89,800.0,2018-01-18 14:10:18,2018-02-22,2018-02-02 22:22:19,15,0,34
e4be13e2fd66a70ce8fb95ce428a8709,5d4ae5d223a0e0651cf67856cf17cd06,RO,extrema,-8.793546446948538,-63.84496559084642,SP,-23.47872386955392,-46.58823999999999,2457.3731789357234,1,1,49.9,22.85,150.0,2018-04-25 08:57:16,2018-05-29,2018-05-21 17:26:29,26,0,33
5ba96da244b3eb9310e1f91bc3c6acff,c8565a39b16d5f0f35895dc6dba5f72f,PA,castanhal,-1.284758721526353,-47.92646004081157,SP,-23.302661247830148,-45.97283979175633,2457.33290176185,1,1,65.0,25.73,300.0,2017-07-13 13:39:11,2017-08-23,2017-08-04 16:59:05,22,0,40
e225050f709a0409b3a30c63fa35c6da,b525cf1e595a9c0b3e82ae9d60b1ff96,PA,ananindeua,-1.359557305472045,-48.40294922075292,SP,-23.406901724083777,-46.84254171963375,2457.320716453558,1,1,108.9,23.04,1850.0,2018-08-05 16:34:25,2018-08-27,2018-08-14 16:25:29,8,0,21
4eec0b5ff6aded761dc1f21134fe5e85,d9f9f09b7191b910ddaa29d8f57d4249,RO,porto velho,-8.802065344725001,-63.86504975308944,SP,-23.473052978908186,-46.60034358604072,2456.95866494342,1,1,54.99,21.18,250.0,2018-02-20 10:25:52,2018-03-26,2018-03-08 18:38:49,16,0,33
8f0dec20d92d7f1c553d41ed603d57cf,d19c3418d4f7e139dc545de1ff45f41d,RO,porto velho,-8.802065344725001,-63.86504975308944,SP,-23.473052978908186,-46.60034358604072,2456.95866494342,1,1,49.9,21.15,300.0,2017-08-30 09:53:59,2017-10-02,2017-09-14 21:23:24,15,0,32
734241db1abdbddb6dbb6fcf6671ed08,790b7e044becdf5408d21b59cdc85b10,RO,porto velho,-8.802065344725001,-63.86504975308944,SP,-23.473052978908186,-46.60034358604072,2456.95866494342,1,2,234.89,46.63,650.0,2018-05-04 09:09:50,2018-06-07,2018-06-05 19:38:31,32,0,33
1baadc6ea58da9e96c906bca98b8b15f,c91c30cd04bca31b0898185a149163c5,RO,porto velho,-8.802065344725001,-63.86504975308944,SP,-23.473052978908186,-46.60034358604072,2456.95866494342,1,3,154.7,63.55,650.0,2017-09-21 11:07:39,2017-10-27,2017-10-11 19:32:44,20,0,35
a0de51cbad4f3e14a380e07a0b88ee7a,1d105baee439636393150693975dc2cc,RO,porto velho,-8.802065344725001,-63.86504975308944,SP,-23.473052978908186,-46.60034358604072,2456.95866494342,1,1,34.9,24.35,150.0,2017-03-04 14:55:51,2017-04-06,2017-03-17 12:25:05,12,0,32
ead53bfbfe51cbde79b7a6e413627d03,6ff454ccc811de7423c70b5b3b8a5164,PA,belem,-1.311891948319029,-48.45705445526978,RJ,-22.870342477927228,-43.47241109832717,2456.886010910289,1,1,120.0,27.9,850.0,2018-05-02 23:06:51,2018-06-04,2018-06-01 19:24:29,29,0,32
aa50fc2b2c3610cef0e3ddcb6e4dd8d3,3d1bc9e30f369cb03885b12b40e07fc8,PA,belem,-1.3346684976054082,-48.47478039263629,SP,-23.289054409429703,-45.96374003220031,2456.197948966468,1,1,217.9,26.81,2100.0,2017-05-25 14:50:06,2017-06-29,2017-06-06 13:59:14,11,0,34
f3a33f848e8832a478311936fc91296d,da0ee5f74db80f23d8d83f7a24fedcc1,PA,belem,-1.4630158658030092,-48.48808887193567,SP,-23.47504935443472,-46.59203962461768,2456.145901036656,1,1,228.0,44.27,2150.0,2018-08-08 10:07:59,2018-09-03,2018-08-24 19:25:31,16,0,25
17f124568e4923bc842f832fe7fa758a,fac5d37372ed33c445aaee31a0be462f,PA,belem,-1.4304219467078465,-48.44961712406944,SP,-23.437197,-46.51136742270183,2455.9486390857005,1,2,245.98,36.28,800.0,2018-02-03 08:45:45,2018-03-14,2018-03-09 18:32:27,34,0,38
6d0e0305d6f6df15685493270ac1d986,94dad91b40a7449b2f3a4df8f1d4554e,PA,belem,-1.447242809963,-48.475744038952335,SP,-23.46798088703906,-46.72057200874258,2455.89436588605,1,1,21.2,19.04,150.0,2018-06-06 11:27:30,2018-07-24,2018-06-22 12:08:41,16,0,47
c19eed4d32cfb9fb91c6966ce38f7aa0,42f96959b77ac869847e99386e2454ce,PA,belem,-1.4562147327025412,-48.45270671133473,SP,-23.467733926399863,-46.58688539807545,2455.820353168825,1,1,108.99,27.2,2050.0,2018-06-03 15:23:56,2018-07-20,2018-06-22 17:32:26,19,0,46
29d3feafff91c156f661f3cfed630f1b,f54c7a8f5e41902e3b093cce09cb4831,PA,belem,-1.405299280405649,-48.43285456068321,SP,-23.40452297668648,-46.46985943297361,2455.342739737544,1,1,65.5,19.37,1025.0,2018-06-24 21:13:11,2018-07-27,2018-07-13 18:18:51,18,0,32
9c9b21a2db3ef4c7109f69f7f3614d71,0b5ed41783e17d8e75af1284dff5b43d,PA,belem,-1.4611951151826312,-48.478553025535234,RJ,-22.93534069637593,-43.186718398333056,2455.2005025077333,1,1,279.99,37.32,2900.0,2017-09-23 15:56:48,2017-10-27,2017-10-11 21:37:44,18,0,33
d831255ebb12ef3a8d6dddb6fb54b5c8,61e37cd4d08ef3e66a5101b5545aadf4,RO,porto velho,-8.743945699931716,-63.89648266653547,SP,-23.552859590255665,-46.78238998184588,2455.0994377140382,1,1,229.0,28.37,1350.0,2018-08-16 17:12:33,2018-09-18,2018-08-28 13:38:49,11,0,32
6178aa2d0a4a19e5c27c9086dfffee18,80daa5cf717bc359cab1de3b48034771,PA,santo antonio do taua,-1.152284274325296,-48.12969098364073,SP,-23.20712579877664,-47.30927660866177,2453.984286346179,1,1,32.9,24.84,950.0,2017-02-18 14:29:14,2017-03-31,2017-03-16 09:45:49,25,0,40
2cb5ed8e391a8ef966fe938d480510b1,6ea342594088a8d78a51e55e38053887,RO,porto velho,-8.753266768130358,-63.90610729536063,SP,-23.57241932843741,-46.81889442976561,2453.637086541755,1,1,130.0,21.71,450.0,2018-03-03 10:12:47,2018-04-06,2018-04-11 16:59:50,39,0,33
f5695fb0596df12b626efc77bd076d57,1422cff2e1205bf62421bb34b6549593,PA,belem,-1.444996720209064,-48.48452464695026,SP,-23.42439868040567,-46.5276677164868,2453.087929857804,1,1,84.9,19.13,669.0,2017-10-20 21:59:42,2017-11-23,2017-11-17 21:18:46,27,0,33
5990719adf4d9d93dd602a9e14879bc3,045eecf8b7d258d4ac84816515328236,PA,belem,-1.4608350968321056,-48.49793840862653,SP,-23.437197,-46.51136742270183,2453.027764290232,1,1,122.99,18.14,400.0,2018-01-30 10:50:41,2018-03-08,2018-02-27 20:55:44,28,0,36
9e607cec8bd33ad2250970a82dc17011,894680d04196842f885d856fa217e281,PA,belem,-1.468376488458801,-48.46416098230457,SP,-23.437197,-46.51136742270183,2451.876844784619,1,1,122.99,19.55,400.0,2018-04-06 17:29:04,2018-05-11,2018-04-30 16:06:53,23,0,34
918b23cbb191b942f9b138e7aafb295c,6b9f8eca47be692d9b7fb3e1e18b09e6,PA,belem,-1.468376488458801,-48.46416098230457,SP,-23.49184373665444,-47.4095082072799,2451.535270782944,1,1,27.9,25.63,100.0,2017-12-06 16:57:11,2018-01-12,2018-01-08 19:34:35,33,0,36
09519116d7d66f8a0ed5c02048573c7d,7ff8e942a84a6cac114e1ef9c331242f,PA,belem,-1.4371287096488243,-48.48804837806534,RJ,-22.888428025246764,-43.30414609838999,2450.0620387168506,1,1,69.9,27.45,500.0,2018-04-05 22:47:52,2018-05-10,2018-04-23 22:44:59,17,0,34
1d0eb66672e5eff7b487f906f5a619ac,7517ff58135290e9df757c3cee7897e6,PA,belem,-1.311891948319029,-48.45705445526978,SP,-23.20414980599,-45.89810482431184,2449.9166693285097,1,1,57.8,25.68,817.0,2017-09-24 22:18:40,2017-10-31,2017-10-16 20:47:23,21,0,36
b40cc054a1791acddb6215a0472b5a81,aace4bee47eecb6e46bf3c316a19813c,PA,ananindeua,-1.3692616173618282,-48.40803133305517,RJ,-22.83745140550516,-43.32323284096027,2449.497405970023,1,1,299.0,29.15,400.0,2018-04-24 16:30:08,2018-05-29,2018-06-13 00:33:00,49,0,34
442dccfb1443cb7035f2b7810f974dd9,adaf88d3b2dd17497e88d690060fe409,PA,belem,-1.4364370877284982,-48.45454573829979,SP,-23.406901724083777,-46.84254171963375,2449.179547303725,1,1,129.9,45.46,5700.0,2018-04-02 21:33:35,2018-05-02,2018-05-11 00:39:08,38,0,29
73c67371d275029330214fcd2b439fcd,69183687970f872e3ff323cc65de88f6,PA,belem,-1.4702139225576074,-48.49028477130817,SP,-23.40452297668648,-46.46985943297361,2448.693007254097,1,1,65.5,19.37,1025.0,2018-06-23 17:11:17,2018-07-27,2018-07-09 21:32:10,16,0,33
8e5a8b1f6cf7513edaf3bf7c5573ebf4,c558d21ca617433df233c7af51f35a08,RO,ariquemes,-9.912030288047893,-63.04099949999999,RJ,-22.523736780962032,-44.18587635574729,2448.6646605149467,1,1,85.99,34.4,400.0,2017-05-24 12:42:59,2017-06-28,2017-06-19 20:35:58,26,0,34
7a3b1ac379d3a8db0d2a257e0148d133,49ecdcbf6991febdfabd4d0e59964d09,RO,guajara-mirim,-10.78071026459307,-65.32923213534946,SP,-23.54241282514857,-46.49070640341336,2448.477923019312,1,1,19.99,24.84,117.0,2017-04-16 18:34:40,2017-05-22,2017-04-27 14:38:58,10,0,35
aaf067f5adccd2b8fdf1a9f651a9148a,62aaae3eaf6f655d97919594b388feaa,AC,rio branco,-9.973390456997782,-67.84030356272721,SP,-21.364019805249217,-48.22883109179936,2447.7770998381184,1,1,179.0,61.53,501.0,2018-06-16 15:30:56,2018-08-02,2018-06-29 21:07:08,13,0,46
294910a301fb69b5ed0b34e8cd946088,13791d6b3c4243f751729367e1f50e15,PA,santa maria do para,-1.347212062466243,-47.57414276696964,SP,-23.302661247830148,-45.97283979175633,2447.437259543385,1,1,87.0,33.06,1617.0,2017-10-16 11:39:58,2017-11-27,2017-11-14 20:43:08,29,0,41
0494d7ef89583fcaf33a1cea4bcfeec2,533d844e0a43ffa5f3b7d6dbe40ebbc5,RO,guajara-mirim,-10.78071026459307,-65.32923213534946,SP,-23.59505531279932,-46.54072370468582,2447.298413858164,1,1,29.9,34.15,200.0,2017-08-21 19:05:01,2017-10-05,2017-09-05 23:40:23,15,0,44
872b07190c0c9c0f13475d2141c4036a,814605f2161337c56520639099b0199f,PA,belem,-1.4630158658030092,-48.48808887193567,SP,-23.405748496249085,-46.74117720320975,2447.179826117682,1,2,129.98,38.74,550.0,2018-07-03 10:10:12,2018-08-02,2018-07-10 17:18:49,7,0,29
63d5822f37657544e6a446762e310267,62bfe1759d3600c7dadff0b3d0d389d0,PA,belem,-1.444996720209064,-48.48452464695026,SP,-23.30395324646543,-45.96258897068984,2445.776494336627,1,1,187.9,39.37,600.0,2018-06-02 12:00:57,2018-07-24,2018-06-19 00:42:05,16,0,51
9520c99fe31b7946785fe4f7c693aa86,2c697b3bc2b09c044f9580ce16d5294f,PA,belem,-1.4630158658030092,-48.48808887193567,SP,-23.302661247830148,-45.97283979175633,2443.561734110948,1,1,149.0,26.32,300.0,2018-01-25 13:59:33,2018-03-08,2018-02-14 21:27:42,20,0,41
944d7c50b61e5da4f70724fe6c541128,51f85bb5c956b0958c65dfefdf996a83,PA,belem,-1.4364370877284982,-48.45454573829979,RJ,-22.870342477927228,-43.47241109832717,2443.2965666499817,1,1,105.0,14.88,1000.0,2018-04-27 14:19:52,2018-06-01,2018-05-17 20:48:43,20,0,34
18dc026cdb7d39abde1489c336528961,84da83b05464fcc3d5b4e16cbc2f724e,PA,belem,-1.4478332105285268,-48.49009678052688,RJ,-22.870342477927228,-43.47241109832717,2442.9070964001485,1,1,105.0,29.99,1000.0,2018-06-29 09:55:42,2018-08-02,2018-07-12 18:59:38,13,0,33
e1b9464e860178e71f17bf7a03b66aa1,21c08e8c0f9b6009b28d08cb10ba449b,PA,belem,-1.4564705087998835,-48.47931988606284,RJ,-22.815872853453754,-43.22428740146579,2441.909164336776,1,1,48.0,25.38,500.0,2017-12-29 16:49:37,2018-02-06,2018-01-19 19:52:42,21,0,38
416481e8a5f360245c85849645837e6b,91c613027d3cd07c35a73748df503df4,PA,abaetetuba,-1.7225254382817428,-48.88243257718304,SP,-23.572462086588985,-46.61617543505108,2441.8389147402813,1,1,39.9,37.04,500.0,2018-03-22 21:50:13,2018-04-26,2018-04-09 21:20:47,17,0,34
7db05b1e41f396b5134f680433a76b70,62a69e5aaedfa52d2a85813b459cd0d3,PA,belem,-1.4615863106800238,-48.50251610355552,RJ,-22.83745140550516,-43.32323284096027,2441.795166603359,1,1,339.0,27.47,500.0,2018-02-24 13:02:15,2018-03-28,2018-03-19 23:04:00,23,0,31
ba35cc167c59bc97e08e9f6b570ce3a1,3cf7b555c5ef3b32cbeff76b50cbdeff,PA,belem,-1.4564705087998835,-48.47931988606284,RJ,-22.870342477927228,-43.47241109832717,2441.7113487858173,1,1,108.0,27.61,1000.0,2017-11-20 17:38:07,2017-12-19,2017-12-11 19:22:01,21,0,28
d002a94b221c08e6dd8ed72e7662d31d,367fd22f1e994de87cf447d29c167a1f,PA,abaetetuba,-1.7225254382817428,-48.88243257718304,SP,-23.571578567026386,-46.62022212163139,2441.6976678101705,1,1,797.6,43.63,625.0,2018-05-16 18:37:58,2018-06-19,2018-06-17 15:14:46,31,0,33
ca135e527ced56014617ee57b5386a2f,89e228202833d7ef75a17cf778a4bf40,PA,belem,-1.444996720209064,-48.48452464695026,SP,-23.24392398633624,-45.88750177901217,2440.0644778518235,1,1,74.89,27.06,214.0,2018-01-29 21:03:16,2018-03-13,2018-02-26 20:41:43,27,0,42
9cd1a38b56d3067cee2bb38aaec7a267,78ff7cba2d0c2c6c1dda40ac4ae7becd,PA,belem,-1.2975210000000033,-48.47028615999202,SP,-23.20712579877664,-47.30927660866177,2439.455636763627,1,1,99.9,29.1,8750.0,2017-10-17 17:06:34,2017-11-21,2017-11-13 18:07:48,27,0,34
4354009cedb567f304b9517e4801c22e,104cbafbeb71d47ad1b0859c555f690c,PA,belem,-1.4630158658030092,-48.48808887193567,SP,-23.322352248071105,-46.58973137816835,2439.253878729792,1,1,54.0,22.44,500.0,2018-05-10 19:41:33,2018-06-25,2018-05-28 19:18:49,17,0,45
259e9a3ad6d4f56fd550257b47ed152b,0f35754e1b342fa944b0028c2dddab5d,AP,macapa,0.069916676324915,-51.050223044367854,SP,-21.757690120914923,-48.82976816265947,2439.04047076755,1,3,269.70000000000005,103.29,6150.0,2017-09-02 19:28:03,2017-10-18,2017-09-22 16:23:35,19,0,45
210815e915694747f4d7f75010d5a665,987b15cf895b62d1fe337652f44f802f,PA,abaetetuba,-1.7225254382817428,-48.88243257718304,SP,-23.545662511930896,-46.641384647440745,2438.6052237684235,1,1,29.9,37.04,250.0,2018-04-18 18:58:54,2018-05-29,2018-06-08 16:53:49,50,0,40
4fc1fb51c00a593d698708ba797bf73c,df2a5fac390ebf96fd3efa70fe4758c8,PA,curralinho,-1.813653345713988,-49.79584145908497,SP,-23.495786339719523,-46.446582525535234,2437.799190698245,1,4,188.76,166.53,3050.0,2018-08-05 19:49:07,2018-08-27,2018-08-22 22:11:39,17,0,21
11120c214b9f50a8c39dbeec8685db6b,e8a2dab1e442d28c1fe38085954fd5ee,PA,belem,-1.438117507213356,-48.46256080593268,RJ,-22.80572828112987,-43.42317527553308,2437.498792241455,1,1,189.99,30.86,1666.0,2017-06-25 23:06:20,2017-07-28,2017-07-05 12:14:31,9,0,32
5c9a09fd2021bf429b060aa68282c87a,ec932452f1cccb28ab8c35b5fcb9d595,PA,belem,-1.4478332105285268,-48.49009678052688,SP,-23.22230412572855,-45.88797225437128,2437.4280830970256,1,1,170.0,27.73,717.0,2017-10-05 22:27:21,2017-11-10,2017-11-13 20:26:54,38,0,35
43e1469a7223634749c63daf05d5553a,aba4b03424668feae599fff4122142c8,PA,ananindeua,-1.359557305472045,-48.40294922075292,SP,-23.211061972115367,-46.76376569389638,2436.204137001295,1,1,99.0,29.09,5850.0,2017-11-11 09:56:10,2017-12-18,2017-12-02 19:35:11,21,0,36
437222e3fd1b07396f1d9ba8c15fba59,9b39de85d94d55a21991e70b04305d6e,AP,macapa,0.0335411401319673,-51.07000546471101,SP,-21.757690120914923,-48.82976816265947,2435.2277035001166,1,2,195.8,59.24,2700.0,2017-03-16 11:36:00,2017-04-28,2017-09-19 16:28:58,187,0,42
207fb26690b0cac4a3d8b36808b54833,ac14c96de0060afc775af479d4fd32de,PA,ananindeua,-1.3472829402922597,-48.39942593160029,SP,-23.20712579877664,-47.30927660866177,2433.547751834587,1,1,129.9,32.51,1700.0,2017-04-23 00:32:23,2017-05-25,2017-05-09 11:04:10,16,0,31
3eae45e1345a16673017c7c36f18ee34,6c4b7dd5c99515fe3de7a8a79f0c5dac,RO,porto velho,-8.753266768130358,-63.90610729536063,SP,-23.211061972115367,-46.76376569389638,2432.736951667536,1,1,149.0,29.97,9850.0,2017-03-13 16:49:06,2017-04-24,2017-03-29 12:32:54,15,0,41
960de6b16b5ce4196d243baeb9d1a699,64d8e8b44d4ff5c2974d8d05d73bdd10,PA,belem,-1.4042792828206936,-48.45004791348576,SP,-23.211061972115367,-46.76376569389638,2431.6185363584736,1,1,149.0,29.44,1700.0,2017-07-14 09:35:05,2017-08-17,2017-07-27 22:55:34,13,0,33
bb74d6a0640a083fa904f08f785f4734,599a693c1fb07cbc0aae49b4c6f54a24,PA,ananindeua,-1.3692616173618282,-48.40803133305517,SP,-23.20712579877664,-47.30927660866177,2431.1516224544293,1,1,36.9,26.89,750.0,2017-08-05 11:22:09,2017-09-11,2017-08-23 15:51:49,18,0,36
a7052bcfd0db0734e92716ce1a188143,2199863b9b48d7b10f4be989b7ef030f,PA,belem,-1.468376488458801,-48.46416098230457,SP,-23.184481107132555,-45.87242012963361,2430.854569090512,1,1,36.0,25.63,450.0,2017-09-05 16:27:05,2017-10-06,2017-10-05 18:25:57,30,0,30
56203d7ad8ce86a53281778d2dd2c9b7,3c12346ea1f05ce151ba3029c1cbf60d,PA,abaetetuba,-1.7225254382817428,-48.88243257718304,SP,-23.489821337123363,-46.95315217080441,2429.324829406949,1,1,255.61,28.05,4338.0,2017-04-03 17:52:36,2017-05-09,2017-04-19 14:46:09,15,0,35
38dcb5499d8854b4b2c6dbaaf983f21e,c7eb06383ae604616cb4c9d36fe6745e,PA,abaetetuba,-1.7225254382817428,-48.88243257718304,SP,-23.489821337123363,-46.95315217080441,2429.324829406949,1,1,1500.0,37.04,700.0,2017-06-01 15:30:51,2017-07-06,2017-07-19 18:09:30,48,0,34
b80658b0fe989d9699344386255ed40b,11ba41051197470cd97e61e09a9dd92f,PA,belem,-1.4371287096488243,-48.48804837806534,SP,-23.211061972115367,-46.76376569389638,2428.286094718255,1,1,69.9,24.98,7050.0,2017-03-12 22:23:52,2017-04-24,2017-03-24 12:08:14,11,0,42
e56bf94fb5b2e858e8b8896c565a96a0,c6792caf2401f9e579fd1191e263f819,PA,moju,-1.8898549954497168,-48.76687164926332,SP,-23.625852663887155,-46.61139748251486,2428.054419617839,1,1,24.99,25.63,300.0,2018-03-05 15:13:44,2018-04-09,2018-04-16 14:18:32,41,0,34
8366eb6d45f021bc51cd0ab247697fd8,ecc9d1e0b9028c358a230d765d23332c,RO,urupa,-11.131177224770086,-62.3700990580654,RJ,-22.826413437605595,-43.053180037616045,2426.755330144729,1,1,87.67,47.53,350.0,2018-04-08 23:56:02,2018-05-21,2018-04-30 20:08:38,21,0,42
1b639d1c43c530ad38bb59d4ea7f8d08,ce65d81faff1e65d08d331bfe6c0ad6e,RO,porto velho,-8.764164534545648,-63.83987492344997,SP,-23.211061972115367,-46.76376569389638,2426.616399546936,1,1,109.0,38.31,6150.0,2017-12-29 18:23:19,2018-02-15,2018-01-30 21:42:48,32,0,47
850a46317b5a1b4eeb14f915fda637c1,372369c546ecd90999d87565c5400e82,RO,porto velho,-8.743945699931716,-63.89648266653547,SP,-23.531196801775152,-47.134767198511184,2425.889829317716,1,1,79.9,48.0,5550.0,2018-01-02 16:26:54,2018-02-15,2018-01-26 20:37:33,24,0,43
9788236680f37865a436975b87343adc,f19dbaebe68aa4476b88208062c068d4,PA,belem,-1.4562147327025412,-48.45270671133473,SP,-23.211061972115367,-46.76376569389638,2425.8803809505152,1,1,129.0,29.3,6550.0,2018-01-07 13:19:44,2018-02-22,2018-01-29 23:43:08,22,0,45
2081888273614ad809543f519e949fc5,482b3471974ec5a1bc58ee86a8414b12,PA,belem,-1.311891948319029,-48.45705445526978,SP,-23.086496272847818,-47.216807769634734,2424.923189235926,1,1,47.65,19.04,1110.0,2018-03-11 14:41:55,2018-04-12,2018-05-04 21:22:37,54,0,31
4b543d559cb1d860ec4c814807001093,d24b43d7e710defda63c9bdcce01aa57,PA,marituba,-1.3667488537613912,-48.33865765202612,SP,-23.10434596378687,-46.59558885596391,2424.419378079974,1,1,45.9,37.49,3400.0,2018-02-28 11:49:03,2018-04-04,2018-04-14 19:27:44,45,0,34
ea61ed29f4c6dd7b047e92ac87e73392,a0a0edc6aaa1850d9462d1ddcc22dc3b,PA,belem,-1.4350490220441132,-48.4687608538578,SP,-23.20712579877664,-47.30927660866177,2424.1738447570306,1,1,49.9,25.63,300.0,2017-07-19 12:07:26,2017-08-22,2017-08-02 20:59:46,14,0,33
7053640a1ecbbfb050910ab2ea8b2183,e9551525103a8ece4e698e666dba69c8,PA,belem,-1.4371287096488243,-48.48804837806534,SP,-23.20712579877664,-47.30927660866177,2424.0511509585176,1,1,26.9,26.89,628.0,2017-08-28 22:59:06,2017-09-28,2017-09-13 19:43:40,15,0,30
08915f902759876fcac1ccf9bbc966cf,fb83c8cb9ecf4b1cbf1c4f56795d91f2,PA,belem,-1.4364370877284982,-48.45454573829979,SP,-23.20712579877664,-47.30927660866177,2423.9410413861056,1,1,26.9,26.89,628.0,2017-08-18 20:41:08,2017-09-22,2017-09-01 21:24:49,14,0,34
195a3ab9bf618fe05066b2ce276d2bc0,28594c8bc3e44b319dca16d1bae86e59,PA,moju,-1.8898549954497168,-48.76687164926332,SP,-23.59032952255033,-46.63175129640077,2423.9157244199496,1,1,44.99,28.75,1950.0,2018-01-21 22:18:00,2018-03-06,2018-02-02 20:33:05,11,0,43
94eb877f9f8fc251fafee5cd18ccbfa2,149ebf64a793b360ae72c444f70f09a2,PA,belem,-1.444996720209064,-48.48452464695026,SP,-23.20712579877664,-47.30927660866177,2423.15748360876,1,1,26.9,26.89,628.0,2017-06-19 10:46:23,2017-07-21,2017-06-30 09:49:29,10,0,31
188a143816707d77b3976b77d4c0966d,bee0416079a335277a9de7f044144458,PA,moju,-1.8898549954497168,-48.76687164926332,SP,-23.609187050439854,-46.933769687344906,2423.1353257162427,1,1,138.0,49.99,6200.0,2017-07-23 14:03:24,2017-08-25,2017-08-16 17:17:56,24,0,32
9cb8c7bd7be3365cd019f27478f6f974,a8131efea21bdc71335f152cbd7767f7,PA,capitao poco,-1.74729292287051,-47.063325141240405,SP,-23.52828195706222,-46.77983133527613,2422.1280799394094,1,1,179.49,26.54,550.0,2017-10-11 16:56:57,2017-11-17,2017-11-14 19:17:10,34,0,36
daba15b22482aef49b282fcee1f05bc3,7fadd7adb85b1f419b8eb907f2159527,TO,esperantina,-5.367169299183942,-48.54152914585403,SC,-27.143863729700307,-48.95995049999999,2421.8636130484524,1,1,84.44,38.14,1975.0,2017-12-26 22:50:17,2018-02-05,2018-01-19 18:18:49,23,0,40
aebdb2fcb57815c39468a17e0baacbef,1b615df6fc92797dbfa396ace412c32e,PA,belem,-1.428168145680862,-48.467978469761576,SP,-23.1777630785525,-47.3432490929943,2421.487063750902,1,1,326.16,47.87,5300.0,2017-08-04 18:17:27,2017-09-08,2017-08-28 19:57:55,24,0,34
13fe5b8b3ad46c558f0c53939589776b,a685e039c2149f0278def380b654b0b8,AM,humaita,-7.512400983285715,-63.02912856503356,SP,-22.917591895173675,-47.015055257922846,2421.485181133679,1,1,155.97,51.81,363.0,2018-07-14 17:43:48,2018-09-12,2018-08-01 18:52:14,18,0,59
30a897c2be083ba0f419c5b2cc9ca368,00b4054d851ec464f6fb745fab627439,RO,porto velho,-8.746094662607277,-63.84689845216302,PR,-25.613231359050044,-49.37106182294905,2420.615249698999,1,1,385.0,26.33,450.0,2018-05-19 17:08:23,2018-06-27,2018-06-08 19:38:54,20,0,38
3929d3d5fbe85ebabf5b1c42f10d686e,19cf585d33c1ed6e21c645e806923144,PA,igarape-miri,-1.9813438175316973,-48.95953585032788,SP,-23.625852663887155,-46.61139748251486,2420.00479390667,1,1,27.99,37.04,300.0,2018-03-19 11:27:22,2018-04-23,2018-04-17 15:14:50,29,0,34
1ae8a88bf94d02224f932e18297baa64,7afffca41e83ce5daed57b022ab5cd74,AM,manaus,-3.086213133427183,-60.01020551636287,PR,-23.382421483292536,-51.92932485314671,2418.461906304773,1,5,424.0,213.09,1377.0,2018-02-19 16:49:20,2018-04-17,2018-03-20 17:12:24,29,0,56
4b7a89627b118c5e00e13f57888293ff,4ec1c641f6c10ee8966cef37f71be2e7,PA,capitao poco,-1.74729292287051,-47.063325141240405,SP,-23.48085590563506,-46.71032357035894,2416.961288248777,1,1,45.9,26.89,800.0,2018-01-08 21:33:46,2018-02-15,2018-01-26 14:36:18,17,0,37
b0a46fa6d7a8afcac44b6e1af2457409,98a9476c68f7790772a5321dcd3f3990,PA,belem,-1.3254677594756874,-48.44760860677624,SP,-23.002985032019456,-46.82360927106554,2416.797220354964,1,1,55.9,22.45,1250.0,2018-03-10 21:44:29,2018-04-13,2018-04-30 23:40:42,51,0,33
02f4dd90ba0feb8ec394cac05862d2b5,df6d93efba53a613bf2365f7945febb0,AM,humaita,-7.512400983285715,-63.02912856503356,SP,-22.89456108964741,-47.06237999385733,2416.181957947251,1,1,79.9,51.06,150.0,2018-05-29 16:04:49,2018-08-09,2018-06-26 04:32:57,27,0,71
fbbfacf696d50761d1947ab6fb641764,06da85b8d16b04167a1b5eb3690ad929,PA,castanhal,-1.2982319725924176,-47.89798747486323,RJ,-22.53988593060518,-43.197575382221615,2415.985092019427,1,1,69.9,24.98,249.0,2017-03-28 09:53:43,2017-05-03,2017-04-13 07:42:26,15,0,35
88b24cb0678cf5b316584a332f724969,5127c3d8efbc48f0c9c5e97a686e5cd9,RO,ji-parana,-10.872179979929086,-61.97444969522167,RJ,-22.94059037430897,-43.04215998964872,2415.658460458643,1,1,1099.0,69.71,2275.0,2018-07-13 18:51:55,2018-08-14,2018-07-30 16:45:00,16,0,31
1b4f6e77a7bfc8aaecb66219bac6b9eb,fb5c13a43eab0c123ae49f226709b74a,PA,vila dos cabanos,-1.51493676095094,-48.68840034785219,SP,-23.193263808211693,-47.27517269663572,2415.3359147198507,1,1,99.99,42.98,1700.0,2018-07-16 22:59:19,2018-08-22,2018-08-07 16:26:38,21,0,36
cfae1e992eeb0f51ba0de3ddb87b33da,864a3144c2c9184d85067dc7869ddf8c,PA,belem,-1.4371287096488243,-48.48804837806534,RJ,-22.53988593060518,-43.197575382221615,2415.1633150136468,1,1,89.9,44.48,304.0,2017-11-03 19:05:47,2017-12-07,2017-11-21 21:37:20,18,0,33
004ca5ae248069d68e8594df8abf6ce0,576908744ae56c9cf061c40a434e2a24,PA,belem,-1.438117507213356,-48.46256080593268,RJ,-22.53988593060518,-43.197575382221615,2414.4057917346445,1,1,159.9,61.18,367.0,2018-06-06 18:30:20,2018-07-26,2018-06-15 22:12:30,9,0,49
c3ad507aba1f6b47354085e7e6bed0cf,5156283c24fef4abea13a6a6f4469a98,AC,rio branco,-9.9863541104064,-67.84345650615455,SP,-21.757690120914923,-48.82976816265947,2414.095948705854,1,3,369.7000000000001,97.38,5000.0,2017-01-21 19:46:23,2017-03-15,2017-02-09 15:44:10,18,0,52
e660da13091dbe48784500c1c3e2fb75,5c495510e9f861b83aa5fb7c308e8d76,AC,rio branco,-9.9863541104064,-67.84345650615455,SP,-21.757690120914923,-48.82976816265947,2414.095948705854,1,1,219.9,36.16,4700.0,2017-01-21 19:46:22,2017-03-07,2017-02-13 15:54:10,22,0,44
2ea399422b697257c14a7f63c224c9f2,15225afcf8a9e71763e021734ccf163c,PA,tucurui,-3.766591679427715,-49.67474810438261,PR,-25.469979548156257,-49.306212701915854,2413.6276555964246,1,1,249.0,120.61,8050.0,2018-06-07 19:56:49,2018-07-27,2018-06-22 19:06:34,14,0,49
5f9023a84ef9e64c87bc7c1970da5680,6ae24eb8875716251130b7156d33e7ae,AC,senador guiomard,-10.155794459924604,-67.7344385851842,SP,-21.24637998735172,-48.3180082512998,2412.6682056795853,1,1,54.0,46.91,900.0,2017-09-12 13:31:54,2017-10-24,2017-09-25 18:29:55,13,0,41
e5fa83ee166ad4e56b60c0bc4a2e12bc,09019e777b997c943ed2c3b3b9fb2707,PA,moju,-1.8898549954497168,-48.76687164926332,SP,-23.473052978908186,-46.60034358604072,2411.266436532645,1,1,34.9,25.63,150.0,2017-10-30 23:55:00,2017-12-01,2017-11-24 21:11:19,24,0,31
c0e02613bf15378f18d3498361a76c9d,c2f181778a12039532d79460d4ba59e2,RO,porto velho,-8.7834799537233,-63.87764436074195,PR,-25.45795217485142,-49.30899607966408,2410.7353636249018,1,1,555.0,30.95,650.0,2018-06-01 22:22:52,2018-07-26,2018-06-22 18:31:59,20,0,54
f54cbc3f957ff9982ed80d289647f592,212852a431b37b3e7eb5e0ec44f024e9,PA,belem,-1.444996720209064,-48.48452464695026,SP,-23.086496272847818,-47.216807769634734,2410.3104486913903,1,1,47.65,19.04,1110.0,2018-03-16 11:28:23,2018-04-18,2018-04-28 14:42:27,43,0,32
d05cac15bc1000a8d38860c44fc4af09,edaf081727eac11647e9cdba5f9ceb48,PA,santarem,-2.4321998178687787,-54.7057758458764,SP,-22.740512158523465,-46.8958585777586,2410.186919041778,1,1,47.99,25.63,7850.0,2017-05-12 01:23:16,2017-06-21,2017-06-12 10:04:57,31,0,39
49ce81a5bb55c1d1afb2627410822fa7,85569a220677a6e1458ca456d5c0ff29,PA,mae do rio,-2.045555563184317,-47.55477419367378,SP,-23.68709504954123,-46.51769647631296,2409.017806274942,1,1,93.99,29.06,1255.0,2018-02-16 13:43:28,2018-03-26,2018-03-15 05:28:23,26,0,37
d72653b199232133a82a28e6e340133c,774a93f58af283167817a7a186680553,PA,belem,-1.4364370877284982,-48.45454573829979,RJ,-22.433722840932912,-42.97293424912493,2408.805807046509,1,1,1499.65,70.56,500.0,2018-06-07 10:02:26,2018-07-27,2018-06-15 19:16:34,8,0,49
83ce5e6768db49face91c92a88888ea1,8d2d88fe2e3f3f685183bd52a8298a24,PA,belem,-1.379962477927227,-48.44989717037183,SP,-22.986269342347207,-46.85229042519152,2408.6938792118576,1,1,79.99,22.62,1900.0,2018-04-16 13:18:20,2018-05-23,2018-06-01 18:44:32,46,0,36
6334d07e554699500b61eb1cefb2d4ae,cae0b63186de49bdd6994020dfc98ec9,RO,porto velho,-8.756458065449426,-63.87552318025777,PR,-25.421727195669103,-49.347429710751655,2407.386263405112,1,1,109.99,34.7,6200.0,2017-04-13 22:31:22,2017-05-19,2017-05-06 12:19:57,22,0,35
ad926ae0ce086bc0ae23f92128253ede,f704756562b1029601ec32f3049b88f0,AP,macapa,0.0926862742327877,-51.05732958179381,SP,-21.36006189551128,-48.072412538636975,2407.3512532984773,1,1,219.0,35.33,480.0,2018-01-05 12:09:49,2018-03-02,2018-02-05 20:38:52,31,0,55
dbaa485d0f1b926d88f11b5c685d6bf2,496c72dd8fb5f70127268e2ec401345e,RO,ji-parana,-10.89775470790673,-61.91473121870333,SP,-30.067100056898823,-51.16609047690222,2404.1414579719003,1,1,239.0,61.73,300.0,2018-06-09 15:38:46,2018-07-27,2018-06-21 15:34:55,11,0,47
de4c18618962f737a6707dbadc133937,516ba11177ca1e74af63ac00324338f2,AM,manaus,-3.036739499999996,-59.9333634360253,SP,-21.156125975877337,-47.824942408203,2403.279296384893,1,1,89.0,25.11,200.0,2017-04-18 16:25:54,2017-05-23,2017-05-16 23:06:43,28,0,34
44bbcd212c259d0ce5f8a9eb94084757,64d6315d8cffab9a6e494254f1297700,PA,mae do rio,-2.045555563184317,-47.55477419367378,SP,-23.63260424617697,-46.76020040743839,2401.8943417757614,1,1,54.9,25.66,283.0,2018-02-09 13:48:58,2018-03-22,2018-03-05 18:18:38,24,0,40
d438c9e78430036ea02538cca576c53b,00b694184c8c2f2a565e4def5a00b8ee,AM,manaus,-3.108286608243403,-60.03607427442437,SP,-21.757690120914923,-48.82976816265947,2401.2106272100355,1,1,89.9,34.43,1383.0,2017-07-20 16:32:36,2017-08-23,2017-08-18 16:43:45,29,0,33
fa5068e804fdde545390fadb461df438,91c2fed5f0ceb55402114cf7a8dea479,AP,macapa,0.0335411401319673,-51.07000546471101,SP,-21.36006189551128,-48.072412538636975,2401.0179730122213,1,1,798.0,39.39,800.0,2018-02-01 22:01:32,2018-03-26,2018-02-22 12:43:31,20,0,52
40397c42ea8f390af9afe9cc02cb2fdd,3ac8d3d63db74e05b7d046b8bd284487,AM,manaus,-3.093583074721783,-59.99983462745101,SP,-21.757690120914923,-48.82976816265947,2400.665681784443,1,1,109.9,25.26,1500.0,2017-04-03 21:49:28,2017-05-10,2017-04-28 13:05:30,24,0,36
1b0ed67e2931f09f00cd8553479f5823,f02e1a594b4c9a366f72ca251c91da07,PA,belem,-1.4615863106800238,-48.50251610355552,SP,-22.986269342347207,-46.85229042519152,2400.0546102214166,1,1,300.0,28.24,3350.0,2017-11-20 11:45:14,2017-12-21,2017-12-27 23:33:44,37,0,30
14c83cf4b7ec24cf5e5adc2b8917eeb7,a99c04ca7784d8b85d7b602f69105f1c,PA,castanhal,-1.295414145624778,-47.91334844444345,SP,-22.86719988426909,-48.45990252178431,2399.399271301065,1,1,79.9,42.84,500.0,2018-06-15 22:34:14,2018-07-30,2018-06-27 14:51:30,11,0,44
2996e4479715a9de3500ce7837eefde4,f0e1d545436cc1cdebe8ddda010d8f01,AP,macapa,0.0348929573776164,-51.062590688261295,SP,-21.364019805249217,-48.22883109179936,2399.257067196681,1,1,209.9,39.02,342.0,2018-02-03 20:50:09,2018-03-28,2018-02-27 13:05:40,23,0,52
d534afd63735145130e0a58d2a5f302e,818c378ba7cd2f369e62b855795e8392,AM,manaus,-3.128660762613924,-60.02522960861586,SP,-21.757690120914923,-48.82976816265947,2398.645766962987,1,1,115.9,57.36,1225.0,2018-03-28 17:55:07,2018-05-14,2018-05-09 21:52:40,42,0,46
ad495862e703fd1bd9d104eb8a8933a6,be30da9b0ffa485606a40c62df6ee7a2,PA,belem,-1.373444999999998,-48.43720384510427,SP,-22.8935112964107,-47.0800242164147,2397.405320512756,1,1,29.99,17.63,250.0,2018-01-28 20:10:03,2018-03-08,2018-02-26 21:39:22,29,0,38
5b622911c1ded56d1c2795034bf78d3e,08021a5b0fd2fce83fd1f11b696b1b9a,AM,manaus,-3.1247225728547536,-60.037316038338936,SP,-21.364019805249217,-48.22883109179936,2396.5830215249134,1,1,146.0,34.82,444.0,2017-11-29 23:36:47,2018-01-24,2018-01-06 05:36:42,37,0,55
5fd42e84b68c024a8dca0dbd781279aa,f3b198bb94854a5c2a916f79dcf980a4,RO,porto velho,-8.736170472807165,-63.8785628959824,RS,-28.289927349145803,-54.26195206786057,2396.2486461189437,1,1,158.4,43.14,300.0,2017-10-30 20:20:27,2017-12-06,2017-11-17 01:21:33,17,0,36
fae621cb5d9e146a2656da4f1afe39cc,1c83c1bbfcb7c9a94758326c300cd2b7,PA,belem,-1.399689882965613,-48.4802832356454,SP,-22.9051345444933,-47.09697306272721,2395.9561530748256,1,3,125.7,42.89,1250.0,2018-04-19 20:12:45,2018-06-21,2018-05-21 21:08:52,32,0,62
c8213e60d923c834447d410caab1898d,2ec09b0312464955bea7d384332ba8bc,PA,castanhal,-1.284758721526353,-47.92646004081157,SP,-22.82219330991709,-47.27062894035096,2395.9008592515947,1,1,949.99,43.56,400.0,2018-07-16 13:30:06,2018-08-16,2018-07-26 15:36:40,10,0,30
1397250bcaab6cf804f34197ffcf0424,fcab992f275f6be6560db89992f93701,PA,belem,-1.424274947256112,-48.473887637919226,SP,-22.92492963558197,-47.0742943724681,2395.534033938194,1,1,197.9,19.93,556.0,2017-12-25 15:21:02,2018-02-05,2018-01-09 22:16:31,15,0,41
b86cfc8954834fab221b340aae0d49a8,902bcd9fc27e575f2c7535ed2e57d620,PA,belem,-1.428168145680862,-48.467978469761576,SP,-22.92492963558197,-47.0742943724681,2395.061780155653,1,1,233.91,18.92,461.0,2018-02-04 02:24:39,2018-03-15,2018-02-23 18:46:07,19,0,38
fb8f03cec06678a33b2782cb3f5a9942,4854399f48d58dfce4a5b4994331b4a5,PA,santarem,-2.439879662901709,-54.72446419914522,SP,-22.75742680561254,-47.36911154235017,2394.446755070356,1,1,59.99,26.96,525.0,2017-09-11 14:41:43,2017-10-11,2017-10-11 18:44:05,30,0,29
1cf471f71a04b68d1cda071b51d7e391,961071125f29a1927a25ae916455ef78,PA,aurora do para,-2.1343962499661084,-47.558570756672566,SP,-23.652442526788203,-46.75549168747648,2394.258841840269,1,1,78.0,37.46,250.0,2018-07-21 22:44:57,2018-08-22,2018-07-31 17:04:59,9,0,31
31a4ffe90b3bbda342ae160ef52affd1,7e58db99674b0e849eca7cb8cb32cfb1,PA,ananindeua,-1.3901238530552105,-48.41317148962709,SP,-22.881152314602136,-47.05060719525074,2394.2182560191973,1,2,119.8,49.82,1200.0,2017-04-09 16:26:13,2017-05-16,2017-04-18 15:53:47,8,0,36
2972bf7609b0a30508f2a31d49bc6f84,923d0e3c2ccf0e2a6b23bbad552934dc,PA,santarem,-2.4243989420876417,-54.71304339549161,SP,-22.75756675966071,-47.416027840450326,2394.0155211422752,1,1,388.0,35.17,11100.0,2018-01-12 12:12:02,2018-03-08,2018-01-19 02:19:17,6,0,54
e26def18967c8f7038476bbfd3256f43,3f0a59c87129e3089fc4099028aac4aa,PA,belem,-1.342775871487156,-48.45931805179363,SP,-22.82219330991709,-47.27062894035096,2391.850125920588,1,1,728.9,25.37,600.0,2018-07-23 13:08:54,2018-08-21,2018-08-06 22:02:57,14,0,28
a7be2467cdcb078b2ffdea6fd401952d,cceb2d3cf8bb8238adb90d6219d75faa,PA,senador jose porfirio,-2.591874856260277,-51.95316580505284,SP,-23.302661247830148,-45.97283979175633,2391.270045480903,1,1,6.0,25.63,280.0,2017-12-13 21:25:36,2018-01-29,2018-01-06 06:23:09,23,0,46
72e596b33c9f3a4e002d73bd5d7c6cae,7fc561f7c9d3ae25888cce9daed1d9c9,PA,belem,-1.4630158658030092,-48.48808887193567,SP,-22.917591895173675,-47.015055257922846,2390.934491429772,1,1,539.0,22.68,425.0,2018-07-05 23:58:45,2018-08-16,2018-07-21 11:49:24,15,0,41
0c92cd0095b2e1f57c013f2094f4e434,d09516047dc5fa84a13d5b3273c09a6c,PA,vigia,-0.8565975241194748,-48.13906455764863,MG,-22.27164789897835,-46.16555647382263,2390.80324184735,1,1,98.9,53.04,2283.0,2018-07-20 11:20:15,2018-08-27,2018-08-03 20:56:48,14,0,37
b3e86749e6dd7b4df4f345abbd329912,9cc7a2a2047164790f51e316659268f7,PA,abaetetuba,-1.7225254382817428,-48.88243257718304,SP,-23.10434596378687,-46.59558885596391,2390.3125049760843,2,2,70.8,93.65,1925.0,2018-03-10 14:10:28,2018-04-16,2018-04-19 20:44:32,40,0,36
fe99f8be754e8a75c4201c7156bd99ee,829bef4f2034240ba8baa923960704f5,PA,belem,-1.311891948319029,-48.45705445526978,SP,-22.76691769750597,-47.38858556770016,2388.4803119300477,1,1,49.9,17.63,400.0,2017-06-02 14:32:06,2017-07-07,2017-06-09 17:22:45,7,0,34
5671fba9b53be3fff9c55a00839abddb,612b73d1a90b7f881cfe04d86d4d2d43,PA,barcarena,-1.5080751406619344,-48.62332303710737,SP,-22.93106051096427,-47.111613736896366,2387.710260511877,1,1,242.0,59.31,6250.0,2018-01-08 15:43:41,2018-02-20,2018-02-06 18:25:01,29,0,42
38236191299d9d7335f0dfdd2186af7e,069c4ec640bf96e7ac25dabecfd6c0ab,PA,belem,-1.447242809963,-48.475744038952335,SP,-22.49841879739165,-44.12527158572528,2387.538435184476,1,1,69.9,42.52,550.0,2017-06-07 20:51:35,2017-07-12,2017-06-21 16:48:33,13,0,34
c1e8ab8d063eba72d530b57e5b05f919,cee6c6b0f6ac0f9f8c0830152453c3e2,PA,belem,-1.311891948319029,-48.45705445526978,SP,-22.75756675966071,-47.416027840450326,2387.3004044568625,1,1,999.0,31.44,15800.0,2018-03-01 17:29:35,2018-04-03,2018-03-23 02:57:56,21,0,32
b27819c290321f10bc14dcf5deeab059,2761d1130c32fd116c9d5254f89ceb74,PA,ananindeua,-1.386259373440644,-48.39844509276157,SP,-22.82219330991709,-47.27062894035096,2386.6770489425203,1,1,899.0,24.83,700.0,2018-01-14 21:42:46,2018-02-21,2018-02-17 13:33:23,33,0,37
4896842ba3beb75beaf555d335e3aa5a,242852cc6560a73920f58dcba47f63a6,RO,porto velho,-8.753266768130358,-63.90610729536063,SP,-22.85937941003356,-47.03799906805251,2386.435789226164,1,1,36.8,24.9,1700.0,2017-08-28 22:54:57,2017-10-04,2017-09-09 17:02:46,11,0,36
f4ebe4ce4e9765df6954a4fbc44ed37f,6205eba809f9e95f3fa8118401f27b50,PA,cameta,-2.245151109939572,-49.50111025019855,SP,-23.51299004413122,-46.55062107126777,2386.118465090364,1,1,72.0,26.74,550.0,2017-03-05 13:14:01,2017-04-06,2017-03-20 15:42:42,15,0,31
a7e81b5cf4f8a13c638129228f4696fb,d436a01cbfaa1bc15ecd84318b408a01,PA,belem,-1.3989051618096793,-48.45883297403209,SP,-22.82219330991709,-47.27062894035096,2385.614528387653,1,1,139.9,25.47,300.0,2017-02-28 22:48:02,2017-04-03,2017-03-16 09:51:06,15,0,33
318b5b7c3a2a999cc4f3403e9afd3eb4,e9e9f929686355e47cb979fa510b9e94,PA,belem,-1.3305794145588172,-48.44138395726809,SP,-22.75756675966071,-47.416027840450326,2385.1454256616444,1,1,259.9,91.74,22350.0,2017-06-10 09:26:58,2017-07-17,2017-06-23 13:11:16,13,0,36
761d39ded287ade72b1e8bdd95fe0253,78eacafc24b06e4493afeba7c0b32f57,PA,belem,-1.342775871487156,-48.45931805179363,SP,-22.76691769750597,-47.38858556770016,2385.0618139338985,1,1,49.9,17.63,400.0,2017-10-20 14:26:51,2017-11-24,2017-11-16 21:38:46,27,0,34
bc8d3ca8eda2e79015ce0ddd10eeca47,37b8bf00dc7973d1bdc58fdbfeaee55e,PA,belem,-1.4564705087998835,-48.47931988606284,SP,-22.854677050233725,-47.05197199708997,2384.3582819395124,1,1,28.28,20.47,800.0,2018-07-12 21:08:10,2018-08-10,2018-07-26 22:28:51,14,0,28
ad982819d59bc6c0fc50e08c0ee19e05,6aee223ad482dc78a0d4fe2f893c203c,PA,belem,-1.305752648883505,-48.47019886164806,SP,-22.72850761170585,-47.640815255900485,2383.786218221315,1,1,26.99,28.75,1200.0,2017-12-08 22:24:48,2018-01-17,2018-01-11 20:18:26,33,0,39
05529f3e7ed5cd4214281f2bf60e89d6,a9b2a6199654f4da4425e9c820bc57e2,PA,belem,-1.4647367971318463,-48.49291550542435,SP,-22.87655154418781,-48.42793121579432,2380.895508532817,1,1,53.3,37.28,400.0,2018-08-01 17:34:06,2018-08-27,2018-08-17 00:14:35,15,0,25
0f6896ec061c74612b3a5ab4f2146d0e,ee185cc1e2f628edb1634c85c6a8cd20,PA,ananindeua,-1.3692616173618282,-48.40803133305517,SP,-22.72279273828824,-46.846086231074864,2380.3919840356207,1,1,198.5,65.62,6700.0,2018-03-12 13:07:37,2018-04-12,2018-04-24 22:11:57,43,0,30
42ba06ad0483c398c580ede8b5bf35a1,97b1cb51e2cb2db7fee990c573939326,PA,belem,-1.447242809963,-48.475744038952335,SP,-22.82219330991709,-47.27062894035096,2380.346128454343,1,1,348.8,19.72,363.0,2017-12-01 19:16:43,2018-01-10,2017-12-15 20:46:37,14,0,39
b8cd3107b41b1232ec5ccc2958000acf,e7958b1dac84719b0e9250e063421045,PA,belem,-1.3527544710023274,-48.46084986888444,SP,-22.72850761170585,-47.640815255900485,2378.5255209700645,1,1,339.9,27.66,4000.0,2017-08-03 12:26:40,2017-09-06,2017-08-25 18:37:37,22,0,33
033dac2c6721b55b4323f622ea5c1500,1ee6f20f34afd82b191668114c8c26d8,PA,belem,-1.4647367971318463,-48.49291550542435,SP,-22.82219330991709,-47.27062894035096,2378.5058099428425,1,1,259.9,20.73,300.0,2018-06-29 12:25:39,2018-08-02,2018-07-13 19:48:27,14,0,33
8d7394529f217471379930f10b4237a2,8d1715b8466bb61876e49d198b87a421,PA,belem,-1.3954044970858062,-48.46828552510252,SP,-22.75756675966071,-47.416027840450326,2378.08167269895,1,1,1106.99,20.51,15800.0,2018-04-30 13:10:03,2018-06-08,2018-06-01 13:56:20,32,0,38
d3ac7f284f550007e269b7d526bebd53,744a8a6514f4b875dd09dc55ff0038ae,AP,santana,-0.0448957785525829,-51.1728839876273,SP,-21.172213467107177,-47.82413717277396,2377.2356291309297,1,1,99.9,0.0,584.0,2018-05-08 08:13:01,2018-06-25,2018-05-29 15:27:50,21,0,47
724510eaec5c0c1973df8699c23cef4e,36e597b29aebcb406abc514198ed1522,PA,itaituba,-4.264320591430269,-55.98576923978518,SP,-23.625852663887155,-46.61139748251486,2376.2864862821507,1,2,59.98,74.08,600.0,2018-04-17 14:49:59,2018-05-29,2018-05-04 16:36:37,17,0,41
12222b95d3464440506ffeede2239765,3dcab09df0adbfd87b7b49acae4d0a38,PA,quatro bocas,-2.417669777351,-48.1968627599099,SP,-23.70785448456366,-46.556180165898496,2373.932319040349,1,1,207.0,43.51,4850.0,2018-05-08 15:43:43,2018-06-11,2018-06-07 21:05:17,30,0,33
e6b8a58ccfa6a2daf8c04bcf0bf2fd5a,72db940a0e6afc75e82dceb2075e079d,PA,belem,-1.4350490220441132,-48.4687608538578,SP,-22.75756675966071,-47.416027840450326,2373.6806258308047,1,1,898.0,79.01,20250.0,2017-08-04 21:25:24,2017-09-08,2017-08-22 18:40:11,17,0,34
9d6f552c9b731d52bb9c9b6051ddf5a2,28d65a634bc74f4f8b823cf8dd5e8b34,PA,belem,-1.438117507213356,-48.46256080593268,SP,-22.75742680561254,-47.36911154235017,2373.5390016028,1,1,29.99,26.61,1233.0,2017-01-27 12:54:59,2017-03-21,2017-02-13 14:44:08,17,0,52
f131e172fef158275f49417eabdda10d,87f3a79f04a2f950a55ce228642e0377,PA,itaituba,-4.264320591430269,-55.98576923978518,SP,-23.544839655981303,-46.49733676568181,2373.4515554145664,1,1,68.9,37.17,350.0,2018-03-07 11:00:12,2018-04-12,2018-04-30 20:28:37,54,0,35
10119d4db66b009219ceafdedfe38741,2ca5d56a792424d5243b18aa464c160a,PA,oeiras do para,-2.003189943890424,-49.85823793220211,SP,-23.1920337665812,-47.29076085317961,2372.293282013696,1,1,119.85,43.12,1050.0,2018-07-24 22:00:38,2018-09-04,2018-08-17 17:12:04,23,0,41
c9cb31bb489f9ed567f42b13d15d8d28,d6f526d5e848625b6044aeada9bef7f9,PA,belem,-1.4608350968321056,-48.49793840862653,SP,-22.75742680561254,-47.36911154235017,2371.20926161475,1,1,21.99,17.63,300.0,2017-05-21 20:10:48,2017-06-26,2017-05-31 16:32:52,9,0,35
61fbc4a76e5b3db28d2dd737ace32716,a4ed3677add2e1f5d0429d8822ea340d,PA,belem,-1.4549937799064998,-48.47203605785113,SP,-22.73427587011464,-47.17599378518663,2370.2855553407253,1,1,299.0,22.49,1175.0,2017-10-30 16:10:26,2017-12-04,2017-11-08 18:08:51,9,0,34
f7e9d1102c74fbea13db18cf2208fe3f,74359c5e719163f7edb9a3f29ba6fbab,AC,rio branco,-9.953949068166208,-67.85151076599993,SP,-22.211035197694,-49.6557903984333,2369.919021167407,1,1,108.9,53.12,2100.0,2018-01-09 17:17:41,2018-02-26,2018-01-26 22:18:15,17,0,47
c9e77b39e9de73578b21ef93a26f3905,3bed1ed2de380c0df26c6566a00693a9,PA,belem,-1.4364370877284982,-48.45454573829979,SP,-22.72850761170585,-47.640815255900485,2369.201197848301,1,1,499.99,35.95,4417.0,2017-08-21 14:38:38,2017-09-25,2017-09-01 22:41:10,11,0,34
6e5fda4cd8dbfe3f9c8485b8d10d7503,b5ed78953b6b308d4335360d6246bcc4,AM,manaus,-3.073823512767609,-60.00239053867972,SP,-20.49587175617251,-47.41830587985834,2369.077187840116,1,1,84.99,51.09,150.0,2018-03-13 15:27:37,2018-04-26,2018-04-20 17:49:09,38,0,43
cf57d12f25beeb760bd30983c67f21cd,10066d6eb46dff8e73177532e722e60a,PA,nova esperanca do piria,-2.268528308493731,-46.96965323359007,SP,-23.561264556754605,-46.6565542389636,2367.884163201094,1,1,2199.0,53.66,400.0,2018-07-26 21:48:22,2018-08-24,2018-08-13 16:52:19,17,0,28
ac4b7ecdaaa68d5c37e626e9a1f49005,4551d3400f68fda36d0062727b26c04b,AC,rio branco,-9.958477545576638,-67.828796737997,SP,-22.211035197694,-49.6557903984333,2367.6354015038964,1,1,524.9,70.59,1050.0,2018-05-03 22:54:21,2018-06-12,2018-05-24 03:27:19,20,0,39
28f12a3e5117f5e70bbdb45be9188639,71ae2df0198f8dab9a73978e46b63c6f,AM,manaus,-3.083167089647404,-59.9712443842942,CE,-3.767271889037824,-38.65471774999996,2367.2142941007774,1,1,149.9,38.01,3350.0,2017-05-03 19:34:48,2017-06-07,2017-09-19 16:38:49,138,0,34
5cba90f4426ae8c12848639992997edf,d3e96567e2456d033de617c74776e7b2,PA,belem,-1.4364370877284982,-48.45454573829979,SP,-22.70928658782974,-47.66520568122805,2366.969178640632,1,1,14.9,25.63,50.0,2017-12-01 15:18:25,2018-01-10,2017-12-22 15:54:34,21,0,39
82292f3523e3919026a788549ea1868b,753d9b2beefa23a8a3546b9173b7e4c7,PA,belem,-1.4564705087998835,-48.47931988606284,SP,-22.65568399624909,-50.42396514559194,2366.5881337643173,1,1,98.99,33.14,2225.0,2017-11-23 11:53:50,2017-12-26,2017-12-18 21:09:45,25,0,32
d029fdde9d52a038f0de4e9ac1f7c9ad,ca7eaeb80f954232c07a1d7a86ca342f,AM,manaus,-3.108128684581665,-60.062148660280464,SP,-21.806688623479666,-49.604713417675256,2366.199271029883,1,1,109.9,25.26,2700.0,2017-02-04 22:38:49,2017-03-15,2017-02-16 16:05:10,11,0,38
14a54a1ffd16f037929c4553a244f9ed,f51dd48ef39ca937e5f1c9e87f6f2881,RO,porto velho,-8.743945699931716,-63.89648266653547,SP,-22.82219330991709,-47.27062894035096,2365.160778371674,1,1,279.9,24.46,350.0,2018-04-02 12:50:49,2018-05-07,2018-05-05 16:51:54,33,0,34
85924005925accc8a231a9d98c6d0fea,ae34215e10534bfc372025bc69c7034f,PA,castanhal,-1.2982319725924176,-47.89798747486323,SP,-22.56117141825844,-47.447471268798,2364.83233223621,1,1,33.6,25.63,150.0,2017-11-27 19:31:36,2018-01-04,2018-01-12 22:36:44,46,0,37
894ad6777d752962423e37b3d4e8a83a,18aef611c590091fc3f183f0d527a11a,RO,porto velho,-8.743945699931716,-63.89648266653547,MG,-20.94004902170557,-45.82696971616617,2364.7207500288714,1,1,149.99,88.06,6550.0,2017-10-04 13:32:45,2017-11-17,2017-10-23 20:45:01,19,0,43
f4eda4d97fa21f60b8c95b433085d2f4,5c7a7303e8349978d086f3e5f349fe34,PA,tome-acu,-2.417273196490953,-48.151514958856446,SP,-23.625852663887155,-46.61139748251486,2364.103088047666,1,1,24.99,25.63,300.0,2017-11-23 05:13:03,2017-12-28,2017-12-20 18:14:26,27,0,34
046a69282c430c5d662cee78c019f95f,4211bdba3c51ddcb72cc253a46b7c1bf,RO,porto velho,-8.765998858024522,-63.89314474007578,SP,-22.82219330991709,-47.27062894035096,2363.210719686287,1,1,319.0,23.03,346.0,2017-11-21 13:10:50,2017-12-26,2017-12-16 16:25:47,25,0,34
d6be19fade8df35d46c377eaeb737f67,cc6ca9a06de92299b5d0fc5669174398,RO,porto velho,-8.74806526700877,-63.85918024193474,SP,-23.285339138631286,-47.67122744308,2363.207287771875,1,1,19.9,34.15,300.0,2018-01-08 22:15:07,2018-02-20,2018-02-09 16:44:31,31,0,42
d80cfaf2ed047f9e77f5640df7246b64,f6aba665faa637735e3de8c387e9fb5d,RO,porto velho,-8.756458065449426,-63.87552318025777,SP,-22.82219330991709,-47.27062894035096,2362.530912648104,1,1,198.9,22.19,250.0,2018-02-12 15:00:57,2018-03-22,2018-03-08 23:14:31,24,0,37
e16650a3a92e18a06ea6653a3144fbbe,63fad851f1baab6ad6bf74a8b59f5521,RO,porto velho,-8.756458065449426,-63.87552318025777,SP,-22.82219330991709,-47.27062894035096,2362.530912648104,1,1,239.9,22.48,400.0,2017-07-04 20:34:10,2017-08-07,2017-07-21 19:12:42,16,0,33
2ce7fb3d9314c0a8e4e8c04eb1224919,695e30701cad491515e5f4f0e69bd3db,PA,altamira,-3.2061261675320685,-52.21246809885808,SP,-23.72650754342439,-46.57996607380704,2360.6662194913724,1,1,19.86,37.04,125.0,2018-06-10 12:42:23,2018-07-17,2018-06-28 15:17:02,18,0,36
29baa2288a6c833c165b32b46e4ffcce,d6fe0531fafd5541264a7c32541f9657,PA,altamira,-3.218720460711638,-52.21986986941187,SP,-23.71627032001268,-46.53725160684408,2359.6016254695305,1,2,199.9,46.0,3900.0,2018-03-12 15:13:45,2018-05-11,2018-04-10 17:31:47,29,0,59
17d1c72c26f43dbcb91705626271e2f0,a31825d0c893a0c13dd57cd8a6e22b93,PA,altamira,-3.1956769455311544,-52.188450994778826,RJ,-22.53988593060518,-43.197575382221615,2359.2470303656687,1,2,159.8,42.6,2400.0,2017-11-02 17:18:08,2017-12-07,2017-11-23 17:41:06,21,0,34
c9b01bef18eb84888f0fd071b8413b38,a0ef745a0553f2dc5b4d820405bb5f5a,RO,porto velho,-8.791017512963279,-63.88475287954359,SP,-22.38244032638749,-46.947605466481896,2356.694200281492,1,1,269.9,96.7,9800.0,2017-06-07 09:31:57,2017-07-13,2017-07-03 16:34:33,26,0,35
5913c96e255e41e1a9ed2fff46dfc552,c1b5229b87a52440b2c3eca86b14ef94,AP,macapa,0.0926862742327877,-51.05732958179381,MG,-19.93983932527809,-44.03753768348246,2355.078272866794,1,1,95.0,39.99,1050.0,2018-08-10 20:58:54,2018-09-06,2018-08-29 15:03:59,18,0,26
f556aa150eb96f399701cc908b91bb7f,b0b4ce3ece3e118c4125c0f8ddf82b85,PA,castanhal,-1.2982319725924176,-47.89798747486323,MG,-22.43068953453729,-46.57343370165055,2354.1817357175687,1,1,179.99,38.22,4025.0,2017-04-07 19:24:58,2017-05-15,2017-04-28 13:37:52,20,0,37
0d778ab2a536db4175fd9e51f7022c91,0da6c4c584cd72612e829dcade815e57,PA,belem,-1.4549937799064998,-48.47203605785113,SP,-22.599254430886607,-47.40879928660274,2353.9394842284737,1,1,159.9,33.57,8750.0,2018-01-09 23:35:27,2018-02-14,2018-02-05 21:51:38,26,0,35
87dbf4b3d9d6755f19edef737a4dc0f9,0413010c14c0551c7377780fef01eaf5,PA,belem,-1.4564705087998835,-48.47931988606284,SP,-22.599254430886607,-47.40879928660274,2353.8140067568133,1,1,399.9,153.57,30000.0,2017-08-04 11:25:41,2017-09-11,2017-08-22 16:52:23,18,0,37
7ab3f019887a8ff74dfcc7fd1d1d51f9,62eca15985571878b8fe17b3b07e83ae,RO,buritis,-10.209140198346743,-63.83093026898301,SP,-23.437197,-46.51136742270183,2353.7749320792946,1,1,122.99,51.36,400.0,2018-03-09 19:01:10,2018-04-16,2018-04-05 18:14:59,26,0,37
96b0bbaa7c919540b78e7c4f1223cd0d,92305c11a1f68c003ad4ae6dd611c026,RO,porto velho,-8.756458065449426,-63.87552318025777,SP,-22.574181674738654,-47.166457717889685,2353.75208644374,1,1,58.9,31.85,3567.0,2017-09-24 06:37:27,2017-11-03,2017-10-06 20:42:28,12,0,39
e351155ff64b9c7d91161289dc6e69c2,a2e02f003a155f5ca89a4fd48cfe2068,AP,macapa,0.0534539422786059,-51.05853619886202,MG,-19.923338955306185,-43.9480192209302,2352.450897545456,1,1,173.0,31.88,340.0,2018-01-04 20:17:29,2018-02-23,2018-01-31 16:48:54,26,0,49
41e33d3c157e00a75938cd0345e207de,6303896fe7edb9feb7b93bbc17bafc09,RO,urupa,-11.131177224770086,-62.3700990580654,RS,-29.68584930081256,-51.46313816602653,2352.0684154043297,1,1,149.0,67.96,1650.0,2018-03-07 18:02:17,2018-04-25,2018-04-11 22:22:05,35,0,48
f1bacd724876b18375e9d4b7426ccc0c,f76e2175ea0b49615d38d4f67f76b914,PA,belem,-1.4350490220441132,-48.4687608538578,SP,-22.55682570149749,-47.42307221908908,2351.3512212044197,1,1,48.9,26.89,600.0,2018-02-26 14:13:19,2018-03-29,2018-03-27 23:29:04,29,0,30
4f69ffc6c1340dd48ea12040fdb00af4,5f5714ee2522aeb19525f81582b66bfe,PA,altamira,-3.196662876107953,-52.21699290487416,SP,-23.625852663887155,-46.61139748251486,2350.1693463434685,1,1,37.99,25.63,300.0,2018-01-23 18:24:06,2018-03-02,2018-03-09 02:12:36,44,0,37
09df1b5edd28f22201dd19d1acccd5f3,082588d73998636420dc0c9b5589668c,PA,belem,-1.4500624701799327,-48.46672072479669,SP,-22.56117141825844,-47.447471268798,2350.030596268692,1,1,20.3,25.63,200.0,2018-01-18 14:38:14,2018-02-23,2018-02-17 01:19:00,29,0,35
ac28921ef185c0a4f81b4fbbdf4d645e,023a2dda10505c5b757b7f9887f5c41f,PA,garrafao do norte,-1.9320974389393328,-47.05149958943775,SP,-23.052705625933136,-47.83614945236365,2350.028702610778,1,1,86.99,29.01,2800.0,2017-10-28 16:36:44,2017-12-08,2017-12-05 04:10:01,37,0,40
6da61def5ee2d55fc6b9dfbc43efca0b,006fffc5b0accd275de3e3a4b6d0832d,PA,altamira,-3.2061261675320685,-52.21246809885808,SP,-23.625852663887155,-46.61139748251486,2349.0253310660787,1,1,27.99,37.04,300.0,2018-03-14 13:28:44,2018-04-13,2018-04-12 12:51:16,28,0,29
383e1abcae2216bb7149870157ac31a9,8274d1ce55f63b53a080471c910dbb77,PA,brasil novo,-3.303834589329146,-52.5395090650395,SP,-23.64855809755326,-46.66211575714125,2348.741527693105,1,1,39.9,26.89,850.0,2017-08-18 23:08:47,2017-09-22,2017-09-05 12:28:14,17,0,34
15aafc9c68a1f0c0d2208dfbcc33a7f3,e1a947139beff6d76856cec5f6d6336c,AM,manaus,-3.093583074721783,-59.99983462745101,SP,-20.58539612477616,-47.86315577415144,2347.7547784778844,1,1,179.9,38.81,1300.0,2017-09-20 12:42:08,2017-11-13,2017-10-03 21:48:54,13,0,53
7a818012b467239b762232ca1644c096,108c9ed00e923d915a2e68840192a37e,RO,nova mamore,-10.4057356118006,-65.33241985343662,SP,-22.75756675966071,-47.416027840450326,2347.698134477832,1,1,299.9,155.47,22350.0,2017-11-18 12:41:48,2017-12-27,2017-12-13 19:17:04,25,0,38
988a21449c85e5aab93c446596246149,98cea627e0afae6f6e71fa86174b819c,RO,ariquemes,-9.89841060028339,-63.03402224999999,SP,-23.184481107132555,-45.87242012963361,2346.877334597151,1,5,140.0,124.2,1000.0,2017-03-09 12:52:31,2017-04-12,2017-04-20 09:44:13,41,0,33
09045ce363fa81cd9f206c86b989e2ba,75fa6cfb28484afc68c0ab2177d339cc,PA,altamira,-3.2061261675320685,-52.21246809885808,SP,-23.57130234332621,-46.47930265361119,2346.8749709267245,1,1,72.99,33.12,11350.0,2017-11-23 16:23:50,2017-12-27,2017-12-19 20:27:08,26,0,33
60a87e6c088c81605a4425ceffb2a043,c26c3f3697726735dabd85bc09795511,RO,porto velho,-8.756458065449426,-63.87552318025777,SP,-22.75756675966071,-47.416027840450326,2346.4160551418545,1,1,388.0,32.13,13100.0,2017-08-29 18:23:46,2017-10-03,2017-09-14 20:42:04,16,0,34
010b143d83a59b355cd5a75c0f0fd785,c181ea8a3ec364246642e36dae84bf30,RO,ariquemes,-9.912030288047893,-63.04099949999999,SP,-23.302661247830148,-45.97283979175633,2345.9822550601875,1,4,88.0,136.6,932.0,2017-08-30 23:28:35,2017-10-06,2017-09-18 15:04:10,18,0,36
18e9c9a8bc880b4b3aeafede031f7587,d3125b74c9df178912c5f59dc77410fd,RO,porto velho,-8.74806526700877,-63.85918024193474,SP,-22.75756675966071,-47.416027840450326,2345.755347885739,1,1,999.0,38.79,15800.0,2018-03-13 09:52:21,2018-04-17,2018-04-06 23:38:37,24,0,34
9baa1fea77be1dc7d5ef2ad847110a14,cb32fe2aeb8e53ae62644d5afc5b2bc9,PA,ananindeua,-1.359557305472045,-48.40294922075292,SP,-22.38402218078369,-46.9362356656652,2343.186217398239,1,1,259.98,117.44,19100.0,2017-08-05 13:31:17,2017-09-18,2017-08-21 19:18:42,16,0,43
c9ac1cc11d801a9be848b342877bb077,fa7d662096338526b074e6f9d7b203d8,PA,altamira,-3.2061261675320685,-52.21246809885808,SP,-23.552032416180964,-46.53746144532288,2343.1805292330337,1,1,119.99,29.24,1500.0,2017-07-13 11:29:42,2017-08-16,2017-08-01 21:22:15,19,0,33
590ab3344f70c64950c4108f56f56280,227793ef64bc93191fef01f947af0e1e,PA,cameta,-2.245151109939572,-49.50111025019855,SP,-23.202613718016018,-47.294568557377815,2342.4632836581013,1,1,109.9,42.83,1075.0,2018-04-24 12:57:49,2018-06-04,2018-06-01 17:38:47,38,0,40
a978d6eb16b0dd287c64cf99680c15e9,033c0ab40161f39cabba89a415feffaa,PA,altamira,-3.2061261675320685,-52.21246809885808,SP,-23.52551477827242,-46.513893895826776,2341.007207744563,1,1,209.99,25.96,433.0,2017-02-06 22:02:37,2017-03-27,2017-02-20 16:42:25,13,0,48
fcd5c11fdcdf8f31e2c6cd12717cc00c,2e77e20272624db559cd9aa75a4e13cc,PA,sao joao de pirabas,-0.7719884999999979,-47.17777032325635,SP,-21.757690120914923,-48.82976816265947,2340.3604821257577,1,1,98.99,47.13,1250.0,2018-04-13 08:12:18,2018-05-24,2018-06-08 17:46:30,56,0,40
9262aac73cb6b5fc9e1470cc0caeebfd,2d50520f5c984053e638bd4d68c9b878,PA,placas,-3.868147449176295,-54.21792404271855,SP,-23.54241282514857,-46.49070640341336,2339.7883710313176,1,1,49.99,37.04,150.0,2018-03-13 15:44:44,2018-04-19,2018-05-08 13:45:44,55,0,36
69a4726dcd85987f5c301bda6d0ec78f,b188623ab77ae9de645b334565353c69,PA,altamira,-3.218720460711638,-52.21986986941187,SP,-23.48488009615481,-46.36654993289185,2339.730633086469,1,1,169.99,96.84,11875.0,2018-03-06 17:12:49,2018-04-23,2018-04-05 16:21:58,29,0,47
9f6ae9af23299996f0a1bdd6a35f08a1,39e8c8fb7bc8e9593e8dae4112fc1d3d,PA,mojui dos campos,-2.681821177397352,-54.641590541463295,MG,-21.1242815973938,-44.24866664599798,2339.1006923168247,1,1,34.6,34.15,254.0,2017-06-16 16:51:08,2017-07-20,2017-07-20 18:47:32,34,0,33
2846eb8607ac61c072c49f8c3d928691,0a312ef8311e4d1c2a9855f3b192878d,PA,altamira,-3.2061261675320685,-52.21246809885808,SP,-23.56885334722136,-46.78225045146837,2338.27137964974,1,1,97.8,37.6,375.0,2018-07-17 13:40:35,2018-08-14,2018-07-30 13:48:30,13,0,27
214c5f0c9cd86a432fd1c37cf8b20328,78f88ec4242f01948963c37379b9698b,PA,uruara,-3.719253874282301,-53.740713158615925,SP,-23.552032416180964,-46.53746144532288,2337.107207954919,1,1,99.99,29.1,900.0,2017-09-16 17:06:18,2017-10-25,2017-10-04 19:02:52,18,0,38
dff73ddac06e1d85d286c22617ee50db,9649301a6e7a51d13c4f0b9d7605c56d,RO,alta floresta d'oeste,-11.92729770672256,-61.99677991197005,RJ,-22.93534069637593,-43.186718398333056,2336.930989727144,1,1,349.99,37.77,1582.0,2017-06-03 23:11:49,2017-07-10,2017-06-14 14:52:20,10,0,36
c57b77f1ada200812975fd3151e49752,d59fbf3f22cc09de2ba8f571c5aa4a40,AM,urucurituba,-3.1290281963597573,-58.15597737093593,SP,-21.77408122009684,-48.18062624562872,2336.537154580142,1,1,48.9,34.15,2850.0,2018-01-06 17:08:15,2018-03-13,2018-02-15 20:18:52,40,0,65
ba9a7c92052d9666424a1c3cc395a5fb,3d585c4e4914b64ce5ef202ed17795a0,PA,belem,-1.265284770873497,-48.46449675721336,SP,-22.277216273975142,-48.5432584317704,2336.435713210036,1,2,158.0,93.98,4700.0,2018-04-12 20:36:50,2018-05-21,2018-05-10 18:33:13,27,0,38
911fba382ab724c847ae5577e47949d4,838bc2ff67963202eb29e748923c15fa,PA,uruara,-3.719253874282301,-53.740713158615925,SP,-23.52551477827242,-46.513893895826776,2335.184468082737,1,1,149.99,27.59,500.0,2018-02-27 10:31:04,2018-04-09,2018-03-23 18:42:48,24,0,40
b84fe8a21d1d5e8f5dad9065cd163305,49567b7e8653a181f6470b6ade8d2a9b,PA,belem,-1.379962477927227,-48.44989717037183,SP,-22.350427797998144,-47.40042536135961,2334.5688388569183,1,1,210.82,29.88,1850.0,2017-05-24 09:16:40,2017-06-28,2017-06-06 13:43:26,13,0,34
265f4e28ef8cf69f8445e2951bbe7343,c572fd6cdd98e87ea2bc433b6da21078,RO,ariquemes,-9.914957097381809,-63.05717538826364,SP,-23.68118030474924,-46.44412708563669,2334.423330110893,1,1,39.9,24.84,800.0,2017-03-06 00:14:28,2017-04-11,2017-03-20 09:28:56,14,0,35
191869a6145f8263366f4158ddcf3b2b,2cf0c0ab9108b6a0c3382fb387643d2d,PA,belem,-1.379962477927227,-48.44989717037183,SP,-22.353254767471807,-49.10113233057293,2333.186508239926,1,1,149.9,37.74,150.0,2018-03-15 20:47:50,2018-04-17,2018-04-05 00:28:54,20,0,32
3b2b7f4a223b44cc17c481a8fe1a63b7,3e15529b15c6d166c1515fcf3eb66e65,PA,altamira,-3.2061261675320685,-52.21246809885808,SP,-23.473052978908186,-46.60034358604072,2332.9791121900544,1,1,49.9,25.63,200.0,2017-05-23 22:14:50,2017-06-27,2017-06-05 15:52:40,12,0,34
4433ebc14c69e56090cb4e96d574d9c3,690f0d89fd8b50197bc81fb97fd89241,PA,belem,-1.4537426852674302,-48.4881708871833,SP,-22.40992251985108,-47.56321483192925,2332.365098630756,1,3,315.9,112.29,1050.0,2018-04-25 10:00:40,2018-05-24,2018-05-14 15:42:09,19,0,28
954399f1952a1ac05b51b69077de29d1,15d8866bdff8acb852e44d4702f27373,PA,belem,-1.438117507213356,-48.46256080593268,SP,-22.41266271777723,-48.45158291779485,2332.263318014406,1,1,32.9,25.63,250.0,2018-02-02 01:37:46,2018-03-15,2018-02-22 18:33:42,20,0,40
0b3aeaf1fb363edeaf5062df39515084,95f3b1905c7702b401a038234fdb722c,PA,altamira,-3.2083253551253788,-52.2234381290311,SP,-23.453510081597333,-46.56661706277687,2331.900879178656,1,1,725.0,29.56,3525.0,2017-03-23 17:41:45,2017-04-27,2017-04-17 12:36:59,24,0,34
0d4628fecf8a76472ac1da3ebef92072,e4800add327af5e8c4c04f377fb1779a,AC,rio branco,-9.953949068166208,-67.85151076599993,MG,-18.9239008462404,-48.25008947100231,2331.5999300838293,1,1,239.0,77.19,4000.0,2017-12-23 16:45:12,2018-02-14,2018-01-09 21:52:13,17,0,52
555bdeeec0ae00faeb547748b9e58ec6,06475b1ce34b05233619d42030f3c3ab,PA,ananindeua,-1.3383317204210916,-48.40517111782293,SP,-22.277216273975142,-48.5432584317704,2328.3456288598363,1,1,113.9,27.34,800.0,2017-11-24 07:04:16,2017-12-29,2018-01-12 22:37:20,49,0,34
fbd3991898630a7003a6c900b2b0ed7c,7f999926bdad61c9e3d5442fe294ef2f,PA,belem,-1.428168145680862,-48.467978469761576,MG,-21.764199268942235,-43.346325855675445,2328.269665174892,1,1,54.99,34.18,200.0,2017-12-23 00:24:55,2018-02-05,2018-01-23 02:12:08,31,0,43
0e36a0363ee90aef2a9aed38aa46a2a2,3adc5005562ea42a51ce7923cbe094c6,RO,cacoal,-11.423035101580892,-61.47395663790475,RS,-30.015353525390992,-51.16292631709848,2325.758252225512,1,1,339.9,62.44,150.0,2018-05-05 10:24:45,2018-06-19,2018-05-23 19:32:34,18,0,44
94cbeb924291c55038f6d70ce58944d1,fa201b6b789affbeac2780ea9acf8c46,PA,belem,-1.4630158658030092,-48.48808887193567,SP,-22.33733647655877,-47.16903824492072,2325.4956665404648,1,1,169.9,40.18,6600.0,2017-08-21 14:57:34,2017-09-29,2017-09-15 19:47:34,25,0,38
6744d76b253e71e06a89867248227b9c,42528556eaad6bbc96bb8eff982ae387,PA,vigia,-0.8565975241194748,-48.13906455764863,SP,-21.757690120914923,-48.82976816265947,2325.300180088216,1,1,59.9,24.91,633.0,2017-01-12 12:46:35,2017-03-08,2017-02-08 08:43:43,26,0,54
8da7a1c49a88ecf2f5a92925c9333af1,67de52b6a10455591df311f48614aa58,RO,cacoal,-11.429721311127627,-61.45973853624492,RS,-30.015353525390992,-51.16292631709848,2324.415947079944,1,1,499.99,63.78,350.0,2018-08-02 13:25:13,2018-08-16,2018-08-13 18:51:01,11,0,13
29e24ac120419e4326f0eb7913263af0,7bf997d6e16e6117b8312922c7408e10,PA,belem,-1.379962477927227,-48.44989717037183,SP,-22.07708974256958,-51.41548624933166,2323.677180198354,1,1,69.9,28.89,1200.0,2018-03-01 08:28:39,2018-04-03,2018-03-28 18:17:22,27,0,32
fb34957b24cfaa3c67835b67097b45e6,062d526eabc36e995e3a9ce353894fcb,PA,ananindeua,-1.3848929999999946,-48.42501605894997,SP,-22.277216273975142,-48.5432584317704,2323.1555473838384,1,1,69.9,32.94,2500.0,2018-03-04 19:52:36,2018-04-05,2018-04-18 19:35:46,44,0,31
935c71d5c924d23711a40367cb43913c,fb868ee37e21aece79f2c65ed9f3f118,PA,belem,-1.4002461618096758,-48.44022998211082,SP,-22.284485664723874,-48.5368133680247,2322.244968162226,1,1,79.9,37.47,100.0,2018-08-08 16:15:40,2018-08-30,2018-08-16 13:11:57,7,0,21
0c03662cf0a2be624f6cfd189de46224,cc0375db490f28340c99213435819839,PA,belem,-1.428168145680862,-48.467978469761576,SP,-22.111362492566023,-51.39854839493498,2321.6158762331825,1,1,776.0,42.12,1200.0,2018-04-10 08:11:52,2018-05-15,2018-05-02 21:46:56,22,0,34
6e77a2014a79bc522ba00419725a3bcc,e37bbc70455e1afd493062202a09159a,PA,barcarena,-1.5080751406619344,-48.62332303710737,SP,-22.350427797998144,-47.40042536135961,2321.331679191293,1,1,257.57,38.94,3600.0,2017-08-22 13:43:12,2017-09-26,2017-09-11 21:16:35,20,0,34
0394e320572c0048e41267320a28270e,28135fbf5e6fc1254fd50aafee7b02b0,AP,santana,-0.044094312862081,-51.16386937055873,SP,-20.554950968499107,-47.38769088301032,2317.3840704603026,1,1,116.0,25.3,138.0,2017-05-03 11:58:43,2017-06-07,2017-05-24 20:51:56,21,0,34
47d62434b47743d5c247a683f40fe56c,7be5a334c8077a07be8f4255cb76ebf4,PA,concordia do para,-1.994994535134473,-47.94570911303042,SP,-22.82219330991709,-47.27062894035096,2317.024263952251,1,1,139.9,26.26,200.0,2017-09-07 14:51:57,2017-10-13,2017-09-26 17:26:59,19,0,35
55b7d8a3d0db6bec3060f8434a82a307,dc7bb0c31f0aa11b41f465aa1c627266,PA,belem,-1.4564705087998835,-48.47931988606284,MG,-22.15187055995605,-46.04154236265463,2316.28232230436,1,1,389.0,40.27,1000.0,2017-05-24 23:08:43,2017-07-19,2017-06-19 21:55:58,25,0,55
ffd9fe7f21106081de852f98c6c78dca,6cbf986a2e2aebe93c7f9ec8e598882f,PA,brasil novo,-3.303834589329146,-52.5395090650395,SP,-23.41889183250616,-46.9591508819105,2315.7833617317165,1,1,45.0,25.63,100.0,2017-12-22 01:50:26,2018-02-07,2018-01-18 23:09:14,27,0,46
5f8772295e1adb4e4832c988d6b631b6,d6ea3ab260c02dc5a2d6270e7d49286d,PA,belem,-1.428168145680862,-48.467978469761576,MG,-21.959964627428853,-44.8905421483232,2315.627627229219,1,1,129.0,70.89,9950.0,2018-03-17 10:11:49,2018-04-20,2018-04-10 01:19:14,23,0,33
e4992b3b826ff19edba39e9a4d9dae26,7ac99a97fd540a8add7900eec14ecc2b,RO,costa marques,-12.434282677826095,-64.22742616074173,SC,-27.15253242886683,-48.50464784416293,2315.5505468399097,1,1,1429.9,70.29,633.0,2018-07-18 21:37:45,2018-08-30,2018-08-08 05:46:54,20,0,42
717f4581cd1688ffb536d815e2636d10,8ff38f870d1359ab0c37bc7ae1feb8f1,PA,braganca,-1.058127716055135,-46.7672559623839,SP,-21.757690120914923,-48.82976816265947,2312.505233755769,1,1,100.6,33.15,2100.0,2017-12-10 00:59:45,2018-01-22,2018-01-05 14:18:13,26,0,42
00588f5f20fee630b83d4709e0a42715,b129d989bd1940915efbdc2d239386d3,PA,ipixuna do para,-2.558464011545592,-47.49883695514504,SP,-23.302661247830148,-45.97283979175633,2312.49545709062,1,1,89.0,25.9,88.0,2017-08-18 16:02:24,2017-09-29,2017-08-30 20:43:32,12,0,41
0905da36ee109b78ec1a3c9e089148a0,e95fd5cca40cc862687dda4846f9ac00,RO,ariquemes,-9.89841060028339,-63.03402224999999,SP,-23.429413786427386,-46.49734932542269,2312.3022887102284,1,1,1999.0,115.63,7450.0,2018-04-24 23:24:26,2018-05-29,2018-05-11 20:23:45,16,0,34
512c6d2dd9904e8ce639b106a7689949,ed9906094c482db4ff0708204f6165bd,PA,canaa dos carajas,-6.529929061610091,-49.85237106032086,SC,-27.290209139974166,-50.57755286955393,2309.708589773781,1,1,170.0,82.35,150.0,2018-04-18 22:04:04,2018-05-30,2018-05-15 02:08:46,26,0,41
6f4a1ccdb6d8b5f5249737581a50b1ea,4db197e249f43396789685f78b90a530,PA,braganca,-1.058127716055135,-46.7672559623839,SP,-21.73651327492292,-48.68791766596293,2308.7269523895097,1,1,164.9,25.64,300.0,2017-03-14 13:06:10,2017-04-28,2017-04-04 12:20:07,20,0,44
6305aec3fc288054e3c30457795f98a8,a8c83ac2daecf7bd93935aba418f8cd2,AM,manaus,-3.057293703026705,-60.044656260801474,SP,-20.5405194657222,-48.55876959332621,2308.3124491400863,1,1,19.99,34.15,400.0,2017-10-02 08:32:05,2017-11-23,2017-10-17 19:41:07,15,0,51
9f459414e341be7328c349d9ba80a125,c14447520507724f6599a91cc98d9be8,PA,concordia do para,-1.994994535134473,-47.94570911303042,SP,-22.743238334049245,-47.3155351887966,2308.1017925510687,1,1,699.98,121.95,9050.0,2018-07-29 18:52:30,2018-08-31,2018-08-09 13:06:46,10,0,32
ec6afcdb2047e9e168d4c9233299c06f,09381117614f37b1b775bca7c3fe2bd8,PA,tailandia,-2.943909800485521,-48.951981656636335,RJ,-22.93534069637593,-43.186718398333056,2308.079184291479,1,1,299.99,44.13,700.0,2017-06-01 18:51:45,2017-07-06,2017-07-04 13:05:58,32,0,34
6c5eb0920626d3ff5588d03d6f2d4936,1b83beaaa59c8cdfe738f7ead2517da8,AM,manaus,-3.0877671471577344,-60.03896737669516,SP,-22.07708974256958,-51.41548624933166,2307.5979250294627,1,1,69.9,57.04,1200.0,2018-03-15 15:22:28,2018-04-30,2018-05-03 11:29:52,48,0,45
1affa2b54c26489a1600dea208b13bfd,16ad0e153b12087b00ff6bba67fc0bac,AM,manaus,-3.102441916599302,-59.989088103736165,SP,-22.11271760004238,-51.421000648265135,2307.285018819298,1,1,171.9,48.64,3250.0,2017-11-24 12:23:11,2018-01-12,2018-01-05 00:41:43,41,0,48
94fdc3eaf8fde842c5e9caf6e0b82d11,fa3cfaab1954c94fa7e728c5f3aba9ce,PA,paragominas,-2.9843130288145714,-47.349825797314494,SP,-23.7169581397296,-46.69411154232787,2306.4422523935173,1,1,75.6,25.81,700.0,2018-03-02 09:25:37,2018-04-06,2018-04-03 13:51:07,32,0,34
3f56a22363145eb59c7fb42254d3f345,f97344eb0871c942a01e27afbec92beb,PA,paragominas,-2.99535984783577,-47.36020190658361,SP,-23.71627032001268,-46.53725160684408,2305.7576950863163,1,1,42.93,37.21,175.0,2018-08-01 20:30:58,2018-08-31,2018-08-14 11:40:46,12,0,29
945bbdd66669edb480ca9f0037ed11b0,9359ed9ad95b01396011363481205e46,PA,paragominas,-2.996303967386479,-47.35503645658923,SP,-23.72288454509784,-46.85659934471119,2305.3132914857547,1,1,65.99,25.74,350.0,2017-10-10 15:38:41,2017-11-16,2017-11-29 00:21:54,49,0,36
d9a932befd90783805fe255151f656a5,59b6f50384a62d257a93ff1b41235166,PA,belem,-1.4143021610625788,-48.44500122170078,ES,-20.953274997597106,-41.34182622919502,2305.2474475709478,1,1,990.0,131.01,21300.0,2017-11-11 18:03:19,2017-12-13,2017-12-07 22:13:54,26,0,31
51274dc531d06d31c1e36aeadd41bc05,c1082c577614757615b849f2e56471e0,RO,jaru,-10.434205391835228,-62.472690831765085,SC,-26.877005895089145,-49.0820058388828,2305.1567420678416,1,1,62.79,42.47,400.0,2017-11-25 01:52:27,2018-01-10,2017-12-07 01:12:55,11,0,45
4d3fd3b2bf5c3adc542718183a646bac,39f307e088da26dc5257b7d459d604d1,PA,paragominas,-2.996303967386479,-47.35503645658923,SP,-23.69066643075192,-46.70391215514457,2302.1724709269524,1,1,69.9,0.0,2600.0,2018-04-22 15:59:16,2018-06-04,2018-05-15 11:28:40,22,0,42
4989085cad96697e77c016d0e856b166,0615ccf2d9e2a40903c1ee5d96db352f,RO,pimenta bueno,-11.67957628458245,-61.1772732055972,RJ,-22.248090607447285,-42.5363431175754,2300.953613644932,1,1,299.0,89.38,6550.0,2018-04-16 21:49:34,2018-05-28,2018-05-12 15:49:51,25,0,41
53bf54ff6a143b00070ba1dd2c571465,fcd3b5fa136fc340d8720e251c3ec8b2,PA,ananindeua,-1.36348899786207,-48.37545212840183,SP,-21.93085204816489,-50.49756182976886,2298.492850575144,1,1,174.9,46.81,5300.0,2017-10-02 07:28:30,2017-11-08,2017-10-18 00:24:10,15,0,36
96c4604cd628d2deeba98d012743a455,ce6b160f2d93188fdd18287c6f4d2aaf,AP,santana,-0.0448957785525829,-51.1728839876273,SP,-20.5405194657222,-48.55876959332621,2296.6752363171718,1,1,52.9,42.78,2300.0,2017-06-08 21:06:41,2017-07-13,2017-07-04 16:11:21,25,0,34
0a485e9f82800bf8b36ae34ad2a91aa2,c6f55b8c3f988e35978224e981b26836,PA,paragominas,-2.996303967386479,-47.35503645658923,SP,-23.625852663887155,-46.61139748251486,2295.294212669165,1,1,27.99,25.63,300.0,2017-10-13 10:21:42,2017-11-21,2017-10-27 03:43:40,13,0,38
201f31fb8c21cbe559ac45d1de5f4392,c4c271a679216c43812602c08b2104cd,PA,tailandia,-2.943909800485521,-48.951981656636335,SP,-23.489821337123363,-46.95315217080441,2294.696577544846,1,1,1591.2,35.63,500.0,2017-02-27 15:39:41,2017-04-06,2017-03-14 15:47:50,15,0,37
1729ff43a8a349e7762f284b50588055,0b7b4c39c3d3a8846ea809fd5afbc1b1,PA,tailandia,-2.943909800485521,-48.951981656636335,SP,-23.437197,-46.51136742270183,2293.827239396572,1,1,122.99,37.55,400.0,2018-03-06 14:11:27,2018-04-10,2018-04-16 17:27:55,41,0,34
f9114a9615fd4c8a09fa0768afb4a8f6,5656c0f19d8894f19e73e8a285136a1c,PA,belem,-1.3989051618096793,-48.45883297403209,SP,-21.93085204816489,-50.49756182976886,2293.687648119076,1,1,169.9,46.78,5300.0,2018-02-26 17:51:06,2018-04-02,2018-03-21 19:07:40,23,0,34
5c582483eb0e06d5cf970b645fe51c58,3e80ad5803a931d5e32ccb67c76ced6c,PA,castanhal,-1.284758721526353,-47.92646004081157,SP,-21.90747320518916,-47.62143917310523,2293.378964756175,1,1,139.99,27.52,700.0,2017-06-05 23:33:27,2017-07-10,2017-06-30 15:12:28,24,0,34
4d9bdc2fb2669f62c3f9b40eb1a41c4b,d4b0aac5c815e51d81bfb5b93efa1fa7,PA,concordia do para,-1.994994535134473,-47.94570911303042,SP,-22.60137566819486,-48.80749003720592,2293.213481170841,1,1,89.9,42.91,1225.0,2018-07-05 12:34:33,2018-08-13,2018-08-21 15:49:44,47,0,38
6e8b784db4941b3dbd08146464f9f628,c0383ca8e59180009c9e765fa261d88f,PA,paragominas,-2.996303967386479,-47.35503645658923,SP,-23.59399496820805,-46.55209142714523,2291.9855686824485,1,1,12.5,25.63,150.0,2017-06-28 23:00:54,2017-08-01,2017-08-04 13:05:03,36,0,33
b546aea900486b1d86f57d4da877a984,e1a333109e71922f3c2cf7775d80f28f,RO,ouro preto do oeste,-10.719292994831893,-62.25714126335961,SC,-26.835516281044985,-48.63400504258813,2291.06899695056,1,1,104.0,25.22,450.0,2017-05-05 01:49:17,2017-06-13,2017-05-22 15:47:53,17,0,38
e71d504f1de703f2bf1ae44d69a9d27d,a0539dcb52f6e42b62a2e9c8b675ca16,PA,nova timboteua,-1.206349423053087,-47.390620257867226,SP,-21.757690120914923,-48.82976816265947,2290.51464848651,1,1,99.9,33.15,1825.0,2017-10-05 21:21:43,2017-11-16,2017-10-24 17:44:16,18,0,41
225f91612c9a38c727b64ac3c7d11e7c,3421838a52fbff1c4771a2d523cb39cf,PA,belem,-1.2975210000000033,-48.47028615999202,SP,-21.834675764126,-46.898576447392045,2289.959623174777,1,1,114.9,33.25,7050.0,2017-12-04 14:59:26,2018-01-12,2018-01-19 02:34:33,45,0,38
e2d38ab302de39ef3087f6a3a58c8e6d,97b1bb18e17815a38e2cd2f8e1e0078c,PA,altamira,-3.2061261675320685,-52.21246809885808,PR,-23.75871798789573,-53.296661513474426,2288.3110440535825,1,1,249.9,63.65,479.0,2018-04-25 16:08:27,2018-06-06,2018-06-06 22:52:35,42,0,41
45b3000bcd10464ac178f32cd783fc83,184e0c2cfc746789643521df0e9ff904,PA,sao miguel do guama,-1.6166569727096125,-47.47837325396073,RJ,-21.53928413381573,-42.1854446440223,2288.2688475294854,1,1,250.0,54.11,2400.0,2017-12-07 23:55:46,2018-01-22,2018-01-05 17:59:38,28,0,45
f458316312c3e16919d3eb5f56c95930,7225c68afeaf2d5b575bd6d1aac6ba0c,PA,belem,-1.4478332105285268,-48.49009678052688,SP,-21.93085204816489,-50.49756182976886,2287.947274106741,1,1,169.9,34.68,5000.0,2018-05-18 15:23:48,2018-06-19,2018-06-07 21:38:35,20,0,31
49ccb99fe3aaec6e4926dfd025cd9d0f,0d1c9bf3e851a0db291a9edd754e46a7,PA,tailandia,-2.943909800485521,-48.951981656636335,SP,-23.302661247830148,-45.97283979175633,2286.382579409945,1,1,99.0,25.97,243.0,2017-10-17 11:24:51,2017-11-29,2017-11-08 19:41:06,22,0,42
7036c2b99dc75cd8d088a8e4475e2658,76d4cba49c7c7f3cafcc7ca48d81d03d,RO,pimenta bueno,-11.67957628458245,-61.1772732055972,RS,-30.015353525390992,-51.16292631709848,2286.078357620489,1,1,289.99,62.31,200.0,2018-06-20 14:33:25,2018-08-09,2018-06-30 19:18:53,10,0,49
e937de71316fb3186e4113977cb96741,9f5436553717cfa4a0ea9296e309b856,PA,belem,-1.468376488458801,-48.46416098230457,SP,-21.93085204816489,-50.49756182976886,2285.941280183677,1,1,169.9,46.78,5000.0,2018-02-10 21:57:04,2018-03-20,2018-03-12 14:51:29,29,0,37
7626f6090f351b8bd1e090dae74e0905,351862afb171174da309fadda7304c76,PA,paragominas,-2.996303967386479,-47.35503645658923,SP,-23.537493461278807,-46.63974517262972,2285.371135208404,1,1,13.65,25.63,200.0,2017-12-09 18:32:55,2018-01-22,2018-01-03 23:24:23,25,0,43
e7a65190baa4e6fd192246157c0b81fb,7d986867cfcd083f25ad4f692bd2df06,PA,paragominas,-3.0082656873428486,-47.358069662605,SP,-23.54241282514857,-46.49070640341336,2285.197545599994,1,1,28.99,24.84,150.0,2017-04-26 16:14:11,2017-05-29,2017-05-12 14:04:02,15,0,32
5b0b2aa2743719f29545ae7a34007b8f,d8e3846d82e712608dfda713b5929998,AC,porto acre,-9.595002404582806,-67.54378071549554,SP,-21.426847789373337,-50.0643276561055,2284.968265312325,1,1,74.9,29.45,1500.0,2017-04-23 18:48:21,2017-06-05,2017-05-22 09:35:47,28,0,42
99986880076491bbfa81921df6b676f2,98657b7713c40b024ac68724ca606f32,PA,paragominas,-2.9843130288145714,-47.349825797314494,SP,-23.48488009615481,-46.36654993289185,2282.011333149789,1,2,389.98,210.76,32334.0,2017-11-06 20:47:54,2017-12-19,2017-12-02 00:38:52,25,0,42
b77a901ce2de1a59489f51df38987132,d0c290abc509f5f994f9ece9e856769c,PA,castanhal,-1.295414145624778,-47.91334844444345,SP,-21.757690120914923,-48.82976816265947,2277.464726920339,2,2,194.99,107.56,11250.0,2017-10-12 22:01:07,2017-11-21,2017-10-27 20:33:37,14,0,39
ae6d0f3cc69623d6826ea64fa05a0158,807273345adca6ba9c3ddf306db4a6f0,PA,castanhal,-1.2982319725924176,-47.89798747486323,SP,-21.757690120914923,-48.82976816265947,2277.2247900211837,1,1,31.9,58.49,1000.0,2018-08-07 12:07:02,2018-09-10,2018-08-21 15:03:37,14,0,33
431a4888e53cb066a60108014f340221,e7a9e21addb648f463711dc6c0370a6b,PA,marituba,-1.3667488537613912,-48.33865765202612,SP,-21.806688623479666,-49.604713417675256,2276.9477789055823,1,1,249.9,99.97,17150.0,2017-05-09 22:37:55,2017-06-08,2017-05-19 09:38:36,9,0,29
349b3940d239cbc995c0664d87629d93,cba2f0b361c1ab3b0dd3b24a3b9634ac,PA,breu branco,-3.7751094568015184,-49.56595439812135,SP,-24.026457185123206,-46.47784669233656,2276.081223280988,1,1,99.75,37.61,250.0,2018-06-22 15:52:14,2018-08-03,2018-07-10 22:03:38,18,0,41
41593546724af38df27bd3f5a7f10580,629c063ae504efc5531dafb30fca6ea3,PA,paragominas,-2.99535984783577,-47.36020190658361,SP,-23.437197,-46.51136742270183,2274.862033187354,1,1,159.77,27.66,450.0,2018-01-20 21:47:36,2018-03-06,2018-02-02 21:24:23,12,0,44
da1d283bca74140785d392cda010a77e,d0797888933f41d7d9ad060c08d6f316,PA,belem,-1.3077635083242125,-48.48288393904238,SP,-21.757690120914923,-48.82976816265947,2274.2383691875475,1,1,39.5,25.63,350.0,2018-02-18 15:47:50,2018-03-23,2018-03-17 11:32:56,26,0,32
7c8d6e2623f98429c28ab00ffdced669,4018093ea989c2f03959f6d71226faf3,PA,belem,-1.311891948319029,-48.45705445526978,SP,-21.757690120914923,-48.82976816265947,2273.827300505596,1,1,99.99,33.15,1750.0,2017-09-26 09:23:05,2017-11-01,2017-10-10 22:15:59,14,0,35
65d45b2f40853ee124b911fac597afdb,d0bcaa005c8abd044fa9eb2dd68f792d,RO,machadinho d'oeste,-9.425537217792286,-62.00240618076608,SP,-23.625852663887155,-46.61139748251486,2272.9664868758337,1,1,27.99,34.15,300.0,2018-02-02 18:31:54,2018-03-19,2018-02-23 19:47:35,21,0,44
9210972190e4cf80bcfda96b9c4112d2,a7c6d471aaa5d069a79158daaf254b65,RO,machadinho d'oeste,-9.425537217792286,-62.00240618076608,SP,-23.491422931732863,-46.50280828642738,2271.4507680110114,1,1,269.0,84.58,11600.0,2018-03-26 14:45:58,2018-05-08,2018-04-17 19:08:48,22,0,42
bc29c5fce9c271807967f2fe4cf289e5,ba68e6a0e5205a086db45be9f475c9d2,PA,belem,-1.3415795569999318,-48.442214999999976,SP,-21.757690120914923,-48.82976816265947,2270.5558178927063,1,1,29.9,38.4,400.0,2018-04-07 14:15:19,2018-05-30,2018-05-09 22:14:32,32,0,52
9fc6440104c0af2d54ef7ff9e71703eb,fb773c7a9e646f63b60eb93ca7c12abb,PA,ananindeua,-1.3614658126784869,-48.424674763825664,SP,-21.757690120914923,-48.82976816265947,2268.380862380649,1,1,65.9,38.51,675.0,2018-04-11 12:14:40,2018-05-18,2018-04-25 23:08:45,14,0,36
9d5d3058706c16d0557d9b43c95ed70e,38aea1c83b6435516e18a04ce59806b8,PA,marituba,-1.3667488537613912,-48.33865765202612,SP,-21.757690120914923,-48.82976816265947,2267.9928138499904,1,1,220.0,26.03,3500.0,2017-03-07 21:15:07,2017-04-10,2017-04-19 16:24:06,42,0,33
9d4c70a4fba1638cb215c370f72a1fd2,67375d4b0ffd1ec02ad8e4c84f2a9cdc,PA,bom jesus do tocantins,-5.047138841118125,-48.5993882436702,PR,-25.431155907508472,-49.28552783051147,2267.778860915,1,1,149.0,43.07,150.0,2017-08-30 15:14:04,2017-10-10,2017-09-26 20:07:33,27,0,40
02d0cd05f04ab2e3c1acc473b0abc865,7a8cd6b234a923bf3984d793b0b64154,PA,jacareacanga,-6.221364795807537,-57.75800803829402,SP,-23.652442526788203,-46.75549168747648,2267.3151772121623,1,1,49.0,37.04,250.0,2018-03-25 14:19:18,2018-05-03,2018-05-16 12:24:28,51,0,38
bbe02deb41e96f666660dede6c816276,c659c6ddb8f2dbed68ea0889f16c0f69,AM,manaus,-3.123049060087145,-60.00582014275829,MG,-19.759203807039285,-47.93968152295908,2266.5709370642817,1,1,99.9,26.96,500.0,2017-03-24 16:31:56,2017-05-03,2017-05-03 14:07:58,39,0,39
a0dd16fef84e1de7791dbac7e4020bad,eeb4ba6ab8504b3d2356b69f1c11cb06,PA,belem,-1.4524922226603307,-48.49572567751135,SP,-21.82182624375579,-48.14411094601537,2265.2864462891207,1,1,610.0,90.89,15350.0,2017-10-17 22:39:08,2017-11-21,2017-11-09 21:22:21,22,0,34
96b2e80dae1e727fd9f346aeb278d1fc,514c6e33892730a7739115d0da57076d,PA,santarem,-2.439879662901709,-54.72446419914522,MG,-19.867906407416527,-43.94863882589885,2263.934731731821,1,1,89.9,35.95,1300.0,2017-05-18 08:42:34,2017-07-14,2017-06-14 14:20:08,27,0,56
8f8a31db8b3bd96e4b989ce2afcdee9b,a5d2571dfc253c76c3e911ae2e45085e,PA,braganca,-1.058127716055135,-46.7672559623839,SP,-21.364019805249217,-48.22883109179936,2263.4671108575103,1,1,198.9,26.67,400.0,2017-10-14 22:27:34,2017-11-24,2017-11-06 20:48:55,22,0,40
69a9472cf248340a42a3801c33f5a0d9,6981cdccdf99ca1a73963e3559352d2b,PA,santa isabel do para,-1.2998814205764289,-48.16014012499999,SP,-21.60083934075281,-46.893667929142325,2261.5295150838037,1,1,84.99,27.13,800.0,2017-05-31 08:51:45,2017-07-05,2017-06-27 15:17:50,27,0,34
d779d1f64c00cb888484f4b2f5eab951,7adeb9ef7256f00660337f5959bcaaf6,PA,altamira,-3.2061261675320685,-52.21246809885808,SP,-22.92492963558197,-47.0742943724681,2261.371843816557,1,1,269.9,27.17,431.0,2017-12-15 15:23:33,2018-01-24,2018-01-04 22:47:52,20,0,39
887b1d05870ae363f160ab81362fe4bb,12ef52eb263e51edad2789a1a868d9ee,PA,paragominas,-2.9843130288145714,-47.349825797314494,RJ,-22.912121384482425,-43.17276000612761,2261.1013630733323,1,1,269.0,69.02,2100.0,2018-06-15 10:57:35,2018-07-26,2018-07-04 17:29:36,19,0,40
cc4dc2d6667cba8c386c69eb4f76f0c3,4b56a0ddb5f1d77d435869636216210f,PA,paragominas,-3.0082656873428486,-47.358069662605,RJ,-22.93534069637593,-43.186718398333056,2260.890309723268,1,1,299.99,31.03,1950.0,2017-03-16 13:08:05,2017-04-19,2017-04-04 15:13:17,19,0,33
ff28c0612d31703caeb619081868bd35,9584350801d16bfb6670a6ed33331336,PA,belem,-1.4478332105285268,-48.49009678052688,SP,-21.757690120914923,-48.82976816265947,2258.65250688288,1,1,59.9,25.7,350.0,2017-05-20 03:00:18,2017-06-28,2017-05-29 16:25:33,9,0,38
5244b9f2f8bc60aa503830f2847082f1,d80e1c90ce4d9aa890d53859559e9cae,PA,belem,-1.4564705087998835,-48.47931988606284,SP,-21.757690120914923,-48.82976816265947,2257.7115138956547,1,1,74.9,26.78,700.0,2017-04-09 19:10:22,2017-05-18,2017-05-07 08:45:55,27,0,38
e504f586e9ffc862cad95482af740af4,4d547b17f5dc533970786de8f7233eab,PA,belem,-1.4564705087998835,-48.47931988606284,SP,-21.757690120914923,-48.82976816265947,2257.7115138956547,1,1,59.9,29.35,1200.0,2017-04-09 19:10:24,2017-05-24,2017-04-20 09:15:28,10,0,44
40b8e198f9be930c141b807fe417dd07,abd4f44cab431f33b0c4f242377666f4,TO,praia norte,-5.395893368695774,-47.8101391620624,PR,-24.95820451399403,-53.46130455981301,2257.2162562385647,1,1,79.0,34.35,400.0,2018-02-01 19:59:24,2018-03-12,2018-03-02 20:29:24,29,0,38
8c98ea8f168f55d7c590b90e0e3ae53a,a95d66809480de437e5e93ad6cda31cf,PA,santarem,-2.4243989420876417,-54.71304339549161,MG,-19.81692388408408,-44.00790823059518,2256.672023637436,1,2,139.8,53.5,882.0,2017-02-02 02:33:08,2017-03-13,2017-02-13 08:47:35,11,0,38
99eae747b45fb42516e46311533b3064,30718e0e99f2eff03d3d80ed35312f1e,PA,belem,-1.468376488458801,-48.46416098230457,SP,-21.757690120914923,-48.82976816265947,2256.4160045578747,1,1,49.99,26.89,900.0,2017-09-25 20:31:25,2017-10-31,2017-10-24 14:46:06,28,0,35
4e5d78056568f8ddda5520ba250265ef,e456552bac43602caab98f9beab94577,PA,belem,-1.4304219467078465,-48.44961712406944,SP,-21.486471927360125,-51.53351950792364,2255.0240366803946,1,1,32.5,25.63,150.0,2018-02-20 15:40:45,2018-03-26,2018-03-16 19:12:24,24,0,33
e0e86e74456d51674570c5ae13d36b41,99fe6ea867f3a0788f0561500736552e,AC,rio branco,-9.9863541104064,-67.84345650615455,SP,-21.29407401379749,-50.34295220346251,2253.084915794643,1,1,79.9,52.92,2700.0,2017-10-12 21:25:26,2017-11-28,2017-10-25 21:27:01,13,0,46
41b0e2a8a395c2cce94ad53fca46cf23,b365c8052f1cb95b4abac396e5022ad0,PA,hidreletrica tucurui,-3.7553418784801456,-49.673347945937415,SP,-23.795197084253825,-46.7384060589763,2250.4905068436087,1,1,29.9,37.12,600.0,2018-06-18 17:35:29,2018-07-30,2018-07-05 19:47:26,17,0,41
9211fd3895bb47e2540f63577341f7b3,8f1b10b11a72fe1a4fb0af954200fcec,PA,tucurui,-3.775561036948699,-49.67211441089512,SP,-23.715550415200024,-46.54566744593705,2242.4895903929314,1,4,55.96,99.36,2000.0,2017-04-27 01:31:50,2017-06-09,2017-05-15 09:51:51,18,0,42
51dfe9f034afda72c27c6b01e98526f6,7356ed923effb67be04df8bdbfcb49c8,PA,santarem,-2.4243989420876417,-54.71304339549161,SP,-21.757690120914923,-48.82976816265947,2241.9246831734217,1,2,43.98,36.0,1100.0,2018-02-09 22:44:39,2018-03-28,2018-03-28 18:05:49,46,0,46
3da53042e56776670fcf05a64d884ce9,3af46ebb3600804c782615cd897db0db,PA,belem,-1.342775871487156,-48.45931805179363,SP,-21.426847789373337,-50.0643276561055,2240.010961495281,1,1,69.9,28.89,5650.0,2018-02-04 21:25:23,2018-03-15,2018-03-07 12:54:05,30,0,38
a33c70384e5369223140d28308cc84a4,3cf843218f85922e5fe972904be4322f,PA,hidreletrica tucurui,-3.7553418784801456,-49.673347945937415,SP,-23.67008162864273,-46.66049702840489,2237.925827040771,1,1,194.99,33.81,2050.0,2017-09-17 15:13:10,2017-10-23,2017-10-04 11:52:39,16,0,35
ef65ec5bddd94d2fbadc2b861827ab04,ef6d8ec542ff0844e7f4355cbd4d5697,PA,tucurui,-3.83448713047708,-49.67879798413284,SP,-23.7542139181698,-46.75526504252841,2237.0925381656243,1,1,198.9,29.79,1300.0,2017-08-15 09:23:10,2017-09-19,2017-09-08 17:34:51,24,0,34
f8e721184f691c61dc23e54beaeff557,b96fd58e5cf43104a84884ad7a9c169a,PA,pacaja,-3.83403952496045,-50.63720488520979,SP,-23.54241282514857,-46.49070640341336,2236.265445267527,1,1,37.99,25.63,150.0,2017-05-10 15:56:20,2017-06-09,2017-05-23 11:04:56,12,0,29
79f972ddba6969e1903a32a2bbc78886,b04d041da05c2704d29c6945333cd08d,PA,altamira,-3.2061261675320685,-52.21246809885808,SP,-22.75742680561254,-47.36911154235017,2235.75260960196,1,1,109.99,39.83,3775.0,2018-04-17 16:57:53,2018-05-24,2018-05-11 17:42:08,24,0,36
ab797176e01c2fa3d13aa1fe3e63d9ee,49d0ea0986edde72da777f15456a0ee0,PA,pacaja,-3.83403952496045,-50.63720488520979,SP,-23.56072295337296,-46.63277989454088,2235.2703854059528,1,1,28.99,25.63,100.0,2017-11-01 21:54:10,2017-12-12,2017-12-02 01:09:29,30,0,40
88495a304ffc01e1af6d23769628f3b0,f5d424d732a0df26a3f0e85276ce7664,PA,belem,-1.3077635083242125,-48.48288393904238,ES,-20.07518514155644,-41.124704666963474,2234.9187171236126,1,1,99.0,29.62,1950.0,2017-04-16 20:08:33,2017-05-22,2017-05-08 09:43:45,21,0,35
cd232b4fa3d7c031b04bc3d97e21344b,c19c45ed9d5b3d446b41e1d7f4543afa,PA,pacaja,-3.83403952496045,-50.63720488520979,SP,-23.569882978500623,-46.71049857687159,2234.6776839966124,1,1,51.4,24.85,400.0,2017-02-09 20:34:26,2017-03-22,2017-03-06 16:05:45,24,0,40
e4d17d00b2f18f1898c9449c1e7a8e09,08a693d30dbbc9a5d75172df73023731,PA,breu branco,-3.7751094568015184,-49.56595439812135,SP,-23.66148702746846,-46.56416174311855,2234.633341288261,1,1,325.0,27.55,400.0,2018-03-01 11:08:20,2018-04-05,2018-04-20 15:18:34,50,0,34
066da535b01be4b26ca70864a62d92e1,17575cf5c2a523e21115d818fd467253,PA,altamira,-3.2061261675320685,-52.21246809885808,SP,-22.75756675966071,-47.416027840450326,2234.5934104333483,1,1,1106.99,54.19,15800.0,2018-04-07 23:44:38,2018-05-15,2018-05-22 22:36:24,44,0,37
641b3f1c458e28bcc1ac2e6e5e526489,97c47aae6ea0c8b187e739b95be4a758,PA,tucurui,-3.763496938719043,-49.66832152193276,SP,-23.625852663887155,-46.61139748251486,2232.8585088233863,1,1,21.99,25.63,217.0,2017-11-13 19:27:15,2017-12-19,2017-11-30 23:13:12,17,0,35
cbea6b1435a20cbc8c49dfdc50479912,add018da2166a6af8cb006fc6d79a819,RO,ariquemes,-9.913040316222428,-63.01653151982813,SP,-23.13387984873623,-47.22675819555469,2230.92978313707,1,1,149.99,59.49,5900.0,2017-11-02 11:58:27,2017-12-11,2017-11-27 21:13:29,25,0,38
a823e340670fb72aaeea0c7aa697212a,af0444fd0bec2983bc41d5f9874ce221,RO,jaru,-10.434205391835228,-62.472690831765085,SP,-23.49585216902305,-46.50247661157595,2230.8737357043583,1,1,169.0,38.73,6300.0,2017-10-19 11:58:03,2017-11-28,2017-11-04 00:05:41,15,0,39
e672d31feca356c29c756d265da05cc2,042337fa1cafefa978c70ba6241535de,PA,paragominas,-2.99535984783577,-47.36020190658361,SP,-23.052705625933136,-47.83614945236365,2230.863951747472,1,1,70.97,28.9,3008.0,2017-12-09 16:10:03,2018-01-24,2018-01-06 15:48:57,27,0,45
e74c8d6962373b0c0e984e97fe2fa674,134a1bdf2deb906cf9e47363d42a8ff5,PA,belem,-1.4280537705001086,-48.46444616013624,SP,-21.426847789373337,-50.0643276561055,2230.5125534251933,1,1,99.9,29.1,800.0,2017-05-18 12:01:53,2017-07-03,2017-06-05 15:36:54,18,0,45
1429d024a5b24651ee03fd7216d95247,700864a2937ee34dee15a39ef4df15a6,PA,altamira,-3.218720460711638,-52.21986986941187,MG,-21.12448854224665,-42.92793184295009,2230.4022755401857,1,1,169.9,206.5,13000.0,2018-05-20 21:37:34,2018-06-28,2018-06-21 11:32:27,31,0,38
c3f5604968d8dd5686a261e2ff17cb96,7b4bdf82b4991c98ec43c904139f5190,PA,viseu,-1.2019969258340686,-46.13840605854558,SP,-21.172213467107177,-47.82413717277396,2228.101181843097,1,1,301.0,39.02,233.0,2018-08-03 10:21:35,2018-09-20,2018-08-22 16:32:18,19,0,47
1329f69c4d3811f5a7bc6be850089a0d,840b47362264dfde96bdc04f1d702d0c,PA,maraba,-5.349989226250044,-49.13389757268895,PR,-24.944530275318872,-53.49093617539968,2227.848115469547,1,1,135.0,68.09,1550.0,2018-07-27 11:30:02,2018-08-29,2018-08-06 16:32:39,10,0,32
8f0d2087347d1dff81d3b4f38b72ebfd,b4ad8dd9f06169d62e679ae887070d2a,PA,belem,-1.4537426852674302,-48.4881708871833,SP,-21.426847789373337,-50.0643276561055,2227.4656974086024,1,1,149.9,29.45,2000.0,2017-07-13 19:00:37,2017-08-16,2017-07-31 19:34:05,18,0,33
8290b671acbc8848d4af959f24bdcc22,22a3b8485489afd3e3a24434e5b9ee01,PA,tucurui,-3.766591679427715,-49.67474810438261,RJ,-22.870342477927228,-43.47241109832717,2226.630803622216,1,1,105.0,62.99,1000.0,2018-06-20 17:30:16,2018-08-01,2018-07-09 12:03:16,18,0,41
c0d8c763cce5b3b4c2fecafbcd779012,d76d064eedf85fd7fc0b26f4ee67a2c3,PA,tucurui,-3.763496938719043,-49.66832152193276,SP,-23.58394184318197,-46.75787096863638,2225.991028231103,1,1,209.99,28.01,600.0,2017-11-21 19:16:38,2017-12-26,2017-12-11 21:58:37,20,0,34
3e0b3c646992114caf984bb1987e23ea,c2876736e429637254a91c473ec60c4c,PA,ananindeua,-1.3488461957285132,-48.42074650415709,SP,-21.364019805249217,-48.22883109179936,2225.682977152078,1,1,109.9,26.05,396.0,2017-10-19 00:37:57,2017-11-28,2017-11-09 22:39:44,21,0,39
d4148052141383039b68bbb6bd525f3b,f3c52e9863e8cfcb77e896e4a75be1b3,PA,pacaja,-3.83403952496045,-50.63720488520979,SP,-23.42515209769749,-46.42102588343239,2225.0305042914047,1,1,1200.0,45.09,263.0,2018-03-20 18:09:48,2018-04-26,2018-05-22 15:52:29,62,0,36
b51e7cbbbfa8be3170cd749bf5c8d2ba,4b258bea231a4efbde41c6d3437e9a50,PA,tucurui,-3.775561036948699,-49.67211441089512,SP,-23.56829195337296,-46.628777137111165,2224.9930264355685,1,1,634.4,46.72,1775.0,2018-07-19 00:36:41,2018-08-22,2018-08-06 17:56:28,18,0,33
7fe630fd69c00ef54c9124d78e124256,a3c0a165194392d6f1feeaea3e8437ef,RO,jaru,-10.434205391835228,-62.472690831765085,SP,-23.541598503606675,-46.62414668982417,2224.2497025638245,1,1,150.0,36.37,800.0,2017-07-07 11:51:03,2017-08-11,2017-07-24 22:39:39,17,0,34
304a4fbceef32e618552f501e27d5412,4e88ed6941cca32d4a64d7ebaab3d2ed,PA,belem,-1.3749308605339845,-48.461891447746005,SP,-21.364019805249217,-48.22883109179936,2222.828823928324,1,1,145.0,37.93,4338.0,2018-08-10 14:10:21,2018-09-18,2018-08-22 15:24:40,12,0,38
4aaf9b9778e313ecfcfe11ba5673b136,a0af680b53dd9ddc1df27ee4a01fe25e,PA,belem,-1.2975210000000033,-48.47028615999202,SP,-21.263914108288613,-48.495645,2220.163319610349,1,1,249.99,38.44,900.0,2018-03-24 15:11:38,2018-04-27,2018-06-07 13:28:40,74,0,33
4faf8ab696c7c0a09160d089d1e5a497,76659076605975ba8f9b7b2d1123378f,PA,belem,-1.405299280405649,-48.43285456068321,SP,-21.364019805249217,-48.22883109179936,2219.4186294161746,1,1,106.0,37.65,314.0,2018-07-04 19:18:04,2018-08-08,2018-07-20 20:34:30,16,0,34
949e04ad7b67b1179b05d59b92beb7ba,388c16174d067179735b31163cb72c21,PA,tucurui,-3.83448713047708,-49.67879798413284,SP,-23.552032416180964,-46.53746144532288,2218.297865057372,1,1,72.99,28.91,1000.0,2018-01-17 00:31:26,2018-03-01,2018-01-29 23:12:09,12,0,42
676232c436e714d6dcfeae445f02fedd,71ad48df61327d880c5d6fbdbc971996,RO,sao francisco do guapore,-12.060983879740572,-63.57193142137397,SP,-23.553812608661765,-46.41191057118132,2217.349575190248,1,1,95.0,38.22,1400.0,2018-01-12 17:37:31,2018-02-22,2018-01-30 18:43:14,18,0,40
de339d3dab036509a47753ddb94f1d55,004d41e9bf012c669db1a257888d85a2,PA,belem,-1.4280537705001086,-48.46444616013624,SP,-21.364019805249217,-48.22883109179936,2216.9253615610514,1,1,280.0,27.24,5323.0,2017-07-14 11:00:15,2017-08-21,2017-08-11 17:22:09,28,0,37
168777f697d19208fbd441b4029e441a,bff2b870ee120640525a516318df69f2,PA,belem,-1.428168145680862,-48.467978469761576,SP,-21.364019805249217,-48.22883109179936,2216.917087382309,1,1,145.9,37.71,335.0,2018-04-23 14:00:56,2018-06-01,2018-06-05 16:20:41,43,0,38
9b7cadbb92caa7ecc994bc25a7932963,670a432cf10d38da64efeaf03fcf6385,PA,belem,-1.4293625810490702,-48.48511736671568,SP,-21.364019805249217,-48.22883109179936,2216.8067780163888,1,1,163.0,26.42,584.0,2017-07-14 09:22:32,2017-08-21,2017-08-28 22:09:42,45,0,37
4faae91a65b5f993113cb0c78ca14a61,75f2aa057dcfd5d621262193e3db1d34,PA,belem,-1.4350490220441132,-48.4687608538578,SP,-21.364019805249217,-48.22883109179936,2216.153011925464,1,1,699.0,33.29,710.0,2017-12-04 17:48:47,2018-01-12,2018-01-12 20:27:54,39,0,38
107de3a1a918ea939b7c03c588ad1e49,893e652824e5ecc31426614072578a0a,PA,belem,-1.4364370877284982,-48.45454573829979,SP,-21.364019805249217,-48.22883109179936,2215.981132743219,1,1,229.0,30.0,342.0,2018-01-20 00:27:17,2018-03-05,2018-02-03 02:35:14,14,0,43
5d79d483f058dc640b8948650d14562f,ede0ac19ab7b3c19d496b523aea0a514,PA,belem,-1.3254677594756874,-48.44760860677624,SP,-21.24637998735172,-48.3180082512998,2215.1489449645046,1,1,129.0,70.12,13800.0,2017-09-02 19:32:05,2017-10-05,2017-09-15 19:42:49,13,0,32
20a3853f94a36870c5eff11d407f01cf,00650b839d32a071b1025af8ca26dd13,PA,belem,-1.444996720209064,-48.48452464695026,SP,-21.364019805249217,-48.22883109179936,2215.067666289962,1,1,327.9,39.21,286.0,2018-07-21 12:32:12,2018-08-22,2018-08-02 19:52:28,12,0,31
bfaf70837e84e9ba682d246e16726e63,c9e9578f912e420d05abfdadb830cda5,PA,belem,-1.447242809963,-48.475744038952335,SP,-21.36006189551128,-48.072412538636975,2214.6359151073666,1,1,190.83,26.62,416.0,2017-11-11 17:38:40,2017-12-18,2017-12-12 02:14:37,30,0,36
7b08446d3c48c10ae15e7d09e16e725a,782cddca87150c8ef0de9f360ffb7bf5,PA,belem,-1.4537426852674302,-48.4881708871833,SP,-21.364019805249217,-48.22883109179936,2214.100213026504,1,1,157.0,37.79,400.0,2018-05-30 13:42:13,2018-07-23,2018-06-19 00:57:32,19,0,53
1cd6dbd1ca9fa0233fdae069c422f48f,24e7a173733006aca99832f296659e62,PA,belem,-1.4564705087998835,-48.47931988606284,SP,-21.364019805249217,-48.22883109179936,2213.784944980545,1,1,164.9,26.43,444.0,2017-09-18 14:01:02,2017-10-24,2017-10-10 20:12:23,22,0,35
0db1503ec6e7230c55407767f4e2cc5d,b79c9fed616f2dcebd9a50302c52411b,PA,garrafao do norte,-1.9320974389393328,-47.05149958943775,SP,-21.757690120914923,-48.82976816265947,2212.887461373363,1,1,109.9,29.7,835.0,2017-04-10 16:15:58,2017-05-18,2017-05-03 07:44:28,22,0,37
2c7051c176c93c8ebbf5f8a23dc16e9a,ffde74a56e489b52112c7dbfff53d191,PA,uruara,-3.719253874282301,-53.740713158615925,SP,-22.727575602833376,-47.67373307172959,2212.2557161293494,1,1,324.3,47.86,5400.0,2017-07-04 21:32:20,2017-08-07,2017-07-27 17:32:34,22,0,33
5168f4f478a3ad3d61e81119fc158910,ea58ac92790dd12b742089da5ea69a4a,RO,ouro preto do oeste,-10.719292994831893,-62.25714126335961,SC,-27.290209139974166,-50.57755286955393,2210.906999126976,1,1,132.0,42.95,300.0,2018-02-22 12:56:40,2018-04-09,2018-03-15 18:32:21,21,0,45
61b1a739fc2fb8f8efc10539082c16a1,d1578919c3fcaa8b8e5b4e43019af611,PA,belem,-1.424274947256112,-48.473887637919226,SP,-21.134712204873303,-51.10328439406817,2210.170586924209,1,2,319.8,86.8,6400.0,2018-06-18 13:25:10,2018-07-26,2018-07-03 18:41:38,15,0,37
fb5d8b462dc9570527eff204b8a1a57b,728e136fca2819b62d610743ae2904b8,PA,goianesia do para,-3.847362716061928,-49.09895151010301,SP,-23.585994911737565,-46.73472062372479,2209.47191810019,1,1,269.0,28.14,200.0,2017-04-24 13:36:48,2017-05-25,2017-05-12 14:04:42,18,0,30
0c956783114b7ac9633e16c494c191ce,7556392e5dea50250680dc5e7674cc7d,AC,rio branco,-9.959850973898922,-67.80112499094008,SP,-22.09961715066345,-51.40819739735439,2208.049214302854,1,1,88.34,52.98,2500.0,2018-01-14 20:05:34,2018-03-02,2018-02-06 01:43:56,22,0,46
15df7a02fcbb09063980097ca2adb931,9cd4409a198043124fcfbb7e7961c474,PA,goianesia do para,-3.847362716061928,-49.09895151010301,RJ,-22.85701605467713,-43.25132808523804,2205.442112727391,1,1,379.99,44.69,4900.0,2017-07-29 13:49:03,2017-09-06,2017-08-16 19:09:36,18,0,38
7f7198074b26ee520359379a889980fd,d0360e99592173aa5bd39165c3ab3e28,PA,goianesia do para,-3.847362716061928,-49.09895151010301,SP,-23.499545409978776,-46.5194138057353,2202.7197455718538,1,1,213.0,29.89,1000.0,2017-08-21 16:19:25,2017-09-26,2017-08-31 19:05:42,10,0,35
3c01ff78a2f337f911274be0d0338656,ac16695d0fab1a5e22f7416bd75d325f,PA,novo repartimento,-4.25028282191143,-49.95155773144527,RJ,-22.937430121847743,-43.176862902706524,2201.868718349475,1,1,140.0,68.12,4025.0,2018-06-16 23:42:25,2018-08-06,2018-07-05 07:02:52,18,0,50
a2a701c6f01ddffde8a1bde136ed7d4a,8543703cb2bc95c3606af4af727d604f,PA,belem,-1.3989051618096793,-48.45883297403209,SP,-21.177173112308903,-47.767232134697736,2200.5213025627627,1,1,45.73,25.63,167.0,2017-11-26 10:26:55,2018-01-03,2017-12-16 02:54:56,19,0,37
5005f0fff3706e3297c1015ed5e41d18,4aaa88f206d4aab0d3bd810c30df3755,PA,belem,-1.4042792828206936,-48.45004791348576,SP,-21.179578055269594,-47.8091725567546,2200.0106978857016,1,1,349.0,34.89,2500.0,2017-11-23 12:31:10,2017-12-27,2018-01-15 20:57:45,53,0,33
9acea951ead4e20b5effbe4c409dfc45,b5fae4701017cb8af6a702cdfdba47ce,PA,oeiras do para,-2.003189943890424,-49.85823793220211,SP,-21.757690120914923,-48.82976816265947,2199.4170871999104,1,1,58.8,25.69,300.0,2017-05-30 13:46:19,2017-07-04,2017-06-19 16:22:58,20,0,34
4b16b807a377f833778fc8b96f6d9ac4,219fd715b4810a1a506f8b36692f52cf,RO,porto velho,-8.736170472807165,-63.8785628959824,SP,-21.36006189551128,-48.072412538636975,2199.034159609505,1,1,199.98,35.2,586.0,2018-01-02 17:15:49,2018-02-15,2018-01-29 17:37:09,27,0,43
e1fdc6e9d1ca132377e862593a7c0bd4,d4587cf99c5521ba43b6acf080a396b4,RO,extrema,-8.793546446948538,-63.84496559084642,SP,-21.11263561449013,-47.79105569532287,2199.004069644677,1,1,550.0,41.4,1400.0,2017-09-18 00:28:51,2017-10-25,2017-10-06 15:33:36,18,0,36
d8cbc79d1dd84f3c87cb2ca7663c930e,258dfc4e0ec8a8bfb253914f9550a544,RO,extrema,-8.793546446948538,-63.84496559084642,SP,-21.11263561449013,-47.79105569532287,2199.004069644677,1,1,210.0,96.28,17100.0,2017-09-18 00:28:52,2017-10-24,2017-10-06 15:37:47,18,0,35
76eb969a695f694952f79db129b24c46,297d3714675c007773d44da77d58f599,PA,belem,-1.3346684976054082,-48.47478039263629,MG,-20.94004902170557,-45.82696971616617,2198.8680662802435,1,1,99.0,69.4,5950.0,2017-10-09 08:59:59,2017-11-17,2017-11-09 22:38:48,31,0,38
e9c21c4d7623632e74817142131f69ab,f31a4655577f4052dbb69223f464022c,PA,ananindeua,-1.3509015539844658,-48.39273384174923,SP,-21.11263561449013,-47.79105569532287,2198.373315248112,1,1,128.56,29.3,1350.0,2018-02-25 23:31:03,2018-04-04,2018-03-21 20:08:44,23,0,37
9423ef61917b540d13c95424f195e0a9,c3927b78c31a42dcd5b822146997d534,PA,tucurui,-3.775561036948699,-49.67211441089512,SP,-23.184481107132555,-45.87242012963361,2196.502354145159,1,1,48.0,26.61,540.0,2017-04-26 14:21:00,2017-05-31,2017-05-15 13:29:34,18,0,34
c290bbb6c874ec2f6b428b6fe1f1887b,b3e148ecac48c289553e260344cb65d1,RO,ouro preto do oeste,-10.719292994831893,-62.25714126335961,SP,-23.59571943228113,-46.53320337676727,2196.426695550723,1,1,39.49,51.0,100.0,2018-07-08 15:54:42,2018-08-13,2018-07-23 17:57:31,15,0,35
d03de684abb42c2f0d2bf3dc9245d2f8,0ffeed6068da2f6708ae69583012917f,PA,castanhal,-1.295414145624778,-47.91334844444345,MG,-20.94004902170557,-45.82696971616617,2196.0838795456857,1,1,119.0,31.52,6550.0,2018-05-04 22:06:47,2018-06-13,2018-06-09 00:12:14,35,0,39
c2103ca5d928d19db6fbac6e5d710b0b,f2ee40a9f85c47f8711c4fad3415c063,PA,belem,-1.4280537705001086,-48.46444616013624,MG,-20.4100278727316,-42.89642624318659,2195.642823384981,1,1,119.9,62.64,1800.0,2018-06-05 22:08:30,2018-07-25,2018-06-19 21:22:40,13,0,49
18365e069e7aa176d76d25df0a233e6a,3ad2d436356d6e6bc9d4de67210d8715,PA,jacunda,-4.448494309243434,-49.11483200098034,SP,-24.026457185123206,-46.47784669233656,2195.229918382145,1,1,35.9,25.63,50.0,2017-11-27 12:29:08,2018-01-04,2017-12-21 20:41:27,24,0,37
0606be58306f48924f5b44a39cfab9ec,a780fe4a7d5352de0e30ef4dcfbdc846,PA,belem,-1.4350490220441132,-48.4687608538578,SP,-21.165370022730333,-47.79714447071386,2195.119948108946,1,1,15.0,37.04,150.0,2018-06-07 20:35:11,2018-07-19,2018-06-21 18:49:43,13,0,41
4c62b34217c704b6986322911ea89c80,cecbb20844830d963fb3cfb5b2ea39d3,PA,ananindeua,-1.359557305472045,-48.40294922075292,MG,-20.94004902170557,-45.82696971616617,2195.117255686373,1,1,149.99,72.18,6550.0,2017-10-17 14:09:47,2017-11-22,2017-11-11 00:04:07,24,0,35
73577ce3b6a2774c1b4dd602ace4e025,5ba6dd4a38073be5904f836367f74b20,RO,ariquemes,-9.90767244370784,-63.02786959277813,SP,-22.75742680561254,-47.36911154235017,2194.844803124488,1,1,159.99,38.67,1250.0,2017-06-19 12:22:17,2017-07-21,2017-07-12 21:32:55,23,0,31
4677e6e3e54b79b7ae98dede52d8f2b0,61e64c5257a4101a66a2e65228e1191a,PA,capanema,-1.192443826559555,-47.17718301409897,SP,-20.806830481885147,-49.38960170992274,2194.203921008954,1,5,299.5,144.1,7750.0,2017-10-05 16:31:34,2017-11-16,2017-10-30 18:38:36,25,0,41
da755d3951cfe68afca1b5aeddac7d81,268472113a4975b638852af88b0253f3,PA,tucurui,-3.83448713047708,-49.67879798413284,RJ,-22.53988593060518,-43.197575382221615,2193.942636321412,1,1,379.9,27.15,541.0,2017-02-13 14:53:32,2017-03-24,2017-03-02 16:23:14,17,0,38
7e7ce1bc81b9dfd761f11ce02aa3b5c6,73f2037bc13d4d82c9251f6425244adc,PA,belem,-1.4537426852674302,-48.4881708871833,SP,-21.172213467107177,-47.82413717277396,2193.7757570793,1,1,228.0,26.88,480.0,2018-03-04 15:28:54,2018-04-06,2018-04-17 20:19:27,44,0,32
f74d94774320327d0d48e3cc7eff82ba,4d5d0a06d01ebc9cfeeefb7201a8d312,PA,belem,-1.4549937799064998,-48.47203605785113,SP,-21.172213467107177,-47.82413717277396,2193.57998850352,1,1,45.0,25.63,200.0,2017-07-19 10:48:58,2017-08-22,2017-08-01 18:03:16,13,0,33
5e82d468c7839f98399b94c0ff1cede3,d156accae9133953e8c6f504a1caa9c4,RO,porto velho,-8.807899191795748,-63.80602196332746,SP,-20.554950968499107,-47.38769088301032,2193.27426998496,1,2,320.0,69.84,400.0,2017-11-21 10:04:38,2017-12-26,2017-12-02 00:58:33,10,0,34
57db9f1b9ba0b6c4abcb4eb40e83c182,49120746ae7fdc40f72d549f0dc3afa9,PA,belem,-1.4615863106800238,-48.50251610355552,SP,-21.165370022730333,-47.79714447071386,2192.2953204642968,1,1,57.6,38.95,6400.0,2018-03-09 14:09:28,2018-05-10,2018-05-11 13:56:44,62,0,61
7c363fbfb4e41c26246ea6097cd275bf,3f2c91cf99f9896186902778e28051a9,PA,placas,-3.868147449176295,-54.21792404271855,PR,-23.449531173705275,-51.977822688495,2190.608717807688,1,1,170.3,61.25,250.0,2018-04-17 17:23:03,2018-05-29,2018-06-13 12:23:48,56,0,41
b69f9a11c002386339f9380a17c4b4e2,8708b977b718ad465e2c246f86d79e9c,RO,machadinho d'oeste,-9.425537217792286,-62.00240618076608,SP,-23.193263808211693,-47.27517269663572,2190.3928901368104,1,1,99.99,57.25,1700.0,2018-05-04 20:47:45,2018-06-11,2018-06-04 13:36:52,30,0,37
cee919bd7163243ec1de9cab6b7b7bc8,66a2895f55f89a9a33063dc8e781314e,TO,araguaina,-7.197582678436939,-48.19913789550394,SC,-26.89059349827484,-48.65193750938463,2190.285234881725,1,1,569.0,54.48,325.0,2018-05-12 14:45:53,2018-06-12,2018-06-04 12:52:02,22,0,30
3c8876b8e5a484c81a1aa6c8bc4e65d6,e4e69809ae1da631eaa47e73e5f4f641,PA,belem,-1.428168145680862,-48.467978469761576,SP,-21.11263561449013,-47.79105569532287,2190.0436177612896,1,1,113.0,33.24,1625.0,2017-09-14 13:25:35,2017-10-18,2017-10-10 19:42:11,26,0,33
8458b41c26bf20ba9b4ad514cacd4b2a,ce92916d7311f8b3b9e001361d02068a,TO,palmas,-10.19090465915063,-48.3207720407684,RS,-29.68414434090604,-51.09436186244434,2186.5930107581357,1,1,171.9,28.48,425.0,2018-08-02 12:05:55,2018-08-31,2018-08-15 21:57:49,13,0,28
50d8c54f968d5b38446e26e018dc89c9,2d2946312ddf1d3549995ea0d0b7801a,PA,belem,-1.447242809963,-48.475744038952335,MG,-20.94004902170557,-45.82696971616617,2186.466875701577,1,1,179.99,81.43,7650.0,2017-12-20 09:15:57,2018-01-31,2018-01-19 01:39:00,29,0,41
1932b344119786d8f945d699f339ee91,821d7f1ff453454fd61a5d19111a0303,RO,porto velho,-8.736170472807165,-63.8785628959824,SP,-21.364019805249217,-48.22883109179936,2186.4398093075392,1,1,146.0,34.82,444.0,2017-10-27 10:05:46,2017-12-08,2017-11-10 23:06:29,14,0,41
b77827128d71dd90667727cb430e3d5e,93fa5e2415428362ac623bc88ac0f689,TO,paraiso do tocantins,-10.17419584360433,-48.88827885869645,RS,-29.68584930081256,-51.46313816602653,2186.005040897164,1,1,199.0,47.92,1950.0,2017-10-04 22:09:37,2017-11-24,2017-10-19 17:03:52,14,0,50
ee482a8248d67e42aa1105d14a941a47,ba2c423a4e4c16a43981b06932eb7393,PA,belem,-1.4564705087998835,-48.47931988606284,MG,-20.94004902170557,-45.82696971616617,2185.500323432568,1,1,119.0,31.52,6550.0,2018-04-23 08:49:06,2018-05-28,2018-05-31 00:04:29,37,0,34
efd5f6d335841ef212ce657580faf95d,51e1fc8a17cbfb73d2374b9606c77c3f,PA,ananindeua,-1.3780668052861371,-48.41891390691916,MG,-20.50506397453669,-43.85750364588822,2183.758495046512,1,1,580.27,30.32,1100.0,2017-03-03 08:05:16,2017-04-05,2017-03-20 07:26:03,16,0,32
1a930b135dee82f91b9653e2a764a512,1d9af62f3dee128ca98cdd0516598244,RO,urupa,-11.131177224770086,-62.3700990580654,SP,-23.71073461296093,-46.54928061402915,2181.201605536299,1,1,16.9,34.15,250.0,2017-12-15 18:07:47,2018-01-30,2018-01-05 20:46:53,21,0,45
d6b2b9dc8bf43a16cb94c37a1ba3a9a6,b49a69f03177262085b365effec177a9,AM,manaus,-3.051578467939814,-59.96478119403534,MG,-18.95410195475793,-48.23886571461135,2180.136421387724,1,1,66.9,42.5,300.0,2017-09-15 19:24:57,2017-11-08,2017-10-03 21:14:24,18,0,53
0b1bd7cdeb2d703ebe602a2989a86f9a,008def95c3ec7f58d2cc8f2b1d2c3feb,RO,seringueiras,-11.768931194761294,-63.03417378490092,SP,-23.625852663887155,-46.61139748251486,2179.1668052493405,1,1,16.99,34.15,275.0,2017-08-21 21:09:21,2017-09-25,2017-09-15 20:57:39,24,0,34
0fa05bb83efc10205ac8f4224f10c336,3298a35f24f353765e2570b3648550f4,AC,xapuri,-10.651999202226907,-68.50549419574297,GO,-16.696953922257013,-49.31646534449651,2177.880440414796,1,1,98.99,48.6,400.0,2018-04-26 12:47:48,2018-06-13,2018-05-14 17:52:36,18,0,47
97826eac2ea69cbcffac7c3358a19138,b164311fb207ff095a8aec678688c763,PA,castanhal,-1.284758721526353,-47.92646004081157,SP,-20.806830481885147,-49.38960170992274,2176.557081141568,1,2,119.8,57.64,3300.0,2017-10-21 20:19:39,2017-11-29,2017-11-06 19:55:46,15,0,38
f4b9868b45403be3ef96c4f41744570a,4e8d063c46d7a41b91f4b53eda447c7f,PA,novo repartimento,-4.25028282191143,-49.95155773144527,SP,-23.537493461278807,-46.63974517262972,2173.899583737926,1,1,15.0,37.04,200.0,2018-06-19 12:11:42,2018-07-27,2018-07-03 02:58:53,13,0,37
4da38cd7084ce9fdeae2412858379255,4c6da7ab2ec98e80e7c2dbba28b57cda,RO,pimenta bueno,-11.67957628458245,-61.1772732055972,SP,-22.49841879739165,-44.12527158572528,2171.926550099988,1,1,139.9,38.53,1167.0,2017-10-11 00:19:17,2017-11-21,2017-11-08 20:31:49,28,0,40
b7e0190fdc95790f9d5634df91229b82,896f1932bd8ab3bd8e27bf16193fe1bb,RO,ji-parana,-10.877756265582942,-61.95980934800322,SP,-23.678743908783414,-46.50281468519531,2168.7779172246583,1,1,149.0,43.45,2200.0,2018-01-25 21:36:46,2018-03-12,2018-02-16 23:32:11,22,0,45
a12258b681fd853343742c997b082ca1,98286135e8d1415dc79e87231cfdfaca,PA,santarem,-2.466846494452476,-54.71736797375744,SP,-21.426847789373337,-50.0643276561055,2167.5570223619848,1,1,84.9,28.99,1400.0,2017-11-20 13:00:52,2018-01-03,2017-12-29 21:37:55,39,0,43
25bcb5644535c6bacdc1b64cd1a9dab0,028e29b651eae6076b5b70613201c493,PA,santarem,-2.4243989420876417,-54.71304339549161,SP,-20.53828580245557,-47.40131667800094,2164.65261992355,1,1,299.0,26.58,311.0,2017-03-25 20:07:12,2017-05-02,2017-04-28 11:43:10,33,0,37
c2cf7a378143a3cc8bcd7c1cacbc3f8c,048728006344013aa9fb44395800d50f,PA,belem,-1.4630158658030092,-48.48808887193567,SP,-20.927842595619605,-48.49233569396832,2164.390029409654,1,1,13.0,25.63,2100.0,2017-09-21 21:58:08,2017-10-27,2017-10-16 20:39:31,24,0,35
6f03abb3b9fdecea11093c52dfd8155e,e9e24284c4b5d4fb273d59e2436fbc2b,RO,porto velho,-8.74806526700877,-63.85918024193474,SP,-21.757690120914923,-48.82976816265947,2162.756904226955,1,1,29.99,50.85,350.0,2018-06-03 20:30:07,2018-07-26,2018-06-15 19:52:38,11,0,52
f6283491927c2351151a06cf8c22f7d5,bc731f33215a6ba7fd9ec9f2d984f132,RO,ji-parana,-10.885485868762714,-61.92459336056291,SP,-23.65869024839867,-46.52249513292757,2162.4249576134034,1,1,89.99,34.43,250.0,2017-06-28 18:16:49,2017-08-03,2017-07-20 19:23:45,22,0,35
6da2f53b79a45c8701e66f227cea7955,53ccb31f1af2d83726c2943b32357f17,RO,ji-parana,-10.857236962048848,-61.95563056163115,SP,-23.57146358639663,-46.510949028791615,2161.954684512767,1,1,19.9,34.15,100.0,2017-11-03 02:43:08,2017-12-08,2017-11-17 18:49:02,14,0,34
dc423fd5dad84d30d887debb5323e413,ed0830b3e26799e8fd0b0c3e32e34ef8,RO,ji-parana,-10.872179979929086,-61.97444969522167,SP,-23.56836984105245,-46.52214825721335,2161.223244962503,1,1,194.9,30.29,2100.0,2017-03-01 17:11:17,2017-04-10,2017-03-15 18:34:05,14,0,39
ad0e80cb90ad456f01f1533e4cdc1f0d,38a210aed00016125db0e5206d6f300f,RO,porto velho,-8.77386085315235,-63.85798940172622,SP,-21.757690120914923,-48.82976816265947,2160.6823718081514,1,1,259.9,49.26,3600.0,2018-02-07 08:18:53,2018-03-21,2018-03-01 23:59:05,22,0,41
236dc705223e6458673e808d1024d671,3d85d108500e5b7408f0333e240469c2,RO,ji-parana,-10.89775470790673,-61.91473121870333,SP,-23.5397205,-46.43633556480467,2159.424092937305,1,1,18.99,24.84,75.0,2017-03-25 21:52:22,2017-05-02,2017-05-03 14:03:40,38,0,37
be898fe8e3213cd0d57464c0b1284b99,7727e2cc9ec428ad3173cc812ce1781b,PA,abaetetuba,-1.7225254382817428,-48.88243257718304,MG,-20.50506397453669,-43.85750364588822,2158.589182647492,1,1,580.27,39.38,1100.0,2017-12-01 11:15:02,2018-01-16,2018-01-05 00:28:55,34,0,45
f269e83a82f64baa3de97c2ebf3358f6,da052c97b9dc9fe34af8e78c7b014301,RO,ji-parana,-10.877756265582942,-61.95980934800322,SP,-23.595227193173283,-46.56076636913555,2158.386526670384,1,1,38.4,35.67,650.0,2017-12-17 17:30:45,2018-01-30,2018-01-11 21:59:07,25,0,43
39d1ca6f8d9875325e5f1491ee9af7e5,1aab1a510808c79a43bac12447ce6ad3,PA,belem,-1.4280537705001086,-48.46444616013624,SP,-20.81776375582005,-49.36253619311097,2158.239126074808,1,1,899.99,59.97,500.0,2017-05-18 12:26:29,2017-06-26,2017-06-19 12:03:37,31,0,38
44a5ad3dfcc50ed80b03ffd522a27cd4,d1a7a58bca769116d3a13b423bd6530e,RO,alvorada d'oeste,-11.35260070889819,-62.2852612912459,SP,-23.48488009615481,-46.36654993289185,2157.9709427756743,1,2,359.98,70.12,60000.0,2018-01-10 19:34:38,2018-04-02,2018-02-20 21:39:33,41,0,81
8ea18c94420645b8bd579dac65636c1d,b31c763b3d3b41630c903bc99fbca4fc,PA,belem,-1.424274947256112,-48.473887637919226,SP,-20.806830481885147,-49.38960170992274,2157.531784039761,1,2,98.0,57.64,3000.0,2017-11-24 14:41:26,2017-12-28,2017-12-16 16:05:16,22,0,33
c77105bc2b21c4087653efcc5bf74aaf,dc981efb97ab99cbc501010f754fbddb,RO,porto velho,-8.756458065449426,-63.87552318025777,SP,-20.43034840679484,-47.82574642607055,2157.3369453322207,1,3,312.0,114.84,3450.0,2017-09-10 18:57:05,2017-10-17,2017-09-25 19:39:41,15,0,36
673426deedf113369fd0f139e97ed084,133cb7dc019947e49b9541c6c2795ac8,RO,ji-parana,-10.877756265582942,-61.95980934800322,SP,-23.59458628587912,-46.57734709270584,2157.016919060805,1,1,130.0,34.71,2000.0,2017-07-10 20:58:17,2017-08-14,2017-07-28 19:03:09,17,0,34
25bd2ad9d282f59e4e6a048ef9bf214f,be34bf56044c5614fc66d97251c0adc6,PA,belem,-1.4304219467078465,-48.44961712406944,SP,-20.806830481885147,-49.38960170992274,2156.9719248588394,1,3,161.7,127.32,4950.0,2018-03-12 16:20:32,2018-04-11,2018-05-02 19:36:36,51,0,29
1c3a07f6d5470538c2bbed1275e785b3,edbb40ab4c8d64be5445fbc8ff340b8f,RO,cacoal,-11.43298207202169,-61.44339512143284,SC,-26.95352206919853,-49.0768345160616,2156.411354399821,1,1,118.9,53.19,2400.0,2017-11-04 21:10:16,2017-12-15,2017-11-21 18:28:49,16,0,40
755062e6c08cf5b87a6eb6a094eca92b,2cb1dfee32f16df851c187b495fc893f,PA,dom eliseu,-4.293983473382651,-47.554234751573055,SP,-23.65869024839867,-46.52249513292757,2156.100620202704,1,1,56.99,25.68,350.0,2017-05-16 18:20:00,2017-06-23,2017-05-26 13:33:08,9,0,37
db3b94ddef8837c5c780836f80da86c7,201f130e96c1e81beaabb40ad0a62191,RO,ji-parana,-10.89775470790673,-61.91473121870333,SP,-23.51095281071334,-46.45877560283338,2155.6523544633405,1,1,799.99,217.53,29600.0,2017-11-04 17:06:18,2017-12-13,2017-11-17 23:23:32,13,0,38
62f27dae9fe200c98b311e6843dcbf49,4f782c510387133d5a6b81769bb3c8b4,RO,sao miguel do guapore,-11.696186932018117,-62.71717809487473,SP,-23.69066643075192,-46.70391215514457,2154.292407128899,1,2,116.0,75.92,3800.0,2018-02-21 12:00:32,2018-04-02,2018-03-08 18:28:46,15,0,39
364902ee32c640aa17aa3c6dd3f3f7ac,5df005f2bb20b314a7eafb23d8366886,PA,jacunda,-4.448494309243434,-49.11483200098034,SP,-23.65869024839867,-46.52249513292757,2154.098335989806,1,1,56.99,25.68,375.0,2018-01-22 00:15:05,2018-03-09,2018-02-14 20:28:33,23,0,45
5d0b508f52e300518b26bdf4807a29a6,1a9539bf502eca6d99aecfd13c7cc0a4,RO,jaru,-10.434205391835228,-62.472690831765085,MG,-22.43068953453729,-46.57343370165055,2154.079500843491,1,1,139.9,72.83,6200.0,2017-10-04 16:29:11,2017-11-17,2017-10-27 18:33:35,23,0,43
462972b78b68d10c722c8ba3f5ba4cfd,91f4aa4ff5d3ddf68322f4df3ed44212,PA,belem,-1.4678821362744563,-48.474985155141965,SP,-20.806830481885147,-49.38960170992274,2152.6823069776456,1,1,49.9,28.75,1550.0,2018-01-14 16:03:51,2018-02-20,2018-02-07 18:23:05,24,0,36
2049616726f9272f1d1456285ad13cf5,1be1e18ee366e895f5db41178d3b6a4b,TO,araguaina,-7.180060720447322,-48.20601353544688,PR,-25.55383889419798,-54.56990134265213,2151.765144346519,1,1,57.0,34.2,400.0,2018-02-09 11:38:37,2018-03-13,2018-03-22 20:12:57,41,0,31
60bfb63930f066b16ee32b640d38c501,9690ae19fa23072cfcb90303086e261f,RO,sao miguel do guapore,-11.696186932018117,-62.71717809487473,SP,-23.537493461278807,-46.63974517262972,2149.8037027883843,1,1,13.65,34.15,200.0,2018-01-22 15:55:00,2018-03-07,2018-02-15 22:21:34,24,0,43
7a7afad8caa7dffdb8773430c8fab7ea,8403e0bdf7c80058e9287797b7a90abe,RO,ji-parana,-10.877756265582942,-61.95980934800322,SP,-23.47872386955392,-46.58823999999999,2148.172886219938,1,2,99.8,68.3,300.0,2017-12-11 12:42:55,2018-02-01,2018-01-08 17:57:57,28,0,51
67e9ef421e7b550f69b5a5c2676a7a07,d141f682decd1def777da4222e41666c,TO,araguaina,-7.1997960234950895,-48.20951846307901,SC,-26.488493474897464,-49.08236411518263,2146.7916516390524,1,1,36.9,34.15,275.0,2017-12-28 12:03:22,2018-02-02,2018-01-24 18:59:26,27,0,35
abd0736f947aa672d9254ad3cfaca4ff,494e06598140699017261a37e250cc52,PA,dom eliseu,-4.293983473382651,-47.554234751573055,SP,-23.568815420480146,-46.51205478799173,2146.1797846989784,1,2,119.98,53.92,1600.0,2017-07-02 16:32:13,2017-08-04,2017-07-18 17:45:57,16,0,32
c39da54f19d2aa7b89667e4817f05629,6df80b1b894bb87f1ec7ce6534db6152,PA,dom eliseu,-4.293983473382651,-47.554234751573055,SP,-23.541598503606675,-46.62414668982417,2142.5637793906844,1,1,15.0,25.63,250.0,2017-09-09 04:42:26,2017-10-18,2017-10-02 18:57:29,23,0,38
1cc4e549e16c732db4d9228fce789407,3146904311eaf296187c7c7768d78210,RO,nova brasilandia d'oeste,-11.726124338809417,-62.31448888735491,MG,-19.95254268289243,-44.196132792948255,2140.764711462859,1,1,88.9,42.65,210.0,2018-02-27 09:57:31,2018-04-06,2018-03-26 23:24:26,27,0,37
2e2cbb3249517eed43f1192508daa71a,f2a1d75b74d9ec748af88e894cd87597,PA,jacunda,-4.448494309243434,-49.11483200098034,SP,-23.529755043568628,-46.61758376741302,2138.5929912322567,1,1,999.9,52.59,6600.0,2017-08-28 23:13:30,2017-10-17,2017-09-08 20:41:48,10,0,49
0a6e242b5cf18e140304453da637866b,e11c517db05b111d2682bcb3ab61e327,PA,dom eliseu,-4.293983473382651,-47.554234751573055,SP,-23.49925304746376,-46.57848962170351,2138.0953207600437,1,1,32.0,25.63,100.0,2017-12-10 10:15:54,2018-01-23,2017-12-27 10:07:19,16,0,43
c785921c49242bfac499ee30c455154f,1234431d00a8ee163e2c58e7c699ff0c,PA,jacunda,-4.448494309243434,-49.11483200098034,SP,-23.50848147377229,-46.485872413266776,2138.067077351785,1,1,65.0,25.73,300.0,2017-09-09 19:25:38,2017-10-18,2017-09-29 13:10:18,19,0,38
6297b306b33b7a9028dfaa203b9742a3,371b2f2745e80d677eba83ffbe8df74a,PA,belem,-1.2975210000000033,-48.47028615999202,SP,-20.49587175617251,-47.41830587985834,2137.815112613556,1,1,56.99,25.68,150.0,2017-09-12 01:29:49,2017-10-13,2017-09-28 20:17:55,16,0,30
87371766ff552cec9566f0c892cb061d,046ca7ad3a85cbffda0372a4af0c8855,PA,jacunda,-4.448494309243434,-49.11483200098034,SP,-23.48488009615481,-46.36654993289185,2137.1975959086208,1,1,179.94,70.48,11767.0,2018-03-01 09:16:26,2018-04-20,2018-04-02 20:22:02,32,0,49
1734eb8be40c91938e56f9d245b636a5,6427d03ab887d0eaa03271f68550c277,TO,tocantinopolis,-6.324285345092806,-47.42547697187908,PR,-25.45795217485142,-49.30899607966408,2136.9709765452603,1,1,370.0,24.52,750.0,2017-04-28 23:06:11,2017-06-06,2017-06-12 15:53:31,44,0,38
5c79b8c0c788c246d099ed0ac689359e,de522fcdab63e8358310dd48a711be69,PA,santarem,-2.4243989420876417,-54.71304339549161,PE,-9.024839005157318,-36.57020044972058,2136.141558086084,1,1,113.49,36.11,1170.0,2017-07-17 22:09:26,2017-08-16,2017-08-04 20:09:17,17,0,29
a4f28b3c6ced3a0b8f60b9043bc27f9f,3c68ab97a9868961c8497b3ce754a992,PA,capitao poco,-1.74729292287051,-47.063325141240405,SP,-20.8166409912885,-49.386629697033534,2135.3403516544186,1,1,179.99,82.08,10700.0,2018-01-03 14:10:34,2018-03-26,2018-02-26 20:15:03,54,0,81
c2ebe69807422446d5e8edb2060da5e9,63f9f01b26b742afbd95beb988883c52,AP,macapa,0.0926862742327877,-51.05732958179381,MG,-18.917864434084464,-48.33131223723239,2134.715034248035,1,1,139.9,60.15,11150.0,2018-03-05 03:46:04,2018-04-17,2018-04-04 19:47:59,30,0,42
440d0d17af552815d15a9e41abe49359,7815125148cfa1e8c7fee1ff7974f16c,PA,belem,-1.2975210000000033,-48.47028615999202,MG,-19.95746958396326,-43.96008535163609,2132.076405781331,1,1,159.9,25.12,400.0,2017-03-07 23:59:51,2017-04-07,2017-09-19 15:12:50,195,0,30
6785185e9e3d0e547f7c6ae8acc7356e,e7644b4abf70acf83a1766709dff7300,PA,belem,-1.3254677594756874,-48.44760860677624,MG,-19.95746958396326,-43.96008535163609,2128.4819400262304,1,1,59.8,21.22,200.0,2017-12-29 13:08:14,2018-02-06,2018-01-27 16:12:10,29,0,38
2e21f1cfb4d53ac6710fdd9956f35f54,75c8bc2109f5fb856317aad61dca2dfe,PA,belem,-1.447242809963,-48.475744038952335,SP,-20.554950968499107,-47.38769088301032,2127.9625510014503,1,1,150.0,26.33,200.0,2017-12-10 19:16:56,2018-01-18,2018-01-05 22:11:22,26,0,38
139d95a2a4ad16a49a4fc3ac7f195172,da0d9aab073844504d8f54d9a193132b,PA,braganca,-1.058127716055135,-46.7672559623839,MG,-19.984193818802098,-44.00209721994925,2125.867707928427,1,1,99.99,36.02,600.0,2017-05-14 15:03:54,2017-06-19,2017-05-26 10:22:30,11,0,35
4351905382d9da2470629f5e764540d6,eb85f29a90f996e97213a1f66ec2575b,PA,belem,-1.444996720209064,-48.48452464695026,SP,-20.52804807780614,-47.38827901323783,2125.275143365352,1,1,279.9,27.24,300.0,2017-08-22 22:46:59,2017-09-26,2017-09-13 15:23:50,21,0,34
79af690e1f308a4aa1052a6fc4fbc908,90e3a45b81c14374795f25a8fea67c8e,PA,belem,-1.3077635083242125,-48.48288393904238,MG,-19.894223410208355,-43.930916412170255,2125.193017524861,1,1,48.9,23.06,100.0,2018-06-14 18:06:22,2018-07-19,2018-07-03 16:41:23,18,0,34
16aa7d10b833ccd4307a1159ba08d071,c778263f217df8f1d3fa3aaf86a45a14,PA,rondon do para,-4.776773248483349,-48.06884080612588,PR,-23.78961204462969,-50.05869087273602,2124.858036180108,2,3,277.9,46.0,3290.0,2018-03-24 06:41:33,2018-05-25,2018-05-14 21:04:10,51,0,61
a85c359f7b726c381e24506bd9b1398f,e42824661f907326c63764bce693246d,PA,belem,-1.450322481641738,-48.45993694028527,SP,-20.53000701432394,-47.411023731252,2124.619532930025,1,1,49.9,25.63,900.0,2017-11-12 09:46:54,2017-12-15,2017-11-29 22:15:27,17,0,32
57d0f29d2d770802ab8e393778fc9052,9eacb91940312f2ff79fef11b622694b,PA,abaetetuba,-1.7225254382817428,-48.88243257718304,SP,-20.806830481885147,-49.38960170992274,2122.791058122958,1,1,49.9,64.8,1750.0,2018-07-16 15:30:37,2018-08-15,2018-07-27 12:44:37,10,0,29
dbbe1b2ff4094c09c4a05b045b71e81b,9a065c823cff415e4f55f96429c6cd28,PA,belem,-1.3415795569999318,-48.442214999999976,MG,-19.91558677880999,-43.93935572078599,2122.598016737135,1,1,43.9,27.08,1614.0,2018-08-01 20:44:34,2018-09-12,2018-08-09 16:20:44,7,0,41
1831a71825a5c61b74815e606e7db61e,b9c12408ef798dd1f72cb1c1a396a49c,PA,tucurui,-3.83448713047708,-49.67879798413284,SP,-22.72279273828824,-46.846086231074864,2122.304136766897,1,1,39.8,38.4,650.0,2018-04-28 11:20:23,2018-06-07,2018-05-04 19:48:47,6,0,39
9257ba43d1349df1fe69c0fdcf214056,17f443577c6454e58198ba4cd34d3049,PA,belem,-1.3966454480720782,-48.48741902563791,MG,-19.966985233714336,-44.04692748788558,2120.6268185675017,1,1,69.9,22.99,100.0,2018-05-07 18:12:54,2018-06-07,2018-05-30 18:24:52,23,0,30
7978aa5d3192f689ad92bcb96ae2fef0,96ea9ef4efcf7c1f253d6203c56d88d2,PA,belem,-1.3346684976054082,-48.47478039263629,MG,-19.867906407416527,-43.94863882589885,2118.7870048897967,1,1,31.9,21.15,250.0,2017-10-28 10:10:32,2017-12-12,2017-12-09 16:09:04,42,0,44
2c3f9230b4b5e62b5b75e294ecbb81b1,676b89eb40103ec0c9860a7c4cbb7bb5,PA,belem,-1.3989051618096793,-48.45883297403209,SP,-20.43034840679484,-47.82574642607055,2117.316967157219,1,1,104.0,29.13,1100.0,2018-03-04 21:13:20,2018-04-06,2018-04-03 19:21:15,29,0,32
91663d2b599bc34de8a6c4993c5ffd0b,648e26ec05cfd8f8bb433e04a1c648cd,PA,ananindeua,-1.36348899786207,-48.37545212840183,MG,-19.894223410208355,-43.930916412170255,2116.461224311998,1,1,53.99,22.88,300.0,2018-03-21 13:29:51,2018-04-20,2018-04-16 22:03:24,26,0,29
bbc45552d5a935c8786792578b3828b2,b76637cd3591c558ba3f6be59f0dd883,RO,porto velho,-8.736170472807165,-63.8785628959824,PR,-23.348123916180967,-51.14831150096817,2116.0071911010123,1,1,1319.9,71.49,633.0,2018-08-09 19:54:54,2018-08-29,2018-08-23 19:28:31,13,0,19
042167409734e42b253083768c865409,655ca3d2f2feab46c63fea64f8a20ead,PA,belem,-1.3346684976054082,-48.47478039263629,MG,-19.8399409186066,-43.959657698309165,2115.49110302467,1,1,41.5,22.67,550.0,2017-12-06 19:48:16,2018-01-11,2018-01-13 01:11:43,37,0,35
58c43e59cd24b301789382786fa841f2,9904f5a76e6579ef02a0e0a948f1073b,PA,barcarena,-1.5080751406619344,-48.62332303710737,SP,-20.49587175617251,-47.41830587985834,2115.3977932909,1,1,55.6,37.08,150.0,2018-03-11 17:44:34,2018-04-16,2018-04-26 21:04:06,46,0,35
090967205f5215e5d3053cefdbce5aac,28888e758f4debf9d8d79a8f00222f04,PA,belem,-1.444996720209064,-48.48452464695026,MG,-20.14068469699654,-44.88753081910666,2115.306631947702,1,2,718.0,175.62,27800.0,2017-03-28 08:46:48,2017-05-03,2017-04-11 17:29:37,14,0,35
fd6570a375422eb90b25eae62935db7b,142c2f12143be3160f9c4752c85367f4,PA,belem,-1.4562147327025412,-48.45270671133473,SP,-20.416380955307154,-49.98507612801325,2114.834278134549,1,1,139.9,27.52,1050.0,2017-08-24 10:43:14,2017-09-28,2017-09-06 19:08:03,13,0,34
31c4bc4f07ff54c35fce88b58ac90113,36414b18573fb1e92312ac589de40540,PA,ananindeua,-1.3614658126784869,-48.424674763825664,MG,-19.867906407416527,-43.94863882589885,2114.624155678193,1,1,31.9,21.15,250.0,2017-10-05 10:03:11,2017-11-27,2017-10-25 20:45:48,20,0,52
2fe18a7bcb2efa7693ad98a8f33c1bd9,6635f0ad774d21d6c77864862d8c4acf,RO,alta floresta d'oeste,-11.92729770672256,-61.99677991197005,SP,-23.302661247830148,-45.97283979175633,2114.1961759930223,1,1,180.0,35.06,175.0,2018-01-29 21:17:46,2018-03-16,2018-02-16 21:34:13,18,0,45
3241efb4bf616d6fc2d9ff3803b06a46,ab9fcafc7cc99c1bacb2ba5ef4442d13,PA,belem,-1.4364370877284982,-48.45454573829979,SP,-20.43034840679484,-47.82574642607055,2113.130611444432,1,1,217.0,29.92,1300.0,2017-11-04 00:25:12,2017-12-11,2017-11-25 19:05:13,21,0,36
1bf389bed4651ac01500f40b2dbc7f0c,069f1deff35f9752a09c02f3642b14db,RO,porto velho,-8.765998858024522,-63.89314474007578,SP,-21.469019615660827,-49.22271248704437,2112.324370831868,1,1,139.9,105.44,8350.0,2018-07-16 09:58:46,2018-08-16,2018-07-24 21:22:10,8,0,30
618f64df06c611bd4ea802bafba3e20c,68648ee2755091f79fe88e87b8cd8622,PA,ananindeua,-1.3848929999999946,-48.42501605894997,MG,-19.50728196320319,-42.6295431877278,2111.545312517374,1,1,139.9,51.7,50.0,2018-08-05 10:32:56,2018-08-29,2018-08-13 19:32:07,8,0,23
4b9bd9bf620365bc37e256997c022c5a,ba9d58ffb5b81db4ac9478225e7f7e56,PA,belem,-1.4002461618096758,-48.44022998211082,MG,-19.867906407416527,-43.94863882589885,2110.813877561892,1,1,27.9,21.15,200.0,2017-06-29 11:03:14,2017-08-02,2017-07-21 20:34:09,22,0,33
655352dd31829855980e8ba883725b47,8f6b24a248a2780662e39a53745ce210,PA,belem,-1.4002461618096758,-48.44022998211082,MG,-19.867906407416527,-43.94863882589885,2110.813877561892,1,1,31.9,21.15,200.0,2017-06-29 11:14:31,2017-08-02,2017-07-26 15:58:16,27,0,33
3c3c6b986a4d292ad99cabd0f60a482c,edc5e39f9b4c07f4392c83c6f762e5a5,RO,colorado do oeste,-13.126593997207497,-60.54290199182562,RS,-30.03336443104038,-51.23063954079865,2109.778961687436,1,1,29.99,42.38,200.0,2017-08-28 15:47:18,2017-10-09,2017-09-09 19:16:39,12,0,41
246d4a086a57d88a0e438c83cb44b94e,1caacc78626d0863daa8aff89de93bb0,PA,belem,-1.424274947256112,-48.473887637919226,MG,-19.867906407416527,-43.94863882589885,2109.062611259238,1,1,27.9,22.85,250.0,2018-05-14 23:18:21,2018-06-27,2018-06-21 23:46:22,38,0,43
a2c9ce528c29a470d38bc5085ca59584,95ebc0d133b10d276e056a4b7f7141e7,PA,sao miguel do guama,-1.6166569727096125,-47.47837325396073,SP,-20.416380955307154,-49.98507612801325,2108.084103599203,1,1,124.0,63.15,1150.0,2018-07-22 21:10:10,2018-08-22,2018-08-07 21:18:23,16,0,30
2b233b3b91f2164ae046d169a3d975ee,de321c0e4deafe175d021b9d9b257c40,PA,sao sebastiao da boa vista,-1.7159217919779817,-49.53153469978126,MG,-19.867906407416527,-43.94863882589885,2107.6938412085574,1,1,69.9,26.75,1200.0,2017-03-03 23:50:26,2017-04-05,2017-03-21 02:35:56,17,0,32
e8dea63f68386b3d95962ffb4dc4aaea,ded50ece6ca79604dcec2000bde70ca5,PA,belem,-1.438117507213356,-48.46256080593268,MG,-19.867906407416527,-43.94863882589885,2107.2767643291863,1,1,15.9,21.15,75.0,2017-10-17 19:26:08,2017-11-29,2017-10-25 17:13:33,7,0,42
4a78f9fe9c743a66531a6063ec8a46db,9c5f1d09799f8e43199c6a90d8d89ca4,RO,porto velho,-8.765998858024522,-63.89314474007578,SP,-21.806688623479666,-49.604713417675256,2106.704351255877,1,1,128.9,35.52,9075.0,2017-04-25 16:36:14,2017-05-26,2017-05-12 13:47:58,16,0,30
0b20c9791c7a502fc70f7f542e9a1405,2d0386ffa6a583f65981153d4f3ad5a4,PA,belem,-1.447242809963,-48.475744038952335,MG,-19.867906407416527,-43.94863882589885,2106.6233958098,1,1,22.32,22.88,200.0,2018-07-20 19:05:52,2018-08-23,2018-08-02 17:34:53,12,0,33
21713fc60242d920d3fba8a37dcaf0e9,bd37d48dfe13bc5dca2f604aa27a5e84,PA,belem,-1.424274947256112,-48.473887637919226,MG,-19.836541382739888,-43.92185549333488,2106.3621739041428,1,1,95.0,58.84,2200.0,2018-02-03 13:33:39,2018-03-13,2018-02-21 21:03:42,18,0,37
c8020c10d5a223f0ec75df2818b966de,8617bd8f66cd7f354e97c8f72af8c0a6,PA,belem,-1.4564705087998835,-48.47931988606284,MG,-19.867906407416527,-43.94863882589885,2105.7154738932845,1,1,35.9,24.6,250.0,2018-07-26 10:10:23,2018-08-29,2018-08-09 21:05:46,14,0,33
4bafa54db6b060da198f23f810835969,48094f58f03bec9519bd0e004ce460df,PA,belem,-1.457164065064475,-48.46290168439191,SP,-20.277985488757647,-50.55171984064756,2105.050172060837,1,1,49.9,35.71,600.0,2018-04-05 14:46:51,2018-05-14,2018-04-30 21:41:07,25,0,38
02cb7027f3074adf1407706d712298f7,70bcff60e160a0009c17030cdc375f6e,PA,belem,-1.4293625810490702,-48.48511736671568,MG,-19.846563799218984,-44.02754145235257,2104.502028504204,1,1,135.9,23.67,1500.0,2018-08-07 19:33:01,2018-08-23,2018-08-17 20:54:31,10,0,15
21b1c98d8e52fa31d859540e69e84c29,a4e8a2dd3c6c4a7724cdfb31be321f63,PA,barcarena,-1.5080751406619344,-48.62332303710737,MG,-19.867906407416527,-43.94863882589885,2103.858797004953,1,1,27.9,24.84,200.0,2017-04-11 19:27:44,2017-05-18,2017-05-02 13:41:23,20,0,36
299372a2c0a08ae166a4dd2a2467dfec,5a62643ba68cfaeb566ad926e3b18eb6,PA,rondon do para,-4.776773248483349,-48.06884080612588,SP,-23.643597877315536,-46.66251227546312,2103.30593141557,1,3,582.0,322.79999999999995,35550.0,2018-05-05 14:53:21,2018-06-19,2018-06-07 20:22:23,33,0,44
b436fd24a04e7267307e1d900faa8eb1,20217ca968adf8f08c5916bf09c33d7f,PA,belem,-1.4364370877284982,-48.45454573829979,MG,-19.846563799218984,-44.02754145235257,2102.9719026268504,1,1,39.9,22.85,600.0,2018-05-30 12:58:00,2018-07-20,2018-06-04 22:46:39,5,0,50
03f51c9adce893f63936c5146701aa2f,36f565da5dace4bd09fa635892eb5fe5,PA,belem,-1.450322481641738,-48.45993694028527,MG,-19.846563799218984,-44.02754145235257,2101.601589935116,1,2,311.8,90.02,8200.0,2018-06-17 11:03:15,2018-07-24,2018-06-28 20:17:06,11,0,36
e67f76501c34f4adb5587ee50a6474c6,25216db0abfeac5dbfc9de3cecb2019b,PA,belem,-1.4549937799064998,-48.47203605785113,MG,-19.811156958250365,-43.98987161296759,2098.523118710744,1,1,64.6,21.25,1800.0,2017-08-23 17:52:51,2017-09-27,2017-09-11 22:26:30,19,0,34
cab94551cf580883129898c612b8cb83,69939c97e2030cde60b3a8176f8dab3d,RO,ouro preto do oeste,-10.719292994831893,-62.25714126335961,SP,-22.605298322148823,-46.91887161356906,2098.333302247042,1,1,162.0,161.82,16150.0,2017-11-19 12:24:26,2018-01-15,2017-12-09 01:51:29,19,0,56
4f8aa330d043e9db140284db7a6c3359,cd4260e37ba9618a2aca53bd78ca9a8d,PA,ananindeua,-1.3782860858117,-48.37442732161299,MG,-20.024210235883093,-45.53953430395729,2096.117094706183,1,1,104.9,43.14,1800.0,2017-10-24 22:05:41,2017-11-29,2017-11-20 18:35:39,26,0,35
9764559652cd9a07586f59136848e1f1,57c2f085b05b55969f44246acdf2b5ae,PA,altamira,-3.1956769455311544,-52.188450994778826,SP,-21.757690120914923,-48.82976816265947,2095.6460624626147,1,1,87.5,29.01,1100.0,2017-12-06 13:05:37,2018-01-17,2018-01-16 21:29:00,41,0,41
c21fcb36121a9b1c65eed7b20f0862bd,9b8af4016c309c2f095b858fe4d6d551,PA,nova ipixuna,-4.921410660315535,-49.078793215382646,SP,-23.607465820705173,-46.627407547665776,2094.3444233779287,2,2,328.0,189.03,12000.0,2018-07-23 12:20:12,2018-08-28,2018-08-01 23:06:52,9,0,35
397e13bec7fab1213075383e4cdd11f7,05c9c8bee01dca6e97b35284f55a6a34,PA,altamira,-3.218720460711638,-52.21986986941187,SP,-21.757690120914923,-48.82976816265947,2093.7112904073647,1,1,395.0,28.05,20900.0,2017-08-25 16:02:19,2017-09-29,2017-09-18 21:17:20,24,0,34
3b43489e5e595593e63470f9e524d325,0f4e6706036eec942d3b94d1d00ba58f,PA,ulianopolis,-3.7484128858886265,-47.50037571194276,SP,-22.574181674738654,-47.166457717889685,2093.6388983530915,1,1,27.3,37.1,425.0,2018-06-22 21:24:55,2018-08-01,2018-07-24 14:41:46,31,0,39
8a170c32858870f69d7a3477fcca9a4b,3f6cd3d8326965c0d9cc53a851559a0e,PA,abaetetuba,-1.7225254382817428,-48.88243257718304,MG,-19.90625324508045,-43.92317252137203,2092.576127081163,1,1,29.9,34.15,200.0,2017-09-05 12:49:09,2017-10-10,2017-09-20 20:09:40,15,0,34
ccdaeca68b811a6b26f8b666df809c43,9afa6cb5e181ac3c7061d5251f18d56c,PA,tucurui,-3.83448713047708,-49.67879798413284,MG,-22.2492531099986,-45.70557966603161,2091.9300710199445,1,1,65.9,24.95,200.0,2017-02-24 12:15:41,2017-03-31,2017-03-17 11:33:01,20,0,34
bb5069a1c4caa1d28fe56f4c647d23cc,f2c48cad58997d0feebf4637a312a767,PA,uruara,-3.719253874282301,-53.740713158615925,MG,-19.92595295864736,-43.94511432722604,2091.760579312392,2,2,193.32,70.47,500.0,2017-12-07 09:22:20,2018-01-23,2018-01-04 00:58:59,27,0,46
aa39e753399d95834f9d16ac80fc60e3,76c5e2e161873de2942ed5f0f9539986,PA,brasil novo,-3.303834589329146,-52.5395090650395,SP,-21.757690120914923,-48.82976816265947,2090.7260042509984,1,1,220.0,38.68,3300.0,2018-01-21 09:13:44,2018-03-07,2018-02-23 20:43:21,33,0,44
1c725471b90964d3b52d602359690718,c8890cf7bf6ca9d0bb40a2d4ec4a8ace,PA,rondon do para,-4.776773248483349,-48.06884080612588,SP,-23.489821337123363,-46.95315217080441,2084.2340099555654,1,1,589.99,29.41,267.0,2017-08-31 22:22:19,2017-10-05,2017-09-15 18:48:18,14,0,34
941eccbab1cd0aec1888e669e608e5bd,135366749a34710bc46eb15cb5db3531,PA,floresta do araguaia,-7.563987225410065,-49.70208169883211,SC,-26.28722555453289,-48.850959075076446,2083.874507956006,1,1,129.99,56.8,800.0,2017-06-22 20:07:39,2017-07-28,2017-07-21 15:28:01,28,0,35
329865201ab68a53f3b26fb4f4fd43e4,6dbd16c2c45f442bda4e6dfd195d485d,RO,rolim de moura,-11.723155356956768,-61.777863906442434,SP,-23.53877907744238,-46.53850883971953,2078.631115882128,1,1,12.98,34.15,275.0,2018-01-17 14:23:41,2018-03-02,2018-02-07 23:12:04,21,0,43
305af4823119256511e64863ca221c60,c9c97a0dffedebf3619790954219437f,RO,rolim de moura,-11.723155356956768,-61.777863906442434,SP,-23.625852663887155,-46.61139748251486,2078.474305864088,1,1,24.99,50.85,300.0,2018-05-13 14:56:49,2018-06-20,2018-06-04 14:26:45,21,0,37
7aefecb78e141afbc6cd675bb64f3760,afa4462065044a5a055ee4c9297a957b,RO,cacoal,-11.42666861757588,-61.46823229687513,SP,-23.50848147377229,-46.485872413266776,2077.6692707302564,1,1,20.0,35.67,200.0,2018-01-09 10:15:46,2018-02-21,2018-01-19 23:42:03,10,0,42
3e9c4deedb763bd5083a91afbc7c7257,bc05e5ea87ea7d4c3fb7acc1821c7ceb,PA,itaituba,-4.264320591430269,-55.98576923978518,SP,-21.172213467107177,-47.82413717277396,2076.4698282110608,1,1,115.0,37.5,444.0,2018-04-28 21:17:42,2018-06-18,2018-05-30 20:37:41,31,0,50
c7e061193b749f7a762209326b964dc4,3747814954da96f7b6923584ccb0cacf,PA,quatro bocas,-2.417669777351,-48.1968627599099,MG,-20.94004902170557,-45.82696971616617,2075.5410933843345,1,1,89.99,69.34,5950.0,2017-10-28 13:15:17,2017-12-08,2017-11-23 16:55:41,26,0,40
48340ddd156767e80ea7a05abc8a0af4,28689e72c53169610a3d6f96d729b4bd,RO,cacoal,-11.429721311127627,-61.45973853624492,SP,-23.625852663887155,-46.61139748251486,2074.709879882464,1,2,55.98,101.7,600.0,2018-05-27 12:30:34,2018-07-23,2018-06-15 14:36:37,19,0,56
0bc97d91a9a3a1923234614958556071,725cb0062f2215d2f731bef5957d1faf,RO,candeias do jamari,-8.794773784932604,-63.700201037604295,PR,-25.14224263802619,-54.30036804674245,2072.381407803973,1,1,279.0,59.74,30000.0,2017-09-30 16:14:28,2017-11-22,2017-10-25 20:42:48,25,0,52
c773cc960c0785e8154541eac3091b29,84a2c4c19cc18dcab616e5a1f061757a,PA,rondon do para,-4.776773248483349,-48.06884080612588,SP,-23.302661247830148,-45.97283979175633,2072.227965389724,1,1,130.0,29.31,1225.0,2017-08-14 13:09:24,2017-09-25,2017-08-30 19:24:04,16,0,41
12b69999b64f73f3cdfa23512584c8d5,d203390b72cc70cb976b41a67a236920,RO,porto velho,-8.743945699931716,-63.89648266653547,PR,-23.42843316855792,-51.91774739994137,2071.8152638556808,1,1,16.9,42.38,150.0,2017-07-22 13:49:39,2017-08-25,2017-08-08 22:42:26,17,0,33
981f5cf29634672b36363c9ca9d4c3a4,3a3276446ad0b799be2122b37c779558,PA,novo progresso,-7.038047820297005,-55.41769157488372,SP,-23.59399496820805,-46.55209142714523,2070.075279178352,1,1,12.97,25.63,100.0,2017-06-20 16:44:56,2017-08-01,2017-07-14 18:09:05,24,0,41
e776adc60e8c76f0cd807332525d8cd1,6f998e4791812987e4aab0d0a8057ff3,PA,maraba,-5.3775820011209206,-49.13028344204516,SP,-23.83394350350837,-46.81523885752993,2067.1596865687084,1,1,36.79,37.04,238.0,2018-05-26 14:54:20,2018-07-23,2018-06-15 16:41:33,20,0,57
29f08eca9316db52a34130eeb52dffd0,f87a76e2c1f35f26284d68c4700f185b,PA,altamira,-3.1930908139338263,-52.2064976465687,MG,-19.92878416430552,-43.91727058979163,2066.8540055914896,1,1,349.99,64.47,900.0,2018-08-01 14:04:51,2018-09-13,2018-08-30 00:03:57,28,0,42
593732bc7133b31a809050a3df77f34c,e898665675636de89a1bead880858c95,RO,porto velho,-8.77386085315235,-63.85798940172622,PR,-23.42843316855792,-51.91774739994137,2066.623208712875,1,1,14.9,42.38,150.0,2017-07-10 18:11:32,2017-08-11,2017-07-28 22:07:42,18,0,31
6c269e3a9b9ff5370697cb124cbc63ce,32b835e598d0770c757962836c16bec2,PA,rondon do para,-4.776773248483349,-48.06884080612588,RJ,-22.80572828112987,-43.42317527553308,2065.951033982273,1,1,144.99,43.04,487.0,2017-05-08 12:14:05,2017-06-12,2017-05-18 15:41:45,10,0,34
5dc70acab84ac4fd4ffb73d38c63cc94,c863c060ca50d90eea7f980c2e04b868,PA,ourem,-1.5488957830419186,-47.11413562068216,MG,-19.867906407416527,-43.94863882589885,2065.8598895314803,1,1,31.9,34.15,200.0,2018-03-04 11:20:37,2018-04-17,2018-04-30 20:51:37,57,0,43
6a9c9e93c5bcd0e6b308ce42094a569f,9a17a2d857d5a38a7a959f5cd1d1d015,PA,santarem,-2.439879662901709,-54.72446419914522,SP,-20.416380955307154,-49.98507612801325,2063.96135249824,1,1,164.9,29.55,2100.0,2017-12-21 13:25:14,2018-01-31,2018-02-06 23:29:00,47,0,40
7a05ea5a85dcfb04d49a57143c1d5ab6,323a8dcb8bbc42ceaa68d278b023e82e,PA,ipixuna do para,-2.558464011545592,-47.49883695514504,SP,-21.11263561449013,-47.79105569532287,2063.372417549412,1,1,99.0,29.09,1800.0,2017-09-20 21:43:16,2017-11-01,2017-10-09 16:25:57,18,0,41
ebdf00c28193aed91e3f3d9fa71d9d13,67cf89bcb57e90039ac1539f1c112481,PA,altamira,-3.2061261675320685,-52.21246809885808,MG,-19.90625324508045,-43.92317252137203,2063.310756850784,1,1,39.9,24.84,300.0,2017-04-22 20:29:37,2017-06-01,2017-05-05 13:38:05,12,0,39
8ee92f80d48a27d627bf77accdda8346,2da2f68d5ccedf627efc3a736744833b,PA,novo progresso,-7.038047820297005,-55.41769157488372,SP,-23.39613949750417,-46.315214004717525,2062.600300926174,1,1,27.9,37.04,250.0,2018-04-01 22:45:22,2018-05-24,2018-05-03 23:22:13,32,0,52
29658becd07b8b8ae3d13366b9cb10cc,0bfa1bc373e0b5b09842638f464bd547,RO,nova mamore,-10.4057356118006,-65.33241985343662,SP,-20.81614118340567,-49.368636648001306,2061.902317584721,1,1,295.0,52.79,100.0,2018-06-13 10:11:51,2018-08-03,2018-07-03 21:34:41,20,0,50
035ab6fc3b7f9d16f714a337ee63b7be,dd340f55b79392c58be2ee54c2004c26,PA,ananindeua,-1.36348899786207,-48.37545212840183,MG,-19.45930795389748,-44.24801919373313,2061.718765428337,1,1,19.9,24.84,200.0,2017-01-23 23:36:55,2017-03-14,2017-02-07 12:15:45,14,0,49
5df5b6ce88b311095393f226e4366bcf,d3a9e9011a910ed8c3b29086a2eae256,PA,bom jesus do tocantins,-5.047138841118125,-48.5993882436702,SP,-23.47872386955392,-46.58823999999999,2060.8091499806665,1,1,109.9,26.05,500.0,2017-07-19 18:44:39,2017-08-22,2017-08-07 17:56:51,18,0,33
f55cb4fd8cb8b16824c2912514216b2b,1291eca2bf609f2a91eec6c581ef0643,PA,marituba,-1.3667488537613912,-48.33865765202612,MG,-19.45930795389748,-44.24801919373313,2060.495297727073,1,1,34.9,21.15,150.0,2017-12-20 22:55:07,2018-01-31,2018-01-23 18:59:07,33,0,41
086731f4ad521c4094b1eda75986b88e,e038ce5f1155ad7b6235f4df7ecc77c6,PA,garrafao do norte,-1.9320974389393328,-47.05149958943775,SP,-20.43034840679484,-47.82574642607055,2058.628028406193,1,1,466.0,40.4,3700.0,2017-10-25 20:36:00,2017-12-05,2017-11-28 10:19:34,33,0,40
6dab6db52d5bc33fff997ca478ef2f5c,b83ce55fac1144714d63a72e62ed51e7,TO,buriti do tocantins,-5.318698182157814,-48.22575802042286,PR,-23.553891310373,-51.46333120412408,2057.11440950739,1,1,59.9,26.89,1800.0,2017-04-12 11:02:29,2017-05-16,2017-05-09 06:35:53,26,0,33
18248821ee955752db5292194e4b6970,1935234c8a91d9942d487c744166e8a9,PA,redencao,-8.026355248347114,-50.02934909869147,SC,-26.488493474897464,-49.08236411518263,2055.330000429785,1,1,89.9,38.2,1800.0,2017-03-25 11:17:27,2017-05-04,2017-04-17 11:43:47,23,0,39
2cee7217cf66ac4e8027f60d3b105524,f1ae790334c90d9bbec5fa1861e1f9d5,PA,belem,-1.4524922226603307,-48.49572567751135,MG,-19.45930795389748,-44.24801919373313,2054.957016613638,1,1,39.9,24.84,200.0,2017-04-02 16:09:55,2017-05-09,2017-04-20 17:34:11,18,0,36
2ec087d40ad96030d054ef730191d7b1,7eed9c9e30469079aef5f771a837322d,RO,ariquemes,-9.912030288047893,-63.04099949999999,SP,-21.165370022730333,-47.79714447071386,2054.514231884546,1,1,122.61,34.66,500.0,2017-08-01 16:28:01,2017-09-04,2017-08-21 20:29:29,20,0,33
6440501490dabcc13bc292e417ca410c,5793f678892bf48b7d7065fd9e0c7d7f,PA,maraba,-5.368370463928294,-49.11877926683461,SP,-23.682407943620767,-46.62360435627736,2053.882923207711,1,1,509.0,41.83,450.0,2018-07-13 11:23:14,2018-08-10,2018-07-30 12:26:34,17,0,27
7c018c94d1f3d9ac7affec4cde6e111f,4cc0e56158e69205fb2525a064f03313,RO,buritis,-10.209140198346743,-63.83093026898301,SP,-21.757690120914923,-48.82976816265947,2051.4507192853143,1,1,117.99,43.24,2550.0,2017-08-24 10:09:31,2017-09-28,2017-09-14 23:47:19,21,0,34
ca7dc685e1c6b20f8404d4f28acd96f8,bc1397d64d7111923b94fa9448da681f,TO,carmolandia,-7.032577758848273,-48.395965294848665,PR,-25.45795217485142,-49.30899607966408,2051.1002789003173,1,1,129.0,38.45,1550.0,2017-09-26 11:16:02,2017-10-30,2017-10-16 22:04:59,20,0,33
3991f987ebb5686ac2cd5fb69d16d9c4,b3238c49535e70a13bc79e930519ba8a,RO,ariquemes,-9.891414311925862,-63.04295700938947,SP,-20.537686764158725,-47.432176672899125,2048.3984744194386,1,1,169.79,57.96,1650.0,2018-07-12 23:06:51,2018-08-13,2018-07-25 21:28:48,12,0,31
b1526a2bd67c99a417bbd10df7904bb0,7a22cc2284c8c071bb159fb99289c831,RO,porto velho,-8.802065344725001,-63.86504975308944,SP,-20.806830481885147,-49.38960170992274,2047.4205360516407,1,1,53.9,52.95,1750.0,2018-03-18 19:27:58,2018-04-23,2018-04-11 19:38:44,24,0,35
2961944c535cdf9a35710b3296931c78,8685c9c67e2d5eae365bea2f7855a1e8,RO,porto velho,-8.74806526700877,-63.85918024193474,SP,-20.788999605359777,-49.41956290374445,2047.3189167581768,1,1,689.9,40.15,900.0,2017-09-02 22:27:41,2017-10-13,2017-09-16 14:51:11,13,0,40
493ba31a3539787ea13a41ca2ca33ef1,3f25ae79ccca4a4202201980bdc7059a,PA,maraba,-5.3775820011209206,-49.13028344204516,SP,-23.61325890813089,-46.59942309824574,2045.753331170698,1,1,158.0,38.25,9750.0,2017-09-16 08:51:24,2017-10-20,2017-10-10 20:19:49,24,0,33
c239944e346dc1fde937d68eaaf858ac,06c6202200ef99b1568c228c9e373abc,RO,presidente medici,-11.170749063899564,-61.90504539652935,SP,-23.086496272847818,-47.216807769634734,2044.3130879577816,1,1,49.99,34.15,200.0,2017-05-23 11:54:23,2017-06-27,2017-06-05 15:15:36,13,0,34
7b6e1ab9552ada063fdf51be01976226,40c72408ed17990879b35e71bdb46025,RO,rolim de moura,-11.723155356956768,-61.777863906442434,SP,-22.962633441166982,-46.52341863421785,2042.3387383497632,1,1,150.0,34.85,125.0,2017-09-27 11:18:41,2017-11-08,2017-10-13 19:08:49,16,0,41
661d0bde7291e9a8761e0769cf4d954c,318c507609f1e34e3fbaa0d012e0a3e8,PA,maraba,-5.368370463928294,-49.11877926683461,SP,-23.55366239523337,-46.4506999200761,2042.2124688033232,1,1,126.99,37.85,3250.0,2017-03-09 22:11:37,2017-04-11,2017-03-24 16:57:48,14,0,32
70ff94aa6a317bfb3ab751f7abac108a,96642d524742c5e6caf3ca1c9e4f37f0,RO,espigao do oeste,-11.528564211052108,-61.01426578928362,MG,-19.966985233714336,-44.04692748788558,2041.7167904081064,1,1,79.9,42.59,150.0,2018-02-20 18:07:15,2018-03-29,2018-03-09 23:46:37,17,0,36
1a74dcdf4a4d7bfd88e94110479fa484,93889d6b5f70ee521d064dfa7921052b,PA,maraba,-5.350531206564843,-49.09870794289221,SP,-23.53877907744238,-46.53850883971953,2040.955544550042,1,1,14.5,25.63,350.0,2017-06-27 20:12:32,2017-07-31,2017-07-18 17:34:07,20,0,33
359352820ef7acbc4def738b048f2d6c,2815da103e2929fd06a7b2129153fedc,PA,novo progresso,-7.038047820297005,-55.41769157488372,SP,-23.489821337123363,-46.95315217080441,2040.57952540662,1,1,1169.44,34.45,600.0,2017-05-02 10:18:30,2017-06-06,2017-05-29 13:49:21,27,0,34
98432d028db538f876f9236a038d7c02,81de0f49e5ce04655d8ea24b3239cc80,RO,porto velho,-8.793428082580107,-63.886633778724615,SP,-21.426847789373337,-50.0643276561055,2040.4687136242064,1,1,69.9,38.04,4800.0,2018-01-02 12:39:20,2018-02-14,2018-01-29 19:13:24,27,0,42
b703337465b56b40ca0fa126fe39858c,f4f30cbd40f21ac5cd9a2915293ab764,PA,maraba,-5.35428712184862,-49.09348107313951,SP,-23.52770504385709,-46.549672594101146,2039.0869860966388,1,1,169.9,39.46,1533.0,2018-06-15 22:33:00,2018-07-25,2018-07-10 18:47:46,24,0,39
cc68db472e6aa971b19ecb519fbc486e,fe1bccd55c91b596c92bcc1401408594,PA,belem,-1.4304219467078465,-48.44961712406944,MG,-19.759203807039285,-47.93968152295908,2038.8223244175947,1,1,1199.9,58.06,2600.0,2018-01-10 11:38:12,2018-02-20,2018-02-05 23:07:40,26,0,40
ef13107bb93c2e7cd4509174a883022b,6c57476a3189ce875193272eac86024d,PA,maraba,-5.368370463928294,-49.11877926683461,SP,-23.52770504385709,-46.549672594101146,2037.8984357073812,1,1,119.9,43.12,1533.0,2018-08-01 20:04:56,2018-09-03,2018-08-21 19:57:49,19,0,32
dc2abb29525694900ea93ffd5d12460d,4470f5bf4d0a7555c361002dd3f7142c,PA,maraba,-5.342853477784683,-49.09941596806052,SP,-23.546865429255,-46.93000464678376,2037.4930360812464,1,1,693.0,143.67,16100.0,2018-01-15 19:13:14,2018-02-23,2018-02-02 02:07:54,17,0,38
08e83756399f8394bef75d0441b17b57,022d8582868c8ee0a200885b357c4208,PA,maraba,-5.368370463928294,-49.11877926683461,SP,-23.531820448929544,-46.61097274285875,2037.475044259445,1,1,269.9,48.33,2250.0,2018-04-29 19:42:48,2018-06-04,2018-06-13 12:32:16,44,0,35
16fda78951899265f9a26ab3c5f17c4c,7ed80899c1cc6c7779597683fab0ae70,PA,maraba,-5.368370463928294,-49.11877926683461,SP,-23.48488009615481,-46.36654993289185,2035.934126969193,1,1,169.99,99.41,11875.0,2017-11-07 00:27:49,2017-12-15,2017-12-13 17:47:58,36,0,37
e2fcf0dc80d06ac324b2169b7c1c46dd,9e9d0af18268bef83a5996809d4b164e,RO,espigao do oeste,-11.528564211052108,-61.01426578928362,SP,-23.552032416180964,-46.53746144532288,2032.472391003181,1,1,229.99,44.02,2150.0,2018-01-09 12:02:51,2018-02-19,2018-01-24 23:18:38,15,0,40
d66d818e0e5486b4382bdaad63390b53,4a007c816f10c17d6b5591756a5f6047,PA,maraba,-5.3775820011209206,-49.13028344204516,SP,-23.47872386955392,-46.58823999999999,2031.100927149357,1,1,49.9,37.26,150.0,2018-07-20 00:04:41,2018-08-16,2018-07-31 15:07:39,11,0,26
2542b194855edd1820173c2f2cf22e9c,22b1e52ebdb7c825e37f73f392a33f95,TO,araguatins,-5.650404996590558,-48.12299337627995,PR,-23.81221708129019,-50.14040134826855,2031.003759627073,1,1,214.0,63.3,4275.0,2018-06-09 10:20:54,2018-07-18,2018-06-29 15:44:36,20,0,38
ff229c2bb720b61c11d51e0249799aba,9130678dfc845aa2faa851e82cf45b83,RO,espigao do oeste,-11.528564211052108,-61.01426578928362,SP,-23.67008162864273,-46.66049702840489,2030.9659000510092,1,1,146.99,43.44,2350.0,2017-10-28 20:49:40,2017-12-07,2017-11-07 21:11:41,10,0,39
4cad7da3634c4f5d4bb0c35b4c056f73,9eb8dc580cb53bbf6ddac7cf2a96a427,PA,maraba,-5.368370463928294,-49.11877926683461,SP,-23.47875552248587,-46.72301714862372,2030.078583909012,1,1,209.0,47.9,4525.0,2018-05-08 18:10:03,2018-06-06,2018-06-12 23:48:28,35,0,28
905c3d04fa7c2003ae6931a5ab967ad1,e092b7d4721ed70187d8efedaab626bc,PA,parauapebas,-6.074258046829258,-49.89743695914128,SP,-24.026457185123206,-46.47784669233656,2029.353055107531,1,1,52.0,26.9,125.0,2017-06-25 18:28:33,2017-07-28,2017-07-19 17:47:36,23,0,32
642d9648ee8c3cd7d0a2be2b8816cc91,67b73da9983e08fd2e278531a7062d89,PA,bom jesus do tocantins,-5.047138841118125,-48.5993882436702,SP,-23.211061972115367,-46.76376569389638,2029.3154603746932,1,1,149.0,29.44,1700.0,2017-07-19 18:44:40,2017-08-22,2017-08-03 19:43:07,15,0,33
33d470ee269df634f8a69cd40ee2c170,1f54c6618660cad09cfa77c20f05e825,RO,espigao do oeste,-11.528564211052108,-61.01426578928362,SP,-23.69066643075192,-46.70391215514457,2028.9914445354964,1,1,150.0,62.85,2200.0,2018-05-04 15:24:50,2018-06-12,2018-05-22 00:48:53,17,0,38
121dd40b10fc0795e5f649ceedab30f9,07e37249529eedeca890d7a80979b91e,RO,pimenta bueno,-11.67957628458245,-61.1772732055972,SP,-23.473052978908186,-46.60034358604072,2023.6602812337665,1,1,49.9,24.84,200.0,2017-03-31 18:38:27,2017-05-08,2017-05-02 16:30:44,31,0,37
668e74f421624e48476682f5cbb48b3d,01cd1ba7ed9bb74360ae8d7b03575b2d,PA,belem,-1.4304219467078465,-48.44961712406944,MG,-19.487972011292747,-46.547513224428,2018.5535632654085,1,1,109.95,36.09,500.0,2018-03-04 11:34:08,2018-04-06,2018-03-16 21:04:18,12,0,32
a28b3de806c533911fe9d9bb425f1650,e3ef5a42b9831a6c2a529201fcccf054,RO,cacoal,-11.439247801294972,-61.443711199983895,PR,-25.456295548173603,-49.26527728440769,2016.8917715071696,1,1,45.0,60.41,100.0,2018-05-22 23:07:07,2018-06-29,2018-06-08 15:07:11,16,0,37
4707f0f97bea0fc228ca902efc1bae4a,747dbdedfb0e2830969d2296e56b24f4,PA,sao miguel do guama,-1.6166569727096125,-47.47837325396073,MG,-19.45930795389748,-44.24801919373313,2014.91858476532,1,1,249.9,35.55,400.0,2017-09-20 20:53:38,2017-10-30,2017-10-13 14:28:38,22,0,39
cc2e6cf82767599713d657cd5cf8b300,fb5a37c5751065b31f48a501d47eb1bc,RO,cujubim,-9.362901425354648,-62.58434044264982,SP,-21.757690120914923,-48.82976816265947,2014.7404139210355,1,1,89.9,43.04,1383.0,2017-09-12 00:31:07,2017-10-20,2017-09-26 19:23:30,14,0,37
40001f4b6e1a35f0b99fc4f44078ab27,1690401c1e48c9526a79e72ba8c069a2,AP,macapa,0.0365398249813861,-51.090970333831336,BA,-12.89472449617752,-38.33875838605659,2011.00050926784,1,1,189.9,26.36,450.0,2017-12-09 17:27:58,2018-02-01,2018-01-04 21:23:53,26,0,53
a3618e87bbadb70219347557df7d551f,5056f8f76b7bb8600571fec6d7e542ae,PA,mocajuba,-2.579712664676668,-49.50650418984154,SP,-20.52804807780614,-47.38827901323783,2008.9383920648936,1,1,59.9,25.7,200.0,2018-01-05 15:55:31,2018-02-19,2018-02-05 12:16:36,30,0,44
8eddde296db4009f424c7a91011b7be0,76ffdd319555663e8a28ed983516ca28,RO,ariquemes,-9.912030288047893,-63.04099949999999,SP,-21.757690120914923,-48.82976816265947,2008.727594758486,1,2,96.8,69.83,1200.0,2017-06-06 11:28:05,2017-07-27,2017-06-28 16:04:12,22,0,50
6b8a03d40f75b75ec65ed5ba13d80f95,72a4878a79935a45e5acec3b541af15a,AP,macapa,0.017590757722418,-51.06984770300997,BA,-12.89472449617752,-38.33875838605659,2007.853769001336,1,1,1437.0,45.42,2750.0,2017-10-24 22:40:56,2017-12-11,2017-11-09 18:17:20,15,0,47
45cce3c0f13c050de2fdfa6710aa95eb,f3f22056edbc891e004aed65f1b9cfa5,TO,araguatins,-5.650404996590558,-48.12299337627995,SP,-23.652442526788203,-46.75549168747648,2007.0803396068404,1,1,189.0,26.6,450.0,2017-11-14 12:13:28,2017-12-12,2017-11-29 18:54:39,15,0,27
4b806b93edf76523f25669be3962bd2f,43553a559f05e8a6a4b306a55b2a1de3,AP,macapa,0.0534539422786059,-51.05853619886202,PE,-8.134782793932896,-34.93613699999999,2005.311184260616,1,2,299.8,31.88,1066.0,2018-05-14 18:09:39,2018-06-27,2018-06-13 18:52:00,30,0,43
479c68f635b21bcb61385058d99b9b6c,9c61e2bf0f481877bbf50d600fe373e4,PA,altamira,-3.218720460711638,-52.21986986941187,MG,-19.45930795389748,-44.24801919373313,2002.7041363594997,1,1,59.9,34.22,200.0,2018-02-04 02:37:17,2018-03-15,2018-03-12 18:43:52,36,0,38
d0e9849de800fdb4cb3b5e6d42c6b367,b634dded0d0e31b899f16cb02e0ed1d0,PA,breu branco,-3.7751094568015184,-49.56595439812135,SP,-21.757690120914923,-48.82976816265947,2001.1497862999304,1,1,56.99,28.8,1250.0,2017-08-31 11:38:18,2017-10-05,2017-09-26 16:48:01,26,0,34
bcdc8da39b779f95c0542643fa9beea7,51260b6df0b2fecdf113e4d05a199266,PA,paragominas,-3.0082656873428486,-47.358069662605,MG,-20.94004902170557,-45.82696971616617,2000.8023910201528,1,1,179.99,81.43,7650.0,2017-11-07 04:34:31,2017-12-15,2017-11-30 21:48:53,23,0,37
943f6c7b262e40ec0526ff87156fb401,6588dbadeec34a7c4372ab86dc7dec94,RO,pimenta bueno,-11.67957628458245,-61.1772732055972,PR,-25.774917402461387,-49.32567120533014,2000.7571637723613,1,1,195.0,68.51,2200.0,2018-08-04 17:00:12,2018-08-27,2018-08-20 13:54:34,15,0,22
9488305b52042a978d3bf78cf94bcd54,562b21c5974cb8b0673cfe3729b68671,RO,porto velho,-8.765998858024522,-63.89314474007578,SP,-22.111362492566023,-51.39854839493498,1996.2557965073715,1,1,231.54,52.12,500.0,2018-05-09 10:35:30,2018-06-18,2018-06-08 23:03:54,30,0,39
cc91697062f893c9903a248153c34e8d,553c6d0e5cb98f7510e2b0ae4a1acc25,PA,maraba,-5.349989226250044,-49.13389757268895,SP,-23.11477517799753,-46.553324741832185,1994.6536003116692,1,1,40.0,25.63,50.0,2017-10-12 16:48:22,2017-11-16,2017-11-13 18:55:51,32,0,34
4d178c8435a1d6d81ded1bfde1083628,053b2e588e54bdf1d4892e8e96fd6f94,TO,sitio novo do tocantins,-5.601220609016727,-47.64205371554435,SP,-23.53679041271852,-47.46870306938549,1994.430764974362,1,3,165.0,98.52,22650.0,2017-05-13 22:51:29,2017-06-08,2017-05-26 08:46:57,12,0,25
c42c7ad2f2d44d2e9032297b9b8e2a1e,a744a615992afa64466809709574c336,PA,parauapebas,-6.074258046829258,-49.89743695914128,RJ,-22.84258446627047,-43.303678777468456,1994.054989812233,1,1,69.9,42.52,1450.0,2017-06-02 11:46:50,2017-07-11,2017-06-22 14:09:44,20,0,38
a642fa6ce51876af02674a0997845469,8e3df270b06ad7bc9e0f93bfe075aa90,PA,paragominas,-2.9843130288145714,-47.349825797314494,SP,-20.806830481885147,-49.38960170992274,1994.0494321833592,1,1,59.9,28.82,1500.0,2017-07-28 17:41:01,2017-09-08,2017-08-12 17:05:27,14,0,41
b7dd21d38a31885f78f70ed3704bff62,3707357d878ff449b2ccf59b03acd9d2,RO,rolim de moura,-11.723155356956768,-61.777863906442434,SP,-22.8935112964107,-47.0800242164147,1991.5326490931172,1,1,24.99,50.85,150.0,2018-05-14 12:07:02,2018-06-21,2018-05-22 15:03:38,8,0,37
d766e3aae9fe7c4abb652d767d0811d6,c95f04df0950db371171123b5675448a,PA,uruara,-3.719253874282301,-53.740713158615925,SP,-20.537686764158725,-47.432176672899125,1990.939079081988,1,1,157.9,30.04,1650.0,2017-04-18 12:24:29,2017-05-25,2017-05-16 13:43:48,28,0,36
9b951f6f81b73f9ee291b9735e6fe993,8c709144446a29976affde2dcfe063af,PA,parauapebas,-6.074258046829258,-49.89743695914128,SP,-23.69050632209016,-46.67948403830283,1988.840510840456,1,4,159.6,102.52,600.0,2017-09-28 17:34:38,2017-11-03,2017-10-20 18:02:46,22,0,35
76cde6c8b0bcf5f39e166b9f645366b6,1243b85af9f260a323231c4813007315,PA,parauapebas,-6.074258046829258,-49.89743695914128,SP,-23.65869024839867,-46.52249513292757,1988.3414293916169,1,1,56.99,25.68,350.0,2017-06-11 18:22:10,2017-07-20,2017-06-28 17:07:58,16,0,38
a1ad04708ac63bf780235612020e647e,2a7538a3a9b5de992de6fda7e4338624,PA,dom eliseu,-4.293983473382651,-47.554234751573055,SP,-21.93085204816489,-50.49756182976886,1986.6295854933628,1,1,119.9,40.35,4550.0,2017-04-30 18:48:05,2017-06-06,2017-05-23 05:12:03,22,0,36
4024e82961bfcec0a71869767cf923e9,294afaa4e6c7165445a7aec2b4f8f11e,RO,cacoal,-11.438347500417402,-61.42997245588644,SP,-23.179211520068115,-47.31278396116133,1984.74918645644,1,1,113.3,57.56,1050.0,2018-06-27 12:08:05,2018-08-07,2018-07-09 17:41:48,12,0,40
146ee0d0528dc62bebbd50fe53f2ec43,06fe2378b02bcfcf4d6fcc4b31fde6c5,PA,parauapebas,-6.074258046829258,-49.89743695914128,SP,-23.625852663887155,-46.61139748251486,1983.0494762405112,1,1,29.99,37.12,350.0,2018-07-18 17:18:58,2018-08-14,2018-08-03 23:26:44,16,0,26
511da260161b881c22b3608bed0044e5,976413d083d598716701e20d0cd9d56b,PA,ourilandia do norte,-6.7521594588432094,-51.078762,SP,-24.00920985345376,-46.41937090980433,1982.265807799976,1,1,37.49,25.63,200.0,2017-08-27 20:44:40,2017-10-03,2017-09-14 23:00:42,18,0,36
ece689b6d40d88ddb1a8de932fe6572a,cc6e42c563a93cee3aa22a189e539673,PA,parauapebas,-6.074258046829258,-49.89743695914128,SP,-23.595227193173283,-46.56076636913555,1980.672617907035,1,1,250.0,88.37,12250.0,2018-01-24 19:08:35,2018-03-08,2018-02-22 19:13:54,29,0,42
89ddf23f8fe73ace16b54d219a527277,87357fa1cd76f1b9e26ef7a92d2f0e84,PA,parauapebas,-6.074258046829258,-49.89743695914128,SP,-23.595227193173283,-46.56076636913555,1980.672617907035,1,2,240.0,140.12,18800.0,2018-01-24 19:08:37,2018-03-05,2018-03-06 23:41:57,41,0,39
556aa092c68a19aa8aef519574539444,6d0e9627b2c860cd1687fc903c29c6bd,PA,parauapebas,-6.074258046829258,-49.89743695914128,SP,-23.582441147931224,-46.50717982944775,1980.318491240651,1,1,1050.0,250.57,30000.0,2017-08-14 12:42:23,2017-09-27,2017-09-11 22:32:46,28,0,43
ec95bda03fcd25491f6e0142ef318ee8,e1f665b9a62b55d9bfc07edf2bbfc9c2,PA,parauapebas,-6.074258046829258,-49.89743695914128,SP,-23.58382884540368,-46.536577502077456,1979.896378800458,1,2,239.0,54.2,1800.0,2017-02-12 18:46:20,2017-03-24,2017-02-22 10:13:40,9,0,39
a404ea50be6a196526edbedda3d1d083,8d09e89261d5af4e728f330a0c6ca0e1,PA,canaa dos carajas,-6.529929061610091,-49.85237106032086,SP,-24.026457185123206,-46.47784669233656,1978.5947515297196,1,1,26.15,25.63,475.0,2018-02-26 20:00:27,2018-04-19,2018-03-23 21:32:19,25,0,51
405b7a0bffb459dbc7646665024a2665,719f9d5899f3d358cb2c624ca2bb18e8,PA,sao felix do xingu,-6.640243467734186,-51.97888176371889,SP,-23.69066643075192,-46.70391215514457,1977.902913740084,1,1,180.0,43.54,1600.0,2018-08-03 21:42:33,2018-09-06,2018-08-16 20:29:33,12,0,33
9bd15327c342acae1656642f80c408a9,e85fd7939acd7537326a0aae9a9ca00a,PA,parauapebas,-6.074258046829258,-49.89743695914128,SP,-23.552032416180964,-46.53746144532288,1976.408526559273,1,1,144.99,29.41,1050.0,2018-02-27 21:57:30,2018-04-02,2018-03-14 09:16:35,14,0,33
ba6aaf63c5d2bf742be03bf21eaff7f3,0b6f61f6034f1009da19848463ad280c,PA,parauapebas,-6.074258046829258,-49.89743695914128,SP,-23.50848147377229,-46.485872413266776,1972.669244602345,1,1,6.84,25.63,100.0,2018-01-08 11:53:35,2018-02-14,2018-01-18 22:43:06,10,0,36
701eb126d544cf41478232e37b4b3c32,9c224bc2354a4e8ecbd390cba06b5d07,RO,ministro andreazza,-11.19815999999999,-61.51993749909266,SP,-22.92925293639528,-47.56473142113667,1972.643231210052,1,1,69.9,50.15,4450.0,2018-01-07 16:38:24,2018-02-23,2018-01-24 21:42:54,17,0,46
cb61f25ed186c04d0a96e8830a3078d2,7b87f3ec73e9b766c9b145790745ab7d,TO,palmas,-10.203580144705697,-48.32496910635424,SC,-27.81763874503229,-50.33044785134076,1969.788166784729,1,1,379.0,31.69,3700.0,2017-05-02 23:22:06,2017-06-02,2017-05-18 18:29:57,15,0,30
b7500c718b66aa61283dcc1565a39bf0,d353a31eae848027881dd6f027102350,PA,parauapebas,-6.074258046829258,-49.89743695914128,SP,-23.46873685567546,-46.51806246391887,1967.698108040304,1,1,229.04,55.87,7625.0,2017-12-02 16:24:27,2018-01-10,2018-01-05 00:53:37,33,0,38
a60c9bf6dcdd39e9f1c10ae5ad77c24d,ac7f438e15d996fd55c89ff26d19b648,RO,ji-parana,-10.877756265582942,-61.95980934800322,SP,-21.85758084417827,-47.47941196017908,1966.484195338497,1,1,45.9,42.76,7000.0,2017-12-17 17:30:46,2018-01-30,2017-12-28 21:47:05,11,0,43
01fac9bdfa271bcaf57218f971649ab7,0dc409c0b2ee6af05d8caf7a5676a672,RO,cacaulandia,-10.34025146336173,-62.89922609412597,SP,-21.757690120914923,-48.82976816265947,1965.197650550108,1,1,72.9,35.83,1050.0,2017-09-21 12:39:45,2017-11-14,2017-10-09 19:10:18,18,0,53
1d04b765ffb9fa87d403662637c984f6,9d880550e2b2258e195c8de278cf875e,PA,parauapebas,-6.074258046829258,-49.89743695914128,SP,-23.4514747477119,-46.557386237650746,1965.044793204683,1,1,78.0,38.6,900.0,2018-04-13 08:46:34,2018-05-21,2018-05-05 14:41:29,22,0,37
bebda1d591d109ea4605aa4e437d0a68,d4d2ea890454df93e3ce1c29627135b2,TO,alvorada,-12.479179309920433,-49.12182771726464,RS,-30.03336443104038,-51.23063954079865,1963.992816023676,1,1,29.99,42.38,200.0,2017-11-22 17:19:47,2017-12-28,2017-12-04 23:38:41,12,0,35
261a8ca735b8270388b09a99abbb1cff,0ed54de90ee8d3e1921c857d6a8d0cd3,PA,belem,-1.447242809963,-48.475744038952335,BA,-16.48911667656967,-39.07482706007052,1963.9352797695483,1,1,599.0,39.51,900.0,2017-06-29 14:11:25,2017-07-31,2017-07-17 21:18:31,18,0,31
8bb0e358b3866146681505153a180c4f,15595427948a23e4ac9abeaae54f9f31,PA,parauapebas,-6.074258046829258,-49.89743695914128,SP,-23.456904580068123,-46.64976420483004,1963.8636989914776,1,1,54.9,25.66,600.0,2017-06-11 16:02:43,2017-07-19,2017-06-26 16:22:00,15,0,37
67228d3b35b57e5bf9c1437f95652f2c,89ed25d65f84b1f97909a80ac1676090,PA,sao felix do xingu,-6.640243467734186,-51.97888176371889,ES,-20.27110455009337,-40.41523240211024,1962.690035601209,1,1,169.0,114.62,8325.0,2018-04-11 10:45:19,2018-05-18,2018-06-12 14:49:39,62,0,36
d48a999f0dd3cb2fdaf985d4f116e1ec,ea7784656202befff58dfcf1171447b1,PA,santarem,-2.4321998178687787,-54.7057758458764,MG,-18.917864434084464,-48.33131223723239,1960.0453008601648,1,1,58.9,50.91,6250.0,2018-03-05 20:32:50,2018-04-05,2018-04-23 21:41:40,49,0,30
6bf6ed15e270872bcf65052a0307d6fa,47f773dfff4d38e72ce3d45027b55ca4,TO,tocantinopolis,-6.324285345092806,-47.42547697187908,PR,-23.41381714101661,-51.907055066426544,1959.8228111664837,1,1,89.99,21.08,300.0,2017-04-01 12:45:07,2017-05-05,2017-04-18 12:26:25,16,0,33
a1406509a4e81343f4c669ae236fd01c,9730f3658e8ab2e63c59450396dbf937,PA,paragominas,-3.0082656873428486,-47.358069662605,SP,-20.537686764158725,-47.432176672899125,1949.1992363556112,1,1,199.7,29.8,1850.0,2018-02-25 08:25:15,2018-04-04,2018-03-15 20:08:24,18,0,37
8bbe236f21b3f7ff0a158c3161cac5ef,b1136b401997d5080066c794ff616c2f,PA,tucurui,-3.763496938719043,-49.66832152193276,SP,-21.165370022730333,-47.79714447071386,1945.5422664184289,1,1,150.98,27.6,575.0,2018-01-27 16:37:02,2018-03-12,2018-02-09 20:47:34,13,0,43
a65e61b2cf7bed6e9df047a709f06242,6f8df3a3df9b40c5f20c4e5cc03bc0b3,PA,sao felix do xingu,-6.640243467734186,-51.97888176371889,SP,-23.406901724083777,-46.84254171963375,1943.5743800585344,1,1,166.9,47.83,2450.0,2018-07-11 10:31:06,2018-08-13,2018-07-25 11:41:45,14,0,32
a4bc6ee8a0b10b9362660438b786cdaf,99d5db609ae101a85b32ed78904c3d99,PA,tucuma,-6.752056809402497,-51.153455903906895,SP,-23.69066643075192,-46.70391215514457,1942.524886477545,1,1,60.0,37.11,450.0,2018-03-07 19:50:37,2018-04-12,2018-04-17 18:24:39,40,0,35
72b9d86fe4e984d9879013b9ecbb25db,8b122c119e36ca9dd381d2bfc02112ea,RO,rolim de moura,-11.723155356956768,-61.777863906442434,SP,-22.55682570149749,-47.42307221908908,1941.054904948383,1,1,48.9,52.48,600.0,2018-04-11 22:29:32,2018-05-23,2018-04-23 18:41:58,11,0,41
ba69bf31fc071fd084f9967e05a7c479,6878b420a6ca5508cfeababb62222241,TO,palmas,-10.19889488503726,-48.34559560351271,SC,-27.59498544240868,-48.54438165070117,1934.468877847646,1,1,89.2,21.42,258.0,2017-09-19 13:30:18,2017-10-11,2017-10-11 22:41:33,22,0,21
2c4ada2e75c2ad41dd93cebb5df5f023,363d3a9b2ec5c5426608688ca033292d,RO,rolim de moura,-11.723155356956768,-61.777863906442434,SP,-22.727575602833376,-47.67373307172959,1931.651026708574,1,1,183.29,25.77,1225.0,2017-01-26 11:09:00,2017-03-07,2017-02-14 16:24:01,19,0,39
2e24930adf68f4ce65ad35e0f23f08ee,dccf3db0a9cf098d12b4c4addd47de01,PA,parauapebas,-6.074258046829258,-49.89743695914128,SP,-22.49841879739165,-44.12527158572528,1928.4672167799556,1,1,132.9,53.29,2300.0,2017-09-10 13:35:37,2017-10-11,2017-10-13 18:30:02,33,0,30
5fbf5069e1db9d79733184b67a576c4d,90af4933b09c472f006bde067530f672,PA,picarra,-6.448834687831596,-48.86801532375545,SP,-23.666348890385947,-46.707110694990966,1928.381434465126,1,4,1014.6,108.26,1517.0,2017-08-12 13:27:54,2017-09-18,2017-08-25 08:47:30,12,0,36
ad165bf10431f5387bca7987e9be3905,266521c7363e77c06795d3eb61f0bef5,PA,canaa dos carajas,-6.529929061610091,-49.85237106032086,SP,-23.54241282514857,-46.49070640341336,1925.5358083057151,1,1,29.99,25.63,217.0,2017-10-22 21:04:27,2017-12-14,2017-12-02 03:28:45,40,0,52
5607dd260b59aad9885b4dd7ad29352c,83db3ab5b2d2d11fcf877ea14d60e827,PA,canaa dos carajas,-6.529929061610091,-49.85237106032086,SP,-23.56072295337296,-46.63277989454088,1924.7588829622096,1,1,34.9,25.63,175.0,2017-09-14 21:10:17,2017-10-20,2017-10-16 18:48:09,31,0,35
fc6f5e6779d59926b0d09334f9a19030,96cb886e82481d28cb4d2dcd807906aa,PA,canaa dos carajas,-6.529929061610091,-49.85237106032086,RJ,-22.73648493912324,-43.56319926616679,1923.965426053911,1,1,129.99,61.19,500.0,2018-06-12 12:32:00,2018-07-24,2018-06-30 08:34:06,17,0,41
b07c4df2465a5b5c2a22522e681a6ca9,70f6569fc88c303a208586d7199e33ef,PA,tucuma,-6.752056809402497,-51.153455903906895,SP,-23.46873685567546,-46.51806246391887,1923.7037877106372,1,1,160.55,46.71,6400.0,2017-12-02 17:32:10,2018-01-16,2017-12-22 13:48:50,19,0,44
edcde7cec7551bfe6606a221822941fe,a1856c9ff731ccf239a269c6b8a965fe,PA,parauapebas,-6.074258046829258,-49.89743695914128,RJ,-22.115920892772785,-43.208899456798775,1923.0220599659983,1,1,34.9,44.2,650.0,2018-01-17 00:39:36,2018-02-26,2018-02-21 21:41:53,35,0,39
276971787e4550d908a7306c2fe79da3,83486328de12e85d29b27790fd68f911,TO,xambioa,-6.410122899818367,-48.53426516349895,SP,-23.595155387039064,-46.60095727553522,1922.034709841031,1,1,13.99,37.04,200.0,2018-08-07 13:54:50,2018-09-06,2018-08-21 22:28:36,14,0,29
e8bd6a70539a3b4888a2b8dd053b470d,57d7a0e97246823d94b31681180a91a1,TO,tocantinopolis,-6.324285345092806,-47.42547697187908,SP,-23.58077681085173,-46.59210244184609,1920.9026060828387,1,2,45.98,74.08,300.0,2018-03-10 13:18:48,2018-04-06,2018-03-22 17:34:39,12,0,26
af86b8dd80134775dceda700fc2ce5ee,ef00c6755da4e22693da7d843ac8fd9e,TO,tocantinopolis,-6.324285345092806,-47.42547697187908,SP,-23.58077681085173,-46.59210244184609,1920.9026060828387,1,1,21.99,25.63,150.0,2017-08-26 15:00:54,2017-09-29,2017-09-12 19:31:07,17,0,33
f8ce8242387e2e8b654ae2de173eae5c,e9b844813a7b73ca203d03630ac40a21,PA,ourilandia do norte,-6.7521594588432094,-51.078762,SP,-23.302661247830148,-45.97283979175633,1919.617574802253,1,1,98.0,27.23,800.0,2017-07-21 19:14:35,2017-08-24,2017-08-14 16:50:01,23,0,33
3c1d975e12dfecfa6c8ecbf5cb29759d,2bbdba15c2839582fb9289c882aa9e8c,PA,belem,-1.444996720209064,-48.48452464695026,MG,-18.59508110934971,-46.51777561124804,1919.0250104936551,1,1,89.9,52.76,500.0,2018-03-18 17:31:22,2018-04-19,2018-04-03 22:26:58,16,0,31
9cb31e241f37e9115ca372ccb5973ece,d62ce7b0c4485a242887d93be6d20872,TO,tocantinopolis,-6.324285345092806,-47.42547697187908,SP,-23.56072295337296,-46.63277989454088,1918.47822774198,1,1,14.9,25.63,150.0,2017-10-29 14:56:07,2017-11-28,2017-11-09 18:17:29,11,0,29
43e8cdbf9dd6228a4f277835f9176770,94a1a4676a3e0dd5b10d801e940a066f,TO,xambioa,-6.410122899818367,-48.53426516349895,SP,-23.552032416180964,-46.53746144532288,1918.0142530968571,1,1,119.99,29.24,1600.0,2017-10-18 10:56:19,2017-11-14,2017-10-28 12:43:29,10,0,26
78b0a4015f5da60b5e2371d7fea67658,b1a32b560093cdad033bcdc59baf0949,PA,maraba,-5.368370463928294,-49.11877926683461,MG,-22.43068953453729,-46.57343370165055,1916.8601180559324,1,1,129.9,50.57,6450.0,2017-12-06 00:29:20,2018-01-15,2018-01-04 00:44:46,29,0,39
ddbe4f58b06d8793a3c77c114b180574,a0aed67ecbb943f0137ece72e30ad913,PA,maraba,-5.368370463928294,-49.11877926683461,MG,-22.43068953453729,-46.57343370165055,1916.8601180559324,1,1,179.9,71.25,5550.0,2018-04-16 21:10:02,2018-05-21,2018-05-17 20:28:53,30,0,34
e1906c54deaabfbb7f4b6cce0cf336a1,96cb9c55bebdd9e62414a782dfe01fc5,AM,manaus,-3.037795742714521,-59.971539577990654,GO,-16.713602536899774,-49.30173646380534,1916.1073375843691,1,1,69.9,25.52,510.0,2018-01-21 20:16:25,2018-03-14,2018-02-20 21:52:55,30,0,51
8e401549ad1337dd0ac5ca3eab054c5c,35c38c5f1c0b6df10f9f690a71361121,PA,canaa dos carajas,-6.529929061610091,-49.85237106032086,SP,-23.484018352761268,-46.69810605682614,1915.1393167634917,1,1,49.9,25.63,100.0,2018-02-25 13:06:38,2018-04-05,2018-03-15 21:46:46,18,0,38
722ab68fe6307a0bb69b61297f6d16d9,52fc6db9513213f1568a0445e1df6d02,PA,ourilandia do norte,-6.7521594588432094,-51.078762,SP,-23.489821337123363,-46.95315217080441,1912.6608314137927,1,1,879.99,32.7,550.0,2018-02-18 20:09:41,2018-03-29,2018-03-12 19:28:48,21,0,38
fbfb6fccd8f50100dfb9a416960ad0f5,4f94061eba21fa299f68bc2a58da138f,PA,belem,-1.4549937799064998,-48.47203605785113,MG,-18.64584624455141,-48.20539720623941,1911.7566641564567,1,1,44.9,37.9,1000.0,2017-07-31 16:36:32,2017-09-11,2017-08-21 19:03:00,21,0,41
ff82173a9821071cdd3e554219a376c1,f1ae335df0c4b9403eedeab63a4b3ba7,PA,paragominas,-3.0082656873428486,-47.358069662605,MG,-19.867906407416527,-43.94863882589885,1910.8833362563312,1,1,31.9,34.15,200.0,2017-07-13 23:35:55,2017-08-16,2017-08-04 14:24:50,21,0,33
0c83ca3fc3a83bd059a1834a8ffeb917,924a7f5e3822e366a9ed25271bad99b5,AM,manaus,-3.110881107132557,-59.97937321227324,GO,-16.713602536899774,-49.30173646380534,1910.125871391749,1,1,109.0,27.61,1200.0,2018-01-28 11:43:06,2018-03-20,2018-03-03 18:16:37,34,0,50
5bf1e6094b4bf3d73daa1bf1c22a0eda,e44654ae20534b72810d5e477091dad6,PA,ourilandia do norte,-6.7521594588432094,-51.078762,SP,-23.542559946996303,-47.45678295253622,1906.7037734365424,1,1,124.9,33.32,9800.0,2017-05-06 19:11:48,2017-06-16,2017-05-24 16:13:45,17,0,40
a97ceac85877d8753d3e47be01636ce2,ecabb42f176d5f366864bd4ed2fff95e,PA,barcarena,-1.5080751406619344,-48.62332303710737,MG,-18.64584624455141,-48.20539720623941,1906.1779126670056,1,1,371.2,40.15,3100.0,2018-01-11 18:24:16,2018-03-09,2018-02-08 22:16:10,28,0,56
a70ff61f0d853a260f33d7a6cda42e8e,98ef3111c052c31ff3ae78c26c0cf04b,PA,conceicao do araguaia,-8.26419321714068,-49.26660616545765,PR,-25.404808855812814,-49.34650105482136,1905.968285701646,1,1,179.9,99.34,13700.0,2017-11-01 14:10:32,2017-12-12,2017-11-30 21:28:54,29,0,40
d2b819d0452d793d35f2f462a37e3067,6df0e825a44f68c553829958bce20569,RO,colorado do oeste,-13.126593997207497,-60.54290199182562,SC,-26.28722555453289,-48.850959075076446,1905.206585834076,1,1,49.9,42.38,500.0,2017-05-25 10:24:21,2017-06-29,2017-06-09 13:55:02,15,0,34
ae917963181c56c14f8d0e873b1588ac,c09f8cdfa1c0e9d5ce962948b1a4f3be,PA,conceicao do araguaia,-8.26419321714068,-49.26660616545765,PR,-24.70082016603031,-54.24190260477751,1902.4567470106213,1,1,379.0,27.14,417.0,2017-01-17 16:47:13,2017-03-09,2017-01-27 14:54:59,9,0,50
ad4c4ee12613fc3dc5d506e4e6455498,4ddf9f1b042f4c9f993d7714b0369e23,RO,vilhena,-12.741799564324262,-60.13808040474748,MG,-19.867906407416527,-43.94863882589885,1899.1282863153597,1,1,20.9,24.84,200.0,2017-02-14 23:50:39,2017-03-28,2017-03-03 14:23:26,16,0,41
ca9a1d0ebf8bb6cf2e90199c3a936410,7508cddea10b3c5050b657e1ad1d6bd4,PA,parauapebas,-6.074258046829258,-49.89743695914128,SP,-22.92492963558197,-47.0742943724681,1897.98613761306,1,1,139.9,25.47,500.0,2017-05-03 17:51:17,2017-06-08,2017-05-24 16:09:15,20,0,35
26968873aef9380ae17bfc3717c8cd7d,a16025dec02306f6b74a5bef5e6a3dfb,PA,xinguara,-7.100734947620587,-49.941471308252815,SP,-23.718602346932883,-46.39536087523807,1886.186625688567,1,2,44.0,74.12,300.0,2018-06-30 13:21:53,2018-08-08,2018-07-12 13:38:42,12,0,38
18eb75d1fa1fc1168de2bb0c4aa6dfd6,d3dbc41e6eaa97ba63d3d18a3860cba1,RO,colorado do oeste,-13.126593997207497,-60.54290199182562,SP,-23.48488009615481,-46.36654993289185,1886.0202504104325,1,1,119.99,50.0,7000.0,2017-02-07 15:46:30,2017-04-04,2017-02-23 13:42:04,15,0,55
f5209f8e33eb54e373ad757623d2934c,c0d6de5a1a3a46e7e24a9661c2fe9f9f,RO,presidente medici,-11.170749063899564,-61.90504539652935,SP,-22.277216273975142,-48.5432584317704,1881.765033793443,1,1,69.9,34.29,2200.0,2017-08-30 09:02:19,2017-10-05,2017-09-15 20:53:44,16,0,35
3cb615977522175b4a3af08f44b44dce,a27e1c59cdf59a79863529c28cab2e28,RO,vilhena,-12.741799564324262,-60.13808040474748,SP,-23.717189479369523,-46.55358758458623,1881.087756638708,1,1,35.0,34.15,500.0,2017-10-13 15:02:54,2017-11-22,2017-10-27 00:23:23,13,0,39
62a647a2e24ac06f7d127baa26d29e96,b3194c3f6631231daa204fb5c759c53f,RO,vilhena,-12.741799564324262,-60.13808040474748,SP,-23.502729436580296,-46.42199569191893,1877.14197638802,1,1,69.9,26.75,1300.0,2017-02-18 13:44:39,2017-03-31,2017-03-13 13:27:55,22,0,40
a3e4fb1d4c4c04deb731bae74f190339,82f7c186aba09154512a00de43c9502b,AP,macapa,0.0926862742327877,-51.05732958179381,GO,-16.696953922257013,-49.31646534449651,1876.6488833529083,1,1,75.0,27.59,450.0,2018-03-17 17:01:02,2018-05-02,2018-04-11 01:20:45,24,0,45
0a77b770428bccbea7f9dbf8aec5d6ae,1abf283d0aba52db4f323567c763714b,RO,vilhena,-12.741799564324262,-60.13808040474748,SP,-23.60091260235952,-46.52095204524206,1875.7729578411693,3,4,501.78,151.86,7700.0,2017-02-17 13:53:06,2017-04-24,2017-03-11 07:09:08,21,0,65
c8561f97a8ae2c73be7dc1a013203192,1a7b562e49d93966444db2704cdd5632,RO,vilhena,-12.74095556955892,-60.14707056049292,SP,-23.595227193173283,-46.56076636913555,1872.9644731880103,1,1,250.0,111.2,12250.0,2017-10-19 19:45:40,2017-12-01,2017-11-03 20:38:32,15,0,42
57296b29ab9533184d540f468810b8a3,9c2937f386bbc303882a101cdfae203e,RO,vilhena,-12.740811256469843,-60.11514249992509,SP,-23.56836984105245,-46.52214825721335,1871.688173561364,1,1,64.9,34.25,400.0,2018-01-02 09:12:59,2018-02-15,2018-01-17 18:17:07,15,0,43
e3d239a9418e145764e6f99cc02d00b0,462dc285a81ff498ec5e0a1925711c19,PA,xinguara,-7.100734947620587,-49.941471308252815,SP,-23.625852663887155,-46.61139748251486,1871.587442001654,1,1,37.99,25.63,300.0,2018-02-05 20:31:24,2018-03-20,2018-02-27 16:52:57,21,0,42
67c03c278fad216ed9ab5573e8cc551e,4105eb02085967932bed76c39d8153a0,PA,sao felix do xingu,-6.640243467734186,-51.97888176371889,SP,-22.740512158523465,-46.8958585777586,1871.2517554153,1,2,81.0,55.63,3600.0,2018-02-08 18:30:47,2018-04-02,2018-04-30 15:46:47,80,0,52
d7ebe26f7b9c7600c40edd2b0edc7afc,994ce8a078d9b40c268787c6ff42d514,RO,vilhena,-12.741799564324262,-60.13808040474748,SP,-23.58077681085173,-46.59210244184609,1868.6691267059011,1,1,15.99,34.15,100.0,2017-05-20 10:41:57,2017-07-03,2017-06-06 18:52:29,17,0,43
a61bafa3b59313a79ecd7be1ca2a2477,5d2c31fb208857c95e5fe089f10e0479,RO,ji-parana,-10.885485868762714,-61.92459336056291,SP,-21.364019805249217,-48.22883109179936,1868.063441733363,1,1,219.0,58.08,342.0,2018-03-22 22:57:32,2018-04-27,2018-04-05 16:39:08,13,0,35
d63be7e22203c9628413a27ac9394ea7,2f6663f8672f397e9d2c804b8f1b7ba4,RO,vilhena,-12.720796159170364,-60.144586282406415,SP,-23.437197,-46.51136742270183,1867.5520282014077,1,1,137.77,51.68,450.0,2018-07-25 12:54:03,2018-08-28,2018-08-07 19:38:49,13,0,33
bdd163683d4bc75b0b2b7a8d9e1ccd26,bc6a4c47275544bc66dd45d83a367d27,PA,paragominas,-2.99535984783577,-47.36020190658361,MG,-19.45930795389748,-44.24801919373313,1861.670623062372,1,1,34.9,34.15,150.0,2018-01-10 11:54:00,2018-02-20,2018-01-30 23:32:04,20,0,40
ad458fa56412b48d51846cda26a85b2b,010c697e9133c540d8acf1535533f7db,TO,palmas,-10.19889488503726,-48.34559560351271,SC,-26.913134249178224,-49.113291279762265,1860.2829075588563,1,1,104.69,38.28,1000.0,2017-05-24 16:55:59,2017-06-26,2017-06-05 17:52:52,12,0,32
0755976647cbb58f1c4aeabeed997490,c056ec712e18300c0e2d49101fca0a80,RO,castanheiras,-11.42802286291846,-61.95126432357593,SP,-21.177173112308903,-47.767232134697736,1859.7876123293167,1,1,42.9,37.9,1167.0,2017-07-10 20:00:48,2017-08-11,2017-07-31 11:23:45,20,0,31
1c319576cde33909a59cb779cd50b2b1,3d568a09b7dd9de340acc65db8411388,RO,vilhena,-12.741799564324262,-60.13808040474748,SP,-23.585994911737565,-46.73472062372479,1857.56796647554,1,1,98.0,36.01,400.0,2018-03-03 07:35:45,2018-04-10,2018-03-29 18:54:47,26,0,37
2c3723bb7d16a32dea44d6431d55ac68,bc55547f9f2fb026085824b7acddb9f2,TO,palmas,-10.225144693416702,-48.3227514387811,SC,-26.913134249178224,-49.113291279762265,1857.4720335875456,1,1,62.83,35.76,600.0,2017-08-12 19:25:54,2017-09-14,2017-08-31 19:46:53,19,0,32
e52c07a2a833bd6f6033795e8fec6286,62e88494783b2abaf1a60cb8a4a87e67,TO,paraiso do tocantins,-10.17419584360433,-48.88827885869645,SC,-26.877005895089145,-49.0820058388828,1857.3789814186016,1,1,27.68,20.8,100.0,2017-02-27 14:20:46,2017-03-30,2017-03-10 07:27:46,10,0,30
a17af8e6044c5ccaa87b1d97559dc554,8df8172ff39578fa8f41cccb8d28d9e7,PA,rio maria,-7.313416957555913,-50.04856097749095,SP,-23.65869024839867,-46.52249513292757,1856.0491355046047,1,1,58.99,28.81,200.0,2018-02-16 17:59:44,2018-03-28,2018-03-09 23:51:33,21,0,39
6ea54477ac162f4f343694737cf53f82,c5361a925018d4f112472445da6abb84,RO,sao miguel do guapore,-11.696186932018117,-62.71717809487473,SP,-21.757690120914923,-48.82976816265947,1852.2128053835484,1,1,149.8,32.65,2300.0,2017-03-27 19:10:47,2017-05-08,2017-04-20 16:37:44,23,0,41
c7b090b5048ef4f18fe02ef328421afd,aef2b3b4d4558d1dcdb092339601fb58,RO,sao miguel do guapore,-11.696186932018117,-62.71717809487473,SP,-21.757690120914923,-48.82976816265947,1852.2128053835484,1,1,119.99,80.07,2300.0,2017-03-27 19:10:46,2017-05-02,2017-04-19 11:25:52,22,0,35
49a76356bba249478a61707cb37319ea,59eb71336fbb39a683b38f0d1b9f21a7,PA,parauapebas,-6.074258046829258,-49.89743695914128,SP,-22.55682570149749,-47.42307221908908,1851.906845659908,1,1,48.9,26.89,600.0,2017-10-17 08:43:45,2017-11-21,2017-11-04 00:07:26,17,0,34
9a142fefa71ded6bdc21817299f5ab7c,7dcd626576af9555424051dbdb01cb5a,TO,natividade,-11.706932288672249,-47.72555549601093,SC,-28.27375901012341,-49.16619644738513,1848.2280476974963,1,1,349.9,85.37,4236.0,2018-06-11 16:10:21,2018-07-24,2018-06-22 14:41:38,10,0,42
c4a75a6df3e234dd684c7a6dd7e7b1ac,f4b0eb8851d99f6697be4118cb4870e9,TO,araguaina,-7.18937043584885,-48.20838346504376,SP,-23.68591165811716,-46.45659004005863,1843.834964013101,1,1,137.0,65.41,6125.0,2018-07-16 21:36:58,2018-08-09,2018-08-01 19:37:30,15,0,23
495b9ae2b9c128e387b6c48ddfa390b0,4b93e0259d432e05c2fb75527705df1b,TO,araguaina,-7.194696801322727,-48.21076130137897,SP,-23.72288454509784,-46.85659934471119,1843.523014868859,1,1,22.8,37.04,250.0,2018-03-19 16:55:37,2018-04-12,2018-04-06 19:53:44,18,0,23
6a9521bbff3e1aebe4afb832cc7a23ba,a16703cdbada7b47755ce962a48bf6e3,PA,xinguara,-7.100734947620587,-49.941471308252815,SP,-23.49832034060828,-47.501808045516185,1841.85227197793,1,1,93.33,25.93,500.0,2017-11-12 18:41:38,2017-12-20,2017-12-01 13:58:36,18,0,37
d294199ec1bd45bdb2e62cc7d678e100,ecee98d3844b444ee51e518aa621149e,TO,araguaina,-7.1997960234950895,-48.20951846307901,SP,-23.65869024839867,-46.52249513292757,1838.9818545267835,1,1,84.99,27.13,600.0,2017-10-09 10:19:14,2017-11-08,2017-10-25 22:54:55,16,0,29
8e79eeb59f5108d06a807743a3482bfb,fbfebde26d0e73345094b962c8209a1e,TO,araguaina,-7.166829371150275,-48.2017818655454,SP,-23.625852663887155,-46.61139748251486,1838.0174290446816,1,1,39.99,25.63,150.0,2018-01-17 13:44:31,2018-02-15,2018-02-09 20:57:58,23,0,28
9e7a3686660a2b85282c9b3e2111602e,96a150873b4c18818a6d9011c534abc9,TO,araguaina,-7.188006805467095,-48.21504725212428,SP,-23.652442526788203,-46.75549168747648,1837.378156588948,1,1,59.0,37.1,200.0,2018-05-16 10:23:19,2018-06-06,2018-06-05 01:02:17,19,0,20
3ff313d5a95fbba4b58f90086504022f,c9a0399124a3f27ccd79c5d8ea1b7e7a,TO,araguaina,-7.188073756680156,-48.190703761955405,SP,-23.625852663887155,-46.61139748251486,1835.5556411123052,1,1,27.99,37.11,300.0,2018-07-13 12:26:05,2018-08-02,2018-08-08 17:26:47,26,0,19
22f9fa3fa50f717ebcced52e935d8c12,b572730d592483d2965f067b623e648c,TO,porto nacional,-10.70653555337566,-48.40658648976063,SC,-27.00518824428508,-51.15087636295904,1834.9820346830093,1,1,559.0,66.59,17600.0,2017-11-15 11:38:34,2017-12-22,2017-12-01 16:33:45,16,0,36
fff2cdc825f9fc0ba3c04227cfa02303,9c18c06ccf9b2fafcc5f956c5b145212,TO,araguaina,-7.197582678436939,-48.19913789550394,SP,-23.625852663887155,-46.61139748251486,1834.585432766028,1,1,24.99,25.63,300.0,2018-02-02 10:28:41,2018-03-06,2018-03-12 17:08:53,38,0,31
18ffbbb8c91cb6fbacf944eea0d51552,f5f1ac51f4b9a8ceeec0df3536ccbb7a,TO,tocantinopolis,-6.324285345092806,-47.42547697187908,SP,-22.82219330991709,-47.27062894035096,1834.558722940303,1,1,168.9,26.46,120.0,2017-12-12 19:00:05,2018-01-15,2018-01-05 22:17:22,24,0,33
3b6690156750c4917ecf101375aad921,d6d96f27f24d818b943983695aa74ce8,TO,araguaina,-7.200925260955546,-48.21755982828797,SP,-23.625852663887155,-46.61139748251486,1834.3979803907605,1,1,39.99,25.63,150.0,2018-01-29 19:49:57,2018-02-26,2018-02-22 21:55:03,24,0,27
7f76349ca462fc860717b377aac893bd,475c19550884f1d7a9b504675d794332,TO,araguaina,-7.210520132853728,-48.20420294917136,SP,-23.62759432584107,-46.77943737316059,1831.8191818328971,1,1,238.0,26.95,200.0,2017-12-19 14:57:26,2018-01-19,2018-01-02 17:47:18,14,0,30
3b2cb40cbb8ba2ab366c42e890ec4d4b,27cb4bf5cb4bb383dfe3e61c4b9779d0,TO,araguaina,-7.188006805467095,-48.21504725212428,RJ,-23.014294742166268,-43.46413167283893,1831.6691350083097,1,1,177.99,36.57,532.0,2017-12-09 19:18:53,2018-01-17,2017-12-30 00:43:09,20,0,38
fb66baf2c1d8942a11844c52f37baedc,209ea487b6fcccbc9d7629045a1ee055,PA,belem,-1.428168145680862,-48.467978469761576,MG,-17.741854541742683,-46.17642834624476,1831.189846421888,1,1,379.99,90.15,9270.0,2017-05-31 21:22:31,2017-07-05,2017-06-26 16:43:52,25,0,34
c7fa96b02a00b5cb4693e0aa924b330d,7ac35423839341a44c95424351311093,AC,rio branco,-9.953949068166208,-67.85151076599993,MS,-20.43253294643773,-54.67222397573968,1830.3760219750384,1,2,369.8,42.82,3200.0,2017-02-24 14:00:07,2017-03-27,2017-03-16 12:55:24,19,0,30
3ecc3a4cbe43e1e70c4f20956250fdde,7e7297e4778e198ea50440f10f9a7b07,TO,araguaina,-7.180060720447322,-48.20601353544688,SP,-23.552032416180964,-46.53746144532288,1829.1763709581116,1,1,118.99,29.23,1600.0,2017-08-16 22:47:29,2017-09-14,2017-09-13 21:55:48,27,0,28
2f2ca51ccf3c879cb07c99a11755af14,59fb6b6e4bbbf5ca5d6f05d469d97ea8,RO,vilhena,-12.741799564324262,-60.13808040474748,PR,-25.55874002069342,-49.19617365714436,1828.7146792670696,1,1,154.9,47.61,1550.0,2017-11-21 15:33:52,2017-12-28,2017-12-04 23:17:00,13,0,36
0e87080068e82503382f3c532778fb24,d137c07565f044ac3f6090ab8f77eabf,TO,araguaina,-7.180060720447322,-48.20601353544688,SP,-23.54241282514857,-46.49070640341336,1828.605561436923,1,1,25.99,25.63,150.0,2017-05-11 10:42:06,2017-06-06,2017-05-25 12:34:34,14,0,25
e4d70620497883d192090b7a6d48441d,6611182ab275e5093731c323e3805777,PA,xinguara,-7.098215380949121,-49.93428415194819,PR,-23.42843316855792,-51.91774739994137,1828.1577796930887,1,1,14.9,42.38,150.0,2017-08-09 20:01:08,2017-09-13,2017-08-30 15:35:24,20,0,34
137135c30e53ddac60ef16b8ef6d4d54,0e452884350c12f7a85429773c5b6472,PA,canaa dos carajas,-6.529929061610091,-49.85237106032086,SP,-22.70039549532134,-46.77298544176453,1828.1054765449285,1,1,101.0,33.16,6050.0,2018-02-25 11:48:38,2018-04-05,2018-05-07 14:43:53,71,0,38
cdbd6a9fbdb7302360e7c110ce85381f,1b957db31d28b6dc6c7a098676c03609,TO,araguaina,-7.194696801322727,-48.21076130137897,SP,-23.54241282514857,-46.49070640341336,1827.0366591697093,1,1,49.99,25.63,250.0,2017-05-20 15:15:37,2017-06-20,2017-06-06 10:42:37,16,0,30
31932da1b041c8391eb82c14213e73fb,8c3ed15dd1d9aca4a40870f31a1e7253,TO,araguaina,-7.210520132853728,-48.20420294917136,SP,-23.539820103990145,-46.31780434759043,1826.87146600944,1,1,80.8,37.48,200.0,2018-07-18 08:12:04,2018-08-16,2018-07-31 17:21:46,13,0,28
f5691c2b1ca263490374d13d020bd950,ed369d5d0e1850f096e478def9027961,TO,araguaina,-7.180060720447322,-48.20601353544688,SP,-23.530453669715538,-46.55620020996593,1826.5954038030325,1,1,134.9,38.08,6284.0,2018-02-24 17:38:14,2018-03-22,2018-04-23 17:53:25,58,0,25
b2cc014ee51b0ca758fa72abdc54d199,de15430f37f04581b26de5bcc7ba249d,RO,cacoal,-11.437433999999996,-61.43316830351609,SP,-22.60137566819486,-48.80749003720592,1826.245784736956,1,1,130.0,53.26,1250.0,2018-07-06 12:31:52,2018-08-13,2018-07-18 21:42:05,12,0,37
e95a9cf427d600b905017685d47e21cb,541890f42357b79536aacad8678d0d14,TO,araguaina,-7.180060720447322,-48.20601353544688,SP,-23.519394559314325,-46.53372334347044,1825.6051772779867,1,1,42.9,38.57,400.0,2018-08-13 21:31:01,2018-09-14,2018-08-21 17:22:08,7,0,31
fd651b5d45523bedc2076c015e66b6ee,6433ce3c89daca2222c79192295f8ec4,TO,araguaina,-7.197582678436939,-48.19913789550394,SP,-23.539439503750906,-46.63284391414975,1824.8108013256176,1,1,19.9,37.04,150.0,2018-03-05 18:17:44,2018-03-27,2018-03-26 20:47:33,21,0,21
62c6faba9a84c2ac9babd4395fa2345c,c66395e32fb06d62ba3a31cd46456c2a,PA,maraba,-5.349989226250044,-49.13389757268895,SP,-21.757690120914923,-48.82976816265947,1824.7468952304844,1,1,39.0,25.63,550.0,2018-01-21 09:11:53,2018-03-02,2018-02-07 23:34:00,17,0,39
56a80792281d114fba8f25d20fb087e4,5b5f9dc350d00efc166dd828b9950edd,TO,araguaina,-7.166829371150275,-48.2017818655454,SP,-23.504398054538573,-46.624627022882166,1824.445193979314,1,1,389.0,83.54,3450.0,2018-02-10 23:18:21,2018-03-12,2018-02-27 23:44:54,17,0,29
a4a57f1ffa25b90dea9f150fee89db84,c12c796652c71de90173ccac158ae68f,PA,canaa dos carajas,-6.529929061610091,-49.85237106032086,MG,-21.706047324406416,-43.42394474999999,1823.4177098431255,1,1,975.0,108.96,14100.0,2017-09-06 17:07:29,2017-10-27,2017-12-01 17:09:10,86,0,50
cc6084f06931be9f36e97f21edc3c5a0,ddf1e2420f62d79dc8f639b3a750241a,TO,araguaina,-7.210520132853728,-48.20420294917136,RJ,-22.82315308035935,-43.00198608019335,1823.0847040990775,1,1,129.0,37.81,400.0,2018-07-30 10:32:02,2018-08-20,2018-08-10 16:30:50,11,0,20
562f45bf4a946810053214c29d752e85,40fee1fd0baf564218a0e83a6d2a546b,PA,rondon do para,-4.776773248483349,-48.06884080612588,SP,-21.165370022730333,-47.79714447071386,1822.564727191087,1,1,155.37,39.14,650.0,2018-03-14 10:12:45,2018-05-11,2018-04-25 19:41:10,42,0,57
170f94ae030b06759974c36f29faf658,d79d1e2655c0b0f8b345f0a384414e2e,TO,araguaina,-7.194696801322727,-48.21076130137897,SP,-23.48488009615481,-46.36654993289185,1822.060332097378,1,1,176.96,42.83,18225.0,2017-02-13 22:31:35,2017-03-23,2017-03-09 13:52:36,23,0,37
b30daa3083a4f16474a6976ca25d520f,f800529518f024fb68b8a716cddbbfe4,TO,araguaina,-7.192362279668592,-48.22066439105105,SP,-23.429413786427386,-46.49734932542269,1814.8356570357275,1,1,1999.0,95.44,7450.0,2018-04-06 16:21:10,2018-04-30,2018-04-21 02:04:01,14,0,23
fe808fc011ee4ae41f2ed8d1d52b6670,fe13bf26a277dc7ff9c2e79d43538ba2,RO,vilhena,-12.72294234593581,-60.13595003201799,PR,-25.365851732303263,-49.18582840154509,1814.745308917792,1,1,198.0,43.42,225.0,2017-11-23 14:32:09,2018-01-05,2017-12-08 00:38:12,14,0,42
4d5779c1406a8459afe82091e0dae935,bbe883b13f1341dded5fb286bca6a1a3,PA,rondon do para,-4.776773248483349,-48.06884080612588,MG,-20.94004902170557,-45.82696971616617,1813.5064775145397,1,1,119.99,88.35,6550.0,2018-07-26 21:38:46,2018-08-29,2018-08-13 17:02:36,17,0,33
2c0b15f658bd85594b7943de2c9719fa,31ce4afefe39aa36a75051e21e8ca600,PA,rondon do para,-4.776773248483349,-48.06884080612588,MG,-20.94004902170557,-45.82696971616617,1813.5064775145397,1,1,149.99,72.18,6550.0,2017-09-12 14:23:59,2017-10-19,2017-10-11 14:02:55,28,0,36
d9d7e5dfa3a521b26058665230c530a2,5850a1aca7d07248dad1103ad272341d,RO,cacoal,-11.42666861757588,-61.46823229687513,SP,-21.172213467107177,-47.82413717277396,1813.1543799538763,1,1,110.0,0.0,584.0,2018-05-03 22:08:30,2018-06-13,2018-05-23 16:48:18,19,0,40
5bd233924f0b9c52492bd5a92e5ab2d3,d7475a536385854da614094f0bf12275,TO,araguaina,-7.223606204301429,-48.23619582810993,SP,-23.44892457252735,-46.729024114345926,1811.3386303638715,1,1,99.99,38.75,400.0,2018-05-30 13:23:37,2018-07-13,2018-06-14 22:49:24,15,0,43
6c758731c7ddb641e9d5ee253ea2b20b,d443cd81b14623e3184f1582f23ade6b,RO,cacoal,-11.43298207202169,-61.44339512143284,SP,-21.11263561449013,-47.79105569532287,1809.6754824874663,1,1,107.0,34.55,350.0,2018-02-20 20:27:49,2018-04-03,2018-03-13 01:37:44,20,0,41
8c9c6d6fd1d9a3443b23579d99d52e64,f30ec3a9feef479c3cc57e3ab881073b,RO,porto velho,-8.74806526700877,-63.85918024193474,GO,-16.659357337216267,-49.2720849762433,1808.9504457797116,1,1,24.9,21.15,150.0,2017-10-02 01:20:30,2017-11-10,2017-10-20 19:45:17,18,0,38
b0e07744a89c97ec7dc4be61ddf6a5ac,11880ff6b80b15209604ac1e4a5e64e3,TO,sitio novo do tocantins,-5.601220609016727,-47.64205371554435,MG,-21.69506411550893,-45.257499190163706,1807.8654955379493,1,1,149.9,62.85,2250.0,2018-03-13 22:41:06,2018-04-10,2018-04-17 00:22:24,34,0,27
07a97e5f41dfa29925b661eee8e73c26,a185286fd87396f263ceaf0a463aae0f,TO,araguaina,-7.18937043584885,-48.20838346504376,SP,-23.302661247830148,-45.97283979175633,1807.5677964098245,1,1,59.0,25.69,140.0,2017-08-16 10:11:06,2017-09-15,2017-08-29 18:40:08,13,0,29
e418ef83856cd1b69aa83b6992142361,f97a43abfdb4752d86a6b0a4e9cf013f,PA,parauapebas,-6.074258046829258,-49.89743695914128,SP,-22.277216273975142,-48.5432584317704,1807.5451065589712,1,1,69.9,25.77,2300.0,2017-05-21 20:26:51,2017-06-26,2017-06-02 12:50:09,11,0,35
af74613502131dd6a43380df619a57ab,857989fed7e83a38033173b9852ca39c,PA,parauapebas,-6.074258046829258,-49.89743695914128,SP,-22.277216273975142,-48.5432584317704,1807.5451065589712,1,1,69.9,32.94,2300.0,2017-06-11 18:18:07,2017-07-17,2017-06-28 15:05:07,16,0,35
b68aee1125f73ebb79b5283c7498650f,4cb050250b34dd44139b172407f60739,PA,sao miguel do guama,-1.6166569727096125,-47.47837325396073,GO,-17.733479770995473,-49.11180619402263,1800.9668614043544,1,1,65.99,35.78,1050.0,2017-07-05 16:37:33,2017-08-08,2017-07-20 19:53:41,15,0,33
233b550c1867b0e741d7e0dd197e8be1,e211679d1f3eeb540b0445486b181d2a,RO,ji-parana,-10.872179979929086,-61.97444969522167,SP,-22.67542885928214,-50.43778446156725,1795.5194770795797,1,1,41.47,70.34,3567.0,2018-05-13 16:04:02,2018-06-19,2018-06-06 01:12:25,23,0,36
5d6f6038fbf6c4efe634bb697ec4d82c,e1d741992de9b6058d8b905d0032e990,TO,colinas do tocantins,-8.05618307137424,-48.47743766890051,SP,-24.026457185123206,-46.47784669233656,1788.5204331106213,1,1,143.75,37.7,200.0,2018-04-15 00:49:43,2018-05-10,2018-05-04 01:22:26,19,0,24
6a729d9b8d092428e08072ed4eff6899,a852418fa57a3c9bc4eaed8a7323d2ca,PA,redencao,-8.040409737704579,-50.02759606162253,SP,-23.737994885999967,-46.442775024999946,1786.778077401974,1,2,219.8,52.1,800.0,2018-02-08 18:35:31,2018-03-21,2018-03-27 21:11:31,47,0,40
6df657a95f9bdff5c5c8552e4823d469,3af6b940fdfdee9a59c09e7a78aac4eb,RO,vilhena,-12.74661339627486,-60.12700514480176,SP,-22.740512158523465,-46.8958585777586,1786.3617223528177,1,1,26.07,35.67,350.0,2017-07-06 21:56:59,2017-08-16,2017-08-04 23:24:18,29,0,40
577c26f685d23908780f49ca3c5026be,b800b81c8b628fcc01ad98570e8b8715,PA,belem,-1.444996720209064,-48.48452464695026,MT,-15.664050817582105,-56.05241518478517,1785.6324864862847,1,1,160.0,30.53,1150.0,2018-02-07 00:44:01,2018-03-19,2018-03-14 21:12:24,35,0,39
57c0b0276ce0eaf721a4424bf077ce8b,680043a09260a212d1dec021dd1efadc,PA,novo progresso,-7.038047820297005,-55.41769157488372,SP,-21.757690120914923,-48.82976816265947,1782.984294011884,1,3,179.7,81.0,2700.0,2016-10-08 08:05:21,2016-12-14,2016-11-09 13:41:20,32,0,66
cbd0a0bae58672055c7961ffbf0ee529,1305325ca39abb350e0bc23029594de4,TO,araguaina,-7.210520132853728,-48.20420294917136,SP,-23.18884811933757,-46.85195184945988,1782.5775695912037,1,1,229.99,39.88,558.0,2018-07-31 23:49:16,2018-09-03,2018-08-15 17:58:26,14,0,33
9d7f8c7566bb8c83694361b9838d9a2a,e40b8fd47a9b7363e3d4b1d324756a77,PA,redencao,-8.037988413636953,-50.03688313277065,SP,-23.715550415200024,-46.54566744593705,1782.5016634825922,1,1,56.9,25.68,500.0,2017-10-12 11:51:40,2017-11-22,2017-10-31 19:27:44,19,0,40
5383100ab6c62e727e4dc0b9bac3f286,a0a7bc3b5534b1f758cfc59d08ba4391,RO,alta floresta d'oeste,-11.92729770672256,-61.99677991197005,SP,-21.757690120914923,-48.82976816265947,1775.2772963860584,1,1,139.9,62.78,4325.0,2018-05-22 08:59:02,2018-07-04,2018-06-20 22:28:37,29,0,42
7dbfdea1e79e8d8b6d378f9e07416e74,da056635486469f6a869224f2046ef0d,RO,mirante da serra,-11.030273896660464,-62.67108095781101,PR,-23.622154732271355,-52.46925317823966,1768.2628366803451,1,1,120.9,44.7,900.0,2017-10-28 19:53:46,2017-12-19,2017-11-14 20:58:47,17,0,51
19135c945c554eebfd7576c733d5ebdd,1c7a9b908094192a2dfae2819eef249d,PA,medicilandia,-3.4517309537575014,-52.89115463919715,MG,-18.65158486656263,-48.19241119054979,1765.734694757893,1,1,8.99,34.15,450.0,2017-07-11 14:09:37,2017-08-14,2017-08-16 20:19:32,36,0,33
282161fa6e9f9cbcbaf8ea340d4ee7f9,a8b040edb552166aa34f9c9ae2629073,TO,bandeirantes do tocantins,-7.758556775500446,-48.57709039064408,SP,-23.51633441909516,-46.54744111705809,1765.5075425255504,1,1,339.99,19.81,838.0,2017-04-02 19:33:32,2017-05-05,2017-04-18 14:53:09,15,0,32
2675ecabc45ddcd345d336466c416b34,c7b8dc07b9372dd03d9dc1131fdea5df,RO,cacoal,-11.442584897167334,-61.448515897250985,SP,-21.757690120914923,-48.82976816265947,1765.472844937014,1,1,161.5,43.54,2200.0,2017-09-25 12:28:22,2017-11-06,2017-10-16 22:37:51,21,0,41
316f3f2ab44e5ee70b0d45afcc087e81,9038ab949be47a087d3ff510a2a31b5f,PA,redencao,-8.041767481954242,-50.0345089703861,SP,-23.552032416180964,-46.53746144532288,1764.482216993145,1,1,72.99,28.91,1000.0,2017-11-18 20:09:08,2017-12-27,2017-12-04 22:04:19,16,0,38
de91fc52c5e64360685e51f75ceeeb2c,7b7c12e64b5479d94289a5773a0a1cd7,PA,redencao,-8.046528544676104,-50.04274789357639,SP,-23.56336681736947,-46.58312135789717,1764.3553635829232,1,1,194.0,39.41,950.0,2018-04-01 21:25:00,2018-05-08,2018-04-23 18:05:26,21,0,36
09d8753e77ffa5e71ba4137166a3b6ad,e7d78126dbaaf94ed755304738b6b645,RO,seringueiras,-11.768931194761294,-63.03417378490092,MG,-18.917864434084464,-48.33131223723239,1764.2816658244246,1,1,379.0,74.5,10100.0,2017-11-05 17:41:50,2017-12-13,2017-11-24 22:24:42,19,0,37
8f1a41d5bbeb94665f4ada45facb4cf5,50373e770cb9d08881b3c15acf6787a7,PA,redencao,-8.046528544676104,-50.04274789357639,SP,-23.542520789115148,-46.63533516134283,1760.93722978318,1,1,18.99,24.84,150.0,2017-03-22 15:30:29,2017-04-26,2017-05-04 08:17:49,42,0,34
d30cce68111e4c4fc146bab365116a17,2dc102d4f63f2218b2afec0c90411985,RO,ji-parana,-10.867414910547078,-61.94843768082032,PR,-23.42843316855792,-51.91774739994137,1755.1650431350713,1,1,19.9,42.38,175.0,2018-02-20 11:06:43,2018-03-29,2018-03-08 18:06:42,16,0,36
22f963cdff9b03259d2eaeb9a023a526,8312052fb72da6debe8ca86d2c34d29b,AM,manaus,-3.0966300000000047,-60.024462156531925,MA,-2.498944490930389,-44.244046363558766,1753.848947890551,1,1,122.99,25.21,700.0,2018-06-20 16:52:18,2018-08-14,2018-07-06 15:18:20,15,0,54
acf83f0e8fb878cb25197344426ed10b,46fc16f07712c5cdcdd55911a3297e16,PA,rondon do para,-4.776773248483349,-48.06884080612588,SP,-20.52804807780614,-47.38827901323783,1753.006264062541,1,1,629.9,34.03,1200.0,2016-10-05 09:46:43,2016-12-09,2016-10-14 02:49:22,8,0,64
f4acccb08d320d53aaec17225c6c7198,240c865a9f8ce153b1a4a0a3aed150b9,PA,sao felix do xingu,-6.640243467734186,-51.97888176371889,SP,-22.19556970552753,-49.95232389647413,1743.2870034320613,1,1,69.9,27.03,900.0,2017-07-14 22:42:19,2017-08-17,2017-08-01 16:05:58,17,0,33
ab7a8658101e73890405c44226932c35,6d6ebb07f1f3b14fd55086a51d049be8,TO,augustinopolis,-5.468779476965497,-47.88717211650976,SP,-21.11263561449013,-47.79105569532287,1739.5483068669496,1,1,107.0,37.89,3100.0,2017-09-04 16:06:49,2017-10-03,2017-09-22 16:25:56,18,0,28
3062239cf5087db015afcb38eb79c5c1,a64008bce82dfa89bc3206a3f5d927a2,TO,araguaina,-7.210520132853728,-48.20420294917136,SP,-22.82219330991709,-47.27062894035096,1738.810150450965,1,1,478.0,40.04,250.0,2018-05-12 09:42:46,2018-06-08,2018-06-15 21:08:58,34,0,26
bb68ace3e06362eec8e986719378ba29,51cac74ce6915363d1ea1c919362864b,PA,conceicao do araguaia,-8.26419321714068,-49.26660616545765,RJ,-22.870342477927228,-43.47241109832717,1737.9306442552397,1,1,105.0,62.99,1000.0,2018-08-07 09:27:58,2018-09-05,2018-08-27 13:29:49,20,0,28
6f238ec63bf03937a0f89a630c3dc1f5,379a9e6829ec6c022436c3cc4088fe1a,RO,ji-parana,-10.867414910547078,-61.94843768082032,SP,-20.806830481885147,-49.38960170992274,1737.8829846708984,1,2,107.8,64.9,3000.0,2018-05-17 16:54:17,2018-06-25,2018-06-05 15:52:49,18,0,38
62059211790cf7661fe10443c75e8f17,f6750e31bcac8ebead3685be804fd3d6,RO,jaru,-10.434205391835228,-62.472690831765085,SP,-20.416380955307154,-49.98507612801325,1737.1348261067983,1,1,49.0,34.15,100.0,2018-03-02 22:34:15,2018-04-09,2018-03-15 21:28:35,12,0,37
bf12f28c7dc6d25a5427ca0ceebff36d,a0e89f9dfbebeadd73de6bb72471decf,TO,colinas do tocantins,-8.05618307137424,-48.47743766890051,SP,-23.56788988703906,-46.57394821510183,1736.7131496439115,1,1,288.75,56.28,10750.0,2018-03-20 15:14:17,2018-04-13,2018-04-04 16:12:39,15,0,23
ff6f1daf334ab85e84a3aa32c8afe179,432f78b4077cf2df78714cb592e66c1b,TO,colinas do tocantins,-8.05618307137424,-48.47743766890051,SP,-23.552859590255665,-46.78238998184588,1732.597053275162,1,1,78.0,38.6,3213.0,2018-04-14 10:21:41,2018-05-16,2018-05-07 22:12:12,23,0,31
2c70f2b99096bd1c7b05eede8e860fc8,54455e3cc22a40be4253b6f3619927cb,PA,conceicao do araguaia,-8.26419321714068,-49.26660616545765,SP,-23.652442526788203,-46.75549168747648,1731.871097545099,1,1,29.0,37.11,250.0,2018-06-11 16:22:58,2018-07-23,2018-06-25 13:03:16,13,0,41
a588eecfb1bc607f34f657272d7f8298,9f62b8e39ba26cc2cbba47f9ef2df418,PA,conceicao do araguaia,-8.26419321714068,-49.26660616545765,SP,-23.625852663887155,-46.61139748251486,1731.3941009635462,1,1,27.99,25.63,300.0,2017-11-30 14:04:19,2018-01-12,2017-12-20 23:18:09,20,0,42
dd4fd02da4171046f038fc4dc782ef24,b2f1d78b0558b84fa2260d71a7a36850,PA,castanhal,-1.2982319725924176,-47.89798747486323,GO,-16.767131583732123,-49.34287978593004,1727.3185411734007,1,1,179.38,35.06,600.0,2018-01-21 22:38:15,2018-03-07,2018-02-09 17:36:42,18,0,44
460ef4237e6579e9b59b6b313f96b825,2472a0dcd32a7a004f34018c998ce7ee,RO,vilhena,-12.741799564324262,-60.13808040474748,SP,-22.72850761170585,-47.640815255900485,1725.8567240130687,1,1,95.99,25.16,500.0,2017-03-19 22:22:35,2017-04-24,2017-04-19 14:44:22,30,0,35
a87171ad4e0cf849208c21afd0e1edcf,2d2289df5d3026cc4f44917c6e712360,RO,vilhena,-12.733694356414876,-60.11223228134616,SP,-22.72850761170585,-47.640815255900485,1724.3677266232444,1,1,56.85,34.2,550.0,2017-07-12 16:12:31,2017-08-15,2017-08-02 16:14:54,21,0,33
d447462f58938dfc50467353f88655cb,79f89bb6e2b2dd5e459520e2622eb135,RO,espigao do oeste,-11.528564211052108,-61.01426578928362,SP,-21.757690120914923,-48.82976816265947,1724.1179974108393,1,1,69.9,26.75,800.0,2017-04-30 18:02:27,2017-06-06,2017-05-17 14:57:41,16,0,36
2af21e3d4dfd0aeb032cc78b514f5a29,06986ec3d270896f79b12b4b0982e4e7,PA,ananindeua,-1.359557305472045,-48.40294922075292,GO,-16.767131583732123,-49.34287978593004,1716.3299626204362,1,1,175.99,22.03,600.0,2018-01-02 23:47:28,2018-02-09,2018-01-31 18:35:15,28,0,37
e11d12748e702fcf969bd107eb604d87,995a364de8b90858127c4c131f8aa442,PA,ananindeua,-1.359557305472045,-48.40294922075292,GO,-16.767131583732123,-49.34287978593004,1716.3299626204362,1,1,174.33,22.02,483.0,2017-06-27 15:12:17,2017-07-27,2017-07-13 16:03:30,16,0,29
35c7d117e60b7447a3ee63f69addcd2c,a63832a8b162089904b6c6470e9e6434,PA,conceicao do araguaia,-8.26419321714068,-49.26660616545765,RJ,-22.27253137206716,-42.53044578660735,1716.157373297861,1,1,284.0,69.13,1200.0,2018-07-06 16:38:58,2018-08-13,2018-07-27 22:04:45,21,0,37
74e284cea771553e1c5b513d44ac6b51,bc5aa9c14f397cb3060df1a4b9198f2a,TO,nova olinda,-7.630892831752231,-48.4231706322424,SP,-22.73156997999365,-45.1083326858157,1716.1249704638108,1,1,29.9,26.89,1100.0,2018-01-03 17:01:32,2018-02-15,2018-02-01 19:34:49,29,0,42
6e717532e0002abd1bdb69428673bbce,8171ac734467c1cd84d15c6ede5ee70c,PA,maraba,-5.3775820011209206,-49.13028344204516,SP,-20.806830481885147,-49.38960170992274,1715.882399718442,1,1,59.9,28.82,1500.0,2017-10-24 09:53:54,2017-11-28,2017-11-27 19:13:13,34,0,34
978c88fce8bfdad5559f67f50abfb7da,886b49d12074e82e2587e7e09fd1f7d0,TO,bandeirantes do tocantins,-7.758556775500446,-48.57709039064408,SP,-23.13387984873623,-47.22675819555469,1715.727592801632,1,1,29.99,42.41,2900.0,2018-06-09 15:47:49,2018-07-19,2018-06-26 23:42:04,17,0,39
086ce45c7045b3c6a4b503bd3ec73413,8252655b48754d4856929c20348a6acf,TO,araguaina,-7.180060720447322,-48.20601353544688,SP,-22.56117141825844,-47.447471268798,1712.22906544549,1,1,48.3,25.63,200.0,2017-11-24 13:48:39,2017-12-21,2017-12-19 15:53:24,25,0,26
eadb5d6bcbc31439d1d6706a39dba007,a0dfdd6ee456f770e2055649347bab2a,PA,cameta,-2.245151109939572,-49.50111025019855,PB,-7.115501145241208,-34.85512308090483,1710.589533158803,1,1,67.9,20.93,300.0,2017-03-29 00:42:28,2017-05-09,2017-04-17 08:43:21,19,0,40
b219de816ac1fb22f2810734825aa76c,42bca2a6ab49d3415f30b19f265720f1,PA,parauapebas,-6.074258046829258,-49.89743695914128,MG,-20.94004902170557,-45.82696971616617,1710.2087760347215,1,1,179.0,120.78,7650.0,2018-06-12 10:48:25,2018-07-20,2018-07-06 01:18:32,23,0,37
6263f4308c3fde5104a2ead5e90dd41c,9b60903477438fec2ec05885d5a48fae,PA,maraba,-5.368370463928294,-49.11877926683461,MG,-19.95254268289243,-44.196132792948255,1706.8407864073563,1,1,189.9,35.13,400.0,2017-06-28 09:39:43,2017-08-01,2017-07-05 13:14:37,7,0,33
13b4f8c4b570d25d95bfd3c915ed9c38,3affba856e05494582eba561ff675db0,PA,belem,-1.2975210000000033,-48.47028615999202,BA,-12.89472449617752,-38.33875838605659,1705.3503983040885,1,1,790.0,69.02,13700.0,2018-01-27 16:50:21,2018-03-09,2018-03-14 15:43:38,45,0,40
6bc36770d620721000e91c6115924837,64cb0117a687a23b3d4a4982c7dedad3,PA,belem,-1.4611951151826312,-48.478553025535234,GO,-16.767131583732123,-49.34287978593004,1704.5690249762297,1,1,95.33,22.6,1277.0,2017-03-18 20:00:53,2017-04-19,2017-04-05 11:52:49,17,0,31
fbb38f33f44df110ef060767b70bdfa3,ba1249c05a651c21b3e6a99caaad9525,PA,abaetetuba,-1.7225254382817428,-48.88243257718304,PE,-8.134782793932896,-34.93613699999999,1700.836024179467,1,3,539.7,160.82999999999998,2175.0,2018-08-03 16:53:24,2018-09-12,2018-08-17 17:38:42,14,0,39
efa247c04ccbd33d0ddfdcd3817466a9,2c0d19a3ca20bb61b938eacf22b6b6dd,TO,palmas,-10.19090465915063,-48.3207720407684,PR,-25.45795217485142,-49.30899607966408,1700.8133443538404,1,1,129.0,25.45,3000.0,2017-11-15 16:26:01,2017-12-11,2017-12-01 18:38:57,16,0,25
d1e70a2caefe08771e0acbcf89df4900,9e126ac32c9fbec527dc3e9047d2dc7b,TO,araguaina,-7.204022776059269,-48.2344618852394,SP,-22.13506586164283,-51.39233422403981,1694.4177463974834,1,1,56.0,25.67,1900.0,2018-02-28 15:41:53,2018-03-26,2018-03-28 22:48:49,28,0,25
7605fb11bdf1ddae6600da5b72db575f,2513f7a88af6fbd34c95f87f544cf8ed,TO,paraiso do tocantins,-10.17419584360433,-48.88827885869645,PR,-25.39543255842803,-49.25008049885582,1692.9544235427832,1,1,439.0,71.78,8161.0,2018-01-05 09:43:53,2018-02-08,2018-01-26 23:09:41,21,0,33
188804952924592ac0678c7ab1b42860,02469bb79cf0096970abae40244a4c6f,PA,morada nova,-5.367055329732242,-49.12499133553474,SP,-20.49587175617251,-47.41830587985834,1692.3171118091966,1,1,59.99,37.33,150.0,2018-08-12 13:51:25,2018-09-17,2018-08-30 12:21:35,17,0,35
7059c2afa0f74d0d09b1a8bd04ed2f7f,a73df1399fcfdd1ec926551d0be93d00,PA,ananindeua,-1.386259373440644,-48.39844509276157,BA,-12.98338898724672,-38.45987947050183,1691.374361977621,1,1,399.99,23.6,369.0,2017-06-14 11:45:55,2017-07-17,2017-07-06 17:33:06,22,0,32
64582c699f99b4dd3c326b13c3bdc644,a095450e0630a3f9776ba4196dac1da1,PA,belem,-1.4678821362744563,-48.474985155141965,BA,-12.89472449617752,-38.33875838605659,1691.3125347758755,1,1,730.0,73.92,13000.0,2017-10-09 10:22:29,2017-11-17,2017-10-30 14:54:10,21,0,38
b3c1851a1730d45ed539eec30414e580,adb0a9e419aede0bb7860ea6544ddd5c,RO,pimenta bueno,-11.67957628458245,-61.1772732055972,PR,-25.54168647758336,-54.585197713463536,1689.7517936589131,1,1,160.0,58.91,3500.0,2017-11-09 02:42:06,2017-12-19,2017-11-30 01:12:00,20,0,39
0c047dd1c8c2fcc61365b5787d59fd6c,b6889f1f383ff9a9149084f1010a23ec,PA,maraba,-5.35428712184862,-49.09348107313951,SP,-20.5405194657222,-48.55876959332621,1689.619151076214,1,1,21.9,28.75,1600.0,2017-09-18 21:43:53,2017-10-19,2017-11-16 23:14:28,59,0,30
a185e5cd569eb1436c80f83bae2d91bb,2081aaeb616d4391d1b0a7f26f2b548a,TO,palmas,-10.316136750827694,-48.30237837344506,PR,-25.45040220122144,-49.56040541360136,1688.0708951213826,1,1,219.9,65.78,9950.0,2018-04-03 21:28:13,2018-05-08,2018-04-19 18:41:55,15,0,34
5a50ee4e7bf3b3bf306a1c3f19a1a885,72680b3da61c269ad2e5d342356fec77,PA,pacaja,-3.83403952496045,-50.63720488520979,BA,-12.89472449617752,-38.33875838605659,1685.6435231269609,1,1,1200.0,50.81,2600.0,2017-08-30 17:50:38,2017-10-10,2017-09-15 19:07:53,16,0,40
14755aa40518fc8bb089f3f11af8cbbb,14f3f9d94f9aeec7e25cd6bb2acab542,TO,palmas,-10.340568470593867,-48.28157121703904,PR,-25.45795217485142,-49.30899607966408,1684.4614025610797,1,1,49.0,21.15,400.0,2017-12-12 12:04:43,2018-01-11,2018-01-11 23:43:56,30,0,29
95c8f9cfbfbc4726a1a3f3405b1ae666,af7f6c91d4cd411589ac2e001c331dc6,PA,conceicao do araguaia,-8.26419321714068,-49.26660616545765,SP,-23.211061972115367,-46.76376569389638,1683.3140018687247,1,1,139.0,29.37,9850.0,2017-07-10 22:17:20,2017-08-11,2017-08-16 17:53:02,36,0,31
4045e63d7fe9fce2f38928253adf5c2d,3549ac65c13f53f1a5f9bbca1faa3c2b,TO,pequizeiro,-8.596002743132457,-48.935191826183534,SP,-23.552032416180964,-46.53746144532288,1682.5133930800391,1,1,219.99,33.99,1850.0,2017-11-15 12:06:24,2017-12-13,2017-11-30 22:21:30,15,0,27
d8efabfe9ad61f46b19449da5215e3f6,8d2535251c6e51c0b8e527d8f3ab2532,TO,araguaina,-7.197582678436939,-48.19913789550394,MG,-22.15187055995605,-46.04154236265463,1678.8492609802345,1,1,429.0,53.72,525.0,2018-06-27 13:05:47,2018-08-27,2018-07-13 16:26:29,16,0,60
52f4d206be495fdbcc211af8b9c1d8ba,159c51bd752b13a29b404e47af4252a4,PA,maraba,-5.35428712184862,-49.09348107313951,MG,-20.024210235883093,-45.53953430395729,1675.8804027724134,1,1,114.9,43.21,2300.0,2018-01-11 16:59:52,2018-02-20,2018-02-15 22:42:52,35,0,39
4a185cdda75ec3cc9261553a59e7cfc7,0e266470a9aa5b96f4bb26e095ea7d2e,PA,belem,-1.4537426852674302,-48.4881708871833,PE,-8.134782793932896,-34.93613699999999,1674.559348389689,1,1,149.9,25.18,533.0,2018-03-13 11:27:51,2018-04-16,2018-03-27 23:37:57,14,0,33
42ec328ff647d401412f3531462b0b96,44fc7a654b5d562331cc277539523708,PA,belem,-1.4350490220441132,-48.4687608538578,PE,-8.134782793932896,-34.93613699999999,1673.5717134098672,1,1,149.9,25.4,533.0,2018-07-09 11:37:20,2018-08-08,2018-07-30 20:27:47,21,0,29
36a9a3f459c7b3416f1caddf4d238f03,53b5ae38193aa5f2df276a47fe5a044b,TO,colmeia,-8.734280372245145,-48.75273526834455,SP,-23.63277088703905,-46.55429298001901,1673.0722405219642,1,1,52.0,37.05,200.0,2018-04-05 22:48:17,2018-05-02,2018-04-24 22:36:51,18,0,26
2e212e37333cf24f1acef20a298f38c6,d890d1f2c4f7491d86b272dec333120b,PA,ananindeua,-1.3500748612737503,-48.38562663245958,PE,-8.134782793932896,-34.93613699999999,1669.644289921336,1,1,179.9,25.39,625.0,2018-05-02 18:03:13,2018-06-07,2018-06-05 17:17:57,33,0,35
97245df7fc03d1c1a85b38b83676528c,5caa2cc38f5ac242eafd865a1bc9a658,RO,pimenta bueno,-11.67957628458245,-61.1772732055972,PR,-23.421459816219063,-51.42339861868795,1664.0112542460852,1,1,110.0,36.0,1200.0,2018-02-17 20:56:59,2018-04-05,2018-03-07 13:51:20,17,0,46
ba3f16abde04a2864215c98e536e2a46,33c079892847267e01751ae4c018aeda,TO,goianorte,-8.774210204018221,-48.93520450581853,SP,-23.552032416180964,-46.53746144532288,1662.9153619907474,1,1,144.99,29.41,1050.0,2018-02-02 20:29:33,2018-03-08,2018-02-22 22:17:12,20,0,33
b6d796dfb465b5a87da9b088c718ce2f,27e4e9e54add87b994001667ceb67802,PA,parauapebas,-6.074258046829258,-49.89743695914128,MG,-19.88174280762465,-44.00906911296093,1661.9244673340477,1,1,59.9,37.97,600.0,2017-12-04 17:33:25,2018-01-10,2018-01-10 19:53:07,37,0,36
df03ec17d2389e8420325c36d385dd90,a1e6bf64dfa9387e0f94692997304b4b,PA,santarem,-2.466846494452476,-54.71736797375744,DF,-15.845798834786912,-47.97383682690134,1660.8716687066994,1,1,64.0,20.9,350.0,2017-03-27 10:29:11,2017-05-09,2017-05-02 17:51:28,36,0,42
4e801b3860564f02745ba49a886fbc0d,2805aecd7250141468fc9e256aa3fa6c,PA,sao domingos do araguaia,-5.539276354203519,-48.732501104568456,SP,-20.416380955307154,-49.98507612801325,1659.7806164311376,1,1,227.0,43.65,1600.0,2018-04-24 11:10:59,2018-05-30,2018-05-09 18:48:40,15,0,35
1a5c3dad7f8ccf75ce213a3726a25af2,5e65da8ad6a8110e555eb93a1fd38f3e,PA,parauapebas,-6.074258046829258,-49.89743695914128,MG,-20.076917145110954,-44.57734014848548,1659.6478427073166,1,1,149.91,59.49,1067.0,2017-10-23 13:06:12,2017-11-27,2017-11-20 17:58:12,28,0,34
0af1da637acdb5fdd0d77bd209530157,d3e29a43c924fd6064e10fe50ebc8925,TO,ananas,-6.36805617953608,-48.07201421456309,SP,-21.140472077057574,-48.97404095850885,1645.4854351169995,1,1,96.8,25.96,600.0,2017-06-28 14:43:05,2017-07-26,2017-07-12 13:17:39,13,0,27
c01386219d1d09bb78eab2fc5347a149,83617c8843d329aa9e284869b0cb1926,PA,redencao,-8.026355248347114,-50.02934909869147,SP,-22.599254430886607,-47.40879928660274,1644.4650169645415,1,1,129.9,29.84,1650.0,2017-03-31 14:54:12,2017-05-15,2017-04-19 16:08:36,19,0,44
ca0aec022ade40e435aa800a29981eb7,9710dff12838bcb8c0c63ce65752c864,TO,dianopolis,-11.62531419576341,-46.82146777001999,SC,-26.28722555453289,-48.850959075076446,1644.138413534593,1,2,139.98,41.88,500.0,2017-04-11 18:29:35,2017-05-15,2017-05-10 12:53:10,28,0,33
eabfb81cf01d772d65405ff27c793ddb,e44d9a10a0978d6c21403879bf8076d0,TO,porto nacional,-10.70653555337566,-48.40658648976063,PR,-25.45795217485142,-49.30899607966408,1643.0336568867788,1,1,349.9,24.38,900.0,2017-01-23 16:57:22,2017-03-20,2017-02-02 10:25:07,9,0,55
c8ddaf4d1bb162951e8e76d02c160867,c5a1611b87d4e7e079ad60087a0d2fc7,TO,pedro afonso,-8.979040071847326,-48.17106841018423,SP,-23.6598992288005,-46.44217136817417,1642.7586021322302,1,1,35.9,37.04,247.0,2018-05-13 09:27:25,2018-06-11,2018-06-06 23:14:21,24,0,28
3ca3064a730b878a04e074e0f1c9f93b,82659d9d36476dcd64db2212d90f7457,RO,nova brasilandia d'oeste,-11.726124338809417,-62.31448888735491,PR,-23.75871798789573,-53.296661513474426,1642.4636107074252,1,1,313.9,26.69,494.0,2017-03-19 15:52:41,2017-04-25,2017-04-03 12:26:09,14,0,36
aa19638830b7cc5740500c18ace611f6,976a0029f13e785119cba9b7f3328a50,TO,centenario,-8.957655244319064,-47.33776091055705,SP,-23.67008162864273,-46.66049702840489,1637.5319363355245,1,1,134.99,27.48,2350.0,2017-08-17 09:28:42,2017-09-15,2017-09-06 20:53:03,20,0,28
bcbac60ca25886440827dba070e303c7,ead9975d982af12749c01f2d1e5dbede,TO,guarai,-8.841148348706644,-48.51068724413237,SP,-23.302661247830148,-45.97283979175633,1630.5999981278746,1,1,145.0,37.7,500.0,2018-03-17 10:45:46,2018-04-13,2018-03-26 21:07:31,9,0,26
1902edc0a39be5841b628fd08022090b,76347c0f8c5b76a50653080a5aa65238,TO,pedro afonso,-8.979040071847326,-48.17106841018423,SP,-23.54138387625104,-46.6140494458142,1627.7090055304816,1,1,163.99,69.08,10950.0,2018-05-05 11:08:49,2018-06-01,2018-05-21 14:42:03,16,0,26
c65840ef66d2956cadb8efc3ee66623c,6673ccb89c78b1fdf11b012b4eaa9b99,TO,gurupi,-11.729676624135095,-49.06218640005959,PR,-25.442762067969603,-54.40078556444748,1624.6947165223066,1,1,69.9,25.77,500.0,2017-12-03 17:30:49,2018-01-04,2017-12-27 23:49:11,24,0,31
7a962b095b0922e93689020736751c96,d96140c44255848ccd51cfa9c25eafea,TO,pedro afonso,-8.979040071847326,-48.17106841018423,SP,-23.51056987231207,-46.86061571804235,1621.8365559693605,1,1,36.0,26.89,800.0,2017-05-29 13:42:42,2017-06-27,2017-06-14 10:02:45,15,0,28
61d158e103c596593eb48b325c8fe035,fd3b44dd13dab141361b58172c65b84d,PA,parauapebas,-6.074258046829258,-49.89743695914128,MG,-20.024210235883093,-45.53953430395729,1621.0081014038517,1,1,104.9,43.14,1800.0,2017-11-26 01:04:33,2018-01-03,2017-12-28 21:12:56,32,0,37
e6461bf12e723ae0324f5248219b54e6,989ef866c6bb297451a72dfc2ccfed23,PA,belem,-1.311891948319029,-48.45705445526978,DF,-15.845798834786912,-47.97383682690134,1616.9648110267194,1,1,278.0,26.5,987.0,2017-12-02 20:28:47,2018-01-10,2018-01-04 22:36:54,33,0,38
8436df70c30e8e11edf5cf2f880edf6e,5ce5850e9f77cf47374442640db701e9,PA,belem,-1.3254677594756874,-48.44760860677624,DF,-15.838541298222948,-48.05311331669846,1614.359616020463,1,1,189.89,22.13,450.0,2018-01-08 21:11:55,2018-02-15,2018-01-26 23:13:33,18,0,37
cac62199ea603b63ffb529a162c596c5,0c6fd39752c6d0290341e66b6c357f3b,PA,rio maria,-7.313416957555913,-50.04856097749095,SP,-21.757690120914923,-48.82976816265947,1611.4444375774945,1,1,72.9,25.79,900.0,2017-05-22 14:33:20,2017-07-10,2017-06-09 14:42:50,18,0,48
3e18227567dbe13ebe679ef9eea4d872,b7e657b12cba6b628653085d819ba8ed,PA,belem,-1.428168145680862,-48.467978469761576,DF,-15.894631727904486,-47.77576600460867,1610.3858574005956,1,1,81.9,23.07,100.0,2018-05-07 22:48:44,2018-06-04,2018-05-18 18:27:50,10,0,27
2f8dd4ef8e90826fb9e28ef7af565cf5,6dfeb5786ef57a96c2bdefd5d2821f23,PA,belem,-1.4364370877284982,-48.45454573829979,DF,-15.894631727904486,-47.77576600460867,1609.3986450719608,1,1,67.9,22.98,100.0,2018-04-19 11:42:17,2018-05-23,2018-05-09 21:41:53,20,0,33
8d25f73f2fe9c225dff2232fd1e7c89b,626478b0f57ed4bdf6f462568f16d5d5,PA,castanhal,-1.290480535385357,-47.93972163838792,SE,-10.319987863284457,-36.5773439964007,1607.6706725221563,1,1,119.9,26.0,1000.0,2017-01-30 23:20:41,2017-03-14,2017-02-15 13:38:51,15,0,42
73b0a27c2caa16da9500aeeeebe1260a,dc4d362a1e75e43898ca175bafe1a7e2,TO,miranorte,-9.537258549704145,-48.591907258210846,RJ,-22.40251417902456,-41.81479351477589,1602.6772532419886,1,1,599.9,46.26,1100.0,2018-03-07 14:09:27,2018-04-05,2018-03-22 19:22:27,15,0,28
a1ea1bd909502b5214a0b425746fca5c,abd06a060b1f19f33a3ffafbf6bba1fd,PA,belem,-1.4615863106800238,-48.50251610355552,DF,-15.845798834786912,-47.97383682690134,1600.5010384168477,1,1,136.12,23.27,650.0,2017-10-03 07:38:50,2017-11-08,2017-10-20 22:38:51,17,0,35
56abbae9014467d35f46261ee6f7fa71,fcc5083a07953b321f80e039e3c4c2a1,PA,xinguara,-7.098215380949121,-49.93428415194819,SP,-21.36006189551128,-48.072412538636975,1598.4141172650395,1,1,568.0,40.67,425.0,2018-03-27 18:17:48,2018-05-09,2018-05-15 12:10:04,48,0,42
d368ca1b5f6b46bdaf14b7c0cb5e40a1,2579e4414593b70a9859c330657e6120,PA,belem,-1.4042792828206936,-48.45004791348576,DF,-15.768150750000002,-47.891037375,1598.3651637254156,1,1,54.9,24.93,1200.0,2017-08-20 19:32:32,2017-09-21,2017-09-02 15:29:02,12,0,31
c5a6176838c42bcb0286f07cf06afe84,141a1a131f78b3329311abcc428991bf,PA,belem,-1.4537426852674302,-48.4881708871833,DF,-15.813280860350888,-47.89343366360127,1598.0383859150363,1,1,79.0,21.35,350.0,2017-12-04 12:44:45,2018-01-10,2017-12-28 23:03:53,24,0,36
292171c563ccd92b1a575a2dc05e162d,a281d16482531425182bf9c3eadf5bd6,PA,xinguara,-7.100734947620587,-49.941471308252815,SP,-21.364019805249217,-48.22883109179936,1596.6449979651436,1,1,229.0,28.14,480.0,2018-01-08 10:20:43,2018-03-01,2018-01-29 14:29:03,21,0,51
e7ce9b9f4c61af74340791cc36964dd8,7ff4ad86cf14706b8cbb5d62e345048a,PA,belem,-1.4350490220441132,-48.4687608538578,DF,-15.781713800046974,-47.93342033773479,1596.3556359334127,1,1,34.9,21.15,500.0,2018-02-21 12:09:08,2018-03-28,2018-03-09 00:57:22,15,0,34
2ca1528ba222dcef1b182632376e53a0,44d89c65f6578eb86f1db3cefdbdf9e6,PA,quatro bocas,-2.417669777351,-48.1968627599099,BA,-12.89472449617752,-38.33875838605659,1591.8399016364292,1,1,599.0,91.68,13700.0,2018-01-09 00:33:27,2018-02-23,2018-01-24 20:18:10,15,0,44
a780ef8e1707e488f029e009123767f3,a2ea4efad2c2da38b23965947c541fb6,RO,cerejeiras,-13.191574772537782,-60.819863933826646,SP,-21.757690120914923,-48.82976816265947,1587.4719701382603,1,1,117.99,43.24,2700.0,2017-05-07 13:52:16,2017-06-12,2017-05-19 11:35:48,11,0,35
9277c21000c5426f4de2158dd377a676,92cac5e07ef9d027b0a07d442053d53c,PA,quatro bocas,-2.417669777351,-48.1968627599099,GO,-16.6124075602201,-49.29615121938599,1582.954453259751,1,1,181.0,58.04,1100.0,2018-07-11 16:07:05,2018-08-15,2018-07-26 03:11:45,14,0,34
5c8b55fb57c1225d199343bbc1ab6ee0,1eff19fe44b2cb9e89168ff458dcbe0e,TO,araguaina,-7.180060720447322,-48.20601353544688,SP,-21.364019805249217,-48.22883109179936,1577.1861950033822,1,1,145.0,26.29,444.0,2018-02-21 22:42:26,2018-03-23,2018-03-28 01:34:45,34,0,29
e8e92186741794a0da48d868267ce635,391ae4950689e958f7aa9de8b97f5908,PA,tucuma,-6.752056809402497,-51.153455903906895,SP,-20.81776375582005,-49.36253619311097,1575.8773976258535,1,1,183.7,97.16,5100.0,2018-06-24 21:23:07,2018-08-28,2018-08-09 12:29:39,45,0,64
9913ce9487d390ef37cd3b6cc3883f0e,396327c2beeede33bdfc47d59e31cbcd,TO,xambioa,-6.410122899818367,-48.53426516349895,SP,-20.537686764158725,-47.432176672899125,1575.400538457611,1,1,199.7,29.8,1900.0,2017-10-04 11:17:57,2017-11-07,2017-10-19 15:49:09,15,0,33
3602a80b09d914236f74c733631f3b8b,367000b9bd508db790e048df2f6d6af9,PA,xinguara,-7.100734947620587,-49.941471308252815,SP,-21.11263561449013,-47.79105569532287,1575.1148584794196,1,1,107.0,26.03,350.0,2018-01-31 20:38:38,2018-03-19,2018-05-18 11:06:52,106,0,46
c268faae84283868985823042e4ffb40,3ec62c9f4cf5665da34350b99c4f2e21,PA,canaa dos carajas,-6.529929061610091,-49.85237106032086,SP,-20.49587175617251,-47.41830587985834,1574.9540091668896,1,1,49.0,37.25,200.0,2018-08-08 15:35:21,2018-09-06,2018-08-23 22:25:41,15,0,28
cdac2dd3643b01d8c79cb8bb30998c6a,4308615296cf4ca17defd8b0d59287d8,RO,espigao do oeste,-11.528564211052108,-61.01426578928362,PR,-23.07857751572045,-52.46696041055839,1571.3283322196723,1,1,29.9,24.84,365.0,2017-03-20 20:19:09,2017-04-24,2017-04-03 14:15:52,13,0,34
72c2d35f7d08e990d781560fdbbfa563,b9de7d4d29e2f39cf47acb6cd6e2a7f2,TO,araguaina,-7.210520132853728,-48.20420294917136,SP,-21.31536280257076,-49.05537691243335,1571.0509082323942,1,1,497.0,84.3,9250.0,2017-09-09 17:26:41,2017-10-10,2017-10-06 21:15:02,27,0,30
0261b9a1fd7da49cec3906e055b2f59d,8e78dbe65183a6e99960e0ce46b373ae,TO,couto de magalhaes,-8.360302034008726,-49.177470670487885,SP,-22.33733647655877,-47.16903824492072,1568.9355788539058,1,1,169.0,29.46,5700.0,2017-02-26 23:37:07,2017-03-30,2017-03-15 06:55:38,16,0,31
d80f699fe4f9cb9ee6be99a1ff5c3944,9be5bed664fb43b1a191abd9c5b026b0,TO,arapoema,-7.656641320837519,-49.06479056878318,SP,-21.757690120914923,-48.82976816265947,1568.1675757882235,1,1,55.9,42.67,1500.0,2018-07-04 09:59:02,2018-08-02,2018-07-13 22:26:34,9,0,28
4c530bbcde8e6cf59b58cfc811436362,10dd16991df7b09028004ea139cf0111,RO,vilhena,-12.741799564324262,-60.13808040474748,SP,-21.757690120914923,-48.82976816265947,1562.9717922094085,1,1,86.9,43.02,1383.0,2018-01-11 00:08:09,2018-02-22,2018-01-30 00:26:10,19,0,41
ca290a06ee0945b956f79c93b5191633,acd575d7382968889f41a5a3f37510dd,TO,lajeado,-9.754577767604635,-48.35481792633079,SP,-23.69066643075192,-46.70391215514457,1559.5012107855694,1,1,120.0,55.1,3500.0,2018-04-09 22:02:30,2018-05-10,2018-04-25 13:33:24,15,0,30
29062384ce4975f78aeba6a496510386,6a12f6bdfda32e5f5b85abdda6536326,PA,rio maria,-7.313416957555913,-50.04856097749095,SP,-21.165370022730333,-47.79714447071386,1559.1536667955224,1,1,220.99,28.09,867.0,2018-02-16 17:59:43,2018-03-27,2018-03-14 16:58:50,25,0,38
8752bda3e45c2207f9dc0f94146cd228,cdad404012d87f4b60979ab87a197661,TO,araguaina,-7.180060720447322,-48.20601353544688,SP,-21.172213467107177,-47.82413717277396,1556.3977693601607,1,1,220.0,38.23,258.0,2018-04-07 19:20:42,2018-05-08,2018-05-05 17:43:01,27,0,30
b2bf9b5f46f77b57138a5d545fe10402,ae6afc29caa139045be869248a6be15a,TO,araguaina,-7.197731903845483,-48.224215735470295,SP,-21.165370022730333,-47.79714447071386,1553.8087315082923,1,1,160.56,37.81,500.0,2018-03-27 18:57:14,2018-04-20,2018-04-10 18:41:39,13,0,23
35e848019d8ceb908dc3729407016572,53cde9f80e712a986103679352129e29,PA,ourilandia do norte,-6.7521594588432094,-51.078762,BA,-12.89472449617752,-38.33875838605659,1553.272294634425,1,3,569.7,105.39,1350.0,2017-12-03 21:41:56,2018-01-18,2017-12-28 12:57:56,24,0,45
4a8540117ab8b9696ac6ffe3b37e4acc,3e1e2de2704ae9c3fce1beccd6e728b4,PA,belem,-1.4478332105285268,-48.49009678052688,RN,-5.8402480652230375,-35.20793075034625,1552.3792020181393,1,1,249.0,26.29,1500.0,2017-08-17 11:17:02,2017-09-19,2017-09-12 21:03:05,26,0,32
5f48fa73561d6de6cd6cca04a466840e,7458e588e5b977cbeaf1b350aacfafb4,TO,guarai,-8.841148348706644,-48.51068724413237,SP,-22.75756675966071,-47.416027840450326,1551.834151802264,1,1,259.9,87.99,22350.0,2017-04-17 23:17:28,2017-05-16,2017-05-08 09:10:21,20,0,28
af8822dc30a41edce5b644f195e3f269,9fcfab0ef8326a8e5d435076772086c4,TO,barrolandia,-9.83521114808075,-48.72604155349957,SP,-23.59399496820805,-46.55209142714523,1547.2194067540097,1,1,10.99,17.78,100.0,2017-02-13 15:55:09,2017-03-20,2017-03-09 09:37:44,23,0,34
dc4e8d6bfa225ba767349d3849229ec5,e947cb838b420b537d96d678a02dae26,TO,barrolandia,-9.83521114808075,-48.72604155349957,SP,-23.605705509290832,-46.898514000000006,1543.4525901218,1,1,70.0,25.77,700.0,2017-12-07 12:54:45,2018-01-11,2017-12-27 19:33:18,20,0,34
d2f8ef9dd1714fcac7de9f0aef13d21a,04a2fa019514345f6bcc37c892208336,TO,palmas,-10.177553519725851,-48.32033421065061,SP,-23.773844999999945,-45.439882252898514,1542.378580350561,1,1,208.0,39.51,550.0,2018-05-15 12:29:55,2018-06-06,2018-06-14 23:42:24,30,0,21
9a910d6ba29d7c6a50b791a7819ad3bf,c9a6817d5766512b8b059a88d3e64bde,TO,palmas,-10.219778809219983,-48.34605060452032,SP,-23.933241296527093,-46.32942742274111,1539.767948950336,1,1,207.9,18.89,500.0,2017-03-26 17:34:06,2017-05-05,2017-04-10 18:14:52,15,0,39
8145c63ff6601f1c1aa707a322a8aa99,ce8c6f8008f07e4aa7aa789897cb3e64,RO,rolim de moura,-11.723155356956768,-61.777863906442434,SP,-21.486471927360125,-51.53351950792364,1538.2791803676264,1,1,19.9,34.15,150.0,2017-08-01 15:37:27,2017-09-04,2017-08-21 18:47:43,20,0,33
0805ef7875f007ad8ae7f5179c939667,479ca8d1cff55ed96a8668fbcad81524,PA,redencao,-8.037988413636953,-50.03688313277065,SP,-21.757690120914923,-48.82976816265947,1531.0339302867628,1,1,92.9,43.79,1825.0,2018-03-26 11:24:53,2018-05-02,2018-04-23 15:22:02,28,0,36
837fd76b391ccd40162b81fca0334e45,23e9c4157d6c105f4f1b5581129d54b0,TO,colmeia,-8.734280372245145,-48.75273526834455,SP,-22.33733647655877,-47.16903824492072,1522.0217597791636,1,1,53.0,38.64,1067.0,2018-07-11 10:34:33,2018-08-06,2018-07-26 19:45:52,15,0,25
a2ec81acd081aed96da33c73bafd8c69,f55848d9e5d221be9ebbaa1f2c028f02,TO,palmas,-10.168168861155287,-48.341209538018894,SP,-23.7169581397296,-46.69411154232787,1516.6490983747997,1,1,41.9,17.63,500.0,2018-02-16 16:31:46,2018-03-14,2018-03-02 17:35:25,14,0,25
251290bd4ffaeb9e5e29158f3ea21c93,663bf83c0a98f8f2262f24b8f42752e3,TO,palmas,-10.163339291922798,-48.34417360580387,RJ,-22.890307860955573,-43.226249737290175,1516.1814255297995,1,1,43.0,19.04,60.0,2018-06-10 22:27:15,2018-07-12,2018-06-26 11:34:36,15,0,31
e9d122ccd05f407b9a65aaae122a9add,c0f60cca1662df685545a69bfb900e96,TO,palmas,-10.19090465915063,-48.3207720407684,SP,-23.70171457660069,-46.51267210796927,1514.52097867252,1,1,93.0,27.09,2850.0,2018-05-02 08:36:56,2018-05-23,2018-05-11 20:15:05,9,0,20
af516db8ac29ad210281b90ef0a33d19,5d9c4fa98b6581a8b423c21a9b9c42da,TO,palmas,-10.168168861155287,-48.341209538018894,SP,-23.69066643075192,-46.70391215514457,1513.6271487482763,1,1,367.0,29.23,2700.0,2018-06-14 16:31:54,2018-07-12,2018-06-30 11:28:40,15,0,27
4fb104ec6918efe57f7e105fe598d96f,b04387f66716ae227cca39f8ad86ddf9,TO,palmas,-10.203580144705697,-48.32496910635424,SP,-23.68591165811716,-46.45659004005863,1512.2047274059826,3,3,72.78999999999999,57.24,700.0,2018-07-01 20:24:32,2018-07-30,2018-07-07 13:15:48,5,0,28
b52ce41a14821d9fa67f8a77cebb3efc,20d8643f227f32bd4ea7070fb153db32,TO,palmas,-10.19090465915063,-48.3207720407684,SP,-23.69066643075192,-46.70391215514457,1510.867211621157,1,1,210.0,52.69,9450.0,2018-02-10 18:24:53,2018-03-09,2018-03-10 02:08:40,27,0,26
e6fc4ea08434b40ac98a0cb284e5a8eb,0809899bfc84b0bc917a8c279c5dbb5b,TO,palmas,-10.25693218588205,-48.33984280909547,RJ,-22.916833051618703,-43.21798092630852,1509.317372257509,1,1,24.9,19.08,100.0,2018-07-17 18:36:02,2018-08-06,2018-07-23 18:40:53,6,0,19
7feb0201e5b3afef04792d32b483cc17,1ee4ffefe39f642db2fc25a2095b598a,TO,palmas,-10.19889488503726,-48.34559560351271,SP,-23.66148702746846,-46.56416174311855,1508.8485766298138,1,1,325.0,19.55,400.0,2017-09-28 14:14:37,2017-10-25,2017-10-23 16:32:37,25,0,26
07ba523a0c48b0ae0920551684e13ab9,b9657b7cc5027452b17e328656a8d069,TO,palmas,-10.19889488503726,-48.34559560351271,SP,-23.69010994976628,-46.85569285414625,1508.4529868458314,1,1,109.0,21.16,850.0,2017-08-08 20:29:44,2017-09-05,2017-08-18 22:49:40,10,0,27
7db778f8eb61d8961d57f8437eb9f68d,da1302d81b053019f172bb07928ebeca,TO,paraiso do tocantins,-10.17419584360433,-48.88827885869645,SP,-23.552032416180964,-46.53746144532288,1508.314688494046,1,1,239.99,34.13,2400.0,2017-12-15 16:39:14,2018-01-17,2017-12-27 18:15:51,12,0,32
3d76808da6242e8c7476a606fb6b5935,1a2c6469954e0f56da59bf0ac75007ed,TO,palmas,-10.203580144705697,-48.32496910635424,SP,-23.65869024839867,-46.52249513292757,1508.304336733365,1,1,23.99,17.63,100.0,2017-08-07 13:01:04,2017-09-08,2017-08-15 17:27:37,8,0,31
84dae977d83c491ec866b683875db2bf,9204dae4645baa76dc0b22ec604207fe,TO,palmas,-10.203580144705697,-48.32496910635424,SP,-23.65869024839867,-46.52249513292757,1508.304336733365,1,1,23.99,17.63,100.0,2017-08-18 15:10:21,2017-09-21,2017-08-25 12:26:22,6,0,33
b277cd83cbc203702ec0b15ca86799fb,ab0ed6d3425b97299131aa272b3cacf7,TO,palmas,-10.219778809219983,-48.34605060452032,SP,-23.69066643075192,-46.70391215514457,1507.9832894427311,1,1,46.0,19.23,200.0,2018-06-24 18:44:40,2018-07-19,2018-07-03 08:51:50,8,0,24
54787cae1cb90fdafe197fe2bc300cd0,603564505956f89291ccd8427a206a2a,TO,palmas,-10.225144693416702,-48.3227514387811,SP,-23.6882804768307,-46.619752230879065,1507.8863690448356,1,1,1380.0,35.8,3060.0,2017-10-13 09:47:27,2017-11-06,2017-10-30 23:43:04,17,0,23
7923b147e6c1c8ffca005ad49e4a4c5b,02eb2cb944f2c276dd99a325eb741cdd,TO,palmas,-10.177553519725851,-48.32033421065061,SP,-23.652442526788203,-46.75549168747648,1507.5048514645173,1,1,145.0,19.7,200.0,2018-04-26 17:31:51,2018-05-24,2018-05-08 23:38:46,12,0,27
a60c6548ab8ab949bbfce006f7b8a513,afd83d05ef70ea7d5f93796e688ebb0d,PA,jacunda,-4.448494309243434,-49.11483200098034,BA,-12.98338898724672,-38.45987947050183,1506.4278280163896,1,2,263.98,43.0,1200.0,2017-02-10 12:53:44,2017-03-27,2017-03-03 13:05:52,21,0,44
81e729c96d2b8301d0c537f50c00dabb,02a307e718d16f6dd85c4d15c935c11d,PA,santana do araguaia,-9.336353847396552,-50.34022598448979,MG,-22.27164789897835,-46.16555647382263,1505.742500778639,1,1,102.9,36.04,1350.0,2017-05-23 21:51:54,2017-06-27,2017-06-12 06:11:55,19,0,34
967868315b8ce562c1deec7e1ce602a5,a947dfb481280eb7ef13c1c05727f340,TO,paraiso do tocantins,-10.17419584360433,-48.88827885869645,PR,-23.388124700617865,-51.95479525453632,1504.9513466806843,2,2,155.79000000000002,61.42,381.0,2018-01-10 15:27:50,2018-02-16,2018-01-24 21:59:11,14,0,36
e8910c9e1de2c3b04e8ff423159d895a,5bd4f07bafa8c390e6e4d58acd4be947,TO,palmas,-10.225144693416702,-48.3227514387811,SP,-23.641877043568627,-46.50196149610485,1504.3196859785137,1,1,62.8,17.72,175.0,2017-05-18 17:25:34,2017-06-16,2017-05-29 04:44:52,10,0,28
e90fcc2b428a70a691e3b919ec4d8726,fdbb5e86252d6bb9bfddaabaf1ff7f56,TO,palmas,-10.177553519725851,-48.32033421065061,SP,-23.595227193173283,-46.56076636913555,1503.6096357092035,2,2,108.0,47.7,1950.0,2017-10-16 12:29:49,2017-11-07,2017-10-28 13:37:43,12,0,21
59b7819f031f8bb56e21aa5659649954,0ddd4e372a303683e410887a30e45d0b,TO,palmas,-10.177553519725851,-48.32033421065061,RJ,-22.870342477927228,-43.47241109832717,1502.552443444485,1,3,324.0,57.900000000000006,3000.0,2018-01-31 09:54:19,2018-03-02,2018-02-16 23:23:34,16,0,29
bf810a0d3b86bd83b11f6a426aedd339,a3cfc219899f8a9d074f534d8a527059,TO,palmas,-10.237359886387916,-48.32163837224733,SP,-23.652442526788203,-46.75549168747648,1500.9081213783045,1,1,49.0,19.04,300.0,2018-04-10 20:27:08,2018-05-04,2018-04-17 19:21:15,6,0,23
42bcfd11cc83efc775637358296f6b48,ec9eec3f6ecad08f1a41bb32a5dbb1ea,TO,palmas,-10.168168861155287,-48.341209538018894,SP,-23.5397205,-46.43633556480467,1500.524434343118,1,1,26.99,17.35,100.0,2017-03-06 13:56:19,2017-03-31,2017-03-17 16:23:39,11,0,24
8c46cc97ee8884e95fc747ef323d6c08,8e60af7d7b0146279b12718678a0d3b0,TO,palmas,-10.168168861155287,-48.341209538018894,SP,-23.544839655981303,-46.49733676568181,1500.230204569695,1,1,30.9,19.04,450.0,2018-04-24 16:46:34,2018-05-18,2018-05-03 21:34:52,9,0,23
4044c5fad995d07177b0c09ff2b0b7f6,16bd290303092475ef758981282d5b9a,TO,palmas,-10.219778809219983,-48.34605060452032,SP,-23.60162631917597,-46.55363287330484,1500.0918530831489,2,3,874.0,251.36,37600.0,2018-08-06 10:58:22,2018-08-28,2018-08-14 19:06:54,8,0,21
4722880b47a0cc081c878a5a1ba8fc21,f60469d80235aa2920161757357321ac,TO,palmas,-10.168168861155287,-48.341209538018894,SP,-23.53142941993188,-46.51618034574991,1498.4931511914758,1,1,8.5,17.63,150.0,2017-10-04 09:10:06,2017-10-31,2017-10-09 18:35:51,5,0,26
24496db5f9de478a647819c7eb075504,4c8e4c469add9342e1b2f8b20140625e,TO,palmas,-10.19889488503726,-48.34559560351271,SP,-23.56788988703906,-46.57394821510183,1498.3999284186762,1,1,859.0,124.39,12000.0,2017-04-28 14:41:39,2017-05-30,2017-05-09 16:21:31,11,0,31
292d7ad29c8a2d97eb84d18ab3d38997,94a76fda52e426706a1cb197d6db0d2e,TO,palmas,-10.225144693416702,-48.3227514387811,SP,-23.582441147931224,-46.50717982944775,1497.6989906254944,1,1,760.0,255.92,30000.0,2018-07-05 21:37:23,2018-08-10,2018-07-24 19:54:25,18,0,35
44ce6def1c74186615c88a02d09abcb2,7d32094fa9c3a39dc91a3947cbef7a13,TO,palmas,-10.316136750827694,-48.30237837344506,SP,-23.65869024839867,-46.52249513292757,1495.58000934,1,1,89.99,19.17,250.0,2018-02-12 17:16:09,2018-03-07,2018-03-12 22:51:13,28,0,22
542f6adc8252efb82f286307de986bc4,bccbfbc9afd946c9f72b9a00bb91e2a4,TO,lagoa da confusao,-10.788026997531992,-49.6212599012437,RJ,-22.810137443793657,-43.32285129378496,1494.7933686231086,1,1,345.0,123.8,21400.0,2017-04-18 23:53:54,2017-05-16,2017-05-17 16:46:18,28,0,27
bfa825361767b17a25a89b47922032c6,d9ba2a5674d8261aeceb564ea6269927,TO,palmas,-10.229455468648288,-48.34332555056342,SP,-23.56072295337296,-46.63277989454088,1493.4354538984142,1,1,19.49,17.63,50.0,2017-11-27 11:33:58,2017-12-20,2017-12-14 23:36:51,17,0,22
91d7fb75f83fd7b4b4cc8759b690e88c,45e9403381c3609c433c0985ce59ea42,TO,palmas,-10.237359886387916,-48.32163837224733,SP,-23.552032416180964,-46.53746144532288,1492.5745557229668,1,1,119.99,19.08,1500.0,2017-02-15 00:15:42,2017-03-22,2017-02-23 18:03:20,8,0,34
457c5fb81a06b09b10e752720b28f5c5,29983e9662d5dd14e9d133fe7d0b639e,TO,palmas,-10.177553519725851,-48.32033421065061,SP,-23.49189491395926,-46.54629394463038,1492.4096856071303,1,1,69.0,59.63,7225.0,2018-07-15 22:22:59,2018-08-02,2018-07-23 17:12:38,7,0,17
3d9a71340ea2b14362b1a69f08252e45,3bbc87d35ec2db3f1ac09c6c55ce4d15,TO,palmas,-10.203580144705697,-48.32496910635424,SP,-23.5001152350828,-46.43507516395927,1492.0461395055122,1,2,118.0,35.38,600.0,2017-06-15 10:15:14,2017-07-21,2017-06-26 18:12:33,11,0,35
1b3b7a453b2e73b50b194401c0da944d,f69e46a55317ceed64b22737d25f7d27,TO,palmas,-10.19090465915063,-48.3207720407684,SP,-23.52828195706222,-46.77983133527613,1492.034723739689,1,1,179.49,19.95,550.0,2018-05-09 13:33:16,2018-05-29,2018-05-17 17:59:21,8,0,19
3f6dd48701c4fd8500f4c6d8862a806e,d6178ecd6b4f4ff8516d93c3229ba481,PA,pau d'arco,-7.83386403901651,-50.04157082744215,MG,-19.867906407416527,-43.94863882589885,1490.4276574725725,1,1,48.9,34.15,250.0,2017-11-03 17:33:08,2017-12-22,2017-12-01 19:27:47,28,0,48
1222dd8e203987d55f99c5552d41746e,b4d9bdccef2f565308b2564514eba827,TO,palmas,-10.225144693416702,-48.3227514387811,SP,-23.48488009615481,-46.36654993289185,1488.9560186567426,1,1,129.94,36.93,8638.0,2017-09-11 15:36:42,2017-10-09,2017-10-03 18:51:27,22,0,27
9d4c848f67a05d1b2d6f9f9fe1c932c8,c99c8103d1af91b19f82cec25c9a348b,TO,palmas,-10.246690573387887,-48.3467182168061,RJ,-22.781514193726554,-43.425908742413874,1488.7925323404904,1,1,69.99,22.77,1400.0,2018-07-27 13:03:40,2018-08-22,2018-08-06 17:59:46,10,0,25
1b48e0e9948536f454c10a2a97426f11,ef818121a19d344c36de34bd067b03c7,TO,palmas,-10.237359886387916,-48.32163837224733,SP,-23.48488009615481,-46.36654993289185,1487.593755772305,1,1,159.94,58.7,12160.0,2018-05-03 15:19:21,2018-06-06,2018-05-23 16:22:52,20,0,33
6df2358a0a6ced8137f94676eca46d88,ed7dbf50e141a0b251a3186bb2a69901,TO,palmas,-10.237359886387916,-48.32163837224733,SP,-23.52828195706222,-46.77983133527613,1486.9085856962165,1,1,179.49,19.95,550.0,2018-04-17 21:39:07,2018-05-10,2018-05-02 18:19:08,14,0,22
0eccc15fe0cf8638062ecf10382350f1,21078c8fac1a0e33a4ff86590d39e060,TO,palmas,-10.225144693416702,-48.3227514387811,SP,-23.49166859722086,-46.7297613836344,1484.8231643855445,1,1,149.9,27.49,2650.0,2018-05-29 17:14:23,2018-07-05,2018-06-18 20:17:36,20,0,36
2130b83c315c16dd6afd6c742c6ae4a2,922f8983e459278daa15437950d93666,TO,cristalandia,-10.60329867384707,-49.19479096399103,SP,-23.717189479369523,-46.55358758458623,1484.803739183511,1,1,810.0,54.69,7150.0,2017-09-29 22:34:09,2017-11-03,2017-10-18 20:32:34,18,0,34
1405c563a488ba7869c598deec085886,8be838a392ab1879b89cb279123ee2b2,TO,paraiso do tocantins,-10.17419584360433,-48.88827885869645,SP,-23.20414980599,-45.89810482431184,1483.26833376712,1,1,29.9,79.88,173.0,2017-06-21 20:40:38,2017-07-21,2017-07-04 15:47:22,12,0,29
b9de9e1eb84649fb4958de11ac492b6b,5e56866794c71350af872dbc88396e6c,PA,redencao,-8.026355248347114,-50.02934909869147,SP,-21.172213467107177,-47.82413717277396,1480.7869526278375,1,1,139.0,26.25,500.0,2017-08-02 16:04:12,2017-09-05,2017-08-25 19:32:45,23,0,33
b8d147e10dd65083377f242fe86dda7a,029c22b31758dbd1588d75557e73d920,PA,xinguara,-7.100734947620587,-49.941471308252815,SP,-20.416380955307154,-49.98507612801325,1480.6397310700854,1,1,45.0,24.84,200.0,2017-02-20 14:28:18,2017-03-31,2017-03-17 09:47:53,24,0,38
1399414876559adb251d9ea3e3b570df,97997f46442a864ca0dc6180d3907099,TO,palmas,-10.315289427897364,-48.3180431455143,SP,-23.48488009615481,-46.36654993289185,1478.9550004207724,1,2,157.94,94.94,17618.0,2018-01-03 17:46:17,2018-03-14,2018-01-30 23:53:14,27,0,69
ae60b17185a7a0d74929448e21803329,d75ec94339dfd4d525dac0f255ffa695,TO,palmas,-10.177553519725851,-48.32033421065061,RJ,-22.53988593060518,-43.197575382221615,1478.8036828986778,1,1,82.9,27.12,304.0,2017-11-15 20:16:30,2017-12-13,2017-11-22 20:17:35,7,0,27
b1b69f51bb6761e529b47d528ba4470e,673c61d5732c61eb711c2826cc621e6c,TO,lagoa da confusao,-10.788026997531992,-49.6212599012437,SP,-23.718602346932883,-46.39536087523807,1477.84084098032,1,1,22.0,37.06,150.0,2018-07-13 16:55:50,2018-08-07,2018-08-02 23:43:44,20,0,24
a0fbae87b2c4f96a56e39ea7df0c1fd1,427d898b8a06d03e1e805f09d82f250b,TO,palmas,-10.203580144705697,-48.32496910635424,SP,-23.302661247830148,-45.97283979175633,1477.8075550030344,1,2,138.0,35.82,200.0,2017-04-29 12:27:06,2017-06-07,2017-05-19 10:32:23,19,0,38
02bd92abe094825e0683bacaacb64285,d71c8d46b852f467520c039ceefcc433,TO,palmas,-10.225144693416702,-48.3227514387811,RJ,-22.53988593060518,-43.197575382221615,1473.9599123037865,1,1,59.9,25.7,438.0,2017-11-27 15:30:19,2017-12-26,2017-12-14 19:21:51,17,0,28
42b728c418ed710abe935da2195bc7e6,28179fd1063260776ef2e3a6aa0ac39b,TO,pium,-10.441230484585049,-49.17927389719306,SP,-23.302661247830148,-45.97283979175633,1470.0492553322572,1,1,20.0,25.63,200.0,2017-08-11 19:07:35,2017-09-13,2017-08-25 11:17:20,13,0,32
19cafdf7469104c432959892a04920a2,99e6d3283c13d53d86d6c0a026fe0bf7,TO,cristalandia,-10.60329867384707,-49.19479096399103,SP,-23.59032952255033,-46.63175129640077,1469.420026333896,1,1,13.99,25.63,200.0,2017-10-23 13:32:59,2017-11-22,2017-11-08 22:32:46,16,0,29
a4101dff2487b4a3d89330b9fe480475,681a0a16e33799607c5f5be2c0b7195a,TO,porto nacional,-10.70653555337566,-48.40658648976063,SP,-23.763024846795645,-46.47374754113308,1466.174809807353,1,1,35.0,37.16,280.0,2018-06-14 12:16:23,2018-07-19,2018-06-25 12:22:49,11,0,34
cf937bac66a020cc0077490569f3465b,5d0957541b90307fbd9c8f8216c8cf5e,TO,palmas,-10.253654999999997,-48.32211935397665,SP,-23.20414980599,-45.89810482431184,1462.8581152591812,2,2,137.8,51.53,540.0,2018-01-04 17:09:54,2018-02-05,2018-01-18 21:28:52,14,0,31
6215b65b1a79cc034605e477320e37c3,84309b932d949c30b561e2900fa86678,TO,porto nacional,-10.70653555337566,-48.40658648976063,PR,-23.42843316855792,-51.91774739994137,1462.765711430175,1,2,37.8,68.3,600.0,2017-11-29 11:11:52,2017-12-29,2017-12-12 21:48:29,13,0,29
87979d4911d8ddfec45cd5ebccfb535b,8108be015f1623687cb6582904cf4fb7,TO,palmas,-10.19090465915063,-48.3207720407684,SP,-23.211061972115367,-46.76376569389638,1457.189761521025,1,1,29.9,26.89,250.0,2018-01-01 20:33:42,2018-02-01,2018-01-19 20:26:26,17,0,30
bbfbe3c62a4a810fb97d10267acb5f10,3e2f1eaa74e606c93ef2847f45b71a84,TO,lagoa da confusao,-10.788026997531992,-49.6212599012437,SP,-23.54241282514857,-46.49070640341336,1456.4978315264573,1,1,34.99,17.78,200.0,2017-03-24 10:27:25,2017-04-24,2017-04-17 15:12:32,24,0,30
862510fc0a355d6cfe5c4add63ae9566,a83105a7f769fb04c0209dca18f3d17c,RO,vilhena,-12.741799564324262,-60.13808040474748,SP,-20.784127308544576,-49.357266167078,1454.011196825153,1,1,161.0,84.0,1500.0,2018-08-07 16:05:28,2018-08-27,2018-08-20 19:25:25,13,0,19
cd7872c2e8a4aedd31e308e5005b220d,76fdb94e980edf0a4a7b1aae1abf57b0,TO,palmas,-10.19090465915063,-48.3207720407684,SP,-23.20712579877664,-47.30927660866177,1451.319670944278,1,1,89.9,37.32,950.0,2018-04-19 11:13:34,2018-05-17,2018-05-09 01:48:30,19,0,27
377fd6b04bda10a4cc4e37e0adbf1706,ad82dd3414b1b3d24c02d7d1dde78004,TO,porto nacional,-10.70653555337566,-48.40658648976063,SP,-23.652442526788203,-46.75549168747648,1450.107756474114,1,1,78.0,37.46,250.0,2018-06-24 15:22:28,2018-07-23,2018-07-03 16:12:37,9,0,28
9d9f7fce2886a9587f0a42a1366a1392,33a8963fe310d610c7a1b0da4dc974d2,TO,araguatins,-5.650404996590558,-48.12299337627995,MG,-18.65158486656263,-48.19241119054979,1445.6848393875428,1,1,15.99,17.78,200.0,2017-03-30 20:43:30,2017-04-28,2017-04-13 13:06:03,13,0,28
d72e8cc4d5efd1b5149f68dffc423772,68745ec5a6e2a85bc4acad76a8641c2c,TO,araguatins,-5.650404996590558,-48.12299337627995,MG,-18.65158486656263,-48.19241119054979,1445.6848393875428,1,1,13.99,17.78,200.0,2017-03-12 10:24:33,2017-04-07,2017-04-03 14:40:06,22,0,25
5cbfca5949dfb13ee9e578f34258c821,19dba184dcdce803364d6166413650ee,TO,guarai,-8.841148348706644,-48.51068724413237,SP,-21.82182624375579,-48.14411094601537,1443.9179357729622,1,1,572.0,90.62,15350.0,2017-06-14 08:37:39,2017-07-13,2017-06-28 13:28:30,14,0,28
c2646971872aa9667e99e3b4545dc747,5745218a667013d784c68fdc707cdd16,TO,paraiso do tocantins,-10.17419584360433,-48.88827885869645,SP,-23.002985032019456,-46.82360927106554,1443.2761043685591,1,1,174.9,40.21,4350.0,2017-10-16 11:32:05,2017-11-10,2017-10-26 20:55:17,10,0,24
5dba08d21f1386085c1bdd47548f34a4,82cc4a44845768c5fe11c6580f2b48b3,TO,palmas,-10.219778809219983,-48.34605060452032,SP,-23.13387984873623,-47.22675819555469,1440.896867195557,1,6,240.96,115.14,1500.0,2018-06-28 15:31:49,2018-07-26,2018-07-10 12:08:53,11,0,27
44c652443459cd095f4298d1d1daa389,ff8fa0e333a5b7b5362e76311b4ae90a,TO,palmas,-10.315289427897364,-48.3180431455143,SP,-23.086496272847818,-47.216807769634734,1424.9031316879175,1,1,47.65,19.04,1110.0,2018-03-21 23:05:27,2018-04-13,2018-04-18 14:26:42,27,0,22
c4746ccd04aef8864a52efd2b5fa6c1f,ab132cd403ba599bc39ab58202cfa789,TO,palmas,-10.177553519725851,-48.32033421065061,SP,-22.92492963558197,-47.0742943724681,1423.6197249638349,1,1,149.9,19.59,500.0,2017-11-18 11:57:21,2017-12-12,2017-12-07 19:22:41,19,0,23
7bed52ae04d24f8dd5725a005681fbfc,84d87129f3907d8fcbca2b05ceabab6d,PA,sao felix do xingu,-6.640243467734186,-51.97888176371889,MG,-18.917864434084464,-48.33131223723239,1421.1112746910042,1,1,69.9,37.45,4800.0,2017-05-03 10:28:56,2017-06-14,2017-05-23 14:11:48,20,0,41
19f18d8100c83fa718fbe5a064e982d1,16e38770e962953f296350b1bc7684ff,TO,miranorte,-9.537258549704145,-48.591907258210846,SP,-22.213919097740828,-49.957488146734775,1417.0886092530957,1,2,36.0,51.26,250.0,2017-11-16 22:41:36,2017-12-13,2017-12-26 16:37:06,39,0,26
037d59208a513ace896d132dc8c8a93d,fe9e048ae4267835d2658aca15096833,TO,palmas,-10.237359886387916,-48.32163837224733,SP,-22.917591895173675,-47.015055257922846,1416.8012123753767,1,1,538.9,24.17,1288.0,2018-02-26 13:01:54,2018-03-27,2018-04-03 20:49:38,36,0,28
e9781329bbd9648bc8c210acc30c130c,e9137323c426e06652900161e3b0a105,TO,lagoa da confusao,-10.788026997531992,-49.6212599012437,SP,-23.211061972115367,-46.76376569389638,1414.238097701214,1,1,149.0,21.67,2000.0,2017-03-27 21:44:45,2017-05-03,2017-04-17 12:24:30,20,0,36
0b29027a3a98807aea23a764ab594bbd,3375758b2fb28058dece1e3036b24900,TO,lagoa da confusao,-10.788026997531992,-49.6212599012437,SP,-23.211061972115367,-46.76376569389638,1414.238097701214,1,1,149.0,29.44,1700.0,2017-06-08 13:23:59,2017-07-10,2017-06-30 06:56:39,21,0,31
dbda8a43cc60a915d11e2e4839ea10a4,58595df42c583d2c6ab07d1819e4091d,TO,palmas,-10.19889488503726,-48.34559560351271,SP,-22.72279273828824,-46.846086231074864,1401.6983431348078,1,1,66.3,42.52,5900.0,2018-04-27 16:13:46,2018-05-23,2018-05-12 20:12:54,15,0,25
ae97799b02696e7937ea854ed542d015,48d9269e44b63f369a6eeb4024456cfd,TO,palmas,-10.237359886387916,-48.32163837224733,ES,-20.27110455009337,-40.41523240211024,1400.6658060224336,1,2,199.8,42.3,17750.0,2017-03-02 16:12:33,2017-04-03,2017-03-14 11:08:56,11,0,31
9d878626f2f4299a286c12663698d2d8,ee5e86adac545e66e1e4e3e2616d1600,TO,palmas,-10.19889488503726,-48.34559560351271,SP,-22.75756675966071,-47.416027840450326,1399.9559988088083,1,1,987.0,33.35,15800.0,2018-03-27 13:42:05,2018-04-18,2018-04-26 13:18:25,29,0,21
3eb7b3f39b5c39ce07dae0c4bfbf5dd0,5fb72531a5f56bbbffaed518edd7c504,TO,alianca do tocantins,-11.304669012160648,-48.93774067856904,SP,-23.65869024839867,-46.52249513292757,1397.2652455696546,1,1,84.99,27.13,600.0,2018-01-08 22:53:22,2018-02-09,2018-01-19 22:46:02,10,0,31
5691d72069359cd293ac9a14f1bd5e9b,a8f76d9cb0f8db57cbbfe8d67b257893,TO,palmas,-10.154228038108592,-48.31450204139296,SP,-22.611004585010026,-46.70334132489496,1395.701134078122,1,1,34.9,37.15,500.0,2018-07-23 10:21:28,2018-08-14,2018-08-02 00:42:53,9,0,21
0f9751081b734220a998be212c391523,28a204eb0f0f081ece6295f4ce42a1cf,TO,gurupi,-11.730139547017725,-49.06688766470846,SP,-23.99567058451152,-46.27862346779968,1395.2668923407823,1,1,199.9,33.85,3300.0,2017-09-27 13:54:38,2017-11-07,2017-10-11 20:45:52,14,0,40
2e0900f25a11a9802bc76d2613b1144c,4008eb96c0d03b654fe77b09b1ddaa12,TO,gurupi,-11.727584793628802,-49.07381721676321,SP,-24.00920985345376,-46.41937090980433,1394.1060292350692,1,2,178.98,75.08,400.0,2018-07-24 13:30:27,2018-08-15,2018-08-06 14:35:16,13,0,21
a771d79ec4b8d059bfb6e773f290cc1d,cdbde24991a0b156e7608bd872df8747,TO,pindorama do tocantins,-11.136895788631303,-47.57758481444616,SP,-23.625852663887155,-46.61139748251486,1392.4690330125463,1,1,24.99,37.09,300.0,2018-07-21 08:57:30,2018-08-16,2018-08-02 19:37:52,12,0,25
747674a4b8b96ff3a901d54e528c9059,fc3e5e2cdea306080a59bea96d94f4b1,TO,pindorama do tocantins,-11.136895788631303,-47.57758481444616,RJ,-22.826413437605595,-43.053180037616045,1385.6370758784635,1,1,74.67,37.43,350.0,2018-07-31 11:36:01,2018-08-24,2018-08-16 23:16:58,16,0,23
aef9c99ee1272a501f52167fe0c5631a,d8f2d04650db8e8b43d2bdce53ddbfa0,TO,palmas,-10.168168861155287,-48.341209538018894,SP,-22.60137566819486,-48.80749003720592,1383.399664694204,1,1,199.0,22.02,1300.0,2017-05-04 15:20:54,2017-06-02,2017-05-16 16:00:09,12,0,28
e9007e380558105d9508dbc5b6e3ec59,82f44f612817d366e8305b59650b7d71,TO,alianca do tocantins,-11.304669012160648,-48.93774067856904,SP,-23.537493461278807,-46.63974517262972,1381.798566470314,1,2,77.8,74.08,600.0,2018-04-02 20:04:30,2018-04-26,2018-04-23 20:02:50,20,0,23
a2ab1f261540e0684d49b5327616fc96,5f0d1a2585d29514956283c559da610b,TO,palmas,-10.177553519725851,-48.32033421065061,SP,-22.56117141825844,-47.447471268798,1380.12535992805,1,2,40.6,51.26,400.0,2017-09-14 20:22:56,2017-10-05,2017-09-30 13:55:04,15,0,20
5d93a32a25ed8f8e884e5a1d283c43dd,b0dfff3b69c6420c45bee6e689f8b060,TO,palmas,-10.19889488503726,-48.34559560351271,SP,-22.55682570149749,-47.42307221908908,1377.6419045757582,1,1,48.9,38.61,600.0,2018-06-19 11:23:30,2018-07-17,2018-07-10 15:06:43,21,0,27
7ce4e38f4eadd993bb5b2e60bb7f7bec,945ff008560255cc327d509beeefb54f,TO,palmas,-10.163339291922798,-48.34417360580387,MG,-22.43068953453729,-46.57343370165055,1377.034087549317,1,1,179.9,103.12,6100.0,2018-08-08 14:46:45,2018-08-28,2018-08-15 18:55:45,7,0,19
5a6566ca1aa7d313e6a34e0443e32ba1,cfd55a1ef8c0aae89c06c519224ef21a,TO,silvanopolis,-11.15337794953285,-48.172351154064174,SP,-23.436518883014024,-46.555788787339054,1376.5107816439763,1,1,229.99,43.89,1800.0,2018-07-25 16:21:39,2018-08-17,2018-08-08 00:46:39,13,0,22
ea048e4dd31fbc0e639a1aade37c7f3e,4b3e7362d1817574e08899f1f72db97e,PA,redencao,-8.037988413636953,-50.03688313277065,SP,-20.416380955307154,-49.98507612801325,1376.425724853149,1,1,189.5,29.73,1900.0,2017-07-03 12:26:12,2017-08-04,2017-07-20 17:26:58,17,0,31
061abe3150d5be34c25d2d6055a88575,49ac285378c4259393ffdde8471df62f,PA,redencao,-8.037988413636953,-50.03688313277065,SP,-20.416380955307154,-49.98507612801325,1376.425724853149,1,1,159.9,29.52,1500.0,2017-07-30 19:43:25,2017-09-01,2017-08-16 19:13:26,16,0,32
ad7d9326d258f80eb37b239345f12bab,9eac01273a3af8693258b4e2cba53b68,TO,palmas,-10.19090465915063,-48.3207720407684,MG,-22.2492531099986,-45.70557966603161,1369.4596071115982,1,1,139.9,36.3,10225.0,2017-10-23 00:05:04,2017-11-16,2017-11-06 18:34:04,14,0,23
8e3c10b463cb2ffb94546b5e9f05cd05,8e2e0eb8e828fd0fa012dbae8d10d6f0,TO,palmas,-10.19090465915063,-48.3207720407684,SP,-22.38402218078369,-46.9362356656652,1363.8042387670553,1,2,559.8,301.12,29800.0,2018-04-02 12:24:33,2018-04-23,2018-04-26 13:57:24,24,0,20
b0835aaf669bff95648d0a0a4f2420d8,63bc7bdfcdedac9e61055d275d8e9cdd,TO,palmas,-10.253654999999997,-48.32211935397665,SP,-22.38402218078369,-46.9362356656652,1356.8812008053903,1,1,199.9,117.02,9750.0,2018-02-27 08:21:52,2018-03-22,2018-03-13 19:26:41,14,0,22
03d631cfa59f71c4a9cd31a6bb7467fe,f93b631ae6e592bbe9dbd11ad77af237,TO,paraiso do tocantins,-10.17419584360433,-48.88827885869645,SP,-22.111362492566023,-51.39854839493498,1354.0413189490516,1,1,364.98,39.24,250.0,2018-06-04 11:01:31,2018-07-19,2018-06-18 16:24:54,14,0,44
4c95e64d87f0a8e6c7e8ffc83767df0f,3a3994cce93e177ebeac87b9b46e5d93,TO,gurupi,-11.726936109956457,-49.07466362945584,SP,-23.69066643075192,-46.70391215514457,1353.6902038502026,1,1,69.9,0.0,2600.0,2018-05-16 15:50:49,2018-06-07,2018-06-02 15:58:48,17,0,21
03ecec245220b63fd7f68c1737ba99ba,0d34797f478a608695b3635dfaf86733,TO,gurupi,-11.729676624135095,-49.06218640005959,RJ,-22.53988593060518,-43.197575382221615,1353.414434547693,2,2,298.9,76.83,979.0,2018-06-11 12:58:51,2018-07-17,2018-06-21 11:37:48,9,0,35
b0ba58e96fcf1892b604e398e472af5e,5b9eb8c83ef8e578c2bbaefc6f8100de,PA,redencao,-8.040409737704579,-50.02759606162253,CE,-3.723737405505152,-38.58929631196261,1352.8658110329889,1,1,59.47,26.96,1900.0,2018-01-04 13:37:09,2018-02-20,2018-02-26 21:58:53,53,0,46
f1a1942c32bd91ad8368164ae571b8f7,9632f1ff07591588a9596b99f8515c03,TO,gurupi,-11.717812276013843,-49.07989332994299,SP,-23.625852663887155,-46.61139748251486,1349.575175699346,1,1,21.99,37.04,350.0,2018-04-16 20:51:56,2018-05-16,2018-04-30 15:43:45,13,0,29
d8f4cab2c25988993e96c6c02a837ec9,51ec9c71b8a1fa7cfbdcd29bcbdeea39,TO,formoso do araguaia,-11.80702701011278,-49.52402383124423,SP,-23.595227193173283,-46.56076636913555,1347.6800712125146,1,1,38.4,26.89,950.0,2018-02-26 15:59:29,2018-03-27,2018-03-20 18:26:32,22,0,28
e009dde166ed889f54967499e49e3052,16195a3a52d14b7a0d2e4b60ab64e9aa,TO,almas,-11.566925044328528,-47.16873809148496,SP,-23.652442526788203,-46.75549168747648,1344.558299607624,1,2,78.0,35.56,450.0,2017-04-20 15:49:10,2017-05-18,2017-05-05 13:44:06,14,0,27
dec5dddbabb890eefc4bf9e0b66ad1bc,f25d8576442f2eb5a76648bea92b1c01,TO,taguatinga,-12.400741973822022,-46.43466012956793,PE,-8.134782793932896,-34.93613699999999,1344.1938724103754,1,1,149.9,36.37,533.0,2018-02-19 13:39:17,2018-03-22,2018-03-06 20:43:47,15,0,30
a523c396a29386423aa594fe448ca713,e2431d4ec21d4a66b411af4e65c4cb1b,TO,formoso do araguaia,-11.80702701011278,-49.52402383124423,SP,-23.54241282514857,-46.49070640341336,1343.728964136973,1,1,28.99,25.63,150.0,2017-11-29 15:49:41,2017-12-28,2018-01-04 23:48:54,36,0,28
c7c9aa7dc61f395e914d6946cf62219b,087416058efed159681fcaf612d0d54f,TO,formoso do araguaia,-11.80702701011278,-49.52402383124423,SP,-23.552032416180964,-46.53746144532288,1343.5957106607989,1,1,129.99,21.54,1600.0,2017-05-04 15:23:04,2017-06-02,2017-05-15 13:28:32,10,0,28
54082a3f0c13598bb5c2b3bb78bbbee8,6202c26af8ecd3ebdea24151802939fa,TO,gurupi,-11.726936109956457,-49.07466362945584,SP,-23.57808470774424,-46.651012156529546,1342.462875488971,1,1,43.9,38.58,515.0,2018-06-20 10:39:52,2018-07-20,2018-06-28 10:28:31,7,0,29
a35f08311f3c3ceb67be9ff5c1828886,3fe4ae2a8958da697c995d38b5412fed,TO,araguatins,-5.650404996590558,-48.12299337627995,BA,-12.89472449617752,-38.33875838605659,1341.6659597911173,1,1,249.0,52.46,450.0,2018-08-10 11:48:38,2018-08-29,2018-08-28 13:18:35,18,0,18
6ef401cf776e0393085115618d39f6a9,bba03ef582638ab9f9c9b38eb0392daf,TO,duere,-11.342061430005698,-49.269924463924,SP,-23.128136528997672,-46.569352699001655,1341.4275642308676,1,1,115.9,42.87,1450.0,2018-06-07 11:06:53,2018-07-17,2018-06-21 15:08:30,14,0,39
d2c021c9649e328e98f4b09574854cab,fb44731890feab95ab8f71e54fcf3dc1,TO,gurupi,-11.729676624135095,-49.06218640005959,SP,-23.55404227061568,-46.59485318913384,1340.4340308646476,1,1,148.6,27.58,1000.0,2017-05-12 20:55:01,2017-06-08,2017-05-24 12:58:24,11,0,26
028558cddca332b40b4ac4cb77407edf,8401401a8752eb431189e021b8009e37,TO,gurupi,-11.726936109956457,-49.07466362945584,SP,-23.5406306991459,-46.63784230127247,1338.6481193431553,1,1,2649.99,134.17,17400.0,2017-06-26 10:26:31,2017-07-25,2017-07-07 19:44:34,11,0,28
b0c7196170c9adcbf44c5b77f03165e5,9c3644078ac04eb62d98d3c2f6e51206,TO,gurupi,-11.730139547017725,-49.06688766470846,SP,-23.56885334722136,-46.78225045146837,1338.3769097597033,1,1,68.8,42.76,1450.0,2018-08-11 22:17:09,2018-09-03,2018-08-23 14:31:09,11,0,22
01094e169d4b14edaf6954eeddb83633,2b7ad3fc92af63027a7748b084f9b439,TO,gurupi,-11.730139547017725,-49.06688766470846,SP,-23.537163400080807,-46.61070457146976,1338.3160858487406,1,1,79.9,28.96,1500.0,2017-09-27 13:54:33,2017-10-26,2017-10-17 20:43:52,20,0,28
c1c06053c21d197688b79b2dddbc0560,04cb9ac4f7e8601eca04db769d91d5aa,TO,aparecida do rio negro,-9.950409822060305,-47.975271675045946,MG,-21.69506411550893,-45.257499190163706,1337.7827322122769,1,1,115.0,57.58,3200.0,2018-06-14 00:23:48,2018-07-20,2018-07-04 22:27:50,20,0,35
03b566bccfbc64cf92b82db663a243f8,5666c037aed4dc726ddf2e0999782cc1,TO,cariri do tocantins,-11.893993163709174,-49.16172712197573,SP,-23.65869024839867,-46.52249513292757,1337.556225442325,1,1,84.99,27.13,550.0,2017-10-31 19:19:12,2017-11-29,2017-11-16 19:42:23,16,0,28
ba1cb152ffbff7aeb5630aceb9b6d212,ae514a3a680d817b98d83f750b1a5ae9,TO,dianopolis,-11.62531419576341,-46.82146777001999,SP,-23.652442526788203,-46.75549168747648,1337.37383901388,1,1,78.0,37.46,250.0,2018-08-06 09:53:27,2018-08-23,2018-08-17 18:37:45,11,0,16
97f06fe395ce93098b2deafe88e888c4,547c1c5240ab52551513cdd2d3ec52a2,TO,gurupi,-11.738527165698766,-49.06561963017076,SP,-23.50848147377229,-46.485872413266776,1336.8805616059458,1,1,17.5,25.63,150.0,2017-12-05 16:24:16,2018-01-09,2017-12-18 22:22:18,13,0,34
46f3c70ec2c3e58a0c126aeb5d10d9b9,627b92adad5c3e29a2c4518bfcf13fec,TO,gurupi,-11.730139547017725,-49.06688766470846,SP,-23.552859590255665,-46.78238998184588,1336.6272905095757,1,1,599.0,96.61,10900.0,2017-09-11 19:42:40,2017-10-11,2017-09-25 18:46:24,13,0,29
8baa038ccba688e5d3c2d087d7ac5ca2,be55be4c49ea283f0f51ba4b332568bb,TO,gurupi,-11.729944762783688,-49.09486710149194,SP,-23.51652487318377,-46.62107903956914,1336.4525205163873,1,1,35.0,17.78,600.0,2017-04-14 14:28:24,2017-05-18,2017-05-09 12:22:31,24,0,33
b99d02003fd457ff94fde6f7627b4514,36835ef37cf8330cd51ce0dd0dc39bf4,TO,gurupi,-11.726936109956457,-49.07466362945584,PR,-23.42843316855792,-51.91774739994137,1335.439255196068,1,1,19.9,34.15,100.0,2017-11-21 11:45:51,2017-12-18,2017-12-02 13:36:38,11,0,26
c10d412026c4077b8e83acf0fea04eee,4e2311c6a3b9c353851097a679ede20a,TO,guarai,-8.841148348706644,-48.51068724413237,SP,-20.806830481885147,-49.38960170992274,1333.8585442617225,1,3,179.7,86.46000000000001,5550.0,2017-09-12 21:39:28,2017-10-16,2017-09-29 12:24:06,16,0,33
ddfa1e68bf845862d55c2616b5ca20ce,3f8a26a3def48cf9e839630cf45708b7,TO,gurupi,-11.729944762783688,-49.09486710149194,SP,-23.49763500721336,-46.73869904648281,1332.0137792562002,1,1,69.9,37.4,183.0,2018-07-27 20:21:49,2018-08-13,2018-08-06 17:19:25,9,0,16
b9e94fdb4a15c04cbde632c381826608,bc9b1d17c0cea5e7ff2d2b42a184ea85,TO,dianopolis,-11.62531419576341,-46.82146777001999,SP,-23.552032416180964,-46.53746144532288,1326.5305738811803,1,1,99.99,29.1,1200.0,2017-08-16 15:31:02,2017-09-14,2017-08-29 12:26:16,12,0,28
334062cc253eacbccdb7825335f7b815,9a56e99aeffb0d929f73eb7c556f4c6e,TO,dianopolis,-11.62531419576341,-46.82146777001999,SP,-23.5397205,-46.43633556480467,1325.4474265480194,1,1,39.99,17.78,100.0,2017-05-02 19:41:44,2017-05-31,2017-05-18 06:55:28,15,0,28
947f3467c45aa7dbbf64b2b6fc5dc3c6,6b1155994bef28cfc2294616b033dfcd,TO,palmas,-10.237359886387916,-48.32163837224733,SP,-21.93085204816489,-50.49756182976886,1320.7877808410003,1,1,219.99,47.13,5000.0,2017-06-14 09:03:12,2017-07-13,2017-07-06 16:03:22,22,0,28
a26aba3dbb6986530ac9f2c8866a36c2,c1a8c3346940f085805f42c662cb333f,TO,porto nacional,-10.70653555337566,-48.40658648976063,MG,-22.28793624001079,-46.61380166682788,1301.8404416408723,1,1,139.99,25.72,1850.0,2017-02-28 21:01:33,2017-03-28,2017-03-14 09:34:19,13,0,27
29145ea9a79826e9eb23fd0684f6777e,874f40462e35f44f2e849feecca4c180,TO,dianopolis,-11.62531419576341,-46.82146777001999,SP,-23.302661247830148,-45.97283979175633,1301.564025518747,1,1,180.0,35.3,175.0,2018-03-25 19:37:35,2018-04-24,2018-04-24 20:03:58,30,0,29
fed8de9095f81f4e708bfef1ea529424,dfeb499afeccbe255d81f5900fb20879,TO,gurupi,-11.715434348072698,-49.05137626626807,SP,-23.20712579877664,-47.30927660866177,1291.0520592302048,1,1,129.9,23.46,1700.0,2017-05-03 20:29:17,2017-06-01,2017-05-12 13:51:49,8,0,28
045fdf416ed4db7ae710009397448586,d71417bdc4732253d051aea71d4141b6,TO,palmas,-10.168168861155287,-48.341209538018894,SP,-21.757690120914923,-48.82976816265947,1289.7494770024489,1,1,153.0,33.52,2400.0,2018-01-12 12:04:11,2018-02-08,2018-01-24 21:56:55,12,0,26
1d7f3280ef428fd4fb454e6d0d1fef43,e587dd5e730f4af7337801d98bd17b6b,TO,palmas,-10.168168861155287,-48.341209538018894,SP,-21.757690120914923,-48.82976816265947,1289.7494770024489,1,1,58.9,26.95,1000.0,2018-01-31 11:55:52,2018-03-02,2018-02-20 17:57:16,20,0,29
8d10435d438f4f2582d83a8cb0f007ad,b27881b13fc8dd2754804c760c4c40bc,TO,gurupi,-11.726936109956457,-49.07466362945584,SP,-23.1920337665812,-47.29076085317961,1288.7666507504496,1,1,79.9,38.83,750.0,2018-07-24 16:26:24,2018-08-22,2018-08-16 15:36:30,22,0,28
8298dcc2f7a6cfcc788481bc06d227e0,7088d4c9520dacf9055680a903bbdc59,TO,peixe,-12.032118457708911,-48.53848066649441,SP,-23.5035911312828,-47.42963911490015,1280.9386981454356,1,1,89.99,27.17,496.0,2017-09-26 15:51:35,2017-10-26,2017-10-16 19:23:10,20,0,29
8563039e855156e48fccee4d611a3196,5f16605299d698660e0606f7eae2d2f9,TO,alvorada,-12.479179309920433,-49.12182771726464,SP,-23.69066643075192,-46.70391215514457,1272.4802067537069,1,1,78.0,28.95,850.0,2018-02-17 15:59:46,2018-03-20,2018-03-20 00:59:25,30,0,30
ba78eeba3ae33579487bedc08dce96be,4bfe7cd506a992a41031d3fe407e2b2b,TO,conceicao do tocantins,-12.219768426395936,-47.296374664858206,RJ,-22.93534069637593,-43.186718398333056,1268.37080279501,1,1,279.99,22.59,1950.0,2017-01-24 14:14:29,2017-03-09,2017-02-10 12:09:03,16,0,43
2d08fef3d5af150cd56996814ad895d1,c3a7a7b4bd95621678748140d8dbc7c6,TO,porto nacional,-10.70653555337566,-48.40658648976063,SP,-21.93085204816489,-50.49756182976886,1267.7978758189568,1,1,219.99,40.53,5000.0,2017-05-10 21:15:10,2017-06-05,2017-05-27 13:05:39,16,0,25
4d670725075298192ec296c1aa5f6eab,389e541058bcca8035f5fd63f5a9fb3c,TO,novo jardim,-11.820377920911389,-46.626201400973954,SP,-23.219135312411904,-46.83263194186892,1267.6721793961426,1,1,23.9,37.08,150.0,2018-08-03 14:57:05,2018-08-23,2018-08-24 16:41:41,21,0,19
feeafa1686889fcf9d24e97b81c34f63,3684b9a021a6b089ef00ff9c9b07446e,TO,alvorada,-12.479179309920433,-49.12182771726464,SP,-23.652442526788203,-46.75549168747648,1267.2397840357794,1,1,199.0,26.67,400.0,2017-09-18 19:18:35,2017-10-13,2017-09-27 16:48:21,8,0,24
0ed6d545d159bc1c0786d83a66c1cd03,cadcc766f52c62f7f08bbfb5712bc3ec,TO,sandolandia,-12.539789793978668,-49.92597408212603,SP,-23.452496984943004,-46.47566216472387,1266.9015588736163,1,1,799.0,42.28,925.0,2018-06-02 10:10:55,2018-07-12,2018-06-18 19:12:02,16,0,39
973acb049a8228a556877e26fb30c06a,b90476f60c15ab27c1b5d23728fed65f,TO,alvorada,-12.479179309920433,-49.12182771726464,SP,-23.54774980834696,-46.293749082625176,1266.4346673139808,1,1,999.99,293.27,28450.0,2018-03-15 15:58:43,2018-04-18,2018-03-27 20:12:43,12,0,33
8fd670551839c535568f705a8c23b4da,46b7c21ebf74b18f89bb9ff218c9ad7c,TO,paraiso do tocantins,-10.17419584360433,-48.88827885869645,SP,-21.426847789373337,-50.0643276561055,1257.5237162748515,1,1,134.9,29.34,1500.0,2018-03-01 10:41:51,2018-03-26,2018-03-16 01:11:27,14,0,24
c6b85930220a1a577a8a8352c7dba78f,715d679d44d3aee77a9592f6fd8c26f9,PA,cameta,-2.245151109939572,-49.50111025019855,MT,-11.835954098015891,-55.50803301489325,1255.2581286647635,1,1,143.0,38.55,1250.0,2017-11-17 15:28:17,2017-12-27,2017-12-08 05:48:39,20,0,39
dc0090d613d9e71c981ca40fdf835f84,82a83f6c4fea1e66fc3cade51ebd1584,TO,alvorada,-12.479179309920433,-49.12182771726464,SP,-23.544048456027337,-46.78429673338271,1254.8417120461247,1,1,89.99,39.62,2750.0,2017-05-15 13:20:40,2017-06-08,2017-05-26 09:13:38,10,0,23
6f433e1b5764eb255869aedbee1b9d72,643ae37af3bdfee8f50a9dbba9d2d70a,TO,palmas,-10.177553519725851,-48.32033421065061,SP,-21.364019805249217,-48.22883109179936,1243.9166850417134,1,1,129.0,33.35,396.0,2018-01-11 16:23:09,2018-02-14,2018-01-29 21:06:59,18,0,33
cce2f38a1c903ff25cc0da92e7423d8c,2ff59de37854c7f6805146fead21e42d,TO,palmas,-10.19889488503726,-48.34559560351271,SP,-21.364019805249217,-48.22883109179936,1241.56786743709,1,1,175.0,37.92,6663.0,2018-03-11 20:46:53,2018-04-05,2018-04-14 16:32:56,33,0,24
37c8cbbb816470ceb8a3026653cf3d3c,0c6ddd0fc46185e7fd0bb6d767bf4d36,TO,parana,-12.61735428955966,-47.8785944198539,SP,-23.7169581397296,-46.69411154232787,1240.52163638735,1,1,43.89,25.63,150.0,2018-03-01 15:25:54,2018-03-26,2018-04-04 00:29:49,33,0,24
ce1c82a64c8c7a41beeecd2d1c1dd21e,58a685b2cea3f9c1148140a3bc96cbbb,TO,conceicao do tocantins,-12.219768426395936,-47.296374664858206,SP,-23.302661247830148,-45.97283979175633,1240.2733886292376,1,1,39.0,17.78,100.0,2017-04-22 10:41:15,2017-05-26,2017-05-10 13:16:48,18,0,33
7534ce179e1751acc26f743ab22ace56,c10365a2d64f63953a17620a113352e9,TO,araguacu,-12.927125883738077,-49.8261687885849,SP,-23.63632147654225,-46.694586027208665,1235.686618507913,1,1,129.5,33.36,2300.0,2017-06-07 10:04:14,2017-07-06,2017-06-19 19:37:34,12,0,28
cb6e8557d9afadd1aa602474dafddad8,21acca2de271c02fc746e1573535ed3a,TO,taguatinga,-12.400741973822022,-46.43466012956793,SP,-23.46681894869581,-46.32457947955707,1230.5464996855987,1,1,145.99,33.47,2500.0,2018-01-18 11:52:59,2018-02-21,2018-02-01 12:35:07,14,0,33
180c9fcf056bcb72bbf79029ddfa0132,6292bb80d44fd214eacb6928310b1812,TO,palmas,-10.168168861155287,-48.341209538018894,SP,-21.172213467107177,-47.82413717277396,1224.8408286386289,1,1,144.0,37.7,4338.0,2018-05-07 11:19:05,2018-05-30,2018-06-05 00:08:55,28,0,22
0ac7165ffdfae2004f48cf07156a3644,323660fcecc58704a6fac8faabbdd56b,TO,palmas,-10.19889488503726,-48.34559560351271,SP,-21.172213467107177,-47.82413717277396,1221.4488640026875,1,1,240.0,38.37,308.0,2018-03-31 09:54:42,2018-04-27,2018-04-27 19:30:49,27,0,26
f98cb4c3cde10f19642a16e7dda03f08,d5cce1356cc5c40b9cfe74732b8eb960,TO,gurupi,-11.724258661772376,-49.06207871796302,SP,-22.56117141825844,-47.447471268798,1217.114690190976,1,2,54.6,51.26,400.0,2017-12-28 22:56:38,2018-01-31,2018-01-11 21:09:50,13,0,33
aa92db44dee25eaf72133833ce253f92,8aa2bf57305447ace1ca0679861ce644,TO,gurupi,-11.730139547017725,-49.06688766470846,SP,-22.55682570149749,-47.42307221908908,1216.428893283491,1,1,94.95,27.2,650.0,2018-01-20 14:30:32,2018-02-21,2018-02-02 21:23:11,13,0,31
2a19516124bb3d5f4d0d07555104e322,df8646b48feadbdaa69acd0715c9ed2b,TO,divinopolis do tocantins,-9.800592565643312,-49.2146605010246,SP,-20.554950968499107,-47.38769088301032,1211.7393994705828,1,1,120.99,18.28,118.0,2017-02-28 12:39:01,2017-03-28,2017-03-16 11:25:46,15,0,27
6ea6774abec27440369c7282c5511cc6,be961156244f41bb0728342afdc122e2,TO,cristalandia,-10.60329867384707,-49.19479096399103,SP,-21.43890147950148,-50.076963958313655,1208.5336705810028,1,1,124.7,38.92,500.0,2018-03-21 20:21:35,2018-04-18,2018-04-11 20:22:03,21,0,27
b293c4fde0d98fba95ab1e4b93334005,daa3f06ac09105d630aa53e639b385ca,TO,combinado,-12.815290345020664,-46.549622929524,SP,-23.652442526788203,-46.75549168747648,1205.2316932201916,1,1,29.0,25.63,200.0,2017-08-27 14:55:41,2017-09-25,2017-09-06 17:54:54,10,0,28
2b749af514f3e9bd00fb20b105f36a83,f30c0c7f51b2c606e9322117d57acba7,PA,itupiranga,-5.134785384753941,-49.33237004985034,CE,-3.784557102982789,-38.568202973079785,1202.666384706849,1,1,399.0,203.38,19150.0,2018-08-01 13:19:22,2018-09-06,2018-08-21 12:26:46,19,0,35
18655e8acc771fadb130bf3048a5589e,620af8d8e9274c4396fe32ffcf65525d,TO,parana,-12.61735428955966,-47.8785944198539,MA,-2.498944490930389,-44.244046363558766,1194.1320161819235,1,1,64.99,60.74,350.0,2018-07-16 11:12:30,2018-08-10,2018-08-10 16:58:46,25,0,24
a4d5fcb131fab3ac106ae40ac7042833,60dd5ea5f8bfa751e88c6ba644c486d7,TO,porto nacional,-10.70653555337566,-48.40658648976063,SP,-21.364019805249217,-48.22883109179936,1185.209877953026,1,1,158.0,33.56,4338.0,2017-09-24 22:28:08,2017-10-26,2017-10-07 13:33:10,12,0,31
ada1a38681627159c9618c5c7f047885,abb4e48f24fff1c4bed414e1a4dd8bf0,PA,parauapebas,-6.074258046829258,-49.89743695914128,GO,-16.713602536899774,-49.30173646380534,1184.816046242522,1,1,49.0,34.15,1125.0,2018-02-08 16:56:03,2018-03-19,2018-03-07 21:54:52,27,0,38
b89638c45bf1b7dcf3e47420ac9c9066,4f3ef15a15fa5342175b6a2c03990ff8,TO,palmas,-10.177553519725851,-48.32033421065061,MG,-20.46232843504684,-45.4307357978066,1184.7234579889616,1,1,126.9,51.61,457.0,2018-08-11 11:52:08,2018-09-03,2018-08-20 10:39:02,8,0,22
9b9e08cb1a66ae45d2a91815cd8f4426,490759be2844c3b899a2fb95e6146bd8,TO,dianopolis,-11.62531419576341,-46.82146777001999,ES,-20.27110455009337,-40.41523240211024,1179.9161163782398,1,2,220.0,143.8,16650.0,2017-11-18 11:10:00,2017-12-19,2017-12-11 15:28:46,23,0,30
5e53b775597f422cfe12f743bb0b59ba,8a3504cc50cb9e25e2ff9259c07d9225,TO,novo alegre,-12.91439278914546,-46.57347405787643,RJ,-22.93534069637593,-43.186718398333056,1170.285983912418,1,1,279.99,39.1,3750.0,2017-10-14 11:33:00,2017-11-16,2017-11-03 21:23:26,20,0,32
ca3a52cf84c312258ff4913f1fe15f1e,9d175d3eb028df5615147d3c83a107ca,TO,palmas,-10.237359886387916,-48.32163837224733,MG,-19.867906407416527,-43.94863882589885,1169.0232026265724,1,1,89.9,21.43,950.0,2017-05-12 13:13:51,2017-06-07,2017-05-25 17:41:52,13,0,25
f3af8efd535804214ce63f6b29386312,08972c9a494a9ed1a7a73df4d0bc5b58,TO,palmas,-10.316136750827694,-48.30237837344506,MG,-19.867906407416527,-43.94863882589885,1160.1413065520348,1,1,97.9,25.24,2500.0,2017-08-08 13:20:59,2017-09-05,2017-08-21 18:44:31,13,0,27
248f977b0cbdc09f2c33465578b76873,e3927d011a411c732fa0a9037ceb8737,TO,arraias,-12.926295951932186,-46.94294836306181,SP,-23.302661247830148,-45.97283979175633,1158.3289042406975,1,1,98.0,27.23,925.0,2017-08-21 12:42:00,2017-09-19,2017-09-06 20:56:59,16,0,28
3dee10a1bffcabb51920d1aa6f2779a8,75e5ef83203962832d2967a5c1e8af8e,TO,palmas,-10.177553519725851,-48.32033421065061,SP,-20.554950968499107,-47.38769088301032,1158.2242468849504,1,2,320.0,52.8,400.0,2017-11-22 16:48:43,2017-12-13,2017-12-18 22:13:47,26,0,20
0b5e170e94809753b83e7770cfe6bc4f,96eabda898a7f9126f253a6cd3d01c4b,PA,sao felix do xingu,-6.640243467734186,-51.97888176371889,GO,-16.713602536899774,-49.30173646380534,1157.314550581056,1,1,619.0,39.65,950.0,2018-01-31 23:14:15,2018-03-16,2018-03-06 20:04:12,33,0,43
c6ad7089d27e68a395de452a632cb54e,0a772b10ef12b6b87ccb345a44eab70e,TO,palmas,-10.338948092912256,-48.29422700151645,MG,-19.87317844463038,-43.98240258909915,1156.541473221949,1,1,43.9,23.03,475.0,2018-08-05 11:47:06,2018-08-28,2018-08-13 12:38:42,8,0,22
db3fc84b6b11b4b4c892442161860ca9,e9ea17f127953c48d771b37a514d2d66,TO,fatima,-10.760855253083054,-48.9019095,MG,-19.867906407416527,-43.94863882589885,1143.2108759967584,1,1,59.9,35.74,700.0,2017-12-04 18:07:49,2018-02-13,2017-12-18 23:44:58,14,0,70
60ca761c522b32f4c47465e3ab5c5b8c,7167388318dc1270ddfac0f46bce5f6b,RO,porto velho,-8.765998858024522,-63.89314474007578,MT,-15.602658420792585,-56.10280338024615,1137.4726976559011,1,1,72.9,19.05,900.0,2017-11-24 12:08:59,2018-01-03,2017-12-05 01:59:53,10,0,39
e282c4391c744da1e194f6c322f1255f,098ff9996de8b54d861bf8da445ba2ca,RO,porto velho,-8.74806526700877,-63.85918024193474,MT,-15.602658420792585,-56.10280338024615,1136.0873433351444,1,2,121.0,38.52,1750.0,2018-01-30 12:40:44,2018-03-13,2018-02-16 21:52:16,17,0,41
42326771e9fef8586133e2e6102f87ca,30ec382d461aa51fc8557107836bc01d,PA,belem,-1.4293625810490702,-48.48511736671568,CE,-3.784557102982789,-38.568202973079785,1132.1929048555746,1,1,399.0,120.91,19150.0,2018-07-10 10:13:03,2018-08-08,2018-07-27 00:54:58,16,0,28
4cfdd4464ee3dbf59c17a69045429af4,3a1b9fe3e0d0d7541f37438799c97571,TO,palmas,-10.225144693416702,-48.3227514387811,BA,-12.89472449617752,-38.33875838605659,1127.2700388481728,1,1,1200.0,37.81,2650.0,2017-08-30 11:39:07,2017-09-25,2017-09-12 19:50:00,13,0,25
66fda4a54fb43b9ec8ef4e032eaa7e54,9c27d07ecc859245e18c6d847afaadf7,TO,pugmil,-10.421498999999947,-48.92569099999996,SP,-20.416380955307154,-49.98507612801325,1117.1486735553738,1,1,114.9,33.25,1150.0,2018-02-11 13:18:34,2018-03-15,2018-03-19 16:24:45,36,0,31
39627a21dc26dd7c2810548c6b6e1e90,3d4b571062a7bb528ced4e8e11f095c0,PA,parauapebas,-6.074258046829258,-49.89743695914128,DF,-15.845798834786912,-47.97383682690134,1106.5982435349208,1,1,230.0,35.41,1200.0,2017-06-01 10:10:24,2017-07-04,2017-06-16 14:07:52,15,0,32
1ef6133727cdcc029e9dbcb68ad5d57f,7a56704a242550f842f7a623eb62c966,TO,cariri do tocantins,-11.893993163709174,-49.16172712197573,SP,-21.757690120914923,-48.82976816265947,1097.3602081355025,2,2,185.9,56.24,3150.0,2017-11-26 17:53:36,2017-12-22,2017-12-21 22:09:14,25,0,25
b50788fa41255b57ddf0782d1fc0ad2b,55df88ccac9c2a755f131feb3f74bc6f,TO,gurupi,-11.738527165698766,-49.06561963017076,SP,-21.21282934554791,-47.79516701664842,1062.143518488368,1,1,9.9,25.63,100.0,2017-12-14 17:19:50,2018-01-16,2017-12-30 15:32:58,15,0,32
c8ccd366bbf35430786a86ef073322f8,88957154a87ddc5981b986ce8891453b,TO,tocantinopolis,-6.324285345092806,-47.42547697187908,DF,-15.838541298222948,-48.05311331669846,1060.1459148382382,1,1,19.89,18.23,150.0,2018-05-08 07:41:27,2018-06-01,2018-05-18 18:12:07,10,0,23
43638556d411b559cd36c7f1872b81c6,f525d0ae2d111d201b1169e0c1bddc1e,TO,arraias,-12.926295951932186,-46.94294836306181,SP,-21.806688623479666,-49.604713417675256,1026.9640050031942,1,1,99.9,29.1,13100.0,2018-03-02 10:56:08,2018-04-03,2018-03-26 17:58:53,24,0,31
2525cd7ce3320dde22109e4066be3f7c,41ddb6b40ea0a93e0db456b9da68eed7,TO,formoso do araguaia,-11.80702701011278,-49.52402383124423,SP,-20.806830481885147,-49.38960170992274,1000.8350407686656,1,1,53.9,28.78,1500.0,2018-02-26 15:59:27,2018-03-26,2018-03-15 14:08:41,16,0,27
abbf8270415671551b11b0e45c72eeb8,0cf035c6dba87ba8ca506f64719663dd,TO,conceicao do tocantins,-12.219768426395936,-47.296374664858206,SP,-21.177173112308903,-47.767232134697736,997.2763856221612,1,1,48.98,25.63,833.0,2018-02-22 09:31:28,2018-03-23,2018-03-23 19:34:36,29,0,28
830b3a492a919de3f1a931b439f507d1,49babee9ab5b6c87deaf520c84f553a5,TO,dianopolis,-11.62531419576341,-46.82146777001999,SP,-20.49587175617251,-47.41830587985834,988.4154626555426,1,1,64.99,37.14,150.0,2018-04-28 07:45:37,2018-05-25,2018-05-14 17:54:49,16,0,26
c23cb80af0f010fd4115ad42f91c7822,3258ef1cf6b31779ee6fdf397ae6e5f6,TO,taguatinga,-12.400741973822022,-46.43466012956793,SP,-20.806830481885147,-49.38960170992274,986.2096658176982,1,1,59.9,28.82,1750.0,2017-09-05 16:21:22,2017-10-10,2017-10-09 19:43:54,34,0,34
845b62fbbe4d5781455b7da5d4989afa,141c3b99aa115d4e6f5daf17fab78656,TO,araguaina,-7.204022776059269,-48.2344618852394,DF,-15.838541298222948,-48.05311331669846,960.3175121127628,1,1,26.89,18.29,75.0,2018-08-16 10:45:03,2018-08-30,2018-08-30 22:41:45,14,0,13
1778390c079b0ec4b78c82d39b9d2e3e,a0d327f07730fe86d1fdc9f640ad89fc,TO,palmas,-10.19090465915063,-48.3207720407684,MG,-18.59508110934971,-46.51777561124804,954.4227260304287,1,1,89.5,19.33,850.0,2017-04-24 13:31:19,2017-05-19,2017-05-15 15:52:18,21,0,24
5f0f8a9ceb96ceb90d49907d4c14ac7e,3b9f3bfff76dedf30b3c78c732fe7a0b,TO,palmas,-10.19889488503726,-48.34559560351271,MG,-18.59508110934971,-46.51777561124804,954.0990603353462,1,1,99.9,36.02,748.0,2018-01-19 12:24:00,2018-02-19,2018-02-06 18:32:49,18,0,30
fbf3da6fe82010412982890b0c57e532,e24fae1db3d4f392215beb9553f72f82,TO,palmas,-10.219778809219983,-48.34605060452032,MG,-18.65158486656263,-48.19241119054979,937.7197023357515,1,1,249.99,53.88,3900.0,2018-05-16 17:44:30,2018-06-06,2018-06-08 01:32:39,22,0,20
a091ad657d4d673814a9dc6b64829a42,a472568c15484b8299393ec28b623f9c,PA,altamira,-3.2083253551253788,-52.2234381290311,MA,-2.498944490930389,-44.244046363558766,889.6638781797433,1,1,122.99,19.83,700.0,2018-06-07 19:56:24,2018-07-23,2018-06-28 17:48:33,20,0,45
b99f2ac35db6241badc2e0a4d74e79a7,d57500bee542441e296bd152fc8773cf,TO,alvorada,-12.479179309920433,-49.12182771726464,SP,-20.416380955307154,-49.98507612801325,887.3553101920073,1,1,97.5,29.08,1200.0,2017-07-13 13:17:17,2017-08-10,2017-07-31 15:33:49,18,0,27
d37b53698d3839a94cb33273bb8c0241,e5a30eeaa4e287b87b1354d3d3fd4779,TO,goianorte,-8.774210204018221,-48.93520450581853,GO,-16.713602536899774,-49.30173646380534,883.7130507053148,1,1,40.0,15.1,553.0,2018-02-22 09:43:00,2018-03-23,2018-03-06 19:24:25,12,0,28
6de969bc5e6479d498ca1f31da9b347a,5ffcd627277b345a8ea9ec164c94c82b,TO,palmas,-10.177553519725851,-48.32033421065061,GO,-17.733479770995473,-49.11180619402263,844.5033271511868,1,1,45.0,18.23,388.0,2018-04-06 22:41:16,2018-05-03,2018-04-17 19:43:45,10,0,26
0af07373c6e0f41a0660087bf63d7c64,3226925dceac15f5cc2ca251b64e1ef3,TO,couto de magalhaes,-8.360302034008726,-49.177470670487885,DF,-15.838541298222948,-48.05311331669846,840.4655442088236,1,1,25.89,18.28,541.0,2018-08-02 16:52:35,2018-08-15,2018-08-17 00:03:18,14,0,12
575fddcc90877446a5a777b509ac3786,6366405f9937312b89b389f96d2f82f8,AP,macapa,-4.36737924474e-05,-51.08307205665668,MA,-2.498944490930389,-44.244046363558766,809.4126691888292,1,1,122.99,21.13,700.0,2018-07-10 14:55:15,2018-08-22,2018-08-07 21:46:50,28,0,42
c303310fc1c9bcd9fc5da93bae0ff3ec,85db83a1e38c9d4f92da1c1e210c5f80,PA,xinguara,-7.098215380949121,-49.93428415194819,MT,-11.835954098015891,-55.50803301489325,806.8573585506973,1,1,143.0,38.55,1250.0,2017-10-13 16:40:02,2017-11-24,2017-11-01 20:18:00,19,0,41
88afc72ed244948d6e29e7458db590b7,7895438ecd36a2f65b03b2be35b02e19,PA,santana do araguaia,-9.336353847396552,-50.34022598448979,DF,-16.02294658397918,-48.05071815778448,783.8513507436846,1,1,289.9,52.75,100.0,2018-06-26 22:13:56,2018-08-13,2018-07-14 00:32:31,17,0,47
e3369fffb9c064e20cc82f4f612ce0ca,7d6e327dc7acc214784c12a1848a4c0c,TO,palmas,-10.177553519725851,-48.32033421065061,GO,-16.650630961297367,-49.26722055236991,727.0142905357699,1,1,60.0,15.3,500.0,2018-05-04 16:52:13,2018-05-29,2018-05-10 20:03:18,6,0,24
0113affd907a209209ab08413bb54226,e4d417e5628f278edd59031ac99c168a,TO,araguaina,-7.166829371150275,-48.2017818655454,MA,-2.498944490930389,-44.244046363558766,679.407425107615,1,1,122.99,63.11,700.0,2018-07-09 20:46:49,2018-08-06,2018-07-31 18:26:36,21,0,27
c80bee063ac8e261dbf244fa3f710329,62ca610dbe5613c3e87ebf91eddf632f,TO,gurupi,-11.729676624135095,-49.06218640005959,GO,-17.733479770995473,-49.11180619402263,667.6137524351823,1,1,52.99,18.25,450.0,2018-03-09 11:50:45,2018-04-09,2018-03-23 20:37:30,14,0,30
4689b1816de42507a7d63a4617383c59,d1ea705f2fdd8f98eff86c2691652e60,TO,palmas,-10.168168861155287,-48.341209538018894,DF,-15.867274576637817,-48.05811237096864,634.4526713425317,1,1,429.99,99.56,25900.0,2018-06-26 22:43:32,2018-07-24,2018-07-10 17:38:40,13,0,27
666a6228ea2363c308924bc929101d7f,b8b9cd163d230f13301c8ece6f71eb58,TO,paraiso do tocantins,-10.17419584360433,-48.88827885869645,DF,-15.781713800046974,-47.93342033773479,632.0453653001271,1,1,32.9,15.1,600.0,2017-08-22 13:18:25,2017-09-18,2017-09-01 18:22:35,10,0,26
c707bf13a0edadf77e273f5e862b4b95,1f8813bff74260e6276531269a297620,TO,gurupi,-11.727584793628802,-49.07381721676321,GO,-16.696953922257013,-49.31646534449651,553.186850597912,1,1,55.0,18.27,250.0,2018-03-09 01:32:41,2018-04-05,2018-03-23 17:21:56,14,0,26
72fb560d115ecf3b15de9b853c02e505,d90af5c00814430fc3e212e8163bf2b8,PA,vila dos cabanos,-1.51493676095094,-48.68840034785219,MA,-2.498944490930389,-44.244046363558766,505.855403658365,1,1,64.99,18.33,350.0,2018-04-19 14:04:23,2018-06-01,2018-06-06 20:32:22,48,0,42
14e9f1caf8efa770b1a67ec0adf24737,fd46506877753a9376b97111978b4d55,PA,belem,-1.447242809963,-48.475744038952335,MA,-2.498944490930389,-44.244046363558766,484.58029541079634,1,1,114.99,16.77,700.0,2018-04-25 05:40:24,2018-06-01,2018-05-24 20:30:38,29,0,36
bd1fa6cec6b4313ecd85584380d1804e,e1eb1564d978810991cf5efaa2d3dac8,PA,belem,-1.4042792828206936,-48.45004791348576,MA,-2.498944490930389,-44.244046363558766,482.996707918692,1,1,112.99,15.67,650.0,2018-06-06 10:19:05,2018-07-25,2018-07-02 19:07:50,26,0,48
a0ce637ae9c3e3dedcf9dea3715b7331,a18e4956844fab232555e2bfd53eca5e,PA,castanhal,-1.295414145624778,-47.91334844444345,MA,-2.498944490930389,-44.244046363558766,429.17504476629256,1,1,122.99,20.05,700.0,2018-06-27 14:04:06,2018-08-13,2018-07-11 16:03:40,14,0,46
