order_id,customer_id,customer_state,customer_city,customer_lat,customer_lng,seller_state,seller_lat,seller_lng,distance_km,n_sellers,n_items,total_price,total_freight,total_weight_g,order_purchase_timestamp,order_estimated_delivery_date,order_delivered_customer_date,delivery_days,same_state,estimated_delivery_days
2e167a5acbb1c31fd50faac2ac3986d4,84d873e3af10030dbdf741e8dac59fd5,SP,sao paulo,-23.627797994171623,-46.7242709089676,PR,-23.382421483292536,-51.92932485314671,531.4226103947711,1,2,73.8,27.2,500.0,2018-07-17 09:56:35,2018-08-06,2018-07-23 21:28:44,6,0,19
aa55fe8ca349feb37768777a5908d285,9b568b326f5f6d7f727f20ed3641b421,RJ,rio de janeiro,-22.885651556480287,-43.28062369975704,SP,-23.50884795522316,-46.15160477799565,301.4941204321115,1,1,72.0,16.69,550.0,2018-08-13 02:51:12,2018-09-05,2018-08-17 12:58:38,4,0,22
fee65893d04eea449ea85e69ddef8e1a,27a3e266eaf8507e23957d7b5ea35d6f,RS,passo fundo,-28.26438791237509,-52.42581006598532,SP,-22.611004585010026,-46.70334132489496,851.3879044256558,1,1,34.9,18.34,550.0,2018-06-26 12:39:48,2018-07-30,2018-07-04 16:12:06,8,0,33
94b3244b8c0ad78eb455a0638d92b351,4d809b5536eb462256a4cca3e1aa35e0,SP,guaratingueta,-22.796399252396647,-45.19715473449519,MG,-20.16130630891767,-44.90380827522894,294.57654875648547,1,1,269.89,61.12,14900.0,2018-08-05 20:16:48,2018-08-30,2018-08-21 21:21:29,16,0,24
14861b02076ed7da9471988265a0104b,06e107f212576eccb2e2adc7781c9705,SP,sao paulo,-23.544731000836723,-46.68676936635128,SP,-23.612217093474644,-46.49852895810482,20.59934202096047,1,1,2199.99,67.19,15300.0,2018-07-12 00:03:11,2018-07-26,2018-07-13 16:48:34,1,1,13
22a409aa094a6210e26006088a346124,73b25d06c4c8b89ac3c9ec3198e843d7,GO,itumbiara,-18.40955524760118,-49.20540379221638,SP,-21.757690120914923,-48.82976816265947,374.3558684859465,1,3,186.97,62.5,3000.0,2018-07-24 01:34:25,2018-08-10,2018-08-06 14:57:37,13,0,16
8fec5674a5e6c130c661baf47ca8b861,89f95811429721f15d1a548d33124c86,SP,sao paulo,-23.53816275104938,-46.67683522468111,PR,-23.424536258764668,-51.43284832762483,485.1931085498992,1,1,38.4,13.61,300.0,2018-08-17 22:05:59,2018-08-29,2018-08-23 22:12:29,6,0,11
8514ad13664259c7e1bc7cbaa34826f0,fdbe37ce3eb161f107bf6aef5559207b,CE,fortaleza,-3.72499877208756,-38.49182428530263,SP,-23.575017565515587,-46.739824510602574,2378.373199741849,1,1,57.7,22.68,983.0,2018-07-27 18:00:30,2018-08-28,2018-08-08 22:06:27,12,0,31
9b9f25096c0717bf6728bd6d56a1d1fd,76529cd7a527c09775b6f65b5ea1cb5f,SP,santo andre,-23.65218934609616,-46.53875018356984,RJ,-22.77007941055985,-43.42200034850795,333.2654292986722,1,1,68.0,30.28,7500.0,2018-06-23 20:49:39,2018-07-23,2018-06-27 23:06:33,4,0,29
5041274e6fb755ecb3f38d5285c396b2,f7348d817315b78785d5c8389c26b998,SP,sao paulo,-23.61977634305208,-46.64770039377628,SP,-23.502394833746912,-46.739281462404,16.046551409218775,1,1,189.9,9.49,389.0,2018-08-17 14:59:49,2018-08-22,2018-08-21 19:06:54,4,1,4
0382a4a9c39917c21b842b7c15f4be23,3e15b2d3a5fac27b51a5d2dbd01d18ec,PR,curitiba,-25.517268649595792,-49.30060042984307,SP,-23.652442526788203,-46.75549168747648,330.4759394686462,1,1,55.0,15.49,200.0,2018-08-14 18:17:36,2018-08-23,2018-08-20 21:18:53,6,0,8
c39c44584dde0d84f912a395af0bef21,f82e7ea7e2191c41cdab06dbe728a725,MG,fervedouro,-20.72736899345714,-42.280216908647645,SP,-19.8070133982918,-43.98096602054356,204.804634423649,1,2,90.8,27.32,600.0,2018-08-06 13:54:52,2018-08-15,2018-08-14 20:44:52,8,0,8
98484b32a3bbf287f3347e001275ed21,c156d63bdfce1d456bd43cf1c4dadfca,SP,santo andre,-23.66666607132555,-46.54953674798031,SP,-23.546922341394897,-46.4914473239656,14.57111960850338,1,1,100.0,7.96,150.0,2018-07-21 08:04:54,2018-07-31,2018-07-24 17:17:30,3,1,9
cd95c47ac16f038d3b47edbcf984d942,06a2aad63bd0acb89e39ea3c8dd8263a,SP,franco da rocha,-23.32872453012665,-46.721998004984805,SP,-22.23370404240945,-48.72008575861355,238.29528607145687,1,1,175.0,24.84,4403.0,2018-08-20 22:32:41,2018-09-05,2018-08-27 14:39:42,6,1,15
70ca1c80e14fa0391a567797dc294938,b15cef70df5b80da0940334e4ca17d01,BA,salvador,-12.986938811558572,-38.47205273802586,BA,-14.221024617359031,-42.78006679256768,485.3750780613862,1,1,220.0,25.95,5650.0,2018-07-01 14:16:08,2018-07-24,2018-07-13 19:46:49,12,1,22
b6969182ca56633a2bfb942ad18bb2b4,23c33bfb0f1549b5ac15cb65db88e613,DF,brasilia,-15.809318227256506,-48.07766403352334,SP,-23.42921047960067,-46.54991166180969,862.2405788358095,1,1,63.99,16.64,257.0,2018-08-14 12:41:02,2018-08-29,2018-08-23 01:03:15,8,0,14
e35fda43bb9963155d19ccc348e92845,afae2e90dfd0d2e98b0a3c5727682725,MT,novo sao joaquim,-14.913626524438412,-53.01927829015219,SP,-23.52770504385709,-46.549672594101146,1173.733906285375,1,1,169.9,24.34,1533.0,2018-06-21 17:53:24,2018-07-27,2018-07-04 17:49:31,12,0,35
4e55f642a3b11a6cfcec80a9aebbb513,ed9d67265a581b5d39c4bbcf337f6a51,MG,itajuba,-22.42761638161801,-45.444251791151146,MG,-19.88412914793119,-44.018138035188656,319.1465890878832,1,1,119.9,15.14,750.0,2018-08-05 22:33:13,2018-08-15,2018-08-11 18:14:44,5,1,9
f82746601c1969d00d63e14a786f322d,054ab203cd9764221a28a41cce1e8cd0,MG,santa luzia,-19.75458516472024,-43.84395144554589,RS,-32.07465689394012,-52.1563543762276,1600.957989650243,1,1,27.9,22.13,575.0,2018-08-20 17:16:49,2018-09-04,2018-08-29 19:06:50,9,0,14
227881fdf69e55ab7906b7a818dd5e39,9a745c47c228743d4a7bbb9c94e943e9,SC,lages,-27.82648301585184,-50.328471912787,RS,-29.68414434090604,-51.09436186244434,219.6392066594461,1,1,154.9,20.27,1300.0,2018-06-27 18:48:48,2018-07-25,2018-07-03 18:34:40,5,0,27
60b9132c2fd47eb78c1bcf2a3a621ea8,279f89e72b3c2b07a59131882dbd738b,SP,campinas,-22.91154216180968,-47.07547752994448,SP,-22.70928658782974,-47.66520568122805,64.4945086781422,1,1,29.9,7.47,250.0,2018-08-24 18:04:47,2018-09-04,2018-08-30 16:41:59,5,1,10
1c086b183353c56b2ad03c345330d9a5,800e3b05cc40f396118128d96927b805,SP,sao paulo,-23.597426126839395,-46.63496154717532,SP,-23.56788988703906,-46.57394821510183,7.03186580558457,1,1,735.0,23.32,9500.0,2018-08-01 16:57:20,2018-08-16,2018-08-14 14:18:56,12,1,14
1fc6f36a09a4afd9024b0cf47d52924e,7257af5a464fdcac46d918d3e0d547ed,RJ,conservatoria,-22.28682849321536,-43.91990205018972,SP,-23.51729812101102,-46.535803926308525,300.8472206684229,1,1,36.5,26.56,2600.0,2018-07-25 04:46:10,2018-08-17,2018-07-31 23:06:40,6,0,22
2c5694feea13be5112a5023228135940,7a5d50a89a0ad890e129b405db3805de,PR,londrina,-23.331043778111702,-51.17744445122848,SP,-21.426847789373337,-50.0643276561055,240.6859067569458,1,1,389.9,36.49,3300.0,2018-07-07 23:47:15,2018-07-30,2018-07-16 15:45:58,8,0,22
bc955a9c03547d89541386d8b5105b75,586e6b33b9e54d86a309e1142219764f,SC,treze tilias,-26.99910110837357,-51.41145578186359,SP,-23.54241282514857,-46.49070640341336,626.4281826523709,1,1,14.0,18.23,217.0,2018-06-22 17:27:08,2018-07-26,2018-06-29 16:11:05,6,0,33
26884dfc89f32e105d001c993035c55d,3bdf57e48177d9e43dad1c9b3253c569,PR,curitiba,-25.47717450360668,-49.32244332667777,SP,-22.88722375926633,-47.20093703649303,359.4931300697148,1,1,110.32,15.87,200.0,2018-06-27 18:10:40,2018-07-23,2018-07-05 22:24:25,8,0,25
0b3506e1bbe1a7086dc5f9f41c594b8e,663b74a68c6ee3368a988224f93cfc68,CE,fortaleza,-3.733992639736902,-38.51041784067182,SP,-21.757690120914923,-48.82976816265947,2292.8251130449844,1,1,114.9,47.46,2300.0,2018-08-20 10:29:03,2018-09-14,2018-08-28 17:34:35,8,0,24
0ebd409ca379ce0ed8b24e8f5a59a8ea,77d1c38d6cc3bc2b1b575097476543a0,RJ,rio de janeiro,-22.944469945322865,-43.184902217179285,MG,-19.87317844463038,-43.98240258909915,351.34610730827467,1,1,9.9,15.23,350.0,2018-07-25 21:51:04,2018-08-28,2018-07-30 19:49:05,4,0,33
db033c99784b0da2569c40df1e7001d7,9e807266db4b8430db7b3826845e3626,MG,belo horizonte,-19.80675962873844,-43.96023667415893,SP,-21.757690120914923,-48.82976816265947,550.7097626023324,1,1,72.12,18.61,400.0,2018-08-20 12:55:19,2018-09-05,2018-08-27 14:42:51,7,0,15
068d6b1cc2388cb0c5dcff8815760818,20739257747044d02d19276bacd71f66,MS,campo grande,-20.515909882680106,-54.66304771745344,SP,-23.4906802649172,-46.58362085789716,896.0101979080399,1,1,15.9,15.23,250.0,2018-07-16 13:14:48,2018-08-01,2018-07-25 23:28:48,9,0,15
bd982aee32cd290fc0ecf05ec77c326b,fe11d27a155ab2ad8d59cdcadde0d9f9,SP,sao paulo,-23.738481942552912,-46.689273183045735,SP,-23.540729963085703,-46.64193701762936,22.511488511762074,1,1,109.8,9.52,666.0,2018-08-04 19:00:40,2018-08-09,2018-08-17 01:48:42,12,1,4
371d3a892917017b32ada644ba1f301d,4b75108e04b3276463ab15e3633d73e0,BA,ipiau,-14.133744079186092,-39.73399853338481,SP,-23.51400362587798,-46.19054482764663,1244.288091207273,1,1,55.9,23.54,600.0,2018-08-05 18:53:35,2018-09-14,2018-08-15 14:01:59,9,0,39
8d96631a10824fcfc4c8c0a0f73bfc27,49a9011bddc83db94f4d1206e8c234b7,RJ,rio de janeiro,-22.89523534041201,-43.27763009028405,SP,-23.597426126839395,-46.63496154717532,351.77473799077745,1,1,43.6,16.5,750.0,2018-08-04 16:19:07,2018-08-22,2018-08-11 15:38:33,6,0,17
7b7d41ed4a08974cabec08405b527b18,9cf5f75b8cce94bec85e361f2f89ff1a,RS,carlos barbosa,-29.29663023353193,-51.50030424271862,SP,-23.595155387039064,-46.60095727553522,799.672928022084,1,1,39.0,18.37,250.0,2018-07-15 14:07:37,2018-08-09,2018-07-25 17:38:54,10,0,24
b8e11074d7fd4b6123ebcc4af964381c,deec229612812deca98cf48ee50e5922,SP,itapeva,-23.98358439359683,-48.87638992757365,SP,-22.12787536857035,-51.445019428608575,334.1161509034503,1,1,75.0,13.19,300.0,2018-08-14 22:51:23,2018-08-28,2018-08-23 16:24:48,8,1,13
0193a99edc8c599aaa16f9b9e991efb8,27b04e3afd2217cfac1020a7da0cfc25,SP,presidente prudente,-22.12265201794673,-51.3861369740195,SP,-22.211035197694,-49.6557903984333,178.45470367431503,1,1,154.9,15.39,1450.0,2018-07-29 07:27:26,2018-08-13,2018-08-01 22:32:40,3,1,14
a42283397a151200700834c740a51a37,09946d4f0a58f040f433d53139e2a2ae,SP,santos,-23.980397919787656,-46.30457088447668,SP,-23.5035911312828,-47.42963911490015,126.1914446497412,1,1,32.66,8.98,540.0,2018-07-30 21:20:29,2018-08-08,2018-08-01 20:54:44,1,1,8
3b729521034317529479f3501a6bd163,bb8607629a740b228f1c4f5006391311,SP,sao paulo,-23.61195654870451,-46.74357120024242,SP,-22.70928658782974,-47.66520568122805,137.66632972760215,1,1,24.9,7.75,200.0,2018-06-24 11:22:10,2018-07-05,2018-06-28 21:50:50,4,1,10
6680b708c88b83d3a02d475faf4d9b0d,137982ccd37332e9f2257099a5ac9820,SP,praia grande,-24.014540409660096,-46.43840702622771,SC,-28.328199955080542,-49.17755227307007,552.0228667207701,1,1,109.49,23.57,1150.0,2018-07-26 13:09:48,2018-08-16,2018-08-08 15:33:42,13,0,20
5e57ff5e1c008db89fac24b76655dbe1,4c756c39c13545719a2953df112e4e90,RJ,rio de janeiro,-22.970894018595992,-43.38784233625709,RJ,-22.77007941055985,-43.42200034850795,22.60213965322228,1,2,139.98,34.24,15000.0,2018-06-29 18:39:49,2018-07-30,2018-07-03 22:16:38,4,1,30
ac1a1d01dcd4350d31887f6eab3f63d5,2f97782bbc64b71cba9e79d12757479b,SP,sao paulo,-23.69831844240868,-46.78331547727059,SP,-24.026457185123206,-46.47784669233656,47.91909539278262,1,1,27.72,7.93,150.0,2018-08-23 21:43:41,2018-08-31,2018-08-30 21:05:56,6,1,7
6f6adb6239aa458699f94784b3bb978a,fe58bbe7df40b2146ac3b2c65852ee03,MG,juiz de fora,-21.73153691890951,-43.3594215,SP,-22.823368072162268,-47.08801043005943,402.3874457994872,1,1,719.9,23.14,425.0,2018-08-07 23:19:34,2018-08-23,2018-08-14 20:03:00,6,0,15
6c80e36a9a77ce3ac32d97b159d0bab5,ac7a943dcc91b2da7960e8e8950f672c,SP,sao paulo,-23.63569182600555,-46.62856488464982,SP,-23.59896367055225,-46.735974015955925,11.680241884805968,1,1,37.9,9.02,547.0,2018-07-06 18:17:25,2018-07-19,2018-07-11 14:15:24,4,1,12
783333de65d2f6a4397cca176367ac90,5405eae4426dfe70f43ca8617a180bfb,SP,taubate,-23.02499883377845,-45.5572207464897,SP,-23.02381377523277,-45.54999278866723,0.7513328931748936,1,1,120.0,10.15,550.0,2018-07-19 12:56:38,2018-07-30,2018-07-23 17:08:50,4,1,10
bb9a5a9d8a6ff80eabda95e3b78f0a45,03d88c22a063771d871d7ad4fc182cc8,SP,assis,-22.67542885928214,-50.43778446156725,SP,-22.40992251985108,-47.56321483192925,296.6830275360253,1,1,120.0,15.15,2433.0,2018-07-09 22:59:16,2018-07-24,2018-07-13 21:12:36,3,1,14
797c6ff206949b463f4b498b5888e2ef,b3153b99b2c54af18a5ae22ae0e68f7a,PR,curitiba,-25.462475234808668,-49.239787214337206,DF,-15.768150750000002,-47.891037375,1087.029842185082,1,1,64.9,20.72,1250.0,2018-08-15 14:11:19,2018-09-04,2018-08-24 13:52:30,8,0,19
9ff047a1638917c70a538d0aa9cdb6d3,f7c4276a2a1197f38b8a1c037aa11711,BA,salvador,-12.991832706633389,-38.45284250734317,PR,-25.483056107969265,-49.35249257828181,1797.5340385349732,1,1,54.9,23.1,500.0,2018-08-02 12:06:18,2018-08-24,2018-08-17 15:19:09,15,0,21
2095de529ec22771a4996c8ef81f6ba7,da39c932a77f8bc1295a49f1ff45f5f4,SP,carapicuiba,-23.533815707813915,-46.85079106611848,SP,-24.026457185123206,-46.47784669233656,66.6397504729355,1,1,11.55,7.87,100.0,2018-08-22 13:35:33,2018-08-30,2018-08-27 21:51:41,5,1,7
0ae310aba8893f64631cffc380d5db8b,d014f11f50846fbe717e15184b8f0b31,SP,monte mor,-22.947960386642016,-47.30653160819561,SP,-23.1920337665812,-47.29076085317961,27.187634902377106,1,1,59.95,9.17,700.0,2018-08-10 16:23:39,2018-08-29,2018-08-27 16:37:26,17,1,18
a306afa8587ad4c42f5a1c62184673a8,f997e4d637c5824aa3f892266bac8ebd,DF,brasilia,-15.743474999999991,-47.88803337184773,SP,-23.539972285042406,-46.59158118971085,877.4756529214009,1,1,14.99,15.23,250.0,2018-08-17 07:44:54,2018-09-04,2018-08-28 00:16:26,10,0,17
673af36c8b5395e5199820c02b42abe9,aba2534e617ac48b51c85cd156d5594c,SP,sao paulo,-23.624298054632632,-46.75525539543194,SP,-23.542559946996303,-47.45678295253622,72.06645009772534,1,1,27.5,8.35,700.0,2018-08-10 23:06:33,2018-08-17,2018-08-17 17:35:39,6,1,6
6ad8c6d48181888c8e70e7d65b0508d7,52795c832b0d1110c039ac511aa5e5f5,BA,feira de santana,-12.252350999999944,-38.984890500000006,MG,-20.658191496662123,-43.80815564971712,1066.5782853948583,1,1,139.0,22.9,501.0,2018-07-12 20:02:32,2018-08-03,2018-07-24 19:08:39,11,0,21
c695330abad3cd98237dc4604401af7b,0f9a263aae35e574625a940636aedb10,RJ,passa tres,-22.69585502763494,-44.00307276400802,SP,-21.757690120914923,-48.82976816265947,507.6288745377092,1,1,45.95,18.42,350.0,2018-08-10 19:28:03,2018-09-10,2018-08-30 17:58:51,19,0,30
506db8171cf7d01f666e52223eff7f34,61178d6f03f29d48cc721d9f5f5f950c,RJ,rio de janeiro,-22.98124890557365,-43.66242884987874,RJ,-22.882884889814065,-43.092692577414375,59.36123467253636,1,1,169.9,42.84,18438.0,2018-07-18 13:52:09,2018-08-16,2018-07-31 22:48:53,13,1,28
d431779bcfa54dfd8bb1beafd561e63d,988b11a12b7d63e551159e52a620eaac,BA,jussari,-15.189173120748793,-39.49458147535293,SP,-23.52592844580904,-46.42331801276761,1177.4345372773646,1,1,40.0,22.21,150.0,2018-06-27 11:31:04,2018-08-06,2018-07-06 11:41:46,9,0,39
053228d082dcc4c3730e511ecd4c9fa0,2c0bc44acb0f7e0523edb387e6bd1fdc,PA,ananindeua,-1.3500748612737503,-48.38562663245958,SP,-23.552032416180964,-46.53746144532288,2476.770447255686,1,1,85.99,22.88,1200.0,2018-07-31 11:38:33,2018-08-17,2018-08-20 14:08:46,20,0,16
3315a8038d5ead17040d6658a1377c7f,fbb26f2f32dc98bef32f0bcbbe89800c,RO,porto velho,-8.743945699931716,-63.89648266653547,SP,-23.65869024839867,-46.52249513292757,2483.0622496655974,1,1,23.99,22.89,100.0,2018-07-13 12:19:32,2018-08-14,2018-07-30 14:48:49,17,0,31
3ad2072a2c9169681a3bb6138e0f8ef3,007182cdc3e8e2d3d4ce0b00b9004630,SP,sao paulo,-23.547933502914184,-46.67459492714524,SP,-23.531196801775152,-47.134767198511184,46.94766347293229,1,1,13.99,7.87,500.0,2018-07-07 16:33:10,2018-07-19,2018-07-12 21:26:49,5,1,11
1bc2c38cb1ae7c211bef71067808a22f,81f23b87c6d4f9f35623839be4c81a06,SP,mogi-guacu,-22.33526676300697,-46.94970543686336,SP,-23.13387984873623,-47.22675819555469,93.2364889921262,1,5,149.5,37.35,1250.0,2018-08-19 17:20:11,2018-08-28,2018-08-22 20:56:36,3,1,8
6912f9577b4156d72ee607f78328ed11,9c2203adbf4d1a125282d868ee0df322,SP,sao paulo,-23.567494462952244,-46.63555394892956,SP,-23.60603186594724,-46.617907861503824,4.647176552260122,1,1,35.9,7.51,150.0,2018-08-26 19:39:08,2018-08-30,2018-08-28 20:34:32,2,1,3
adb8036d8a5a923d533101a9a7397523,25f08a1d68e45786faabcd178d5e074b,SP,maua,-23.670394104622392,-46.47515734762539,SP,-23.44257407576895,-46.50655197737896,25.533745142303356,1,1,27.0,7.45,280.0,2018-08-15 22:30:47,2018-08-21,2018-08-28 18:32:11,12,1,5
7c89d1b99dac4362bf2513afd0b14edd,a48acf545fc196fe1a22e67ba443504e,SP,sao paulo,-23.57471529280402,-46.66616127309717,RJ,-22.82827005636834,-43.01210347482567,382.5510232177634,1,1,117.0,15.92,400.0,2018-08-23 21:20:25,2018-09-06,2018-08-28 21:07:31,4,0,13
21e52ff2fe2fd01824fe0e13fbef5963,96c181fc9a7e358776d60521b3ccdc22,ES,joao neiva,-19.755333076175948,-40.385221986787215,SP,-21.24488368072713,-50.32219195367088,1047.937580068913,1,1,79.9,18.66,500.0,2018-08-19 11:28:23,2018-09-17,2018-08-28 19:32:35,9,0,28
84aa61a900410cfe26b57337d376a1ae,f50f06955b219d8e41a1f07ec392fa26,SP,sao paulo,-23.65815322370017,-46.75969795773067,SP,-23.71627032001268,-46.53725160684408,23.55485912693533,1,1,36.93,7.52,400.0,2018-08-16 10:30:31,2018-08-21,2018-08-21 19:06:32,5,1,4
2e9d5ee7d598619b69bba815527c91ed,994f168b1d27da378b7171109ad4709e,SP,tatui,-23.35239664656856,-47.86988662405665,SP,-23.501139521928536,-46.62721984347043,127.86185537076572,1,1,179.9,15.57,1125.0,2018-07-25 14:33:23,2018-08-09,2018-07-30 17:22:10,5,1,14
4d72fbd8a8a12d4012b8578725c97a06,97fcee340b3932c2884ef7a9305d3b05,SP,sao paulo,-23.534811000000005,-46.68100444047543,SP,-23.537493461278807,-46.63974517262972,4.216715302045106,1,1,13.65,7.39,200.0,2018-07-01 13:34:01,2018-07-16,2018-07-03 21:22:32,2,1,14
78b1c0f489ac4c36072ce8ebdedbfa3d,912fa8ffe46932ef6b6c01d377c10d1c,RJ,nova iguacu,-22.75898261694405,-43.48259003081488,RJ,-22.77007941055985,-43.42200034850795,6.333804651706304,1,2,139.98,34.24,15000.0,2018-07-06 21:23:01,2018-07-23,2018-07-11 15:28:27,4,1,16
a231037428b0d6c4288432191551c3e9,631d8de87e4504c3f6ddd50d79274a29,SC,forquilhinha,-28.750357842942407,-49.47356288960601,SP,-23.56072295337296,-46.63277989454088,642.879020945278,1,1,19.9,18.24,50.0,2018-08-10 16:53:49,2018-09-04,2018-08-23 00:37:27,12,0,24
81342024c8d07f66fa2852d3c8d9b890,10127aba366db1abba5a47e89c03df66,SP,sao paulo,-23.502729436580296,-46.42199569191893,SP,-23.48488009615481,-46.36654993289185,5.992435550825375,1,1,139.98,18.75,9725.0,2018-08-07 18:58:53,2018-08-31,2018-08-28 12:12:41,20,1,23
b4767da9668302c3be3309b51f5600db,f10fc34d76e5a41bb34fdb3c1530b68b,SP,itanhaem,-24.179855538627187,-46.79049637055164,BA,-14.221024617359031,-42.78006679256768,1184.4861898847814,1,1,300.0,54.45,800.0,2018-07-02 13:40:57,2018-08-03,2018-07-11 21:56:33,9,0,31
d22567ff9749170e14c7485e02c1ff3c,9883a8a9a4eee71337503a8374f0f786,SP,sao paulo,-23.62821813405277,-46.60183376686478,SP,-23.715550415200024,-46.54566744593705,11.270278375012218,1,1,19.9,8.3,700.0,2018-08-27 16:57:10,2018-08-31,2018-08-30 18:57:56,3,1,3
24e0c8a6c71a0f631d7bae7a647aa5cf,eee2b3edbdcc9e6a0af7327a35023a10,SP,guarulhos,-23.435049027756925,-46.400103869005655,SP,-23.59032952255033,-46.63175129640077,29.257527430746453,1,1,289.0,10.18,450.0,2018-07-23 22:27:49,2018-07-31,2018-07-26 17:53:18,2,1,7
ba38b1323c46414512597408e6ec5b9b,68eee47eba208eb966151f2af399b896,DF,brasilia,-15.657852426977136,-47.79668919191656,SP,-22.18193680643876,-47.40398198377108,726.6184779119528,1,1,60.0,23.22,1350.0,2018-07-27 20:50:17,2018-08-15,2018-08-03 19:28:28,6,0,18
74961e9aef3b109cd91120c7697363af,51f11cd231668386157c2a09980fa895,SP,sao paulo,-23.548027863876406,-46.65885543640624,MA,-2.498944490930389,-44.244046363558766,2354.9356542568767,1,1,122.99,30.11,700.0,2018-07-06 17:40:04,2018-07-31,2018-07-23 20:56:47,17,0,24
05434c77e67f2531d6b5a6c5f8bce535,abadbcbbb0bc8c1f6820c9fcb7ce8077,ES,serra,-20.218968000000004,-40.24239050115117,SP,-23.55366239523337,-46.4506999200761,740.0030710327754,1,1,127.26,22.19,2100.0,2018-08-08 17:57:14,2018-08-21,2018-08-15 20:27:34,7,0,12
994a9a6b0c7666ed14dd7790ce98bd39,348e44614598924fe73dd13f6b3f63ab,MG,itapagipe,-19.90249608231077,-49.36786630758864,SP,-21.757690120914923,-48.82976816265947,213.73299472867376,1,1,79.0,18.65,500.0,2018-06-21 22:26:45,2018-07-18,2018-06-29 20:42:41,7,0,26
1c5e3d274e2a344cf83867e03db6968a,37a9571e984375971977606cb55bb504,SC,iomere,-27.00162415300224,-51.238826914259896,SC,-27.143863729700307,-48.95995049999999,226.18484685671783,1,1,49.0,14.79,1150.0,2018-07-09 20:56:10,2018-07-24,2018-07-12 20:10:58,2,1,14
04464191f1b76f60684eac5609f3bdda,20e464a07327b8acb79e2603ba845569,SP,sao paulo,-23.59938663918865,-46.68366069885745,SP,-23.682407943620767,-46.62360435627736,11.074545982922375,1,1,478.0,12.1,820.0,2018-07-30 15:03:10,2018-08-07,2018-08-02 22:42:49,3,1,7
becc93b30e0f67e640b3a43ef08f396d,9fb1e1afbab6acc30878852fa9bb1f6f,DF,brasilia,-15.825222088586951,-48.06130437788214,SC,-27.143863729700307,-48.95995049999999,1261.9891815449168,1,1,49.99,38.62,1050.0,2018-08-09 17:38:44,2018-08-27,2018-08-21 17:27:33,11,0,17
4f5310c68c4e9a2c3d5bd708df07d212,7d5d4cb3f861bdf4c9b730fe41e771cd,SP,bauru,-22.30557813405276,-49.06668556036128,SP,-23.652442526788203,-46.75549168747648,280.0069382591177,1,1,55.0,13.05,250.0,2018-06-21 22:30:13,2018-07-13,2018-06-27 11:41:56,5,1,21
82aad85e20d52a3ebdf5d42b6352a1fa,1874506111e24e1ebaf030afd2356862,SC,ascurra,-26.95757406245308,-49.37812156549717,SC,-27.143863729700307,-48.95995049999999,46.303553766378464,1,1,79.0,18.78,2400.0,2018-08-10 09:08:46,2018-08-20,2018-08-15 20:42:42,5,1,9
bc45b02374684d220defbbb4648a809e,e8a0a9ec09b65ef0c9e116631661ac7e,SP,bauru,-22.33095011881535,-49.05300270519702,SP,-23.66148702746846,-46.56416174311855,294.58827241285496,1,1,330.0,14.97,400.0,2018-07-26 14:00:33,2018-08-09,2018-07-31 16:04:03,5,1,13
037ce5266460af220f19d497b130e737,1fb2b3173fbb54f9f1cd14e45513f194,SP,campinas,-22.9411124891896,-47.04316126672053,SP,-22.88722375926633,-47.20093703649303,17.23467787701074,1,1,110.32,8.03,150.0,2018-07-27 09:25:33,2018-08-08,2018-08-01 22:34:35,5,1,11
fcb9ec0e86e6d326a21a96c2008c8610,4825eb6b9fb138f6e32be28a39054bd8,SP,sao paulo,-23.62538919011487,-46.72009319040332,SP,-21.20058447432055,-47.7758794015108,290.6444205055752,1,1,89.9,13.29,100.0,2018-08-16 16:28:13,2018-09-03,2018-08-20 19:54:47,4,1,17
02cb7027f3074adf1407706d712298f7,70bcff60e160a0009c17030cdc375f6e,PA,belem,-1.4293625810490702,-48.48511736671568,MG,-19.846563799218984,-44.02754145235257,2104.502028504204,1,1,135.9,23.67,1500.0,2018-08-07 19:33:01,2018-08-23,2018-08-17 20:54:31,10,0,15
47016aad5e46195be82ac5fe39b63483,b1d18d7e82e61c0226cc8588d609cb57,PI,teresina,-5.132797400203212,-42.78607578603863,MG,-20.46232843504684,-45.4307357978066,1728.3555550725216,1,1,289.9,62.31,290.0,2018-07-02 09:30:35,2018-08-01,2018-07-28 14:12:53,26,0,29
cdbf4152d2857c30e94f8e15e0dc9914,b07ff4137e54a8bf9b962ce385a93355,PR,cascavel,-24.919636620615417,-53.4249128551272,SP,-23.44878058673322,-46.71001393722807,700.3982134613141,1,1,65.0,18.56,225.0,2018-08-05 18:45:25,2018-08-20,2018-08-15 12:32:49,9,0,14
91c4c61f5db7e025e8435b2e13e50f6f,53f923fd81130dee89725646dbc1ad0f,RJ,rio de janeiro,-22.842981712187644,-43.282379304749234,SP,-22.55682570149749,-47.42307221908908,425.9347447664308,1,1,48.9,19.53,600.0,2018-08-12 11:41:14,2018-08-23,2018-08-16 20:23:34,4,0,10
8c572f3e9b363e7ef4cc144968a64e9f,ddfd821febf66adbfdf21542a5358209,SP,sao paulo,-23.491428663887145,-46.60417913183105,SP,-21.757690120914923,-48.82976816265947,298.8954070415702,1,1,30.0,12.87,400.0,2018-08-01 18:17:39,2018-08-13,2018-08-09 23:03:09,8,1,11
4d808ed2901ed7dfebbb74bf1cbb74f6,cefdf85ed4e91e4fc08a16bea7a49987,SP,santana de parnaiba,-23.45368695730606,-46.8821892773317,RJ,-22.902524517081105,-43.18333036360997,383.0195962995016,1,1,52.9,16.56,900.0,2018-07-26 10:19:28,2018-08-09,2018-07-30 19:32:32,4,0,13
672dbfbd96238e4d07021fcdd9152b6c,b775111784ea2c3a1f3fd11125a07add,SP,campinas,-22.951672385322283,-47.04983432139767,RS,-29.68414434090604,-51.09436186244434,850.0537111696041,1,1,887.0,24.01,933.0,2018-08-05 22:28:27,2018-08-29,2018-08-14 20:51:25,8,0,23
88ab6b0ede7f19c65b5b71771b88254f,1e34da36bb68dd1d93a0f40afae7210a,CE,crateus,-5.178615655570518,-40.66767409384606,SP,-23.595227193173283,-46.56076636913555,2142.969877715029,1,1,150.0,65.5,4150.0,2018-08-13 12:12:46,2018-10-04,2018-08-29 20:58:39,16,0,51
7e6507919e5e16849dd9a0f4354209d9,a914ed346024398bc8fa0ef53d925018,RS,novo hamburgo,-29.69066507532988,-51.11534461906708,SP,-23.7169581397296,-46.69411154232787,796.1016096579216,1,1,38.9,16.46,350.0,2018-07-13 15:57:34,2018-08-03,2018-07-27 17:24:40,14,0,20
de64325a3ec242c2264f553d946274ae,2cb63adbf997f96f5cd34f2eb27b6a77,PI,teresina,-5.063603676056504,-42.72151482809359,SP,-22.58204546710693,-47.37624988343239,2011.1727876442365,1,1,128.0,107.23,8950.0,2018-07-23 10:38:59,2018-08-10,2018-08-07 21:16:47,15,0,17
6a6fa48abc0fcbac1c94531785b8024a,18825f08228399615d1f2c100c6fa5c7,SP,pirapora do bom jesus,-23.39989412672898,-47.002958093063846,SP,-23.20712579877664,-47.30927660866177,37.921527536946265,1,1,74.9,12.25,1800.0,2018-07-02 07:33:11,2018-07-17,2018-07-05 20:24:47,3,1,14
43f9a3d3e9d95525bfce717e31f72a56,b003d09f32a12bcc00b6ca04d46554e6,RS,sao gabriel,-30.33782999040136,-54.32236153049168,RS,-29.19394372068752,-51.16549275,330.17704578173937,1,1,69.99,13.83,425.0,2018-07-11 00:13:33,2018-07-30,2018-08-04 16:15:46,24,1,18
58346246ea802a21cb34124ed2326770,0922ca5cbf709f1cbbcf0121e4eaba91,SP,sao paulo,-23.57594343075192,-46.63867868341863,SP,-23.65869024839867,-46.52249513292757,14.992402365710037,1,4,179.96,30.32,800.0,2018-07-11 17:17:37,2018-07-19,2018-07-13 17:58:42,2,1,7
26e0070f204a2cc8cae3504b038a0dfe,62d68fcfc1bfc0ece5098759a098a203,BA,salvador,-12.929663164424916,-38.461531828452266,MG,-19.867906407416527,-43.94863882589885,968.1202514441544,1,1,22.32,17.09,200.0,2018-07-07 18:42:58,2018-08-07,2018-07-21 13:18:40,13,0,30
907d60e687ca48a571844a50f21ac995,559da40e28e7541e69053dcd7584946d,RS,porto alegre,-30.02223398834324,-51.20241111324938,SP,-22.599254430886607,-47.40879928660274,907.6929497201252,1,1,32.99,18.33,126.0,2018-07-16 18:23:19,2018-08-07,2018-07-23 19:44:48,7,0,21
ed2c99c57389c865c573a025e1d6d34c,788cbdfbcd36bc44ed880e34bd010c4e,SP,campinas,-22.973308930896152,-47.14153015652956,SP,-23.64151681425172,-46.54210469718399,96.26916559818604,1,1,19.5,7.4,100.0,2018-06-30 20:30:35,2018-07-17,2018-07-13 14:51:05,12,1,16
9e0584f7d8ecc18347e6ce7eb7922628,819de07331adbd18c444712e08d51dc3,SP,birigui,-21.29407401379749,-50.34295220346251,SP,-23.673745717019944,-46.538310096716536,471.9933149263408,1,1,142.9,14.58,599.0,2018-07-15 13:52:04,2018-07-30,2018-07-20 21:58:44,5,1,14
35c7d117e60b7447a3ee63f69addcd2c,a63832a8b162089904b6c6470e9e6434,PA,conceicao do araguaia,-8.26419321714068,-49.26660616545765,RJ,-22.27253137206716,-42.53044578660735,1716.157373297861,1,1,284.0,69.13,1200.0,2018-07-06 16:38:58,2018-08-13,2018-07-27 22:04:45,21,0,37
e7ec2ee871d40f0b32fb471cb07ad239,3d5cfaf96174fab5cc8de497fc5b21c9,SP,sao paulo,-23.508716406053416,-46.58354303274857,SP,-23.525113834113863,-46.94200949097439,36.59444269103784,1,1,69.9,9.24,895.0,2018-07-06 09:49:31,2018-07-19,2018-07-12 21:46:21,6,1,12
2e262f84377397dbc00ac6781ccc1c8b,b74dfd116a5b4a0eaf8b92641a5a139d,SP,rio claro,-22.40992251985108,-47.56321483192925,SP,-22.82219330991709,-47.27062894035096,54.80382272956593,1,1,348.9,10.6,277.0,2018-07-25 21:21:12,2018-08-03,2018-08-01 18:12:16,6,1,8
9d1cb025d19b5ad3a5bbd1fd6bda4aa5,3ce6cd85b3aba2bdb4c1aecf14f5ac60,SP,cotia,-23.62292737067436,-46.93687065190365,SC,-28.67706971710671,-49.36957353825596,612.1523493349059,1,1,159.99,20.31,600.0,2018-06-27 18:24:27,2018-07-26,2018-07-10 17:18:25,12,0,28
8d99d2f6f573a9d674fd19d2c0f9a70c,61ffaa693fd37373d7d5e2799cc9c90a,SP,taboao da serra,-23.607693000000005,-46.75265774999998,SP,-21.757690120914923,-48.82976816265947,296.17883413754583,1,1,80.0,14.14,875.0,2018-07-16 11:44:28,2018-07-30,2018-07-24 02:03:58,7,1,13
e8596a031f6814efc9b04e857f053ac6,a3c2953e0ee33d6881da8b52956198b2,SP,americana,-22.70395723387633,-47.29442582517983,SP,-23.652442526788203,-46.75549168747648,118.987424426897,1,1,49.0,7.6,250.0,2018-07-30 21:54:34,2018-08-09,2018-08-03 01:52:26,3,1,9
995b5da66f9cd51fa907e9a10e91054b,73727f0fcabcafd666a604f7bf8323a0,RS,canela,-29.36212594987141,-50.81000209785952,SP,-20.806830481885147,-49.38960170992274,961.9670678245795,1,1,72.0,23.3,2600.0,2018-08-07 08:13:46,2018-08-23,2018-08-16 19:26:31,9,0,15
92f21edc7e69a84e3e521e9adc7c83b8,4e5625bd8071649b275dcce5f9aaec1c,MG,vespasiano,-19.74570399283904,-43.94251767343394,PR,-25.37407448518343,-50.46202049673198,916.10338638799,2,3,163.9,70.7,6750.0,2018-07-20 21:21:06,2018-08-17,2018-07-27 14:32:57,6,0,27
2c3c322c51f8d1a0da8e2de75db68341,d5e571bac4046e819aec846ecbb548c3,RJ,rio de janeiro,-22.95073136280994,-43.26245802309719,SP,-23.44540306189049,-46.54143494679429,339.6021753163049,1,1,95.0,15.77,100.0,2018-08-11 01:18:43,2018-09-14,2018-08-24 14:28:53,13,0,33
28d1591eef9b1432d512e34dc8b3a513,a3adb82d7e4a0657fd32f41e92610b59,SP,sao paulo,-23.42908265667379,-46.793942162357936,SP,-23.42439868040567,-46.5276677164868,27.17271336476147,1,1,31.9,8.38,50.0,2018-07-30 17:51:44,2018-08-03,2018-08-02 01:21:37,2,1,3
aa73d1076ba6c6f19de6990bc7401acb,94684b27f6106343547dcc03e663ea5a,SP,sao bernardo do campo,-23.68698516287448,-46.552552123595405,MG,-21.11819394490749,-42.943705743717146,468.17491852351696,1,1,29.9,18.38,600.0,2018-08-20 12:03:54,2018-09-04,2018-08-29 00:51:33,8,0,14
ad4725342567809f8d0b8230394585d1,80bf2dc073c61bbc818115f50bf8cb15,SC,florianopolis,-27.57707899362336,-48.5366366740147,SC,-26.89059349827484,-48.65193750938463,77.18019893849035,1,1,289.0,15.5,400.0,2018-06-27 21:05:00,2018-07-18,2018-07-03 04:04:11,5,1,20
5dd074a5f6674685cfe723e7854c0b73,cce44d7973c3c5d679d99616b5f50c91,MG,brazopolis,-22.47402490515725,-45.61721480055336,SP,-23.1920337665812,-47.29076085317961,189.17786158546244,1,1,119.85,23.64,1050.0,2018-07-25 07:59:03,2018-08-21,2018-08-14 22:41:32,20,0,26
832a53069ed415d634cb5924a4fcb3e0,f5bb966acf5166fe6e68d15cec3747e3,SP,suzano,-23.54331186037473,-46.31334970843172,MG,-18.59508110934971,-46.51777561124804,550.626498615243,1,1,99.9,19.89,850.0,2018-06-28 13:41:55,2018-07-19,2018-07-05 18:24:43,7,0,20
30828ec5d05237d99e2ffd4d77e5b492,7cdc15c0092dd54a106da374009fc73b,SP,indaiatuba,-23.06057561109802,-47.21666072745771,SP,-23.595227193173283,-46.56076636913555,89.5506287993961,1,3,105.0,18.99,2550.0,2018-08-17 12:13:41,2018-09-19,2018-08-24 23:22:34,7,1,32
370d5b41dfcdc96d0edb780967153d4e,ed7e76c66f7fc999b2529782eaf34b02,RJ,angra dos reis,-23.009930028840333,-44.220785112148,MG,-19.894223410208355,-43.930916412170255,347.7466777212609,1,1,42.79,18.4,150.0,2018-08-03 07:02:12,2018-08-17,2018-08-15 17:58:35,12,0,13
d413cfcd1406d2d501179c9671b727fd,7dc2f6bec48604fdb13d3a250a92ce89,MG,belo horizonte,-19.85061693228113,-43.9311726401696,SP,-22.599254430886607,-47.40879928660274,472.55159060295966,1,1,59.99,19.61,550.0,2018-06-28 23:44:21,2018-07-23,2018-07-05 21:07:52,6,0,24
bd6b1316314a1f12d58ebf467f3f2d80,54405ff2342ff9d9412cbb098fbbaa44,RS,casca,-28.565853985197467,-51.97583017125773,RJ,-22.916833051618703,-43.21798092630852,1078.2774288627372,1,1,18.9,22.06,100.0,2018-06-28 20:37:53,2018-07-24,2018-07-10 00:12:10,11,0,25
8aa1afb8d1b71222f421533a81af7aba,6aa5716e48d15609c34d2d7385303f4e,BA,pintadas,-11.813046338729034,-39.90722419740425,SP,-21.134712204873303,-51.10328439406817,1579.6481759605556,1,1,189.9,39.84,3250.0,2018-06-26 15:33:00,2018-08-03,2018-07-10 17:51:33,14,0,37
ad0fdf82adbac10e4f1161e52433fed4,158500a241d6d6adadbab0da49ed0878,MA,campestre do maranhao,-6.17429871402098,-47.362916121253264,SP,-23.72288454509784,-46.85659934471119,1952.0645031813128,1,1,79.99,52.91,650.0,2018-07-11 22:38:38,2018-08-03,2018-07-26 07:38:50,14,0,22
9146c78cd5cb5e53ee985a7feb72e76f,a6aba9b57d75ef3dec99ea987448a574,SP,santos,-23.96611160958031,-46.32897579365818,SP,-21.757690120914923,-48.82976816265947,354.8838467353626,1,1,114.9,15.11,1800.0,2018-08-08 13:12:26,2018-08-16,2018-08-15 00:38:41,6,1,7
b9fdbff1d403555f4d184966b1ac398e,aaeab2e85bf09f0054194d80783a4cbc,SP,santo andre,-23.63123167776561,-46.49590477892556,SP,-22.88722375926633,-47.20093703649303,109.6888962738412,1,1,110.32,8.03,150.0,2018-07-31 09:25:39,2018-08-15,2018-08-07 18:55:09,7,1,14
b2234f06bf32380ac04b30c21561efba,6cb94c8d3c096c20feafe2abf1ed78d3,CE,guaiuba,-4.041626306431128,-38.63628810947682,SP,-20.554950968499107,-47.38769088301032,2066.000633864809,1,1,336.0,39.26,250.0,2018-07-18 19:54:15,2018-08-10,2018-08-01 15:22:42,13,0,22
c2c7994c7840c3d025da33aa6285c246,55fd274bdec1b0405283c475c44a40bc,RJ,marica,-22.925406991078624,-42.93338274498089,RJ,-22.77328499999993,-42.91785630299995,16.989850067006508,1,1,150.0,12.31,2175.0,2018-07-31 23:06:21,2018-08-13,2018-08-03 00:33:33,2,1,12
adc3c2a7a5283d29f235da2e760b0f05,af71c6566cc7ebbfecbb266a3ac29320,CE,ipaporanga,-4.905313371025412,-40.75998338352129,SP,-21.172213467107177,-47.82413717277396,1962.8377577311956,1,1,219.0,38.44,483.0,2018-07-31 10:50:07,2018-08-31,2018-08-15 12:03:01,15,0,30
a82c960297e876b31d23af8b437f54bb,6c26b354ab5504cde0dc2acd7b5f43f4,BA,itabuna,-14.79465846572221,-39.27022049496033,SP,-23.406901724083777,-46.84254171963375,1244.3481744595126,1,1,108.9,27.71,1850.0,2018-07-14 19:12:19,2018-08-06,2018-07-25 10:58:54,10,0,22
0a2c9c3fedb974fcf5a8a569e9ba9da9,f38dab26883c4fe20a3e9b92e07692c8,MG,betim,-19.97036276047379,-44.20000656804911,SP,-23.553602594269265,-46.58617358375314,468.449935568802,1,1,99.0,15.79,300.0,2018-07-31 18:27:29,2018-08-10,2018-08-06 13:16:38,5,0,9
5ab34a3449b54e0fff6d7ba20781a655,59545351b3f53fd18987ed9bc7a8d2bf,SP,pedro de toledo,-24.27687613395027,-47.23409718906814,RS,-30.11199445656128,-51.24630185040967,760.3927598423917,1,1,89.9,23.43,1850.0,2018-08-03 14:48:36,2018-08-14,2018-08-13 17:40:37,10,0,10
6540b761399c20157fb3fdbf2bb13380,c9a19c32c0cc8ad6f7386bbf46beec0c,RS,bento goncalves,-29.138579473064176,-51.52711106430914,SP,-23.55531585498297,-46.5943762934965,791.6187244252235,1,1,49.5,19.54,500.0,2018-08-16 21:44:01,2018-08-30,2018-08-27 14:48:35,10,0,13
30a2f24dd6770c91faa6b3481319204b,de2d4a479a79d4d85c9ce01caf804937,SP,caieiras,-23.362637454934067,-46.74097499375316,SP,-22.72279273828824,-46.846086231074864,71.95581617954012,1,1,99.8,39.78,11250.0,2018-08-08 11:48:41,2018-08-15,2018-08-13 21:32:07,5,1,6
3184e33bc8b2623e78f578e0f644ff69,cea725cb0864776ebbdb3bf427fa2001,MG,capitolio,-20.61507722599609,-46.04727483479504,SP,-23.652442526788203,-46.75549168747648,345.52482168486284,1,1,49.0,18.44,250.0,2018-07-16 23:02:59,2018-08-02,2018-07-23 22:08:35,6,0,16
1109a323a5e20da772a2f7b3cb0f9af7,892d0f0cbb0f1575faf3563f15bcfba0,SP,taquaritinga,-21.40575900554004,-48.5036568684573,SP,-23.539439503750906,-46.63284391414975,305.34298023533887,1,1,14.9,12.79,167.0,2018-07-22 20:03:44,2018-08-07,2018-07-30 13:31:45,7,1,15
0ef649628b81b1b6562026090e37b98b,2aefebc9e1901ae29a4030c7486cf5d9,SP,sao paulo,-23.735142305690715,-46.71375343505108,SP,-23.53877907744238,-46.53850883971953,28.20327570902132,1,1,11.87,7.39,217.0,2018-08-13 13:52:13,2018-08-28,2018-08-28 19:15:32,15,1,14
0d379ed81a9bf10489b4509f3559ca90,a106222f6ec61562ea253a4551b8cbb7,MG,antonio prado de minas,-21.01757461883909,-42.1109593447498,SP,-23.652442526788203,-46.75549168747648,560.3225532834966,1,1,55.0,18.49,250.0,2018-07-10 13:59:43,2018-07-30,2018-07-16 18:47:35,6,0,19
c67afe8b6c6b9dbbcfbccb18ae4b5556,246c65f2f57d1cf6ec961a41c2be587a,SP,santa barbara d'oeste,-22.736033129035206,-47.39718332642716,SP,-23.59032952255033,-46.63175129640077,123.07233285332303,1,1,8.99,7.39,250.0,2018-07-30 13:26:53,2018-08-09,2018-07-31 20:24:34,1,1,9
cfb27c26476975225263b55ce04d8aed,2c38f4ab5042740bc123a9b1054be52d,RS,caibate,-28.291248449602385,-54.6393159667386,SP,-22.82219330991709,-47.27062894035096,956.7601037169908,1,1,319.9,20.34,300.0,2018-06-25 10:06:20,2018-07-26,2018-07-02 14:28:51,7,0,30
0b47f5e9432bd433f8c5cf64e60e6e5f,90bd3163f91abddea340d03ca4eaf140,SP,sao joaquim da barra,-20.58539612477616,-47.86315577415144,BA,-12.89472449617752,-38.33875838605659,1325.7862722106045,1,1,170.0,53.54,700.0,2018-08-07 11:08:50,2018-08-29,2018-08-15 21:28:31,8,0,21
61c724e40941762318a52917a4acc55c,863f773a96fc2d7e114f0bdad46252c9,SP,sao paulo,-23.439484341104503,-46.59159597890817,SP,-23.11477517799753,-46.553324741832185,36.31701684302328,1,1,27.49,7.45,50.0,2018-07-17 15:04:48,2018-07-25,2018-07-19 15:56:37,2,1,7
530b947c3a33112e9d1b807557aabe41,4576c33f528da318e87dc01cf7504004,SP,guarulhos,-23.409685707744245,-46.388688516792655,SP,-23.527214475445724,-46.7315398082117,37.33189149238116,1,1,23.95,12.47,1650.0,2018-07-07 12:30:28,2018-07-26,2018-07-11 18:44:38,4,1,18
36b12d9500838b05b9b9e8e3e13d2745,4ae7383665c0c6ee6b30906220a3ce79,RS,porto alegre,-30.0503090538404,-51.16913509686078,SC,-27.60742386873268,-48.5936448106241,369.7440946218462,1,1,26.4,15.29,300.0,2018-07-28 16:48:39,2018-08-15,2018-08-06 22:04:36,9,0,17
ac2403ebd2706b3bd5399ac7ef4ea9e7,a40ec3847924d7d49ee652cf8037caa1,SP,sao paulo,-23.61937640770624,-46.49343235762366,RS,-29.91899618372389,-51.1721259461596,840.2526224041355,1,1,89.9,16.82,650.0,2018-07-15 17:42:46,2018-08-07,2018-07-23 20:26:31,8,0,22
f3e4a09f99041d910314f9d99b3fc80a,a021c3b18f730e1cb157976d999cba75,MG,esmeraldas,-19.774191781851503,-44.31002299999997,MG,-19.811156958250365,-43.98987161296759,33.747397122314645,1,1,50.54,8.86,350.0,2018-08-02 20:14:29,2018-08-09,2018-08-07 20:35:52,5,1,6
59e6562672571d67f137e34fbb297c93,9d19adf5da1a281e0762fbbaba463eca,PR,araucaria,-25.591427196215275,-49.40237875491315,SP,-23.410629104910857,-46.44863306411219,384.8422313926357,1,1,28.9,15.3,300.0,2018-08-19 12:43:50,2018-09-12,2018-08-24 15:05:43,5,0,23
bce3d004aa51086cc5b0e1ce2db91884,0b8dc09e81f7b523bc035c545cd46c4b,MG,belo horizonte,-19.90625324508045,-43.92317252137203,SP,-20.806830481885147,-49.38960170992274,578.5747690188151,1,1,115.99,27.11,2600.0,2018-08-21 09:48:01,2018-09-10,2018-08-28 19:36:45,7,0,19
fab137488ea6654792ec4cac3000cee8,71999455ee91778f2540d6840640d8a5,SP,sao paulo,-23.626643993563423,-46.67344818151653,SP,-23.46798088703906,-46.72057200874258,18.28478989338823,1,1,29.0,7.46,50.0,2018-08-04 12:13:15,2018-08-13,2018-08-21 21:21:35,17,1,8
0216b8a71f44f126ac083fa5d639fe47,6721f296aee89a6caef0bf53c7547103,SP,sorocaba,-23.463366129609355,-47.50333563273412,SP,-23.64855809755326,-46.66211575714125,88.18265257876007,1,1,59.9,17.63,7500.0,2018-08-19 00:17:45,2018-08-29,2018-08-24 18:42:37,5,1,9
ea61446163797d406b8af3569fbad43f,539a6c4707fc9cac00b1f5bb6af8cf33,SP,rio claro,-22.392665048156225,-47.57602909090359,SP,-23.51950771476205,-46.48890312392521,167.59776492461168,1,1,55.0,8.55,380.0,2018-08-17 15:49:08,2018-08-27,2018-08-18 16:58:50,1,1,9
d026317579e25a9dc30205ba3dfe5b96,f4a6449b040ef45fe219cf5cff341b86,SP,monte mor,-22.947960386642016,-47.30653160819561,SP,-23.44257407576895,-46.50655197737896,98.5393562063134,1,1,99.9,14.0,3300.0,2018-06-30 21:35:59,2018-07-18,2018-07-06 14:24:38,5,1,17
70a1ce56d693a1a8142d48883989f08f,786a8055ff0d4ba3059cbd34e1fe64fc,RO,porto velho,-8.743945699931716,-63.89648266653547,SP,-23.625852663887155,-46.61139748251486,2473.73087285524,1,1,21.99,22.87,300.0,2018-07-18 17:02:27,2018-08-15,2018-07-28 17:51:07,10,0,27
ad01e26d29b4818ba6299d1356a130b7,c2a6b573f9d894a18a37d09b680910b3,GO,anapolis,-16.332286499999995,-48.93836366880149,SP,-20.52804807780614,-47.38827901323783,494.3576860306675,1,1,339.9,20.48,300.0,2018-08-12 21:06:51,2018-09-06,2018-08-22 16:09:42,9,0,24
6a5586aef88bff8c258fec8c11a31e07,cdfc52019bb0d9ad47cddf2ed52ed2f8,BA,ibotirama,-12.182476084478994,-43.21593491552102,SP,-23.69177231154794,-46.54454980744708,1327.129243562,1,1,94.9,31.53,2100.0,2018-07-31 21:13:42,2018-08-23,2018-08-09 16:17:36,8,0,22
231f6725cc4f33c7d2473e21240e34fe,75bd6ebc264758fa7ce7c528efb485b1,SP,guaruja,-23.946648988317527,-46.28115348009047,SP,-23.558072306116813,-46.60586586856825,54.3973507938376,1,1,320.0,29.49,9650.0,2018-06-29 12:51:35,2018-07-16,2018-07-06 15:48:59,7,1,16
94dcbb5ca9d603177841a40f3d630483,40186e58e5331d475bac4a234986a029,SP,sao paulo,-23.40201119565939,-46.74633251278075,SP,-21.757690120914923,-48.82976816265947,281.39314736491264,1,4,245.3,57.52,4000.0,2018-07-04 17:41:00,2018-07-30,2018-07-10 18:08:35,6,1,25
d3754c7e1266c698c42df6695994328d,4257391a8554b013c719946b2ed594a0,PE,pesqueira,-8.357916347879435,-36.695785344659065,SP,-21.834675764126,-46.898576447392045,1854.3079164187611,1,1,37.0,42.54,250.0,2018-08-10 10:31:43,2018-09-19,2018-08-17 17:28:39,7,0,39
3e71c6639efc622b22bea76bc198841e,46f90a95ca3b2fd7a603364b4eddeab9,SP,sorocaba,-23.4853411640076,-47.47911917124475,SP,-23.595227193173283,-46.56076636913555,94.41184484251625,1,3,105.0,27.0,4200.0,2018-06-29 15:57:50,2018-07-17,2018-07-05 13:57:52,5,1,17
b7daca2d24a93ab9351485e0bdcbb7e6,002d597546b2cf44428232c9f237f873,SP,jundiai,-23.194530383237616,-46.896837001804485,MG,-22.28793624001079,-46.61380166682788,104.90394580510592,1,1,99.0,18.74,2000.0,2018-07-22 09:29:19,2018-08-16,2018-07-30 16:38:58,8,0,24
abe81b8eb8d846d18c760f8430a2ed55,f61791d1fd5896c81fc8a663aaf71e17,SP,sao paulo,-23.671511696087475,-46.775827932425365,SP,-23.086496272847818,-47.216807769634734,79.10359332380733,1,1,19.95,7.4,550.0,2018-06-23 01:18:26,2018-07-12,2018-06-28 21:26:41,5,1,18
63a1e75d65a3dcb40d5f452a248e9680,9f3ba8ca881a4d8641dae98f8bb8ee7e,SP,itapevi,-23.534541553861644,-46.929814477468994,SP,-21.757690120914923,-48.82976816265947,277.5741562312106,1,1,84.9,14.9,1550.0,2018-07-16 17:18:25,2018-07-30,2018-07-23 12:18:38,6,1,13
c32fc9ccb03292ac2e7a2c2f027394ff,36051f35d72db8e13c444673d6599889,RJ,rio de janeiro,-22.87073765018089,-43.2387129402582,SP,-23.652442526788203,-46.75549168747648,369.6130651181626,1,1,49.0,15.44,250.0,2018-07-17 08:58:47,2018-08-14,2018-07-24 15:17:42,7,0,27
7ce20b22753ccc86fdb3b6f7efefcc75,738612606cc6f7e646b915359c71ee4c,BA,salvador,-12.970364907969731,-38.43510051848935,MG,-19.811156958250365,-43.98987161296759,963.9428121289916,1,1,58.32,20.36,1300.0,2018-07-25 13:25:20,2018-08-15,2018-07-31 19:22:12,6,0,20
15b43c7df18210a4d78cb043992d1ef5,09c6fec25c3ac64f82417e456aa40ef1,SP,guarulhos,-23.44502001165677,-46.52813635567546,SP,-23.44495848903573,-46.91602417055225,39.57034516395912,1,1,79.99,8.72,500.0,2018-07-04 16:23:59,2018-07-19,2018-07-11 15:28:22,6,1,14
61478fcfdfbc524f57df31651d8f38c9,b6b2ee6ffa76968a5613946608a33046,SP,sao paulo,-23.55690614709449,-46.6075549593702,PR,-23.41653142414265,-51.88744482632261,538.6531496467488,2,4,286.8,55.36,638.0,2018-06-25 10:28:16,2018-07-25,2018-06-29 19:38:52,4,0,29
9723bfef225ffa02fcb1be4299e59f91,b7efe309d1615673c7e5de5b6a7cac82,MG,itajuba,-22.439818245602737,-45.47034162015221,RJ,-22.882884889814065,-43.092692577414375,248.892919977257,1,1,259.99,21.01,343.0,2018-08-10 20:49:42,2018-09-10,2018-08-28 18:51:25,17,0,30
d70442bc5e3cb7438da497cc6a210f80,10a79ef2783cae3d8d678e85fde235ac,SP,sao paulo,-23.48613596846216,-46.64040972209432,SP,-23.69050632209016,-46.67948403830283,23.07115333466357,1,1,6.9,7.39,100.0,2018-08-29 10:22:35,2018-09-04,2018-08-30 16:03:19,1,1,5
db70f8a5634ca9a20586be3dec6ad653,b41621582a61faa80d6607700ea04330,SP,sumare,-22.81794034992153,-47.24004385158533,SP,-23.540729963085703,-46.64193701762936,100.98108939058964,1,1,82.0,13.87,4300.0,2018-08-04 01:57:54,2018-08-10,2018-08-13 15:21:22,9,1,5
7d2f60154f0f8219ade132f874d2e500,dd155e203febe51ad0be9fbdd27ea20e,DF,brasilia,-15.837740999999994,-48.021346125,SP,-21.757690120914923,-48.82976816265947,663.7394794068233,2,2,69.10000000000001,37.79,796.0,2018-07-24 12:43:00,2018-08-09,2018-07-31 22:56:28,7,0,15
af9b2bc020f9e2e4baf46e08f5700e51,6fbf49020855ca62bea99874ac92e715,MG,uberlandia,-18.914980232586977,-48.27813616348312,SP,-22.82219330991709,-47.27062894035096,446.8885148498954,1,1,169.9,19.29,350.0,2018-08-01 17:02:45,2018-08-15,2018-08-10 16:31:56,8,0,13
c5de0e05fad9231797b6cf731d56f2bc,82645746abdce9793cd3dda43294b2ce,MG,belo horizonte,-19.91554541007845,-43.9161831566738,SP,-23.68900946168367,-46.588955377806016,502.15164609354895,1,1,179.99,17.45,929.0,2018-07-18 19:20:21,2018-08-07,2018-07-24 20:09:49,6,0,19
045b9114be21f880246ba6d749f577af,9338c981c1692068c92ee532bb91b112,RJ,rio de janeiro,-22.930412639848665,-43.34703978193807,DF,-15.838541298222948,-48.05311331669846,930.0992711712504,1,1,42.89,18.4,167.0,2018-08-11 14:59:32,2018-08-30,2018-08-17 23:27:53,6,0,18
679b69f80ba6fa25ec46803b1d838bb5,4315737fd2aa35c3b79d16f24a01fec8,SP,sao paulo,-23.509848068295792,-46.66543259296563,SP,-21.11263561449013,-47.79105569532287,290.6168644162972,1,1,21.0,12.81,300.0,2018-06-28 13:21:15,2018-07-23,2018-07-05 22:46:46,7,1,24
ae0c769d416e6948678cba4fdf4f43c9,1574b16e8e6a5235d905777c2cfd2b95,MG,belo horizonte,-19.88665694532287,-43.92389634081604,SP,-22.12787536857035,-51.445019428608575,819.398499177872,1,1,79.0,18.65,300.0,2018-08-24 11:01:09,2018-09-11,2018-08-29 16:03:27,5,0,17
8c6541ccd245c735762e6dfbeeeef23e,7f4e3f3ac0c2f3a9d1adb1fd104f0700,PE,olinda,-8.006022599396044,-34.872648134196986,PB,-6.836752023202399,-35.1258813045852,132.9813472376256,1,1,679.0,18.23,600.0,2018-07-22 16:18:31,2018-08-14,2018-07-31 19:52:49,9,0,22
d47275f7c8f1c128471944cf03903a2e,9161db87e1b6fc823b4ad4a93d01884c,SP,sao paulo,-23.55690614709449,-46.6075549593702,SP,-23.551666072162263,-46.64123080586009,3.481693383258742,1,1,55.38,8.55,346.0,2018-07-01 16:28:54,2018-07-23,2018-07-04 01:32:52,2,1,21
6f781fbfaf95fb90fb59de9f72e78e5c,3c3a00f69855a5f23fd23dd32cff5a04,MG,boa esperanca,-21.095411041525026,-45.56026215449815,SP,-21.757690120914923,-48.82976816265947,346.3371154449035,1,1,29.9,18.31,400.0,2018-07-18 19:52:04,2018-08-09,2018-07-24 19:48:46,5,0,21
ac8a707fb4b1197afa70e75fa66f187d,2132a8bd65234b13e7550a593315e747,SP,sao vicente,-23.96954523993056,-46.371917161879885,SP,-23.694415753534567,-46.4961230557628,33.09887491944047,1,1,25.0,8.34,350.0,2018-08-03 09:04:28,2018-08-08,2018-08-06 19:31:49,3,1,4
dc9f4cd231c11babfef316d35486eff4,d0201d40635bacac931a23211566d601,PE,aguas belas,-9.112818022460145,-37.120121873787234,RS,-30.015353525390992,-51.16292631709848,2744.536283113239,1,1,396.18,84.15,300.0,2018-08-15 19:32:10,2018-09-05,2018-08-28 17:26:42,12,0,20
45cbedcdca177029ad93022f2ebb8cef,479042bb5a72e8629f8e6dfcc512ba4f,SP,sao paulo,-23.58900248320734,-46.73123390175424,PR,-25.43727033166945,-49.211700622251776,324.3539937066265,1,1,420.0,24.24,3000.0,2018-07-16 11:25:55,2018-08-03,2018-07-20 21:54:43,4,0,17
7514404922bc617c41f9b47f003a3350,7a3057da37cb5d48e6f526f1877419a4,SP,sao paulo,-23.54361066874891,-46.42699216299266,SP,-22.92492963558197,-47.0742943724681,95.43052347686384,1,1,172.5,9.37,550.0,2018-08-20 16:38:45,2018-08-27,2018-08-24 18:58:34,4,1,6
2e8080693faebedb3ba68531167c6313,9e36e87b2ed55c78b24bd7a4b58be3a0,RJ,sao goncalo,-22.84429996514552,-43.012302923609546,SP,-23.60737144836881,-46.85911611647977,402.1183980563029,1,1,147.9,16.14,521.0,2018-07-14 19:38:26,2018-08-03,2018-07-23 22:38:40,9,0,19
70f814478ea3019fff8677f0aca6a54b,adad0c56d848f4034c2cb989a6139c98,SP,piracicaba,-22.70928658782974,-47.66520568122805,SP,-23.689033178169645,-46.61606707408479,152.8576841002052,1,1,59.89,9.17,800.0,2018-08-23 15:58:16,2018-08-28,2018-08-27 18:54:37,4,1,4
9c03be1087488bc61d88e75ede43d760,d8051e98cd49dacd880f4791189cd68b,SP,sao caetano do sul,-23.642799233423684,-46.57183746364473,SP,-22.70928658782974,-47.66520568122805,152.53170216278912,1,1,199.9,14.23,2600.0,2018-06-25 14:47:23,2018-07-05,2018-06-27 14:51:11,2,1,9
20672f07069f89d1f9d2b94c9a72915c,5d099e1ff58d5bea101953009fd34f63,SP,sao paulo,-23.64781654524206,-46.70167709006577,SP,-22.70928658782974,-47.66520568122805,143.496211220817,1,1,14.99,7.71,100.0,2018-07-08 20:39:35,2018-07-19,2018-07-13 14:08:41,4,1,10
cd896f1a6e1a6dd77ebc7cd87c831066,bb2d91de3bc4eb320310260882f8f082,BA,salvador,-12.935879296109205,-38.4265224753899,SP,-23.086496272847818,-47.216807769634734,1461.1135250735022,1,1,51.89,17.29,1110.0,2018-07-26 22:10:41,2018-08-21,2018-08-07 19:58:48,11,0,25
f785d080775c235e41c1bd3326841a93,8bf454b89beff2ec924926ab56882cc1,GO,anapolis,-16.357006977404858,-48.984086271992986,SP,-23.59256739439666,-46.60230773397194,842.112143652537,1,1,43.2,18.4,273.0,2018-06-26 17:21:03,2018-07-19,2018-07-04 18:28:39,8,0,22
7ce68309502b8d864e9ef8e47d21fd03,0a1b402981c8f8b2eaeb86a26e9deabf,MS,jardim,-21.48131091869317,-56.1485677039956,SP,-23.10434596378687,-46.59558885596391,999.0697685893292,1,1,78.0,18.65,4750.0,2018-08-16 12:13:27,2018-09-13,2018-08-27 17:16:41,11,0,27
b7592da1b6c34d2b2404a7b6e8639376,99383db9c2af4cb2ad7503ec2f552c42,SP,marilia,-22.23017712851284,-49.93713569969415,MG,-19.836541382739888,-43.92185549333488,678.5775212687254,1,2,210.0,47.08,2500.0,2018-08-05 21:58:38,2018-08-15,2018-08-14 00:16:33,8,0,9
c771daed5a327383979b39b00a919a1f,54f7a9b7f0c10e4200b1769f1332ce06,SP,sao paulo,-23.53760767415893,-46.44900617124475,PR,-25.670988301306544,-49.32726830743918,375.40593953204575,1,1,49.99,15.45,400.0,2018-07-20 12:28:34,2018-08-14,2018-07-25 19:38:35,5,0,24
8624511aa767a83ed91a47c158320964,376b286a6479ddacb9374ba88f19178b,SP,jau,-22.300831557111177,-48.56006489425241,SC,-27.15253242886683,-48.50464784416293,539.5135281904271,1,1,527.9,21.8,593.0,2018-08-06 15:26:36,2018-08-29,2018-09-03 17:26:49,28,0,22
4e72ed892eda314d6c577450f3213a14,17dce92c99bb749a66103694fe26148e,SP,sao paulo,-23.55455495697963,-46.54379610990252,SP,-23.71627032001268,-46.53725160684408,17.994281927789572,1,2,83.96,15.1,300.0,2018-07-25 23:29:16,2018-08-02,2018-07-27 17:51:44,1,1,7
e684eea8e657e070728db7f897e2c6ab,a16986ccb65a66e2845b427a0ecfbca0,MG,belo horizonte,-19.93624791006412,-43.95773026201734,SP,-23.11477517799753,-46.553324741832185,443.81713333285467,1,1,27.9,18.3,50.0,2018-06-27 22:22:54,2018-07-18,2018-07-04 20:03:08,6,0,20
82b6dbd2e82b747fa17ab0d7c715fe73,196e42d45e6dd85d732b8f3da3aa4a9c,SP,aruja,-23.40720532324541,-46.29073045990779,SP,-23.193263808211693,-47.27517269663572,103.31343692590464,1,1,99.99,12.43,1700.0,2018-07-12 20:59:40,2018-07-26,2018-07-20 22:36:44,8,1,13
e3329a89dc0bbed6dd9a3df80f452eb2,6eda8b6897009af449a490b86f154f42,PR,guarapuava,-25.359923715092016,-51.4569339299873,RJ,-22.937430121847743,-43.176862902706524,882.04359900293,1,1,99.0,18.79,650.0,2018-07-19 20:41:09,2018-08-08,2018-07-27 14:52:38,7,0,19
9fbe7e5fb8d03b367b8a3b7b995ce6ca,582c658b197e8497bc5c72b4e278b85a,SP,santos,-23.9552663782965,-46.33825949705917,SP,-23.595227193173283,-46.56076636913555,45.99366218415384,1,1,150.0,16.35,3800.0,2018-07-22 11:29:21,2018-08-03,2018-07-25 23:35:47,3,1,11
5d062811114a1d4fa25eeb314ae05bb1,6003ca93a4e8636842c327f14a2fc3a3,DF,brasilia,-15.814891037476572,-47.91680938500559,SP,-23.20712579877664,-47.30927660866177,824.43695016009,1,1,104.9,23.53,1700.0,2018-06-25 11:37:34,2018-07-18,2018-07-02 21:11:32,7,0,22
312ca70771f7faab638a5aefeaaea172,4ef23a9e5190fa352f84490ee17efc3f,MG,belo horizonte,-19.824046459345567,-43.97280361296093,SP,-23.48488009615481,-46.36654993289185,476.3103893973175,1,1,69.99,44.48,10075.0,2018-07-18 11:10:20,2018-08-20,2018-08-04 16:46:24,17,0,32
4cae9d93ca1f1266e9ddfc79f7ff85db,bf3fe3fcb5a3a2011b25e26f0fe62192,SP,jundiai,-23.18300381820934,-46.96922804883066,SP,-23.1920337665812,-47.29076085317961,32.880072670821995,1,1,79.9,9.31,750.0,2018-08-14 07:49:51,2018-08-29,2018-08-30 15:54:46,16,1,14
be13978ecac5e754184c77063ea75e2f,e52e913e489901da20259b227f4fe4c8,SP,cubatao,-23.89474646321172,-46.423611084576685,SP,-21.757690120914923,-48.82976816265947,342.4426911805547,1,2,57.98,25.72,300.0,2018-08-20 14:56:58,2018-08-29,2018-08-29 18:32:16,9,1,8
bcddcd2f3dbe84b7b93697873e16a971,f1f48ad1ad1e181b54ce0c9db740971c,MG,belo horizonte,-19.8936672120434,-43.90399958797396,SP,-23.539439503750906,-46.63284391414975,493.7274803566721,1,1,14.9,15.23,200.0,2018-08-26 21:28:46,2018-09-12,2018-08-30 18:32:07,3,0,16
e5417e5e64916eebb4159888b02469c1,cb275ec0b2b788d7c59b92ba9bac692e,MG,ribeirao vermelho,-21.185276376000548,-45.05981806218175,SP,-21.364019805249217,-48.22883109179936,328.9595233689396,1,1,115.9,18.91,459.0,2018-08-04 16:44:32,2018-08-21,2018-08-14 18:41:48,10,0,16
5407dd425b0427513c6f63025414fb33,85c95113b1158d7ec148427c0a223c92,SP,diadema,-23.689033178169645,-46.61606707408479,SP,-24.00920985345376,-46.41937090980433,40.83705592354249,1,1,8.49,7.87,250.0,2018-08-26 21:12:52,2018-08-31,2018-08-29 23:04:51,3,1,4
10a2c5cabdf1f2dadfa09ab7491f1f04,4019351b4dc7609ceabb1b5881946195,SP,sao caetano do sul,-23.623520499999927,-46.55251599347911,SP,-23.595155387039064,-46.60095727553522,5.857294435184064,1,1,15.0,7.39,185.0,2018-07-22 20:18:22,2018-07-31,2018-07-24 16:21:36,1,1,8
9142e38d4f7b7cf458a1eb8ee2b52157,f3872f2416b6121ba4e15f69d4f7e306,RJ,resende,-22.48071655176294,-44.44819110053403,MA,-2.498944490930389,-44.244046363558766,2221.9809203186373,1,1,122.99,63.11,700.0,2018-07-03 23:00:59,2018-08-01,2018-07-12 15:41:43,8,0,28
fa28c489b6e2a232b8d4512a06ac44f0,dfc2e5ba198bff36ab53800fd43e0644,PR,curitiba,-25.380894132667777,-49.330617876947215,PR,-23.66448771825468,-51.35708027179325,280.08529019118777,1,1,1190.0,94.78,25700.0,2018-07-01 20:45:27,2018-07-24,2018-07-06 14:21:59,4,1,22
0128412231f9fe9d7e944eea5392fc6b,a7089cdfb6b910afd377368f3335b1e5,SP,santo andre,-23.619856449730182,-46.52845844242909,SP,-21.11263561449013,-47.79105569532287,307.5326684093844,1,1,76.0,18.83,3675.0,2018-08-22 15:38:10,2018-08-31,2018-08-30 19:59:26,8,1,8
5ca6beedce6f32eef65de17a1f81d50d,c06f5779dc9ad82cf60b76db2434366c,SP,assis,-22.65568399624909,-50.42396514559194,SP,-23.1777630785525,-47.3432490929943,320.8110878884389,1,1,118.44,15.14,1600.0,2018-08-17 12:26:02,2018-08-29,2018-08-23 20:31:58,6,1,11
613ea91cb4b6b072a114ef3e5e9b6227,804101df19b9e3e6be806314f23892ce,SP,sao paulo,-23.50021990259096,-46.49757079961335,SP,-21.364019805249217,-48.22883109179936,296.7822666328566,1,1,169.0,13.84,308.0,2018-06-28 12:36:06,2018-07-19,2018-07-05 18:12:31,7,1,20
c4d2f075fc3bf3a06d1e68e113c35cbd,aa6edca5d83d4c8e9a2262b9847febd6,BA,salvador,-13.00997646517395,-38.48644167800889,SC,-27.543786658615705,-48.631972642506845,1929.4356878938763,1,1,54.9,24.73,650.0,2018-08-01 14:58:41,2018-08-27,2018-08-15 00:18:53,13,0,25
161e053585557a1c61af92492bdb4f21,a92f20c6aa106705bcbf1b72f5921ecd,SP,guarulhos,-23.4608002576188,-46.534699451151255,SP,-23.211061972115367,-46.76376569389638,36.3059599606731,1,1,169.9,37.27,8150.0,2018-07-03 09:58:21,2018-07-24,2018-07-12 20:12:46,9,1,20
78e503838fe18fbfd57a901cbddd1769,b7f2420efe789b808ff326af97c7b8d1,SP,sao paulo,-23.60162631917597,-46.55363287330484,SP,-22.82219330991709,-47.27062894035096,113.49128532717356,1,1,148.9,8.3,191.0,2018-08-08 22:23:39,2018-08-15,2018-08-11 13:17:21,2,1,6
49fd5cd566e1e24b0c403afb8996728a,01156d307fdee5870c27d63afb938bd9,SP,birigui,-21.303652458988616,-50.35442002862485,SP,-23.202613718016018,-47.294568557377815,379.1182158640869,1,1,34.9,14.55,1050.0,2018-07-09 13:42:05,2018-07-24,2018-07-13 21:08:41,4,1,14
3399f91082946658c51c68a6562560ff,5609249b15221c011b00969d55035f06,SP,sao paulo,-23.468303755756267,-46.69248706287145,SC,-27.143863729700307,-48.95995049999999,467.93389438258816,1,1,149.0,34.8,6400.0,2018-07-22 16:54:28,2018-08-13,2018-07-31 11:31:48,8,0,21
977e3e5b3884ce2843710ee5f5a3d12a,52bd7ca97f7ad5da8b25ddda59eb33f8,SP,jundiai,-23.15362829167884,-47.00486613672867,SP,-22.770399908130887,-47.15092318067981,45.1607269188786,1,2,95.8,17.0,700.0,2018-08-04 20:54:31,2018-08-13,2018-08-07 18:40:56,2,1,8
f655ae6fff7b523b34ac845cd918b87f,ec0710f70b0a66de2e21b51a29b9850f,PE,petrolina,-9.394019999999992,-40.50198423368349,PE,-8.134782793932896,-34.93613699999999,627.4709025748239,1,1,149.9,15.5,533.0,2018-06-27 11:54:37,2018-07-18,2018-07-02 19:07:36,5,1,20
86ea637df14082deeadd7600d8c3ca98,38c5ad2946f9337bf423f1ac342822e1,SP,sao jose dos campos,-23.255119679601947,-45.82853633399433,SP,-21.128896058283807,-48.993139743212495,402.534736807348,1,1,161.99,20.69,4600.0,2018-07-24 20:29:31,2018-08-07,2018-07-28 12:13:03,3,1,13
9fa4fbddf06979761ad62c2cb6fcd315,48c10ba322728565bb90db02e2ed0707,SP,limeira,-22.568376530773754,-47.40402037330482,SP,-23.62003247100232,-46.56402747612388,145.1075553716305,1,1,1260.0,21.12,1900.0,2018-06-29 18:27:05,2018-07-13,2018-07-06 11:46:45,6,1,13
de852e80c0b14138d06937c2695b4b94,5af26e532fd4fff0ad0fc34e46403e9b,SC,xanxere,-26.876633645777773,-52.40570228351814,PR,-25.55383889419798,-54.56990134265213,261.22968560005955,1,1,37.0,18.36,450.0,2018-07-04 19:49:42,2018-08-02,2018-07-12 20:57:21,8,0,28
60320e541a6e9dc0cb5919399543f905,06d198a416dd7728c452636fd04633a6,SP,piracicaba,-22.68202591228584,-47.66085383971952,MG,-19.94125120677761,-44.11217987308247,477.4657194266412,1,1,29.97,18.31,500.0,2018-07-30 14:12:50,2018-08-07,2018-08-04 17:51:48,5,0,7
34f4ce3bb9241340ddc295c470512cf2,67445a48f81187ae4ea90c6b72d68264,RJ,rio de janeiro,-22.9198782270184,-43.21553184638462,SP,-22.70039549532134,-46.77298544176453,365.4417085280927,1,1,185.0,82.61,12500.0,2018-07-12 17:40:30,2018-08-14,2018-07-23 17:32:01,10,0,32
1ae3abfcd12459a836834a171af03e2e,756a1d801af3396def85b8df54207f6b,ES,serra,-20.13772517845811,-40.24581185221301,SP,-23.50848147377229,-46.485872413266776,745.0926851231607,1,1,19.0,15.23,100.0,2018-08-18 10:55:43,2018-09-06,2018-08-28 18:24:34,10,0,18
5c8b799d9e858d7af25f956df90a88a2,9fd7bf64329acafab4cfbfa91dc5edca,RJ,rio de janeiro,-22.900371422153583,-43.28638470439734,GO,-16.713602536899774,-49.30173646380534,932.0442394610684,1,1,34.9,19.15,350.0,2018-08-03 17:51:59,2018-08-17,2018-08-10 21:38:28,7,0,13
438d4df3e56a6ca1618791c7cd1588aa,bac0aeeb2cfe272c826cd0cf7e5993f8,SP,sao paulo,-23.648796733279465,-46.59512210352588,SP,-23.55796144157196,-46.63947868679663,11.065498941722549,1,1,22.5,7.42,350.0,2018-07-17 09:13:07,2018-07-25,2018-07-23 19:26:36,6,1,7
8adc844e30dc63531a489163134ad405,01f57b226a3850a260e40698c2bd2fd6,GO,anapolis,-16.32473051308362,-48.941262230516514,SP,-23.69066643075192,-46.70391215514457,851.6992479183394,1,1,390.0,29.03,2100.0,2018-06-27 20:22:41,2018-07-20,2018-07-06 20:21:43,8,0,22
44a36c78aa2626a8bdd0bc7f18c821a4,0c95f1404cdef95cb34818ac3c9bf02e,ES,vila velha,-20.33567034079053,-40.29349496935206,SP,-24.00920985345376,-46.41937090980433,751.3320131805474,1,1,14.49,18.23,300.0,2018-08-20 20:31:00,2018-09-05,2018-08-27 17:30:23,6,0,15
1e7d25f611e794f9614dd3e10a8596e7,8be45a1114ff0e79615f7b8189aec7df,PE,recife,-8.136443514570956,-34.90571245809048,SP,-23.46798088703906,-46.72057200874258,2119.42866465954,1,1,24.0,19.08,150.0,2018-08-01 19:43:06,2018-08-23,2018-09-21 15:55:02,50,0,21
e3a3cf20ed164fa04fd9d5f905b4f48d,723e28e304cf76bc60103207522eac46,MS,dourados,-22.21996129006704,-54.81357285412778,SP,-21.43890147950148,-50.076963958313655,496.5501980361669,1,1,64.8,19.64,875.0,2018-07-25 13:34:12,2018-08-13,2018-08-03 15:52:56,9,0,18
2dc5825eb69b865a9c9b8fbfa69c340d,9a0f9aa98b8176aa96732ecc86f540ea,SP,itobi,-21.733148061562392,-46.97132495918101,SP,-22.429715848337285,-50.205234449192936,342.0927508146572,1,1,23.1,12.82,337.0,2018-07-17 13:19:56,2018-08-03,2018-07-26 15:17:28,9,1,16
98eba1be3e8237608c66b2e0473786ef,63f4b4ba723fdbc49b1906f8164e62be,MG,lagoa santa,-19.63863100472473,-43.90171846264042,SP,-23.218175126565264,-45.90819425395292,448.9304696299417,1,1,275.49,45.82,6250.0,2018-06-28 08:31:31,2018-07-19,2018-07-03 16:42:07,5,0,20
543b09a837f0bfbe0b94e28a69588fb4,fecbcdb09e0bdc7c872876a36a74dbf7,SP,andradina,-20.89444583107576,-51.37480937158949,PR,-25.44913988952431,-49.28810433527613,549.5134683271716,1,1,184.0,19.39,250.0,2018-07-09 17:58:46,2018-08-06,2018-07-13 21:56:35,4,0,27
ceb435f46d86d2fb2890334c4862315a,b2e1defadfd7964f26a2f4a449eb6e26,SP,jacarei,-23.302661247830148,-45.97283979175633,PR,-25.52536946374326,-49.27333069441405,415.6135237255369,1,1,29.9,18.31,100.0,2018-07-03 20:17:01,2018-08-02,2018-07-12 16:58:36,8,0,29
6fa0c125ee7d870f6602c97e33d87bc5,fcb4cecebc159e210cd769d5b767d113,RJ,rio de janeiro,-22.937430121847743,-43.176862902706524,SP,-23.541598503606675,-46.62414668982417,358.55813841129014,1,1,31.99,15.32,200.0,2018-08-09 19:32:42,2018-08-23,2018-08-17 20:51:25,8,0,13
735c97c58832ee67c2f23aa70deb343c,a5c303ce62b6a228d4ff0133f63932c1,RS,canoas,-29.9154979313812,-51.14278755030342,SP,-22.42564094281271,-47.55863966515655,906.215807931128,1,1,35.9,18.35,100.0,2018-07-21 19:24:09,2018-08-14,2018-08-05 17:35:36,14,0,23
b278e32520c84b90579da72688800ff6,b540304457f0fbc4b43baf7e018f8e5e,SP,santos,-23.96611160958031,-46.32897579365818,SP,-21.757690120914923,-48.82976816265947,354.8838467353626,1,1,53.0,13.95,700.0,2018-08-19 22:10:33,2018-08-30,2018-08-29 01:13:43,9,1,10
b296d036b48495bce7720844aeb3fc8d,efbd120ebe16ab453d7c53d56fce343b,SP,sao bernardo do campo,-23.685733850901705,-46.56158498222641,SP,-22.69515790939998,-46.98701437649317,118.4191407264143,1,1,109.0,11.78,2152.0,2018-06-22 18:52:53,2018-07-05,2018-06-26 17:47:48,3,1,12
3ec5435a1c3bff282e994441ee5ee69d,11c261f43a86acaf623959e3dc1ae433,SP,sao paulo,-23.602209139881133,-46.39975738249835,SP,-21.172213467107177,-47.82413717277396,307.3293927133936,1,1,146.0,13.68,310.0,2018-08-09 11:45:34,2018-08-31,2018-08-21 14:58:41,12,1,21
e2e59afe0cbf5893e29bb89ce6691c39,cf596d99411c2bf11fb8629cc050210f,RS,feliz,-29.4528128372208,-51.30360348768455,SP,-23.10434596378687,-46.59558885596391,847.4930043360021,1,1,89.9,44.43,3500.0,2018-08-19 12:56:16,2018-08-31,2018-08-29 15:58:49,10,0,11
57877cee20b0b56f383bcec5069c48c8,29566b1a3f2f8a3de8ff9bb1fc5c5dd2,RJ,carmo,-21.933861227198577,-42.60785674804232,BA,-16.48911667656967,-39.07482706007052,709.9443084806571,1,1,289.0,70.17,2200.0,2018-06-25 17:16:28,2018-07-30,2018-07-12 10:25:45,16,0,34
93cb3576b5e361f46b9a9f1720a3eb06,30e20b600c72408514e38306ffc7138b,SP,sao paulo,-23.490307297173054,-46.67775813025945,SP,-22.93106051096427,-47.111613736896366,76.37307544019575,1,1,29.0,8.95,1000.0,2018-08-03 14:08:55,2018-08-09,2018-08-07 23:18:41,4,1,5
abbc50a1e07d19c76cbcf0b649796bb7,7379ccc79f4f9651e5b35523dac6675c,SP,sao paulo,-23.490150706853875,-46.617224474492815,SP,-23.93404790861016,-46.35638087225176,56.04935615756593,1,1,19.99,7.4,130.0,2018-07-31 21:42:35,2018-08-10,2018-08-03 18:48:28,2,1,9
9d0f0078c553c192aa8fc946492dc08a,7ede505a783065ff4f578ce431c6f297,PE,recife,-8.111701449782773,-34.94972100325105,SP,-23.66148702746846,-46.56416174311855,2126.1103581473367,1,1,330.0,21.22,400.0,2018-06-28 12:23:53,2018-07-26,2018-07-05 13:44:33,7,0,27
d6a55340021ebcaf3b321d5a34c6c31e,72faca08b5857402402a9fb618084f6f,DF,brasilia,-15.829647044945988,-48.07595106313328,SP,-23.44540306189049,-46.54143494679429,861.9167958676812,1,1,86.0,15.7,100.0,2018-07-09 10:03:08,2018-07-31,2018-08-07 12:33:50,29,0,21
b592237b8cad838d0ff4b33fceb46a01,a01db3d31374817c4f5694fa39498580,SP,sao paulo,-23.59207497224308,-46.54481454454957,SP,-22.67542885928214,-50.43778446156725,410.8950458975437,1,1,24.99,13.76,2350.0,2018-06-29 20:59:10,2018-07-19,2018-07-05 15:12:51,5,1,19
0e9ed1bc6589695f10e03b8eca833201,bd33f7c7a64e619e46ee0edd5caf74ef,RJ,niteroi,-22.90600354640406,-43.10553826082004,MG,-19.63863100472473,-43.90171846264042,372.5606024699981,1,1,118.13,17.02,1250.0,2018-08-20 03:21:20,2018-09-20,2018-08-23 21:57:45,3,0,30
c6d6debf53b012b5b280530352c67792,74f58926de33cc3b64b41ed2307f96eb,PR,maringa,-23.40141203180665,-51.89573950855891,SP,-21.426847789373337,-50.0643276561055,289.2108514602449,1,1,429.9,25.81,5050.0,2018-08-08 19:00:15,2018-08-24,2018-08-21 16:03:56,12,0,15
33621dd1b751a02342dc065c32f1c96c,2be14928b31b20bf6788d731a1bae71f,RJ,rio de janeiro,-22.964288895954525,-43.402024304605,RJ,-22.890307860955573,-43.226249737290175,19.79176794964157,1,1,107.99,8.18,156.0,2018-08-02 19:39:53,2018-08-10,2018-08-15 20:54:31,13,1,7
a2749402701871292b1ca325a1b9f6ff,34cf47dae2707f7f1a07a7ecb3b86faa,SP,sao paulo,-23.635604686796643,-46.64931589716662,SP,-23.652442526788203,-46.75549168747648,10.97600035453238,1,1,69.0,7.74,350.0,2018-08-20 21:01:40,2018-08-23,2018-08-22 23:05:33,2,1,2
d1d889b705a1d015ae3040fe1cb24be7,d37a69de40751a15e695ac5b4d6d45d9,RS,caxias do sul,-29.1728405981404,-51.17181597407803,SP,-23.595227193173283,-46.56076636913555,771.5642026327067,1,2,80.0,46.16,2700.0,2018-07-04 09:47:46,2018-08-02,2018-07-12 17:44:23,8,0,28
0890337bc4f93f0370ccdd9a0c8b1f55,9948dd43c6e5b0ffa087dc32c1f78eab,MS,campo grande,-20.46673892692053,-54.70129054704711,SP,-23.69066643075192,-46.70391215514457,898.4188142654567,1,1,60.0,16.61,600.0,2018-07-20 14:49:22,2018-08-07,2018-08-02 19:12:05,13,0,17
2011ac5bff446ddc9bb1a099d497e634,9dc98f0c9072e797de4761ef57854c8a,SC,riqueza,-27.067621128613823,-53.32342145431333,SP,-23.57241932843741,-46.81889442976561,760.3821393753029,1,1,130.0,19.01,450.0,2018-07-28 20:02:32,2018-08-17,2018-08-08 19:08:45,10,0,19
5528ba50898b536ac11c799ba9eef5ac,6837824a681ed42a70cdd4c405621f62,BA,juazeiro,-9.422417089843092,-40.49391844178376,SP,-22.82219330991709,-47.27062894035096,1655.612526361558,1,1,299.0,24.02,300.0,2018-07-26 14:09:29,2018-08-17,2018-08-08 17:50:57,13,0,21
6864a2123ff29285627d16be37bc8b02,5e940c1304d278e5ee8cb3f08806692a,RS,canoas,-29.9154979313812,-51.14278755030342,SP,-24.026457185123206,-46.47784669233656,801.353114815982,1,1,10.0,18.23,100.0,2018-07-08 19:40:11,2018-08-06,2018-07-21 18:36:24,12,0,28
45bfddf12e8fd3de8dbda7b7208ec90e,a1882adbacee1e44d96f0635e70d7b2a,SP,bauru,-22.3219305,-49.06052578336895,MG,-22.27164789897835,-46.16555647382263,297.885212353672,1,1,96.8,14.98,1870.0,2018-08-01 19:18:06,2018-08-16,2018-08-09 13:58:52,7,0,14
846c941773da09ad50f2bb47aae3981d,ff44ec08cbec7536134c279fc52ae437,CE,fortaleza,-3.848684212887228,-38.5177758465714,MA,-2.498944490930389,-44.244046363558766,653.2155409408757,1,1,122.99,17.05,700.0,2018-08-13 16:47:18,2018-09-11,2018-08-21 01:11:45,7,0,28
b081a26ca9566254713995a623e0941e,49c03cf95fc171d13848ae72107de156,SC,blumenau,-26.9220881675347,-49.06426984096028,PR,-23.428044100216525,-51.95907151638488,485.5547292159164,1,1,159.9,64.92,900.0,2018-08-06 16:49:19,2018-08-16,2018-08-16 21:28:45,10,0,9
087f003cb486254f7454eead9265e992,911420c471628353e4666a65eac5f0b7,ES,serra,-20.19270569926364,-40.233621188602434,RS,-29.68414434090604,-51.09436186244434,1519.1618735090044,1,1,298.5,17.76,155.0,2018-06-22 11:58:33,2018-07-24,2018-07-06 18:22:41,14,0,31
0c7eb5879f5e105bea55f6edcc70659c,2fc45a32ba781f1dbcc89fe684246a42,SP,braganca paulista,-22.979993961953177,-46.532765568122905,SP,-23.57808470774424,-46.651012156529546,67.59249868953086,1,1,43.9,9.06,515.0,2018-06-26 20:06:50,2018-07-12,2018-07-02 14:51:36,5,1,15
3409538db935345d2d9bf4e77cd2a5d3,43d5d4295c035d739e21dae22f2925de,PB,bananeiras,-6.751304322520536,-35.63419904821568,DF,-15.894631727904486,-47.77576600460867,1667.8396284480727,1,1,72.9,51.23,50.0,2018-07-27 22:07:59,2018-08-23,2018-08-27 18:12:42,30,0,26
5f24b613363e4af7466a250aa815a170,1a475ff9958a875936b3da7c7367212c,BA,maracas,-13.439696827874164,-40.43356024720803,SP,-23.50926448483579,-46.60351726922744,1294.458013440336,1,1,263.9,93.19,8716.0,2018-07-23 10:37:56,2018-08-15,2018-08-13 23:51:50,21,0,22
11112c53dc1c411e991ae06fafeef392,e50e1d62ee7e61dc8bc6fc13a772acb0,PR,pirai do sul,-24.53375400854313,-49.93901605352255,SP,-23.542227635143306,-46.86835638346921,330.73575291642044,1,1,38.8,18.37,270.0,2018-06-25 21:19:06,2018-07-20,2018-07-04 14:52:38,8,0,24
61527d1d8e32b98b5c185fd4f23a7876,9ac3db974bf3b1f393ad46eb82c1adfb,SP,sao paulo,-23.619501000000003,-46.67681249999998,SP,-21.134712204873303,-51.10328439406817,532.3774314214974,1,1,169.9,19.49,3300.0,2018-07-03 09:06:08,2018-07-25,2018-07-05 20:56:32,2,1,21
5e92e0bff46e7409b95d52942bf0f2a8,5298fbcb045d2d58b8bc2dbb80532b74,PR,pinhais,-25.458103298372595,-49.18571963007069,PR,-25.613231359050044,-49.37106182294905,25.3643989253612,1,1,39.0,7.85,400.0,2018-07-16 20:52:58,2018-07-24,2018-07-23 18:25:25,6,1,7
6715132837520c5934acfadb854f1735,bd9635049655c05f3ace849a74646dfc,RS,dom pedrito,-30.980608483082023,-54.67333695570531,SP,-21.172213467107177,-47.82413717277396,1286.6172552337323,1,1,110.65,18.88,458.0,2018-08-06 16:24:47,2018-10-05,2018-08-17 22:58:43,11,0,59
f7dcd88b218022d33734106bf56e3165,f15455349aef0d798e08de51e42959b6,PE,cabo de santo agostinho,-8.298375302664322,-35.02925001269549,RJ,-22.7577375,-43.30890252337607,1834.843746328712,1,1,80.0,24.91,850.0,2018-06-29 09:00:33,2018-07-30,2018-07-07 08:52:46,7,0,30
be0b6a23108963f24b23e7aa663d2eb4,1a0b08102cb10b0e10a7234277ddd519,SP,sao paulo,-23.49085966222804,-46.37833464800335,SP,-21.364019805249217,-48.22883109179936,303.47905081409067,1,1,239.9,14.34,357.0,2018-08-03 10:54:25,2018-08-16,2018-08-10 16:03:13,7,1,12
ddcc0f4f6de9d30500e9e39e2127046d,3db0c6eafbcffcb0396fd03367e7d40b,ES,cariacica,-20.33503005424968,-40.36425046982501,SP,-23.47582295697964,-46.71559588343239,742.3592866343989,1,1,118.0,27.81,5450.0,2018-07-01 11:19:16,2018-07-30,2018-07-12 20:04:18,11,0,28
f5af86a3bea41e5daef5c06e7a02ad2e,e8d19c7ae749d892ea35e91da2f345bf,SP,santana de parnaiba,-23.474720196587747,-46.868883524424135,SP,-21.757690120914923,-48.82976816265947,277.4133565749381,1,1,99.0,22.51,7750.0,2018-08-01 23:24:08,2018-08-13,2018-08-20 15:55:42,18,1,11
ae213a9f84c777fb7a31e8c0f09fd30c,cac4524e1e6714ef3fdc324fc0f86cfb,AL,maceio,-9.563418499384907,-35.745880143088336,PR,-25.45795217485142,-49.30899607966408,2274.6656780745084,1,1,364.0,34.69,900.0,2018-07-03 22:13:48,2018-07-31,2018-09-19 15:46:39,77,0,27
b5fba0269666bbf33bc320fb533d32bb,adc76ad3f586da3b26af977cc461ffa2,SP,sao paulo,-23.491140296699168,-46.63725496061621,SP,-19.8070133982918,-43.98096602054356,493.0977570681878,1,1,109.9,15.87,325.0,2018-07-26 10:31:39,2018-08-09,2018-07-30 13:09:08,4,1,13
53e2d02e35bbcf2deb23911e2d791dbb,1291f934fe7340aecf7cf73d56781a35,ES,colatina,-19.521745812644355,-40.70279475,SP,-23.48488009615481,-46.36654993289185,733.0030210470499,1,2,139.98,148.88,20150.0,2018-08-07 09:17:48,2018-09-04,2018-08-30 14:16:51,23,0,27
c63f87e803b2bb102390ae4a77ece207,fd43cf6f5a149e13209556985159d216,MT,sorriso,-12.546411998232044,-55.72553971540075,SP,-23.652442526788203,-46.75549168747648,1555.6346741425716,1,1,55.0,22.32,250.0,2018-07-13 18:42:19,2018-08-07,2018-07-26 12:43:43,12,0,24
f19aee0ec494fa468b59ae57ea6af345,7bdbb95d68b7d4edfe5fb9173398fdb0,RJ,rio de janeiro,-22.8961984228604,-43.35568746796124,PB,-7.16745781265509,-34.85721340361036,1971.1160130052729,1,1,749.0,133.87,14250.0,2018-08-20 07:36:53,2018-09-12,2018-08-29 18:51:30,9,0,22
583d5978ccf34486c5dbf738558e1b7a,173b02d5ca1c65154f368ac76ecbabac,SP,bauru,-22.323120480293152,-49.1243183379969,SP,-22.997187,-47.5061538506838,182.1733640418392,1,1,42.97,13.88,1200.0,2018-07-14 15:06:12,2018-07-30,2018-07-26 11:21:51,11,1,15
9b9d21b1dc1050dc96db48854b488091,5373b64971a41341083baa1754460712,SP,piracicaba,-22.716465673062416,-47.64021883945973,GO,-16.71642484977056,-49.26696822737612,688.5347890107562,1,1,24.9,37.08,200.0,2018-08-15 19:33:04,2018-08-29,2018-08-29 12:58:57,13,0,13
43c19b4037a93e40cda474629cc40648,2d7e66739135e31f52914f0e203c705f,SP,sao paulo,-23.564759877604,-46.635579188729885,SP,-23.60954788477296,-46.47980673001902,16.63686585734611,1,1,7.99,7.39,200.0,2018-08-05 13:37:02,2018-08-13,2018-08-08 23:02:29,3,1,7
b36f1b439a234966d6d7dd52646bfd39,47202e05f5f0a38ce9f89ad7f7d5ccbe,RJ,belford roxo,-22.71863049614869,-43.33478849999999,SP,-23.55952156657444,-46.57892119374014,344.62701119651337,1,1,128.9,18.7,1650.0,2018-07-20 21:57:45,2018-08-09,2018-08-03 16:48:48,13,0,19
4ff4e765fb57ce1bc954bf8138e14013,6c82552a00f0aa4e44f4d14f483c27d9,PA,ananindeua,-1.3488461957285132,-48.42074650415709,SP,-23.491422931732863,-46.50280828642738,2470.809832975855,1,1,259.99,65.38,5575.0,2018-06-29 14:27:08,2018-08-06,2018-07-14 11:56:32,14,0,37
a35f08311f3c3ceb67be9ff5c1828886,3fe4ae2a8958da697c995d38b5412fed,TO,araguatins,-5.650404996590558,-48.12299337627995,BA,-12.89472449617752,-38.33875838605659,1341.6659597911173,1,1,249.0,52.46,450.0,2018-08-10 11:48:38,2018-08-29,2018-08-28 13:18:35,18,0,18
2141407f2e7978c2b3404404c6485515,e6a35efc433f99dc6254e33e86a2dd42,MG,belo horizonte,-19.8264506014484,-43.98017411518262,SP,-21.757690120914923,-48.82976816265947,547.9141759909553,1,1,198.0,27.69,2174.0,2018-06-27 22:20:40,2018-07-20,2018-07-04 00:18:55,6,0,22
cbd0a0bae58672055c7961ffbf0ee529,1305325ca39abb350e0bc23029594de4,TO,araguaina,-7.210520132853728,-48.20420294917136,SP,-23.18884811933757,-46.85195184945988,1782.5775695912037,1,1,229.99,39.88,558.0,2018-07-31 23:49:16,2018-09-03,2018-08-15 17:58:26,14,0,33
ef14069256aa13ccc53f945fd0aa70ff,16c9cbb7083e73d565e74dcd7278d349,SP,buritizal,-20.192537528415244,-47.70858086553429,SP,-24.00920985345376,-46.41937090980433,444.6821071784205,1,1,43.0,12.96,150.0,2018-08-13 13:40:37,2018-08-24,2018-08-21 22:08:41,8,1,10
8f45eebf4554e796f1e35f7c2fc16190,ae4413c400d35b618205ca0460ba08ef,PR,curitiba,-25.406238331943577,-49.25329413820771,SP,-22.88722375926633,-47.20093703649303,349.0132576331347,1,1,110.32,15.87,150.0,2018-08-12 09:31:22,2018-08-31,2018-08-23 11:51:55,11,0,18
7ffcdcd61ff7eb4f55adfcfe5940b9e2,6541bd474ebf13e7c24b38a89638260c,SP,sao paulo,-23.58004481127011,-46.53092001679266,SP,-23.545167024698507,-46.589957083126535,7.158802762150147,1,1,49.0,11.36,1800.0,2018-08-01 21:48:09,2018-08-06,2018-08-06 17:15:00,4,1,4
51d713e7827d7fce65be8df2395cb0bd,92cd246c0e13f888349600875012b35f,SP,itapolis,-21.59505001979666,-48.8110644105608,SP,-23.63644015237461,-46.56472233527612,323.54386332657504,1,1,85.9,34.91,1800.0,2018-07-30 22:40:21,2018-08-10,2018-08-06 18:45:02,6,1,10
abb72024277f9d7ed4a0dec9cbe56e03,9f1842d0065029e551b25e200cdae591,RS,santana da boa vista,-30.873626546143186,-53.11353843730289,SP,-23.5869802640594,-46.61564731057762,1033.5112203350625,1,1,29.99,18.31,300.0,2018-06-23 20:13:15,2018-07-26,2018-07-02 22:56:40,9,0,32
1b2d35912f9c5a605c93adf4b3b74839,cb84a812e3142018aebb16103a32485c,SP,sao jose dos campos,-23.232655445467103,-45.90221803043752,SP,-20.49587175617251,-47.41830587985834,342.16893125738466,1,1,59.5,13.08,150.0,2018-08-09 19:27:16,2018-08-27,2018-08-13 11:28:55,3,1,17
c40e13850994649006f28cc890cc4c64,5b06b28c398ba7340ae864aa8e9a3c00,RJ,rio de janeiro,-22.937430121847743,-43.176862902706524,BA,-14.221024617359031,-42.78006679256768,970.119645382158,1,1,890.0,43.14,400.0,2018-08-18 14:50:45,2018-09-17,2018-08-24 23:22:33,6,0,29
d338e94a703f4d7af1612be068a85bb6,f8d047b3dd09b4c6f4e873d925f56c4b,SP,sao paulo,-23.680178204541587,-46.69191023495291,SP,-23.541700665229538,-46.65257086372554,15.911116340419015,1,1,9.9,8.88,800.0,2018-08-10 15:06:18,2018-08-22,2018-08-14 19:58:47,4,1,11
ad24829ce0c8cee4466dc8ccab393aba,e899215e0960eab10aba098c747f2c88,SP,amparo,-22.715186701475943,-46.77627374427469,SP,-22.8935112964107,-47.0800242164147,36.91331580443333,1,1,91.09,8.22,100.0,2018-07-20 20:50:26,2018-08-01,2018-07-25 00:03:31,4,1,11
482ef538799136578c9ae6ffc2d93252,4d698df81acf0709e8e4390d821431f9,SP,sao paulo,-23.496880159313847,-46.49429458153949,SP,-23.93404790861016,-46.35638087225176,50.5978446120873,1,1,19.99,7.4,100.0,2018-08-02 15:08:34,2018-08-14,2018-08-08 14:04:44,5,1,11
ca43f8e8a9bf6a143bdfe24cc9fa5c1d,0910d6fabaaa19fbd65cb92ea301d7f5,SP,barueri,-23.495491646811058,-46.84718581311382,SP,-22.88722375926633,-47.20093703649303,76.69398178052116,1,1,110.32,8.03,150.0,2018-07-24 09:49:03,2018-08-03,2018-07-30 20:21:51,6,1,9
9151980bf2e61bf804e48072ea9652b3,387305b111f9f03eaaa0e738069db45a,SP,itobi,-21.733148061562392,-46.97132495918101,SP,-23.487814099919184,-46.60719995129547,198.65739660536804,1,1,49.8,13.01,250.0,2018-06-26 21:31:29,2018-07-17,2018-07-02 23:45:39,6,1,20
a59244db9c00a55a76803349b21f244d,b82f3c3423d8ffd289353c912be332f0,SP,limeira,-22.55682570149749,-47.42307221908908,SP,-19.8070133982918,-43.98096602054356,469.9141131864589,1,2,147.69,37.22,910.0,2018-07-24 02:10:35,2018-08-08,2018-07-30 17:50:44,6,1,14
1494db03a5c6e6ed463866c7e1171104,993add0b1f0f75f14cc08bc0e180db18,SC,timbo,-26.825784077702185,-49.26999071426511,SP,-23.49166859722086,-46.7297613836344,450.30822925371234,1,1,99.9,23.5,1300.0,2018-07-17 23:35:22,2018-08-09,2018-07-30 18:16:48,12,0,22
4ba6b813ed91fee2b26261b064aaf348,c2188fcd07f361e28ebf769f322d4d81,SP,candido mota,-22.750047255217915,-50.38673643154034,SP,-23.652442526788203,-46.75549168747648,384.4319679375418,1,1,78.0,13.21,250.0,2018-08-05 11:04:17,2018-08-20,2018-08-09 21:04:21,4,1,14
202effd51a18d9717266ec1935672741,13ebf1b1ebcb8ec336d5ca82619ee10f,PE,vitoria de santo antao,-8.126342999999991,-35.28919039869584,SP,-23.652442526788203,-46.75549168747648,2114.8164254747658,1,1,55.0,37.3,250.0,2018-07-19 22:24:37,2018-08-14,2018-07-30 14:26:35,10,0,25
a6d306fdfa4582a936be85949cf98a50,432f2e83c75cd332b78bf80f85c4b9d8,SC,itajai,-26.912615530002004,-48.67401528393623,SP,-23.525393164868103,-46.61422099999996,429.85189516857497,1,1,99.99,23.5,1050.0,2018-08-17 10:48:14,2018-09-06,2018-08-29 19:51:00,12,0,19
3dafc0bec8f7cc53ecc6671ca9c646d7,3c64e8e39ccf2466e0296863a8a39764,SP,sao vicente,-23.96003450332996,-46.37232995814135,SP,-23.71627032001268,-46.53725160684408,31.87579377006002,1,1,22.49,7.42,300.0,2018-07-06 23:38:02,2018-07-19,2018-07-12 00:59:31,5,1,12
18b7254a8929c73f21d6f0387bbe9de5,bffbc4cf5f0e65d3fe69a18e7320cbee,RJ,rio de janeiro,-22.850412639930923,-43.31380787108773,RJ,-22.73648493912324,-43.56319926616679,28.53200944819781,1,1,129.99,9.25,500.0,2018-07-02 18:51:55,2018-08-07,2018-07-04 15:06:13,1,1,35
50464b5c4c37ca488dd7857dbaff4840,1eb163392449193337cc2c26ef4271cd,ES,serra,-20.23750661693996,-40.27106778721477,SP,-21.364019805249217,-48.22883109179936,836.5170585843755,1,2,504.8,39.72,603.0,2018-08-05 23:04:52,2018-08-24,2018-08-15 17:02:11,9,0,18
6b1c7130d5aac7f42b53755af58fe82a,7a5af48bab8a9cd08b729db964a4f8f3,SE,itabaiana,-10.68810406931034,-37.43512344526036,SP,-23.49166859722086,-46.7297613836344,1731.299540063817,1,1,89.9,57.4,1250.0,2018-07-25 10:49:06,2018-08-16,2018-08-08 21:13:28,14,0,21
1cfd0a0c01505644e6aa1e3c590adcb0,6eb3edbdc2a204333d563dd147a09c8c,SP,sao jose do rio preto,-20.8166409912885,-49.386629697033534,SP,-20.815284251516896,-49.50746551808157,12.5602024940425,1,1,139.9,8.72,250.0,2018-08-18 12:56:03,2018-08-28,2018-08-21 17:36:42,3,1,9
e6eea6fed0b356b11cf7e35f76320b03,235e60205492c88cd6f41bfea21f7b62,SP,sao paulo,-23.59662287793669,-46.78943079323671,SP,-23.532644063015663,-46.62071847530148,18.609076645939734,2,2,138.89,20.73,1938.0,2018-08-08 12:18:01,2018-08-15,2018-08-10 18:06:54,2,1,6
357f073c68543005a0065892f53ae4f4,735d56579112c3d18725357404ca2d54,SP,sao paulo,-23.62609284359048,-46.7441113627446,SP,-23.526450404724507,-46.8459747507432,15.183230891251377,1,1,219.0,41.97,9800.0,2018-07-23 16:57:57,2018-07-31,2018-07-25 16:06:24,1,1,7
a965f9a56bd7e9a365d2cb5818934cad,4d1369e49a544143b943aa756b04a306,BA,alagoinhas,-12.133911609905851,-38.44044268083422,SP,-22.113734669853947,-51.38569647482759,1765.4922663623051,1,1,92.99,22.58,426.0,2018-08-02 15:01:17,2018-08-27,2018-08-14 19:35:13,12,0,24
2d7bf1651f60d1ac9e1be74a075ce01f,278ec4f5486b6a046b2a4c496d16a723,PR,sertanopolis,-23.05940028066881,-51.03787531551679,SP,-23.737994885999967,-46.442775024999946,474.94128137998473,1,1,107.9,18.86,400.0,2018-06-22 17:01:05,2018-07-20,2018-07-02 18:36:56,10,0,27
c17bec338f030a3c554f761083f037d1,624ff38a85516b8f5227adb0ec3b7c2b,RJ,rio de janeiro,-22.90507423727126,-43.1771726677823,SP,-22.75742680561254,-47.36911154235017,429.9014109373903,1,1,59.99,16.61,500.0,2018-07-31 16:44:22,2018-08-14,2018-08-06 16:18:35,5,0,13
0c8703831f0dff29ae877f4f9cce845c,d2f5dc6c6f4bf3e6c848267c6b63d6a0,RN,barauna,-5.079835571419475,-37.61795373496291,SP,-23.436518883014024,-46.555788787339054,2254.897396852989,1,1,229.99,58.38,1800.0,2018-07-14 09:40:19,2018-08-09,2018-07-26 21:28:55,12,0,25
1fe7ec0247e48fc569547149cfea181d,6dbc94485ef6dbb31227201d25e89c3d,SP,santo andre,-23.669716903553663,-46.50581698955484,SP,-23.70785448456366,-46.556180165898496,6.654527198378436,1,1,101.0,9.46,750.0,2018-07-05 17:29:45,2018-07-19,2018-07-12 22:31:10,7,1,13
8c8005895f46f6c1bdf16697c70e645a,74245fe8288c7bdcbcd4644b2edf5beb,PI,teresina,-5.102719190368183,-42.75224112654245,RS,-28.28834453416741,-52.79139806482223,2787.443376040256,1,1,129.9,84.68,700.0,2018-08-17 15:57:10,2018-09-19,2018-08-25 16:08:37,8,0,32
33adf242c9c30fa2e16fc97d70845487,fa3e66a76d31a28e713552fbda8af62b,RS,esteio,-29.843647566496152,-51.16881563541696,RS,-29.15930948518086,-51.18784630086351,76.11720707155868,1,1,599.99,23.11,6100.0,2018-06-24 11:49:34,2018-07-13,2018-06-26 18:54:39,2,1,18
4550006a45ae092d4214e3dc09b89194,9f14d5cb2c7d39f6c4556ff35f4ba78e,MG,belo horizonte,-19.87317691534425,-43.93586893581568,SP,-21.364019805249217,-48.22883109179936,476.51303798019904,1,1,192.9,20.54,281.0,2018-06-26 11:31:55,2018-07-23,2018-07-03 07:41:40,6,0,26
5ec57659b85eb947cc673208c233ff65,98261ac4c9595f4d742f83d911922cf5,DF,brasilia,-15.832610493162315,-47.97711065621783,SP,-21.757690120914923,-48.82976816265947,664.9172271687369,1,2,160.0,46.72,2900.0,2018-07-10 20:12:39,2018-07-26,2018-07-20 17:11:55,9,0,15
e9c1cd6b45624aa77cf10be70487d8e8,dccf493f361140030072a818e8f0bb86,PE,recife,-8.040601383288157,-34.93381329331723,RS,-29.68414434090604,-51.09436186244434,2938.5068281681897,1,1,139.9,34.36,50.0,2018-07-15 09:15:30,2018-08-20,2018-07-26 11:08:57,11,0,35
c301c2b97036e2e7ebfee92607c448db,fe05e29270a6cae8ffd5497ad214706f,SP,paulinia,-22.770399908130887,-47.15092318067981,SP,-23.503853294477462,-46.55491073216861,101.8105741020307,1,1,20.25,7.4,80.0,2018-07-04 01:51:41,2018-07-20,2018-07-11 16:56:32,7,1,15
d8efc4afe919de73af09d4319b503f08,47edf084f7b21dff8cd49a49f6f9a041,RJ,sao goncalo,-22.845906479501352,-43.05054735416389,GO,-16.662888239917685,-49.24545204059228,944.6527804849152,1,1,179.0,27.91,2841.0,2018-07-30 21:28:42,2018-08-20,2018-08-07 23:38:42,8,0,20
d001f2789e0e5c936aecc230eb739284,76229876f6fb0efccb975b8ceb4afce5,BA,serrolandia,-11.417273407831264,-40.29810156104229,MG,-20.46232843504684,-45.4307357978066,1145.393249413946,1,1,155.0,23.02,240.0,2018-06-22 21:14:21,2018-07-24,2018-07-12 20:11:40,19,0,31
8dcd08ba1ddd245791d0fe2a764d7c0c,ef47133f0b956dbc78dfe1a7e1d0b9ea,PR,francisco beltrao,-26.079695103182665,-53.052996266304255,SP,-23.219135312411904,-46.83263194186892,704.3921251040421,1,1,20.9,18.25,150.0,2018-08-15 21:32:29,2018-09-03,2018-08-24 21:40:59,9,0,18
8f9be3b3799b30feec4b8f2f628670e5,81225433fe3a6874317ba614698deeec,RJ,rio de janeiro,-22.84686276602804,-43.46566702345776,MG,-19.94125120677761,-44.11217987308247,329.9478809790315,1,1,39.67,15.38,500.0,2018-07-25 15:15:47,2018-08-22,2018-07-31 21:04:51,6,0,27
f86264f3909d2925f91a81b8a105e0cd,f205274669193512fe69b7bdbc6dfe8b,SP,sao paulo,-23.61451234970285,-46.68571113142702,RS,-29.68414434090604,-51.09436186244434,804.4509117284532,1,1,139.9,16.08,50.0,2018-07-17 09:13:32,2018-08-17,2018-07-23 14:21:36,6,0,30
b511d10b7b2e1c6c5da323628c32aeba,dba4e492a363762e1276b647d181fb55,SC,schroeder,-26.408991234394627,-49.071408534895774,RJ,-22.84258446627047,-43.303678777468456,704.9384523865884,1,1,120.0,27.79,1950.0,2018-07-14 22:21:06,2018-08-06,2018-07-20 21:39:22,5,0,22
3f156a4b06647bd900a87618d08a860e,42da09831872a4eccdffae262281876d,SP,sao paulo,-23.53551746891052,-46.67921326082005,SP,-22.58204546710693,-47.37624988343239,127.77346626021952,1,1,76.0,12.83,2350.0,2018-07-25 21:29:05,2018-08-02,2018-07-27 23:17:53,2,1,7
9dc3aae9b1d669cf1ede0c26d1d08b48,4492f85a663f8b75a94718799f60a8a1,SP,campinas,-22.9411124891896,-47.04316126672053,SP,-21.757690120914923,-48.82976816265947,225.99501032925585,1,2,106.4,27.9,1200.0,2018-07-31 10:33:18,2018-08-16,2018-08-03 21:32:59,3,1,15
bdc386da6334df2a3ed8c51f0fe77c16,e77769a80e34cd27d3a09f5a2b095857,RJ,rio de janeiro,-22.88859450360667,-43.58755279092856,SP,-23.1920337665812,-47.29076085317961,380.4187734700074,1,1,79.9,19.75,750.0,2018-08-07 11:15:48,2018-08-29,2018-08-23 17:46:37,16,0,21
46578f80407b94504c78f7702292e789,ef4644f13feb2fb9cfab80d8cab06784,RS,rio grande,-32.04782419438885,-52.11108273871253,SP,-21.172213467107177,-47.82413717277396,1281.8361597123824,1,1,185.0,19.5,281.0,2018-08-10 21:34:11,2018-09-21,2018-08-21 15:12:11,10,0,41
920a1599f73c0a2ddadfb7caedcbda60,6d1637fdd19ffcde57f5e3f3eb6f79f4,PR,curitiba,-25.44913988952431,-49.28810433527613,MA,-2.498944490930389,-44.244046363558766,2608.434512428301,1,1,66.99,27.75,350.0,2018-08-22 11:06:32,2018-09-10,2018-08-30 15:52:43,8,0,18
498394cdea303b629a7f66b4ddcd7d50,73c14fc30edfb5774671885e6f50a2c4,SP,sao paulo,-23.643597877315536,-46.66251227546312,SP,-23.11477517799753,-46.553324741832185,59.84911414923872,1,1,31.99,7.48,100.0,2018-08-07 17:54:26,2018-08-10,2018-08-13 13:26:54,5,1,2
7e80537703a1b61bf60fbc4d67e0d641,cdc3c03dcbbe739ea43815cecb49523d,GO,caldas novas,-17.742063044681643,-48.62114540273837,MA,-2.498944490930389,-44.244046363558766,1760.9556047789968,1,1,122.99,53.21,700.0,2018-07-12 16:36:22,2018-08-08,2018-08-10 16:54:51,29,0,26
a9d1327838b1c183fc288f0d2bf23d32,23e9a05c114b1513d55e235a93d8a6e7,MG,belo horizonte,-19.90625324508045,-43.92317252137203,MG,-19.91558677880999,-43.93935572078599,1.984871592786252,1,1,149.0,24.73,9560.0,2018-08-12 10:41:48,2018-08-16,2018-08-14 20:07:36,2,1,3
fbca6c23232528f7e627999990bbc39f,7bb24975d38523436e659b5c2c17a383,PE,recife,-8.028143879681469,-34.90786852914189,SP,-23.625852663887155,-46.61139748251486,2136.172646309476,1,1,153.9,19.99,361.0,2018-07-21 20:35:15,2018-08-13,2018-08-11 20:21:45,20,0,22
57bc9b432f93fd30a3cc83952ccbf267,7022a8efc480a54d4fcaddb10315fa3a,MG,varginha,-21.55594829732844,-45.42238142183088,MG,-20.94004902170557,-45.82696971616617,80.30111154103591,1,1,89.99,23.62,5950.0,2018-08-25 11:01:56,2018-09-05,2018-08-29 15:38:59,4,1,10
9fe9c3069432a6611954d1e0d51d6873,c706d40d9c1e703d6c5f5342129f04d0,ES,cariacica,-20.34056096542615,-40.38562368745221,SP,-23.20712579877664,-47.30927660866177,782.6288771481543,1,1,74.9,23.32,1800.0,2018-06-27 20:40:42,2018-07-20,2018-07-04 16:45:57,6,0,22
0dfa1a2ce4218fe50a09559609703829,42dd96f61bdf4275466cf845a61d184f,PR,ponta grossa,-25.11305130336426,-50.205831958875685,PR,-25.45795217485142,-49.30899607966408,97.98581794362649,1,1,364.0,14.04,900.0,2018-06-23 21:57:52,2018-07-05,2018-06-26 17:12:18,2,1,11
748934084b439ea1404df1dd5a8b238d,afb521dc2727e7e421365918326a4223,SP,sao bernardo do campo,-23.651999672624683,-46.57099474225144,SP,-23.595227193173283,-46.56076636913555,6.398235712296278,1,1,75.0,15.83,1800.0,2018-07-07 16:39:55,2018-07-23,2018-07-13 18:44:53,6,1,15
f9e6499752da6fc8ae3b440055370d8f,bfa4fb88e998929d9f6bfee1eed971b5,SC,itajai,-26.88235225252589,-48.703253569983374,SP,-23.57808470774424,-46.651012156529546,421.4123136993423,1,1,68.9,23.28,1038.0,2018-08-08 20:36:30,2018-08-27,2018-08-16 19:41:33,7,0,18
9776c1b12ae5fd1da578a2b8e064f2a9,349b3b4346e71035d7bff5fd4980f5de,SP,franco da rocha,-23.31409170873201,-46.73318617663959,SP,-23.56885334722136,-46.78225045146837,28.767015914822583,1,1,68.8,11.5,1450.0,2018-08-13 23:49:44,2018-08-22,2018-08-20 23:02:32,6,1,8
93665186a08d41fad2ac9580488ff17e,7ceb27602e06b6c42905d1c5faf97b6a,SP,sao paulo,-23.720437497374263,-46.68726445363587,SP,-22.55682570149749,-47.42307221908908,149.67091775175436,1,1,48.9,9.09,600.0,2018-08-26 14:39:46,2018-09-03,2018-08-30 20:32:34,4,1,7
ea3c6801daa6e86c6057f1bc8bb11b1e,3a5026ea6786d7ec87b7b58401ef58ac,SP,osasco,-23.514079363378823,-46.76915582194592,SP,-22.88722375926633,-47.20093703649303,82.49779231489482,1,1,110.32,8.03,150.0,2018-07-04 17:52:10,2018-07-19,2018-07-11 19:57:25,7,1,14
4728d981da8b9d9e9fb4c7c069e46509,9ea72efdba6e23e3f17163fa0a8ef164,SP,salmourao,-21.62391940774029,-50.85889638336074,SP,-21.85758084417827,-47.47941196017908,350.01032109359016,1,1,15.9,12.79,250.0,2018-07-05 18:23:08,2018-07-27,2018-07-13 19:31:21,8,1,21
028cad58dbd393e348c73435f8192919,a9d2550cb10dd002881bd53c1e65b8e6,SP,lins,-21.675109536773626,-49.73411450510444,SP,-23.193263808211693,-47.27517269663572,303.91113914263167,1,1,99.99,15.01,1700.0,2018-07-02 15:42:23,2018-07-26,2018-07-11 01:06:47,8,1,23
ad6752c93490621478814d2383b62f89,675e27f6a4dfaf0f608131decc38c806,RJ,rio de janeiro,-22.88444299471988,-43.42173762031853,SP,-23.1920337665812,-47.29076085317961,397.3658538136209,1,1,79.9,19.75,750.0,2018-06-24 18:49:53,2018-08-08,2018-07-07 02:56:55,12,0,44
a902114dd9904d0720db65f860a98d7d,6266ee311ee0d42dfaa7963d78342a4f,RS,estrela,-29.49674713738528,-51.96084348925207,RS,-29.03074383196863,-51.18237103755592,91.58306511698268,1,1,178.0,16.32,2450.0,2018-07-19 14:17:07,2018-08-08,2018-07-23 20:44:49,4,1,19
7f81d8bccb5531846cd177fd590ab260,312ec22f9f8df7a4d0d911a806e2357a,RS,canoas,-29.92605432944123,-51.1589378998788,RS,-29.68414434090604,-51.09436186244434,27.611346472370823,1,1,293.9,9.64,155.0,2018-07-11 19:46:18,2018-07-27,2018-07-24 14:58:57,12,1,15
3dbcc6a75a92370a581e5b39efdc1b0d,b076d33913c27684d0485cc0110d9e0c,MG,pouso alegre,-22.22797522705277,-45.94484781634312,SP,-23.652442526788203,-46.75549168747648,178.82589202490823,1,1,49.0,13.0,250.0,2018-06-22 19:39:26,2018-07-18,2018-07-02 19:28:25,9,0,25
22deced3dedb44ec0bb55c504cc4f062,7c17b9b121e044da69d1d40e004c3d23,MG,nova serrana,-19.87482809063998,-44.98560567343412,RS,-29.776996617450457,-51.131766685671806,1263.1097722880013,1,1,980.0,33.81,1200.0,2018-07-20 18:39:50,2018-08-16,2018-08-02 21:11:46,13,0,26
a648a1e4045712bdac2d6c2524900a13,735da8aed9eb8112d8b3472d632acadb,RN,parnamirim,-5.924959987071428,-35.22650007858789,RN,-5.790981405764958,-35.20214733888282,15.139318156997756,1,1,34.0,7.98,300.0,2018-07-20 21:11:30,2018-08-01,2018-07-24 19:12:01,3,1,11
36edc30bd66f88355cadd2129f0dfcd3,50eb5c5d5c4193056241b1e3af36afdc,SP,sao lourenco da serra,-23.85403551708688,-46.94690334426688,MG,-19.923338955306185,-43.9480192209302,535.4587972560901,1,3,201.0,46.71,1470.0,2018-08-17 15:12:27,2018-09-04,2018-08-23 19:17:01,6,0,17
d75f81a722e2725c03b9fc87373305ab,e501a79db5a18dc9f18cdc3956e59fc5,RJ,sao pedro da aldeia,-22.831929999999943,-42.104289999999935,PR,-24.03377804676809,-52.37626746763636,1056.2273840179332,1,1,99.9,27.65,1150.0,2018-07-22 23:20:29,2018-08-21,2018-07-31 13:38:35,8,0,29
a2a1ed735f0637ffdecf88eefa01399d,703a839a6717be196b82ad74d103c42b,MG,governador valadares,-18.870196579912545,-41.95555252685253,SP,-24.026457185123206,-46.47784669233656,739.9681153841027,1,1,79.9,18.66,450.0,2018-07-18 10:00:40,2018-08-07,2018-07-24 18:38:23,6,0,19
3757a57cc9b1a53aef763138d192f7d4,3bb999062e7f14c42c2392ccf3e30e6c,GO,goiania,-16.62103799999999,-49.31860549496509,SP,-23.54503306703846,-46.26184741683954,833.364643471537,1,1,149.0,42.34,1700.0,2018-06-25 07:38:14,2018-07-23,2018-07-10 19:50:39,15,0,27
40ec3ad4f08944421d76ad879ca56b64,0c41d3676a3676b647ac6a973f61badc,PE,recife,-8.136443514570956,-34.90571245809048,SP,-23.625852663887155,-46.61139748251486,2126.3800305583754,1,1,24.99,19.09,350.0,2018-07-02 11:33:57,2018-07-27,2018-07-11 20:21:49,9,0,24
d06755faae98d8d12f395a11570f10ec,f36884f57905aeb942b296f97c63330d,RJ,volta redonda,-22.505694901916865,-44.08955630755467,SP,-23.1920337665812,-47.29076085317961,336.7782019013711,1,1,79.9,19.75,750.0,2018-06-26 10:45:35,2018-07-30,2018-07-10 18:26:42,14,0,33
d453150b728f3361801ca4a588bf9a86,4601751d1f69b3849c08916fd2f6b356,SP,santo andre,-23.668750634745244,-46.52712259784171,SP,-22.38402218078369,-46.9362356656652,148.86351075845332,1,1,299.9,33.89,6500.0,2018-07-19 19:09:05,2018-08-01,2018-07-24 21:12:48,5,1,12
ad18be9bebe6d2b6b02b38f8da9e08d3,a0b3e86a78c7bee0145b32c4ba44d500,SP,sao paulo,-23.57040500068578,-46.55150716719572,SP,-22.997187,-47.5061538506838,116.49053428799871,1,1,149.9,24.66,6550.0,2018-08-13 11:02:42,2018-08-30,2018-08-16 15:09:33,3,1,16
b00e398b9fedc8b818679422af47d3ad,d03d84aabd2502cf10698e4153c70eeb,SP,sao paulo,-23.53917041548848,-46.59521249125743,RS,-29.68584930081256,-51.46313816602653,837.2110570784052,1,1,79.0,18.35,300.0,2018-07-21 18:59:31,2018-08-16,2018-07-27 20:26:40,6,0,25
5597332b7eded552f104108f22b023e4,aaa423fb52f4106f477683490cbd5845,SP,barueri,-23.542227635143306,-46.86835638346921,SP,-23.59571943228113,-46.53320337676727,34.672439665470364,1,1,27.49,8.97,340.0,2018-08-15 13:03:37,2018-08-21,2018-08-17 16:06:37,2,1,5
8734de190473a38f024d7d620012510b,93f981296c84d4bb5e58924a81e11e0b,SP,ilhabela,-23.81971569027226,-45.36485252840012,SP,-22.82219330991709,-47.27062894035096,223.9869347849857,1,1,178.9,13.91,282.0,2018-08-16 23:47:07,2018-08-28,2018-08-21 14:20:38,4,1,11
b1b7d5ed61bf1eddfc24d53ce60f4f71,c3ad39ce65d442266f5257c9f55853c9,SP,pontal,-21.025501448536,-48.03704675279472,SP,-23.193263808211693,-47.27517269663572,253.4983305905932,1,1,60.99,13.09,175.0,2018-08-08 19:53:48,2018-08-27,2018-08-13 22:05:45,5,1,18
d1ec61b50c7780944fab32ad8b873c85,77a7c76e4281241373f795779bdb49dc,SP,piracicaba,-22.739120738271115,-47.63636231303046,MG,-19.867906407416527,-43.94863882589885,497.8258806277924,1,1,34.9,18.34,200.0,2018-07-15 19:38:42,2018-08-10,2018-07-20 18:27:43,4,0,25
d946899ce911ebb570750e694994f812,1ad28b7f105b6cbf4d6741d2e1d5c04e,RN,natal,-5.8577136075509095,-35.23996321515961,SP,-23.451715079375624,-46.54380488412488,2300.380528004183,1,1,51.0,23.08,417.0,2018-07-03 12:03:55,2018-07-30,2018-07-21 19:52:18,18,0,26
36cd1ce42b6013f372ceb0a80b2a1b7c,c65121f92dcf3a7d5a7b612ea1756bdc,SP,campinas,-22.982145063413967,-47.10193953710478,PR,-25.469979548156257,-49.306212701915854,355.63123550276947,1,1,295.0,34.55,7950.0,2018-08-20 22:15:07,2018-09-03,2018-08-28 23:46:56,8,0,13
49096a052563c7c07964cb46f6f4d572,a441c76bdc95aee0610d80ad242f00cc,SP,guarulhos,-23.410629104910857,-46.44863306411219,SP,-23.452496984943004,-46.47566216472387,5.410941550134829,1,1,118.0,8.09,501.0,2018-08-22 10:51:09,2018-08-30,2018-08-30 22:16:30,8,1,7
91a4048535e7c3a499d28e56430d7c6a,47965c9b60a3f765a6a7c285e2ef5027,SP,jacarei,-23.297247544886176,-45.98496818519532,SC,-27.143863729700307,-48.95995049999999,521.9675970991505,1,1,149.0,44.84,6550.0,2018-08-05 20:00:21,2018-08-23,2018-08-14 00:36:26,8,0,17
4d24605b62596483861b472f2c596e23,fa35f61d3b39768d840175d525433d13,SP,sao paulo,-23.588024363869764,-46.80236036310327,SP,-22.55682570149749,-47.42307221908908,131.071773561998,1,1,49.9,11.37,1050.0,2018-08-16 19:39:38,2018-08-23,2018-08-20 17:31:50,3,1,6
b1f84046464711e8064cd70d5232d104,1fe28ea440ef6c1bc8c0628dd6de9cf2,MG,uberlandia,-18.89849307618731,-48.32964800701135,SP,-23.6203394454671,-46.59886224271452,554.810799083213,1,1,47.0,18.43,200.0,2018-08-02 19:56:42,2018-08-16,2018-08-08 00:32:29,5,0,13
3879246672dcc4cf13a523fcd4354e32,355767124591b6224d962485bd1fa883,SP,sao paulo,-23.53429039869583,-46.40896852400602,SP,-23.55572441224121,-46.52161348792487,11.7274888127721,1,1,19.9,8.3,300.0,2018-08-22 18:13:04,2018-08-29,2018-08-24 15:08:39,1,1,6
fae3bd74427278464a08777366ab3f66,bb81bfe0445d732ce9f4593e7c82e2f0,RS,cachoeirinha,-29.905231919829404,-51.07023971662365,SP,-23.464392221253405,-46.54089662683938,845.5930565768638,1,1,54.0,15.48,418.0,2018-08-17 20:31:07,2018-09-13,2018-08-28 19:03:05,10,0,26
f198fac7313547d738e4cce9fa0344ef,ac19b2774646d3b0b421c2bc58163874,RJ,marica,-22.95903880735188,-42.982808470971534,SP,-23.48488009615481,-46.36654993289185,350.6716970916914,1,1,179.99,58.39,12675.0,2018-07-08 22:38:51,2018-08-16,2018-07-30 14:43:08,21,0,38
ebb5b8275a6a365d1243d225386bf299,de2fcb2cca074deebf0c24b2591df6d8,CE,fortaleza,-3.76339096336132,-38.49051538210016,DF,-15.838541298222948,-48.05311331669846,1701.820751747016,1,1,38.89,22.99,200.0,2018-08-09 18:26:03,2018-08-31,2018-08-23 21:11:20,14,0,21
da8831dfbb89ea6b128840224899b348,09976665bcd109e7ea6ed20415c6af52,SP,sao paulo,-23.564658034409263,-46.59626641194431,SP,-23.685733850901705,-46.56158498222641,13.918914298737889,1,1,53.9,11.4,975.0,2018-08-14 23:22:32,2018-08-17,2018-08-16 18:09:53,1,1,2
936979ce0687947765e88fe5fe1b741e,d37f9472ef5b98a17bcf2716cfe87cfb,DF,brasilia,-15.84008108227065,-48.06029519301078,SP,-22.82219330991709,-47.27062894035096,780.7767854177923,1,1,119.9,15.94,350.0,2018-06-22 23:34:28,2018-07-18,2018-07-04 16:58:34,11,0,25
a4396e55c140360b67296ee34f56752c,3e345e7e395a3ddd11abf786d6d74e3e,RS,santa cruz do sul,-29.717175968713285,-52.429568373086376,SP,-23.595227193173283,-46.56076636913555,896.0531356742512,1,3,120.0,69.24,3450.0,2018-07-23 14:13:23,2018-08-17,2018-07-30 20:43:33,7,0,24
80ba49127f9a97f9bbe4e60770798cc7,a0be389ce9a97ffe548099c7efa36746,MG,eloi mendes,-21.60886113262826,-45.56709807319205,PR,-23.112752567698298,-50.37170420992222,521.5681512405016,1,1,110.0,39.28,3900.0,2018-08-03 10:08:57,2018-08-20,2018-08-14 18:42:43,11,0,16
11120fb91d0191b1174ea4e37043ff39,21874f78065a8a28c5a82c36d95c0d2e,RS,canoas,-29.89894481127012,-51.16366879649095,MA,-2.498944490930389,-44.244046363558766,3132.952026524844,1,1,122.99,36.63,700.0,2018-08-07 08:56:29,2018-09-11,2018-08-20 16:03:58,13,0,34
f70f315a383a7e0d4f253107b5b34173,3dfe1e8914daca38e62f48e2bd9fee62,SP,sao paulo,-23.52350959838998,-46.66362145420966,SP,-24.026457185123206,-46.47784669233656,59.03383392109446,1,1,29.9,7.95,100.0,2018-07-25 08:35:12,2018-08-06,2018-07-27 22:18:35,2,1,11
1046a71a57b33b4a92f9f932237f1ab0,4ad47cf6d7f04b49d4816debe22e9275,GO,goianesia,-15.3164616853853,-49.11843957704211,SP,-23.551666072162263,-46.64123080586009,951.7584627834028,1,1,25.99,18.28,200.0,2018-07-31 13:56:17,2018-08-17,2018-08-03 17:12:13,3,0,16
b05a3bf231027bb3e6dbc25a078400af,aab5a8c7d81c12767d13562f38149488,SP,sorocaba,-23.52037629869941,-47.464498618057085,MG,-22.43068953453729,-46.57343370165055,151.66614274815532,1,1,79.9,13.66,2000.0,2018-06-26 15:00:40,2018-07-20,2018-07-02 22:39:28,6,0,23
1e3f2509cd71acdf7490e4a3a2fa6e18,644822de1085c46840cc547bf1f215d1,MG,contagem,-19.89651082938663,-44.09686549289614,SP,-21.757690120914923,-48.82976816265947,533.6051453870194,1,1,47.99,19.53,650.0,2018-08-14 02:44:34,2018-08-28,2018-08-17 20:41:55,3,0,13
b9ce9285aa642df4742b9839964076c6,bf654df65423a4716b8ecd654aa356e4,SC,imbituba,-28.23876137953961,-48.672978306947584,SP,-21.13123713300312,-47.745165321945926,795.8489214350664,1,1,38.0,18.37,150.0,2018-07-23 17:18:44,2018-08-13,2018-07-30 19:32:49,7,0,20
06ba8c77c2419a72756b5660b04e3188,9967754eff98e1e791eb2ea767f3a648,MA,santa helena,-2.237248053170605,-45.30036614755764,RJ,-22.16352848399153,-43.29243581235953,2226.2989171548443,1,1,179.9,51.98,50.0,2018-08-14 09:31:29,2018-09-12,2018-08-29 17:06:22,15,0,28
00ad1a02d4d9decad15c7e8f8a9470cc,db4ce50bf63f8c1a9518462b0499aabd,CE,caucaia,-3.756639802072311,-38.61845111659876,SP,-23.652442526788203,-46.75549168747648,2378.608422982721,1,1,49.0,19.25,250.0,2018-08-04 12:40:43,2018-09-04,2018-08-17 22:21:27,13,0,30
da01eb83df2aafd16872ab0c5f24d5b6,123840a282dd67fa5c1e262750d2c9e7,SP,sao paulo,-23.617951187344897,-46.69733909437928,SP,-22.331083745772943,-49.100564840123546,284.60673777070264,1,1,39.0,12.93,200.0,2018-07-01 09:24:46,2018-07-23,2018-07-06 18:57:24,5,1,21
50dca53ca33b739bef09e7933e8b380e,d0580aed7f303a707d93b00b84c591a7,SP,guarulhos,-23.40835412711353,-46.4554290650788,SP,-21.757690120914923,-48.82976816265947,305.1322534197845,1,2,39.8,25.6,500.0,2018-07-14 09:47:09,2018-07-30,2018-07-21 11:21:21,7,1,15
c3c8037bfac88b34744bb96cfed9c7f7,ed3a502932ab63e9bfb5a0eadb3b63ff,MG,caete,-19.88499457157696,-43.66585956324863,SP,-22.577450868185096,-44.96144299160366,328.11616249481267,1,1,149.99,23.85,1250.0,2018-08-06 13:41:58,2018-08-22,2018-08-13 18:03:32,7,0,15
8f2a08db3e03e43afed993c3f247a449,dc1ae63bd9c387114b602a80b70b20a7,PE,bom conselho,-9.169161490372732,-36.68185592830251,SP,-23.481059081597326,-46.64630746073055,1911.9648120684135,1,1,149.9,43.33,1550.0,2018-06-21 12:21:27,2018-07-27,2018-07-03 19:44:36,12,0,35
97415fb39aa90a8bfea4424d7bfbc5db,9e226cfa83b3ebd7c9aa0650697ecce2,RJ,rio de janeiro,-22.884436477927228,-43.38141380682672,MA,-2.498944490930389,-44.244046363558766,2268.670449340329,1,1,122.99,30.11,700.0,2018-08-19 14:08:32,2018-08-31,2018-08-28 16:51:40,9,0,11
0b33796d2382e9a9fde619a584ba7216,68c54dbda8f6d832d974c45a869031c2,SP,ribeirao preto,-21.182286894341274,-47.74515153601613,SP,-23.7169581397296,-46.69411154232787,301.82644941480623,1,1,20.9,12.81,250.0,2018-08-26 11:59:34,2018-09-05,2018-08-29 22:31:47,3,1,9
e82e0697786dcef38c215ec9d2dc308a,1f02e9e9b0864235d4ff570a181d2c97,RJ,teresopolis,-22.4115372316683,-42.96648135101439,SP,-22.611004585010026,-46.70334132489496,384.4890136202394,1,1,89.9,19.82,2200.0,2018-08-19 15:25:29,2018-09-10,2018-08-27 21:08:47,8,0,21
78bfabdd678960433865cf37c15be81d,ab3c6485c1de9df6de671f4d04f990da,SC,cacador,-26.76582257431367,-51.01681883415123,SP,-23.65869024839867,-46.52249513292757,568.9418904847868,1,1,79.99,18.66,250.0,2018-07-29 19:47:34,2018-08-16,2018-08-03 14:24:39,4,0,17
67ad45f6efc3483b12ad1dcc36d868b5,ec1b4e42ecfa400b92f92733673f67ca,PE,pesqueira,-8.357916347879435,-36.695785344659065,SP,-21.364019805249217,-48.22883109179936,1902.5221955403852,1,1,129.9,37.82,140.0,2018-08-06 22:06:15,2018-08-17,2018-08-16 16:15:52,9,0,10
5076401c4f2f4895fceef67a44144242,3d3e09db2a444096ee052f4bbe7fcaed,RS,passo fundo,-28.258177123243765,-52.405941096684245,PR,-23.43192619791517,-51.86456324999999,539.3796295698032,1,1,68.9,18.58,150.0,2018-06-25 19:12:17,2018-07-31,2018-07-06 10:58:44,10,0,35
38087366c0a89663a80cea26cc8c0aba,3fe6154e3a7e93e6daba6bf9854aca7a,SP,guarulhos,-23.4038554522621,-46.513241156673786,SP,-21.757690120914923,-48.82976816265947,300.1100349861659,2,2,249.99,30.37,3650.0,2018-06-28 14:18:52,2018-07-18,2018-07-04 17:28:30,6,1,19
783058adb0589c4c5b2f3f748a27485b,a764fba79ae39e814c41f8cd1da0571d,PB,agua branca,-7.515648765659669,-37.639576595570205,SP,-23.45941114552623,-46.91651548402723,2030.5782225692917,1,1,55.0,51.11,450.0,2018-08-03 17:13:19,2018-09-03,2018-08-20 20:08:29,17,0,30
bb99de3ac419763812be82d454b8350e,61bb04cebcfccafac0ade9ff12f6c2c8,MG,uberlandia,-18.914980232586977,-48.27813616348312,DF,-15.838541298222948,-48.05311331669846,342.91659213547536,1,1,64.89,18.55,400.0,2018-07-26 08:16:16,2018-08-15,2018-07-30 17:07:33,4,0,19
5d4a1a39a8e54051757df8e8f570c8bd,dc014c2e4c6478e34deec3e0031680ee,SP,sao paulo,-23.62538919011487,-46.72009319040332,PR,-25.43727033166945,-49.211700622251776,322.65715688598874,1,1,440.0,30.06,5800.0,2018-08-06 13:05:41,2018-08-16,2018-08-10 21:04:01,4,0,9
a5e8a66d24ac5735531a3eaad092730f,930ff20aabc38d303c1d09288f4b40e4,PR,curitiba,-25.51424523078364,-49.32256020635926,RS,-29.166609911666264,-51.1797340200537,445.6075716965967,1,1,129.98,23.71,1100.0,2018-08-15 21:39:41,2018-08-29,2018-08-23 18:28:32,7,0,13
4de51073bc1cd11e85fb03f29508b308,fd650b09ca50cbec651acc566907b2b4,CE,palhano,-4.744889851907237,-37.96219425843858,SP,-23.52326624957938,-46.194662263967,2267.045520300095,1,1,99.0,37.6,887.0,2018-08-06 17:14:50,2018-08-29,2018-08-24 17:11:48,17,0,22
dcda6f9e7ef0110e7cfc192c003c8ae4,07730bcce8f619f15485de16f0793767,PR,curiuva,-24.038314294041577,-50.45594974870785,SP,-23.406901724083777,-46.84254171963375,374.4706694780701,1,1,95.9,23.47,1400.0,2018-08-07 10:39:04,2018-08-21,2018-08-15 15:58:35,8,0,13
c12bef4c2199585f7a1f2c92fdac3827,4536ccaeb1bc6078a3063b63c9e2905e,SP,sao paulo,-23.59458809459781,-46.51648102553523,PR,-25.469979548156257,-49.306212701915854,350.8698230170592,1,1,69.9,18.29,1800.0,2018-08-06 17:46:34,2018-08-16,2018-08-13 16:07:22,6,0,9
291581a794f0e6ee707314d0a2cbc1c7,b7a967989bdb842c391631e30df67e47,MG,belo horizonte,-19.892370394396657,-43.94229006688214,SP,-23.718602346932883,-46.39536087523807,495.0902235948508,1,1,17.49,15.23,200.0,2018-08-10 08:31:16,2018-08-22,2018-08-22 23:51:10,12,0,11
af24a3faab712b73932f3a71d003212b,e4a4c0617aadb80e8ef6b6c3ec271f18,SP,sao bernardo do campo,-23.737873499999992,-46.57451709960222,SP,-23.93404790861016,-46.35638087225176,31.114075931562752,1,1,19.99,7.4,130.0,2018-08-16 21:22:07,2018-08-24,2018-08-22 15:08:47,5,1,7
cff23799a67437f662527dff6056233e,857818de2f9ea61790817c40cb6fcbd4,SP,sao paulo,-23.59432141993188,-46.645325497270576,SP,-23.59032952255033,-46.63175129640077,1.4526985407363788,1,1,99.0,8.85,400.0,2018-08-01 18:49:39,2018-08-06,2018-08-03 20:07:40,2,1,4
cdbbf42ba3892a989ca5b644ee43db7f,d147a2516941f9b1fa511da01902a86b,CE,maracanau,-3.861035240030052,-38.58437101703966,SP,-23.464392221253405,-46.54089662683938,2341.363760154657,1,1,54.0,19.29,418.0,2018-08-03 10:42:40,2018-08-29,2018-08-13 18:22:21,10,0,25
dc3fedc15bcfea3fb0e670ce3a8f3c27,38d75878e2052f90ba0691ca550bbe3e,RJ,belford roxo,-22.71863049614869,-43.33478849999999,SP,-23.640697509290835,-46.66320856494891,355.3275012148344,1,1,58.9,16.6,675.0,2018-08-04 23:30:21,2018-08-27,2018-08-13 21:18:51,8,0,22
ae2834f54ef9bb766fbce5cad77ef198,6ab69ffc7a0af325a7064504ae00b58c,SP,mogi-guacu,-22.33880896540854,-46.92436814855373,SP,-22.846279819966668,-45.230993955522536,182.7719207818607,1,1,19.83,12.8,200.0,2018-07-29 19:27:50,2018-08-14,2018-08-16 17:18:52,17,1,15
4018616cbec654d2b729f55e01242301,ed7126463b9b37ab84216fae172dc660,RJ,nilopolis,-22.8119341465596,-43.428974532025656,SP,-22.72047306908892,-47.3069096297536,397.7306828207539,1,1,19.9,15.24,150.0,2018-07-31 14:07:35,2018-08-30,2018-08-10 23:42:35,10,0,29
5d84669999cbca120d2d557e6995ee80,9969ad5edcaec4c09cd4e4021d5feed9,PE,recife,-8.041186487102486,-34.94731824216628,SP,-23.652442526788203,-46.75549168747648,2143.839628146382,1,1,55.0,19.3,300.0,2018-08-15 22:16:05,2018-09-10,2018-08-27 14:58:45,11,0,25
a13566e1ef3931ee9fc63bc9903446bb,db29c736e0b18b8679863653beef3fe5,BA,itabela,-16.57705511546277,-39.55871003562415,SP,-21.757690120914923,-48.82976816265947,1130.8940019856336,1,1,89.9,23.78,1050.0,2018-07-09 15:47:59,2018-08-01,2018-07-24 09:14:35,14,0,22
e4e717f3f0c93f0a6d94ada34afdd009,84762f02a72a9136840250490c642f8c,RS,pelotas,-31.7005766296006,-52.34033369226445,RS,-29.226503425788763,-51.34321554644538,291.2263830018347,1,1,36.9,13.6,250.0,2018-08-16 22:28:49,2018-09-14,2018-08-27 21:21:39,10,1,28
4ab7754a33cb42f911a6a351017af4db,cd8f93bdfd2852f5f1950cec8067626a,MG,itapagipe,-19.90249608231077,-49.36786630758864,SP,-23.51253401672528,-46.501049539944844,498.8057851266276,1,1,34.99,18.35,200.0,2018-06-27 22:23:33,2018-07-23,2018-07-04 16:30:46,6,0,25
d8e63c9990a74e7e6a7f16ad81251a3c,4ccfc3a8ef510c3a3c2492f64b5bb9ef,SP,jardinopolis,-21.024152501545007,-47.77108986665113,SP,-21.757690120914923,-48.82976816265947,136.62761897592858,1,1,62.5,13.1,1300.0,2018-08-25 12:42:41,2018-09-04,2018-08-30 19:38:31,5,1,9
8e39302e6b4d08eec0f5a5ac3274f338,8d14023e66eb2ea7ce18fd20e4985b00,SC,timbo,-26.825784077702185,-49.26999071426511,SC,-27.09769968202812,-48.91635073293087,46.2884084684118,1,2,1514.3,74.62,20700.0,2018-07-13 12:21:43,2018-08-02,2018-07-23 14:48:40,10,1,19
dc65a9b6855f6b8e44c417736cfb340d,d94ceba93d16afa686f9b1c085061a08,SP,santos,-23.9552663782965,-46.33825949705917,SP,-21.757690120914923,-48.82976816265947,353.3703639961104,1,2,25.8,27.42,1400.0,2018-07-14 19:19:05,2018-07-30,2018-07-24 12:13:33,9,1,15
42837323a59d9927261e3ba712300341,22ec1fb693e521c560cbeb62f9f46cdf,SP,sao paulo,-23.478589602833388,-46.57724225728546,PR,-24.965962795169947,-53.467841280714566,717.9506715962492,1,1,129.9,40.1,2300.0,2018-07-26 11:19:45,2018-08-21,2018-08-06 17:12:35,11,0,25
d4112b98adfb1a788d4c6205903eaa39,3a41e82c72d600bb188a53377044b902,RS,porto alegre,-30.06074330004604,-51.21585536955391,SP,-24.00920985345376,-46.41937090980433,823.456394942963,2,2,167.49,46.66,1550.0,2018-07-15 01:16:15,2018-08-08,2018-07-25 23:03:07,10,0,23
aa57296ceb0b170f4823d71a06a43037,a59ce5c8d691e10ba1759f1894dd8dc1,SP,nova odessa,-22.80206824416564,-47.30344004975838,RJ,-22.937430121847743,-43.176862902706524,423.0381192119267,1,1,49.9,16.54,475.0,2018-06-21 13:26:40,2018-07-27,2018-06-28 20:03:57,7,0,35
3478b113b28e0c77c5b870f927de40cc,bb5b0eba859f1f33921bd0336173c933,MG,resplendor,-19.327463311559647,-41.25526233112589,PR,-23.424536258764668,-51.43284832762483,1147.630733721304,1,1,29.9,22.14,229.0,2018-07-05 13:49:49,2018-08-03,2018-07-10 18:21:24,5,0,28
82d2162edf841b38e563dbf4380daead,345f372c11ec16bd9ebc7e95e935cb5c,SP,itu,-23.265039999999946,-47.30006311754856,SP,-20.823285335245124,-49.49198524656101,353.1886214223046,1,1,15.0,12.79,250.0,2018-07-02 20:03:31,2018-07-24,2018-07-06 18:26:43,3,1,21
66dbc9ec3eb2119ce225357587599804,0d50a5c726a7cef6fa42fedead26a863,MG,patos de minas,-18.577397469319024,-46.49585357139817,SP,-22.277216273975142,-48.5432584317704,463.4046136850976,1,1,79.0,26.85,2400.0,2018-07-24 17:06:47,2018-08-20,2018-07-30 15:43:48,5,0,26
0b2861128d87d7a2b9c85eb25a514d0b,8342028fb42e8c6015bc69156c1281d6,RJ,rio de janeiro,-22.923126168734587,-43.26334318887413,MG,-21.133109435887818,-44.26152608819031,224.05878977378143,1,1,402.35,20.92,10550.0,2018-06-27 10:44:32,2018-08-01,2018-07-03 15:46:42,6,0,34
e9b7d628e6897f747062f1e7236cf4e4,8c16347ea9dfd78c47af24c519212f4c,SC,florianopolis,-27.584414318627704,-48.579840372323886,MG,-20.46232843504684,-45.4307357978066,853.9597198872099,1,1,338.9,24.3,467.0,2018-07-16 19:37:27,2018-08-07,2018-07-20 17:03:47,3,0,21
9e9bb251429e37919252cfa83702d18e,5afb0d90b4304a930a1fafd5f6188b8a,SP,sao paulo,-23.553431046627043,-46.5843843440187,SP,-20.823285335245124,-49.49198524656101,426.32514434385575,1,1,79.9,14.14,500.0,2018-07-02 18:39:08,2018-07-24,2018-07-05 20:37:22,3,1,21
2cd8dc22010a36c69e3fba6aa751182f,27b31ce7577631a9293c0104c964aef7,BA,salvador,-12.945377418406723,-38.36690879102091,PR,-24.965962795169947,-53.467841280714566,2072.3136391775306,1,1,64.9,51.17,450.0,2018-08-08 22:14:38,2018-09-13,2018-08-24 18:58:27,15,0,35
875c175eb6577637f9001b99dc54a7e1,93fff67bdcb09ec8a3dc8926a7c1b3c3,SP,sao paulo,-23.473846152374616,-46.674840944630375,SP,-23.48488009615481,-46.36654993289185,31.46602719845852,1,1,166.94,23.88,10667.0,2018-07-20 23:27:39,2018-08-15,2018-08-27 15:26:59,37,1,25
38a76f00d5b3c97a558f376ff43a1d15,2fe841e21865e3aea80dcec864d9fa5d,MG,betim,-19.936845199001663,-44.13350510407413,SP,-23.20712579877664,-47.30927660866177,489.92825459433794,1,1,129.9,19.01,393.0,2018-06-23 14:15:36,2018-07-17,2018-07-03 20:46:47,10,0,23
44cebed0f8ff5a7a11ea39b4ded680d9,d531312b719e0b1ee2c72d05e3167eb7,SP,guarulhos,-23.464392221253405,-46.54089662683938,SP,-22.577450868185096,-44.96144299160366,189.3494472740466,1,1,21.9,12.81,350.0,2018-06-22 15:59:59,2018-07-18,2018-06-28 20:59:01,6,1,25
4830473362441527781ef6c1860cac4c,72a366446dd3abfc90c598896714d85c,SP,bauru,-22.336914844307163,-49.06153689090554,SP,-23.55572441224121,-46.52161348792487,293.2614455052699,2,3,50.3,46.38,20200.0,2018-08-26 11:02:58,2018-09-11,2018-08-29 17:28:54,3,1,15
8d23fb4e17833d8bf866d3ae3481a3cd,6e1291c1d47555fbfbf4fcfbfc13fb17,DF,brasilia,-15.62446898218546,-47.64765252997054,SP,-22.88722375926633,-47.20093703649303,808.9393284301548,1,2,220.64,31.74,300.0,2018-07-24 08:48:10,2018-08-14,2018-07-31 11:16:41,7,0,20
71d1754603b8b9def8a3484a67d5ca3c,f8b8b0008f7233f675ddf06d3da2a7fa,RJ,rio de janeiro,-22.932084510675818,-43.17545342200936,SC,-26.28722555453289,-48.850959075076446,684.2432822655188,1,1,129.99,24.06,750.0,2018-08-17 19:11:20,2018-08-30,2018-08-28 19:04:39,10,0,12
95149a14172495a0aef0ac5c59f95d1c,eb3a89b5cb263b5830b41aaad36ffcf8,SP,osasco,-23.55542280046441,-46.79025990490693,SP,-21.172213467107177,-47.82413717277396,285.527303516469,1,1,243.0,9.07,400.0,2018-08-15 18:28:37,2018-08-20,2018-08-27 21:11:58,12,1,4
1c4acc151bb811f44df88e95d31288c4,8fc86dddfcac06c7ad237d058df9d2ca,RJ,nova iguacu,-22.794956528298297,-43.57828803822118,SP,-23.491422931732863,-46.50280828642738,308.8803173605995,1,1,265.0,45.85,11600.0,2018-07-25 14:25:40,2018-08-10,2018-08-02 17:54:47,8,0,15
dcbd516c0f39081a5e542ef76bbc3fe4,75932cfd72b87bd6079cf17786726807,RJ,rio de janeiro,-22.841859215938552,-43.26485004378114,SP,-20.806830481885147,-49.38960170992274,671.4196205793,1,1,49.9,41.33,1500.0,2018-08-12 12:04:03,2018-08-30,2018-08-22 17:09:01,10,0,17
deb8ce115f74e504ae38e7db9bdd42e6,a8a702b6be013bb059beb57f4f555800,RJ,rio de janeiro,-22.96506096003805,-43.18290375590049,SP,-22.48942130244834,-47.20870157745996,416.2496231128695,1,1,49.4,16.54,440.0,2018-06-26 14:22:38,2018-08-08,2018-07-10 21:27:36,14,0,42
2b40731966a5ce118fc7ca8b1cac993e,fd041a6da0b3bc599811717a2f42f7c2,PR,irati,-25.469780975786964,-50.65054682632399,PR,-25.49260110629584,-49.23659835472503,141.95220095074518,1,1,105.0,20.02,3850.0,2018-08-03 22:49:53,2018-08-20,2018-08-10 04:48:50,6,1,16
8c6a8f98b933ff47c7aa8404079d9136,4074bd6acc805899fffe98d0a3f2a27d,SP,presidente venceslau,-21.876176339641987,-51.84472775967921,SP,-21.757690120914923,-48.82976816265947,311.51010026888207,1,2,37.8,25.59,500.0,2018-08-21 11:28:41,2018-09-03,2018-08-24 19:48:47,3,1,12
06f39c67a9d68f76a8bfdb092852829f,8de55546e8d40ba8d5bda5aa4b70e955,MG,acaiaca,-20.36230253926829,-43.14380026313914,PR,-24.944530275318872,-53.49093617539968,1177.127435488154,1,1,135.0,27.9,1500.0,2018-07-04 18:14:57,2018-08-02,2018-07-09 21:33:12,5,0,28
4e157a36ea9cf89bde6fff57a780b525,24970f1325070d89a1c42dd450b09a8a,MG,piumhi,-20.47008992478141,-45.96141713422533,SP,-23.52579274854289,-46.69314299999999,348.0500053968896,1,1,39.0,18.44,150.0,2018-08-24 14:37:50,2018-09-10,2018-08-30 20:47:26,6,0,16
d2570454fa1bbea98db582b76abdc800,ceb261820cbf2a3fa6026426ec06aa78,SP,sao paulo,-23.5528355903399,-46.65316948972822,SP,-23.559352218708508,-46.70449000429918,5.280996379280658,1,1,50.4,8.51,350.0,2018-08-01 17:15:29,2018-08-08,2018-08-03 15:22:56,1,1,6
ccfba4fa3ba74e9052582349a558b474,16c76d3580c1549d2415b039b962ffee,SP,campinas,-22.79086839133823,-47.08257180544174,SP,-23.11477517799753,-46.553324741832185,65.06748004776156,1,1,29.99,7.47,50.0,2018-08-09 10:52:37,2018-08-16,2018-08-14 23:45:37,5,1,6
2e44eed06964c4f013319b7ab0eeeee2,c4e2614627156724f3b7f23af512e5d0,SP,sao bernardo do campo,-23.71001453318128,-46.58174395098847,SP,-23.50926448483579,-46.60351726922744,22.432350878426,1,1,159.9,18.33,3875.0,2018-06-28 20:53:25,2018-07-12,2018-06-30 17:16:15,1,1,13
8cd5aad1cedb4a08e019072b76d6ec9d,1929fe44659545005a8b8311ef2dfd1d,SP,americana,-22.72047306908892,-47.3069096297536,SP,-23.46798088703906,-46.72057200874258,102.49607004990054,1,1,18.0,7.39,200.0,2018-08-05 18:48:07,2018-08-17,2018-08-14 19:57:56,9,1,11
62d3343ff5b8b9b2465b68369d7dce80,15ae2b9627becd5f2a8ae9c48471ef7c,SP,sao paulo,-23.489677320012685,-46.70268638412486,SP,-22.38402218078369,-46.9362356656652,125.24774947958632,1,1,329.9,37.85,16650.0,2018-07-03 12:10:13,2018-07-18,2018-07-10 13:14:48,7,1,14
61c2fee6b0e84bb5aab5cb16b1cd3020,c3b21b534564d01c868efa9e63f298d8,SP,sao paulo,-23.541666538981,-46.69405053802869,SP,-22.55682570149749,-47.42307221908908,132.4992340620697,1,1,48.9,9.09,600.0,2018-08-21 17:48:37,2018-08-28,2018-08-23 18:34:49,2,1,6
55f95b4afd88a480bacd1acd837e5953,7744d6d84e95cfc8f50a4ce747ba21e4,SC,xanxere,-26.876633645777773,-52.40570228351814,SP,-23.69066643075192,-46.70391215514457,673.7622881799617,1,1,19.0,18.23,217.0,2018-08-17 09:49:42,2018-09-11,2018-08-28 23:28:40,11,0,24
4f0ae5e0706a3e90f9f36d0f34fe60aa,f85e5fced79b04b2b43798ee12ea1308,PR,curitiba,-25.51424523078364,-49.32256020635926,SP,-23.42921047960067,-46.54991166180969,363.9731445726906,1,2,59.98,32.8,1600.0,2018-06-21 18:04:09,2018-07-16,2018-06-28 19:07:50,7,0,24
ab2e481b1ef043b41c202628100f6b4b,051039863f6805c5791e5f1eef4b0913,SP,sao paulo,-23.53314528726409,-46.71661485858965,MG,-19.88412914793119,-44.018138035188656,492.24998168064593,1,1,129.9,27.89,1850.0,2018-08-01 10:43:27,2018-08-13,2018-08-07 21:42:48,6,0,11
37d2697fe30cc343532f58cde9161454,847221c3313e554dfc5d4b4a18f9b4f9,RJ,rio de janeiro,-22.877480620030063,-43.25916041035259,SP,-23.952467126839394,-46.31984960199666,334.3884661978478,1,1,49.99,18.45,2150.0,2018-07-22 18:41:47,2018-08-20,2018-07-30 19:16:57,8,0,28
9eda772d641a7fceb1332e9906ce23a3,15a0eb41033a5b7267e6dc6bf86b0148,SP,campinas,-22.884255334727865,-47.06813275200536,SP,-23.219135312411904,-46.83263194186892,44.352946388985245,1,1,20.9,12.81,150.0,2018-08-13 21:50:46,2018-08-21,2018-08-16 19:37:36,2,1,7
2aa8454e751e7fc82eba1192b4e49aad,6f7c8b3369dd1f736a77264ecd928a47,MG,extrema,-22.85584307035569,-46.31960849566988,SP,-23.98479796586644,-46.300849044480685,125.54864799889948,1,1,1100.0,73.11,21400.0,2018-07-31 09:53:32,2018-08-14,2018-08-06 17:52:54,6,0,13
f6ad54b5be9c3a496973acd1b1c8b714,6f67142db4b6ec414dd624724b738f3f,MG,cachoeira de pajeu,-15.966106062257731,-41.49581224496323,PR,-23.29475217156312,-51.13318946893551,1296.4014713813683,1,1,139.0,31.91,2700.0,2018-08-13 14:18:44,2018-08-30,2018-08-21 15:16:49,8,0,16
fad008c0d1b347241252af6ecfa81b98,b1dfde94713b57ad88e1e01882a11403,SP,ubatuba,-23.441645336112845,-45.077753319947206,SP,-23.481059081597326,-46.64630746073055,160.0553657906443,1,1,219.9,15.85,1450.0,2018-07-13 17:43:10,2018-07-30,2018-07-23 23:32:48,10,1,16
cbe9e2376e5d8de3c057ed58a638403d,786b132ea5316b4b8ee43854c89e1ff6,MG,brumadinho,-20.143995002659533,-44.20205595801386,SP,-23.71627032001268,-46.53725160684408,464.51423729091925,1,1,46.99,15.43,500.0,2018-07-03 14:50:12,2018-07-25,2018-07-10 20:21:28,7,0,21
4014ecd96ac1d06f8cca3ac729c389ff,e6bc52e3e443d2ac256c764962bf842f,SP,araraquara,-21.748397053239508,-48.18612567881915,SP,-21.757690120914923,-48.82976816265947,66.48126850405568,1,2,35.98,17.64,1000.0,2018-08-05 01:59:32,2018-08-10,2018-08-10 23:57:50,5,1,4
82c6decae6063a55c184345746b1a269,a7795c853b5a40237ab7e5088e984d9c,SP,ribeirao preto,-21.11263561449013,-47.79105569532287,SP,-21.757690120914923,-48.82976816265947,129.24028495515358,1,1,79.9,14.87,1383.0,2018-06-22 16:25:58,2018-07-16,2018-06-28 15:22:01,5,1,23
d2c902f172e80f22126d53d9ff7871b2,8a320a211ebebf7ce02c6a514f0aaeac,SP,sao paulo,-23.546690486964888,-46.6354469588072,SP,-23.652442526788203,-46.75549168747648,16.96754468241202,1,1,55.0,7.65,250.0,2018-07-03 20:52:04,2018-07-17,2018-07-06 18:12:25,2,1,13
994ed29211f61708b9c3c72ee898ce09,5f9cc0db667b3735869602dd0575dc8d,SP,sao paulo,-23.54149051515917,-46.55875027935824,MG,-21.11819394490749,-42.943705743717146,459.1607885962451,1,1,139.99,34.74,2375.0,2018-07-26 10:10:18,2018-08-13,2018-07-30 17:13:12,4,0,17
fddaf32439eab4df416cb63ef0a0ddda,4bccb2dcb37df1357354a61682497024,MG,belo horizonte,-19.90717149653754,-43.94878941000633,MG,-22.2492531099986,-45.70557966603161,317.86775319844065,1,1,149.9,14.39,800.0,2018-08-05 15:48:29,2018-08-16,2018-08-08 17:48:48,3,1,10
f1a873fc10e7bd542bcc4198baade2b9,267cfc7a0e7f9e6c70a357bbd0708d7e,SP,sao vicente,-23.967893909958995,-46.38596286668334,SP,-23.69010994976628,-46.85569285414625,56.89388730269573,1,1,59.0,8.57,450.0,2018-08-06 00:14:08,2018-08-15,2018-08-08 20:21:31,2,1,8
4375cac0cfa2a87273ea83c661bdfcca,dadf64b251403ae6f5a9edd7b6fe76d3,SP,ribeirao preto,-21.20303590598236,-47.80187851542229,SP,-23.477439993594697,-46.54168013488947,284.1740281041838,1,1,329.99,106.39,28250.0,2018-07-31 11:43:33,2018-08-10,2018-08-17 20:32:22,17,1,9
88f9a494012e4b7e7ddbfe1bf56cf41c,7e4ac2b8cd4c3de8d85b2fc3367873bd,SP,sao paulo,-23.54228779933922,-46.6205493306885,SP,-20.806830481885147,-49.38960170992274,416.8852308886678,1,1,49.9,20.99,1800.0,2018-07-05 18:48:17,2018-07-24,2018-07-12 21:28:55,7,1,18
6f6c5cbdcafc5ad54df95e75d0ce07fc,873fd3c8bfbe62572aea596a361c0849,RJ,rio de janeiro,-22.88237640941444,-43.363361678169646,MG,-20.94004902170557,-45.82696971616617,333.5097774017302,1,1,119.99,44.64,6550.0,2018-08-13 13:35:58,2018-09-10,2018-08-21 16:37:43,8,0,27
cc8454f08599794be25a95f691617e11,76039dcbd685693ff99e90d7c572775c,SP,guaira,-20.32255173056015,-48.316795858627,SP,-23.179211520068115,-47.31278396116133,334.1374856656326,1,1,113.3,15.1,1050.0,2018-06-25 22:04:06,2018-07-17,2018-07-05 21:32:29,9,1,21
9c9d2097d4c2b46f2963f34e32a57f35,44273202e14786abae757d5cd54ebba9,PR,cornelio procopio,-23.18092481178581,-50.64953431443574,SP,-22.952966315183264,-47.000752404611255,374.1368820319513,1,1,60.0,19.61,1250.0,2018-06-25 13:07:22,2018-07-25,2018-07-04 00:59:39,8,0,29
7e03ea2749db964d64386d5ba76cad36,b205df5e86441d2b2f404ffc0c762fe5,RS,porto alegre,-29.97993039644497,-51.18803006826712,SP,-22.75742680561254,-47.36911154235017,888.47422341956,1,1,109.99,30.57,6050.0,2018-08-09 22:58:56,2018-08-27,2018-08-20 20:51:19,10,0,17
bb7ec3c89a7e6653763308a7c4fb5c78,7406b313ecf88d1e915e51c5044a8d51,SP,sao paulo,-23.5882566566738,-46.63850507423974,SP,-23.652442526788203,-46.75549168747648,13.89205237464999,1,1,45.0,7.58,200.0,2018-07-31 23:44:57,2018-08-03,2018-08-02 15:51:46,1,1,2
8b346abc34a6e64bc67fcd3b0eccdc9f,dd1506d329d9b0135855082aae3c79ac,CE,fortaleza,-3.725526887039065,-38.57978970843672,SP,-21.165370022730333,-47.79714447071386,2180.1998544574885,1,1,337.18,39.27,150.0,2018-07-11 20:15:04,2018-08-09,2018-07-26 23:32:50,15,0,28
bcdc0a3ff14ce03999d56620cb4e1a01,69bf47236b3b6d2da24ec0a6df47e9f9,SP,dracena,-21.486471927360125,-51.53351950792364,SP,-20.68604093423175,-50.55323120558638,135.14866386449822,1,2,99.8,27.86,3000.0,2018-07-25 10:19:30,2018-08-10,2018-08-01 21:52:44,7,1,15
afb45414100054ba4a61c3fd695ec72b,28b262124355fd4a2cb7c60d28d27d28,CE,fortaleza,-3.817500375506748,-38.50914447450425,SP,-23.70785448456366,-46.556180165898496,2374.431618462979,1,1,101.0,20.98,750.0,2018-06-30 15:21:43,2018-07-27,2018-07-12 23:02:58,12,0,26
7a8107927fd13f239a62ba070873fe45,39627b5018f045c6237bd64635234d65,RJ,volta redonda,-22.51925510713255,-44.09820118887412,RJ,-22.916833051618703,-43.21798092630852,100.52489355011332,1,1,19.9,7.56,100.0,2018-07-30 00:04:55,2018-08-03,2018-08-02 01:46:45,3,1,3
af429aa4c68dea6ce6863e63c261fd6c,6735b40b16578deeea15f31bd8ccb2db,AM,manaus,-3.1114496668412768,-60.00652042749148,SP,-23.576826793496515,-46.71598858744651,2686.992973864035,1,1,169.99,25.54,200.0,2018-07-23 17:40:17,2018-08-29,2018-08-29 18:31:41,37,0,36
c2412fc369f785dbaebb28b731f92bdc,78fb9eea9d926e3bda5305d45cf2c740,RJ,rio de janeiro,-22.9040625745282,-43.30650972967279,RJ,-22.873324823071552,-43.54420691023702,24.588328767397165,1,1,29.9,7.63,102.0,2018-08-03 10:43:27,2018-08-08,2018-08-08 21:47:52,5,1,4
32980a0c990d84e3f2c3e9838a4abc1d,26b4fba1498f6b818ce6074cd08b586a,RS,porto alegre,-30.018599512767608,-51.18927277816096,SP,-23.622498976710943,-46.61784924409308,843.3332476677878,1,1,399.0,154.38,20325.0,2018-08-08 11:22:50,2018-08-21,2018-08-16 20:26:32,8,0,12
ad9008d69a2c494944f2dedcb83efa56,5c0834ac354424abbbaf87883d8d61ac,SP,sao paulo,-23.632512400240884,-46.66270738939065,SP,-22.886910324456085,-46.97906215029714,88.98330551807538,1,1,59.0,11.43,1250.0,2018-07-12 09:45:24,2018-07-30,2018-07-13 18:41:23,1,1,17
79fe183c2c4f23688615d54004cd3f2d,31f2257087bbdb1d7fb09ae2b05377a6,PR,campo mourao,-24.042042380677632,-52.38742725,SC,-27.143863729700307,-48.95995049999999,486.8800606201,1,1,59.9,19.61,1250.0,2018-06-28 22:24:24,2018-07-24,2018-07-09 17:32:55,10,0,25
da9e241d42acffe7f3a590e13f030df0,f4cc57a35bb6051404931c810608f646,MS,sao gabriel do oeste,-19.39263722644093,-54.57819155553403,SC,-27.67742483172402,-48.68148008747211,1099.5407187466976,1,1,44.99,23.47,750.0,2018-07-08 21:08:26,2018-08-07,2018-07-13 20:37:32,4,0,29
ba436db3c441f63a8ed34e695ed2e9f4,5b088866d5d40ceef628716f9ac1173f,MG,belo horizonte,-19.836541382739888,-43.92185549333488,MG,-20.94004902170557,-45.82696971616617,233.41693515031517,1,1,99.99,23.69,5950.0,2018-07-31 19:00:14,2018-08-13,2018-08-03 17:22:54,2,1,12
f8b5b03c257fa65413876c7417959439,add2a2eb1dfe0db6e56ef0edd97e9969,RS,santana do livramento,-30.888648715723896,-55.53734532420692,SP,-21.55872070734508,-50.44623449869436,1154.62770196887,1,1,49.0,18.44,150.0,2018-07-09 22:27:39,2018-08-03,2018-07-24 18:28:25,14,0,24
acd0ff1b0e910297101c81d7c9602232,13296afc5859f8a61ea2b52d5c033c85,SP,sao paulo,-23.50472551901435,-46.53390807644448,SP,-23.595227193173283,-46.56076636913555,10.429089525877249,1,1,120.0,21.28,7300.0,2018-07-02 10:21:39,2018-07-18,2018-07-11 14:58:27,9,1,15
7e8756804954a036bc7bba08ceade465,8fdff91133ee2265eb14e29758c5daca,MG,pirapora,-17.342303063567126,-44.93370877307213,SP,-23.595227193173283,-46.56076636913555,715.6268384248799,1,1,228.0,82.91,12000.0,2018-08-08 21:19:41,2018-08-29,2018-08-21 16:36:26,12,0,20
48d91da7c9395c02b5d9e02dd9b8c278,4b82c85215dcc754dfada1802ae27a73,BA,vitoria da conquista,-14.83608029107981,-40.881585227015066,SP,-22.41266271777723,-48.45158291779485,1159.6118248941225,1,1,28.99,22.13,550.0,2018-07-16 15:26:26,2018-08-08,2018-07-26 15:18:51,9,0,22
cf2dbfa7d6c75d12986db276131ec3e3,4440b50861717a3c8ffa4b5ed0704964,CE,juazeiro do norte,-7.224619501262975,-39.31412283236708,SP,-23.44968670552253,-46.56562684297996,1963.313674803521,1,1,60.0,42.7,1250.0,2018-07-11 18:50:41,2018-08-01,2018-07-24 00:58:18,12,0,20
eea49c7e89b1350899c908afadbc6ee0,1237b05644a9d15e9cd1a33c445b87fe,SP,sao paulo,-23.565780209547576,-46.69226871641401,SP,-23.48535959449485,-46.624283978908174,11.314049541251006,1,1,14.5,7.39,100.0,2018-07-07 23:49:13,2018-07-19,2018-07-13 18:32:17,5,1,11
178b5b0a92e0eb145266afde0c2fb50f,86c0003573cc55927d66373f55ddbf6b,SP,sao jose dos campos,-23.232655445467103,-45.90221803043752,SP,-22.284485664723874,-48.5368133680247,289.9823864239008,1,1,169.9,13.85,200.0,2018-06-23 18:48:25,2018-07-19,2018-06-29 14:12:08,5,1,25
c873d67cdcc79e51c21b47d8c69ada68,36ad966afca63b90b96b3d01f09d956a,RJ,nova friburgo,-22.2835805047368,-42.53537225497943,SP,-21.172213467107177,-47.82413717277396,560.0665172323444,1,1,119.0,18.93,584.0,2018-07-02 15:38:53,2018-07-30,2018-07-11 19:20:34,9,0,27
dacb857612778747b96d5afcad0adbd4,2efa228413723f2cb74177fbe013df47,PR,rolandia,-23.31828597990669,-51.393659592973975,SP,-23.54074586081134,-46.58980981959431,490.7225412728585,1,3,116.97,55.11,600.0,2018-07-13 18:45:16,2018-08-02,2018-07-23 20:32:24,10,0,19
22f3a2b22f414d974640db425514794d,2fb63e788bc5a760404afcf3ef8ff164,BA,salvador,-13.003843499999991,-38.52839474999999,SP,-23.6195253805182,-46.66576230763491,1458.8838193095207,1,1,65.0,17.39,50.0,2018-08-08 13:37:57,2018-08-30,2018-08-20 17:38:04,12,0,21
34280c3bc1c50403f0f1d4b272565256,5404fb64ba67daea8fbe839265bbca6e,GO,niquelandia,-14.468654381928491,-48.45892788920529,SP,-19.8070133982918,-43.98096602054356,760.6190215099367,1,1,132.2,22.86,430.0,2018-07-04 20:57:27,2018-07-27,2018-07-11 14:54:45,6,0,22
3a511b11011bb31230c08bc11f4a1954,601d08f998f53b809794de3a130bedd1,SP,caieiras,-23.35178323711951,-46.74908560206152,RJ,-22.53988593060518,-43.197575382221615,374.6873799649725,1,1,69.9,18.59,500.0,2018-07-15 15:09:48,2018-08-02,2018-07-23 22:38:37,8,0,17
cc9bbac0ab49464c551e527df59db18c,235653dc9683328943db2e5c10db3d12,MG,ipatinga,-19.503928571469785,-42.54855180544174,SP,-23.20712579877664,-47.30927660866177,642.2523771875033,1,1,24.9,18.27,100.0,2018-08-01 12:09:23,2018-08-15,2018-08-07 16:53:25,6,0,13
b756c448e0699de0783e5e0164f553ba,afad69b01f122007ea994c0893f2eedb,PR,bandeirantes,-23.112752567698298,-50.37170420992222,SP,-22.55682570149749,-47.42307221908908,308.42812630734227,1,1,48.9,19.53,600.0,2018-08-08 15:20:11,2018-08-24,2018-08-16 16:43:27,8,0,15
9eea7815889d95c5fbd5d314ebc40fe5,70d29bf70411fdb29533d204f5b6f821,SP,campinas,-22.850430679575872,-47.071669269086456,SP,-21.757690120914923,-48.82976816265947,217.88640096046345,1,1,21.99,12.81,300.0,2018-06-29 10:44:51,2018-07-19,2018-07-03 20:18:49,4,1,19
f33f70dad90fd2f5811dbc1d2a46849d,8887509a58adbf58c980f239ef92dabf,SP,batatais,-20.891319123261383,-47.58503294922996,SP,-22.12787536857035,-51.445019428608575,422.30842849389694,1,1,79.0,13.21,300.0,2018-08-23 18:10:17,2018-09-04,2018-08-29 16:53:01,5,1,11
8556edd77123b5e04862b951269eabed,ba9e2ff94ab776d05be0cbd067755c50,SP,eldorado,-24.522633,-48.10817950599734,SP,-23.24888349202907,-46.85337269854963,190.61834985691925,2,2,179.89,26.58,1650.0,2018-08-03 17:21:48,2018-08-21,2018-08-10 16:28:52,6,1,17
fcdaba27fd62777362e818998aa76b94,ac547427f9b41bb8d04e4d0c01ae1078,PR,ponta grossa,-25.075303396865905,-50.16000603191186,PR,-25.45795217485142,-49.30899607966408,95.56884159818246,1,1,125.0,30.01,3000.0,2018-08-25 22:41:57,2018-08-31,2018-08-28 12:34:52,2,1,5
060c88a63c83f2dfaeea611cc18edefd,6a0635195b073ff200c9900416b8a99f,BA,salvador,-12.94079433772401,-38.50245829808415,MG,-18.59508110934971,-46.51777561124804,1063.0904109897183,1,1,109.9,51.06,3200.0,2018-07-09 14:59:01,2018-07-27,2018-07-20 16:51:35,11,0,17
3b61aab5de69abc1731138bd104a777f,8e29c6e9c795eda30cf7f47244720132,SP,sao paulo,-23.562552949766264,-46.68414473910783,SP,-23.53560024965375,-46.64935629739165,4.642966066841141,1,1,999.99,24.77,9000.0,2018-08-25 20:59:18,2018-09-21,2018-08-30 16:47:53,4,1,26
f8b990617b1af31bd9e7a3d70f8dafc5,ad9ad1bbc3ec168f6d7e7e5637788fc3,SP,sao bernardo do campo,-23.66594814120814,-46.56460097155059,RS,-29.166609911666264,-51.1797340200537,764.8750027624618,1,1,399.99,43.78,2650.0,2018-07-27 16:31:12,2018-08-23,2018-08-09 21:04:37,13,0,26
2c810e97c1d3956172e1830863e6a133,ba2ad8b23fe2a0a45cdb33ae2cc42b98,SP,ribeirao preto,-21.216126612526025,-47.82080551748513,RJ,-22.433722840932912,-42.97293424912493,518.3795609323863,1,1,1299.65,27.2,583.0,2018-08-15 11:30:33,2018-08-27,2018-08-20 15:15:42,5,0,11
6ee0abe7b83e046f6ca20743a8c6e7c7,cd6b75f7bf6ec7f8435a42d97e8b240e,SP,sao bernardo do campo,-23.654115064371982,-46.59480066377157,RJ,-22.53988593060518,-43.197575382221615,368.8866650951039,1,2,399.8,44.79,1350.0,2018-08-06 00:58:48,2018-08-15,2018-08-10 15:22:27,4,0,8
f6574123907a6dbd5a6815a933352dd1,f00a40a998dc124f39d13639c2b0ab89,SP,sao paulo,-23.48595257729816,-46.67394941548847,SP,-22.55682570149749,-47.42307221908908,128.6510073138798,1,1,48.9,9.09,750.0,2018-08-14 21:17:37,2018-08-22,2018-08-16 16:47:54,1,1,7
e434f79ea884de16e5a8bf32afee5333,267f68f411fa32169472fa9b169a7238,RJ,niteroi,-22.882884889814065,-43.092692577414375,PR,-23.414213060660472,-51.92747079109623,905.0764489587832,1,2,249.8,45.6,466.0,2018-08-02 12:06:40,2018-08-23,2018-08-16 16:37:47,14,0,20
